month,lat_grid,lon_grid,sst_mean,chlorophyll_mean,u_current_mean,v_current_mean,ssh_mean,fishing_effort_hours,vessel_count,fishing_ground_index,wpp_region,data_sources
2023-01,-10.75,101.75,29.65,0.0429,,,,,,0.3145,OUTSIDE_WPP,NOAA_ERDDAP
2023-01,-10.25,101.75,29.692,0.0404,,,,,,0.3128,OUTSIDE_WPP,NOAA_ERDDAP
2023-01,-9.75,101.75,29.475,0.0331,,,,,,0.3213,OUTSIDE_WPP,NOAA_ERDDAP
2023-01,-9.25,101.75,29.297,0.0337,,,,,,0.3284,OUTSIDE_WPP,NOAA_ERDDAP
2023-01,-8.75,101.75,29.035,0.0442,,,,,,0.3391,OUTSIDE_WPP,NOAA_ERDDAP
2023-01,-8.75,131.75,29.742,0.0958,,,,,,0.3119,OUTSIDE_WPP,NOAA_ERDDAP
2023-01,-8.25,101.75,29.267,0.0406,,,,,,0.3298,OUTSIDE_WPP,NOAA_ERDDAP
2023-01,-8.25,131.75,29.083,0.0835,,,,,,0.338,OUTSIDE_WPP,NOAA_ERDDAP
2023-01,-7.75,101.75,29.292,0.0524,,,,,,0.329,OUTSIDE_WPP,NOAA_ERDDAP
2023-01,-7.25,101.75,29.578,0.0579,,,,,,0.3177,OUTSIDE_WPP,NOAA_ERDDAP
2023-01,-6.75,101.75,28.973,0.0643,,,,,,0.342,OUTSIDE_WPP,NOAA_ERDDAP
2023-01,-6.25,101.75,28.67,0.0954,,,,,,0.3547,OUTSIDE_WPP,NOAA_ERDDAP
2023-01,-5.75,94.75,28.927,0.0738,,,,,,0.344,OUTSIDE_WPP,NOAA_ERDDAP
2023-01,-4.75,94.75,28.678,0.0713,,,,,,0.3539,OUTSIDE_WPP,NOAA_ERDDAP
2023-01,-4.25,94.75,28.755,0.1315,,,,,,0.352,OUTSIDE_WPP,NOAA_ERDDAP
2023-01,-4.25,105.75,29.452,3.4142,,,,,,0.3882,OUTSIDE_WPP,NOAA_ERDDAP
2023-01,-3.75,94.75,29.425,0.0882,,,,,,0.3244,OUTSIDE_WPP,NOAA_ERDDAP
2023-01,-3.75,105.75,30.413,5.3111,,,,,,0.3868,OUTSIDE_WPP,NOAA_ERDDAP
2023-01,-3.25,94.75,29.035,0.0488,,,,,,0.3392,OUTSIDE_WPP,NOAA_ERDDAP
2023-01,-3.25,105.75,31.76,8.6511,,,,,,0.3981,OUTSIDE_WPP,NOAA_ERDDAP
2023-01,-2.75,94.75,29.045,0.0757,,,,,,0.3393,OUTSIDE_WPP,NOAA_ERDDAP
2023-01,-2.25,94.75,28.998,0.0743,,,,,,0.3412,OUTSIDE_WPP,NOAA_ERDDAP
2023-01,-1.75,94.75,29.005,0.08,,,,,,0.341,OUTSIDE_WPP,NOAA_ERDDAP
2023-01,-1.75,106.25,28.432,0.4798,0.7256,0.194,0.2007,,,0.3717,OUTSIDE_WPP,NOAA_ERDDAP
2023-01,-1.75,106.75,29.095,0.3681,0.7149,-0.011,0.2159,,,0.343,OUTSIDE_WPP,NOAA_ERDDAP
2023-01,-1.75,107.75,29.565,0.1445,0.9667,0.2318,0.2395,,,0.3199,OUTSIDE_WPP,NOAA_ERDDAP
2023-01,-1.75,108.25,28.388,0.1439,0.904,0.3518,0.2333,,,0.367,OUTSIDE_WPP,NOAA_ERDDAP
2023-01,-1.75,108.75,30.085,0.5403,0.7824,0.2183,0.2322,,,0.3068,OUTSIDE_WPP,NOAA_ERDDAP
2023-01,-1.75,109.25,30.957,0.626,1.021,-0.1397,0.2211,,,0.2736,OUTSIDE_WPP,NOAA_ERDDAP
2023-01,-1.75,122.25,31.178,0.1395,-0.259,-0.2413,0.1725,,,0.2553,OUTSIDE_WPP,NOAA_ERDDAP
2023-01,-1.75,122.75,31.647,0.0943,-0.2955,-0.3866,0.2259,,,0.2356,OUTSIDE_WPP,NOAA_ERDDAP
2023-01,-1.75,123.25,30.23,0.3947,-0.5606,-0.3228,0.2346,,,0.2982,OUTSIDE_WPP,NOAA_ERDDAP
2023-01,-1.75,123.75,29.863,0.1576,-0.9159,-0.2183,0.259,,,0.3082,OUTSIDE_WPP,NOAA_ERDDAP
2023-01,-1.25,94.75,28.74,0.0941,,,,,,0.3519,OUTSIDE_WPP,NOAA_ERDDAP
2023-01,-1.25,123.75,29.938,0.1339,,,,,,0.3048,OUTSIDE_WPP,NOAA_ERDDAP
2023-01,-0.75,94.75,29.528,0.0743,,,,,,0.32,OUTSIDE_WPP,NOAA_ERDDAP
2023-01,-0.75,123.75,30.01,0.1099,,,,,,0.3014,OUTSIDE_WPP,NOAA_ERDDAP
2023-01,-0.25,94.75,29.792,0.0663,,,,,,0.3093,OUTSIDE_WPP,NOAA_ERDDAP
2023-01,-0.25,123.75,29.412,0.1182,,,,,,0.3255,OUTSIDE_WPP,NOAA_ERDDAP
2023-01,0.75,94.75,28.858,0.0662,,,,,,0.3466,OUTSIDE_WPP,NOAA_ERDDAP
2023-01,1.25,94.75,28.65,0.055,,,,,,0.3547,OUTSIDE_WPP,NOAA_ERDDAP
2023-01,1.75,94.75,30.37,0.0746,,,,,,0.2863,OUTSIDE_WPP,NOAA_ERDDAP
2023-01,2.25,94.75,29.559,0.1009,,,,,,0.3193,OUTSIDE_WPP,NOAA_ERDDAP
2023-01,2.25,117.75,30.43,8.5239,,,,,,0.4488,OUTSIDE_WPP,NOAA_ERDDAP
2023-01,2.25,132.25,29.918,0.0828,-0.0989,0.1835,0.1613,,,0.3046,OUTSIDE_WPP,NOAA_ERDDAP
2023-01,2.25,132.75,29.308,0.0876,-0.0685,0.083,0.1724,,,0.3291,OUTSIDE_WPP,NOAA_ERDDAP
2023-01,2.25,133.25,29.987,0.0871,-0.0259,-0.0065,0.1794,,,0.3019,OUTSIDE_WPP,NOAA_ERDDAP
2023-01,2.25,133.75,30.047,0.0828,-0.0094,-0.165,0.1644,,,0.2994,OUTSIDE_WPP,NOAA_ERDDAP
2023-01,2.25,134.25,30.12,0.0799,-0.0441,0.0473,0.1719,,,0.2964,OUTSIDE_WPP,NOAA_ERDDAP
2023-01,2.25,134.75,30.383,0.1206,0.2125,0.3,0.1573,,,0.2867,OUTSIDE_WPP,NOAA_ERDDAP
2023-01,2.25,135.25,30.765,0.1516,0.2129,0.3093,0.1937,,,0.272,OUTSIDE_WPP,NOAA_ERDDAP
2023-01,2.25,135.75,31.43,0.1354,0.1701,0.1938,0.1947,,,0.2451,OUTSIDE_WPP,NOAA_ERDDAP
2023-01,2.25,136.25,30.975,0.1055,0.1841,0.1889,0.1954,,,0.2627,OUTSIDE_WPP,NOAA_ERDDAP
2023-01,2.25,136.75,30.758,0.0766,0.2551,0.0173,0.2025,,,0.2708,OUTSIDE_WPP,NOAA_ERDDAP
2023-01,2.25,137.25,30.195,0.0537,0.2228,0.1627,0.2058,,,0.2929,OUTSIDE_WPP,NOAA_ERDDAP
2023-01,2.25,137.75,30.3,0.0639,0.091,-0.0019,0.2113,,,0.2889,OUTSIDE_WPP,NOAA_ERDDAP
2023-01,2.75,94.75,30.77,0.0946,,,,,,0.2707,OUTSIDE_WPP,NOAA_ERDDAP
2023-01,2.75,117.75,30.307,1.4567,,,,,,0.3158,OUTSIDE_WPP,NOAA_ERDDAP
2023-01,3.25,94.75,30.68,0.1322,,,,,,0.275,OUTSIDE_WPP,NOAA_ERDDAP
2023-01,3.25,117.75,29.668,1.3165,,,,,,0.3386,OUTSIDE_WPP,NOAA_ERDDAP
2023-01,3.75,94.75,30.94,0.1258,,,,,,0.2645,OUTSIDE_WPP,NOAA_ERDDAP
2023-01,3.75,117.75,30.327,3.6442,,,,,,0.3577,OUTSIDE_WPP,NOAA_ERDDAP
2023-01,4.25,94.75,29.653,0.1047,,,,,,0.3156,OUTSIDE_WPP,NOAA_ERDDAP
2023-01,4.25,117.75,30.47,2.8886,,,,,,0.3372,OUTSIDE_WPP,NOAA_ERDDAP
2023-01,4.25,128.25,29.035,0.1067,0.484,0.2633,0.1634,,,0.3403,OUTSIDE_WPP,NOAA_ERDDAP
2023-01,4.25,128.75,28.538,0.1505,0.581,0.5779,0.1537,,,0.3611,OUTSIDE_WPP,NOAA_ERDDAP
2023-01,4.25,129.25,29.723,0.1137,0.1921,0.2828,0.1741,,,0.313,OUTSIDE_WPP,NOAA_ERDDAP
2023-01,4.25,129.75,29.018,0.114,0.0583,0.3327,0.1811,,,0.3412,OUTSIDE_WPP,NOAA_ERDDAP
2023-01,4.25,130.25,28.993,0.0996,0.2451,0.0714,0.1763,,,0.3419,OUTSIDE_WPP,NOAA_ERDDAP
2023-01,4.25,130.75,29.515,0.0736,0.5608,-0.393,0.1621,,,0.3205,OUTSIDE_WPP,NOAA_ERDDAP
2023-01,4.25,131.25,29.867,0.0748,0.4898,-0.291,0.1375,,,0.3064,OUTSIDE_WPP,NOAA_ERDDAP
2023-01,4.25,131.75,29.485,0.0796,0.5426,-0.3382,0.1343,,,0.3218,OUTSIDE_WPP,NOAA_ERDDAP
2023-01,4.75,94.75,30.39,0.1467,,,,,,0.2869,OUTSIDE_WPP,NOAA_ERDDAP
2023-01,5.25,94.75,29.613,0.1759,,,,,,0.3186,OUTSIDE_WPP,NOAA_ERDDAP
2023-01,5.75,94.75,29.222,0.2873,,,,,,0.3364,OUTSIDE_WPP,NOAA_ERDDAP
2023-01,5.75,117.75,30.275,10.4705,,,,,,0.493,OUTSIDE_WPP,NOAA_ERDDAP
2023-01,6.25,94.75,29.745,0.2692,,,,,,0.3151,OUTSIDE_WPP,NOAA_ERDDAP
2023-01,6.25,95.25,29.873,0.2966,0.0825,0.3682,0.094,,,0.3105,OUTSIDE_WPP,NOAA_ERDDAP
2023-01,6.25,95.75,29.472,0.3459,0.1664,0.0242,0.0854,,,0.3275,OUTSIDE_WPP,NOAA_ERDDAP
2023-01,6.25,96.25,29.568,0.4701,0.1418,-0.3241,0.0952,,,0.3261,OUTSIDE_WPP,NOAA_ERDDAP
2023-01,6.25,96.75,29.575,0.2697,-0.1806,-0.0071,0.07,,,0.3219,OUTSIDE_WPP,NOAA_ERDDAP
2023-01,6.25,97.25,29.452,0.2516,-0.2066,-0.0235,0.0557,,,0.3265,OUTSIDE_WPP,NOAA_ERDDAP
2023-01,6.25,97.75,28.91,0.2455,-0.3576,-0.0072,0.0551,,,0.3481,OUTSIDE_WPP,NOAA_ERDDAP
2023-01,6.25,98.25,28.76,0.345,-0.1415,0.1151,0.0387,,,0.356,OUTSIDE_WPP,NOAA_ERDDAP
2023-01,6.25,98.75,28.593,0.2485,0.0862,-0.043,0.0424,,,0.3608,OUTSIDE_WPP,NOAA_ERDDAP
2023-01,6.25,99.25,29.105,0.4559,0.0243,0.2031,0.0431,,,0.3444,OUTSIDE_WPP,NOAA_ERDDAP
2023-01,6.25,99.75,29.257,0.7971,-0.132,0.7235,0.0891,,,0.3449,OUTSIDE_WPP,NOAA_ERDDAP
2023-01,6.25,100.25,28.54,3.3397,-0.2695,0.8167,0.1464,,,0.4232,OUTSIDE_WPP,NOAA_ERDDAP
2023-01,6.25,102.25,28.425,2.5294,,,,,,0.412,OUTSIDE_WPP,NOAA_ERDDAP
2023-01,6.25,102.75,29.15,1.1895,0.1502,-0.3004,0.2674,,,0.3569,OUTSIDE_WPP,NOAA_ERDDAP
2023-01,6.25,103.25,28.81,0.318,-0.0596,0.1442,0.2596,,,0.3535,OUTSIDE_WPP,NOAA_ERDDAP
2023-01,6.25,103.75,28.146,0.1484,-0.0694,-0.212,0.2628,,,0.3767,OUTSIDE_WPP,NOAA_ERDDAP
2023-01,6.25,104.25,27.772,0.1081,-0.2261,-0.465,0.24,,,0.3909,OUTSIDE_WPP,NOAA_ERDDAP
2023-01,6.25,104.75,27.907,0.111,0.2383,-0.3806,0.2032,,,0.3856,OUTSIDE_WPP,NOAA_ERDDAP
2023-01,6.25,105.25,27.035,0.1344,0.1539,0.0345,0.1881,,,0.3837,OUTSIDE_WPP,NOAA_ERDDAP
2023-01,6.25,105.75,26.862,0.1246,-0.063,0.1053,0.2118,,,0.3766,OUTSIDE_WPP,NOAA_ERDDAP
2023-01,6.25,106.25,26.608,0.1454,-0.1543,0.1263,0.2292,,,0.3668,OUTSIDE_WPP,NOAA_ERDDAP
2023-01,6.25,106.75,26.488,0.1325,-0.0142,0.0464,0.2521,,,0.3618,OUTSIDE_WPP,NOAA_ERDDAP
2023-01,6.25,107.25,26.837,0.1153,-0.6786,-0.8936,0.1696,,,0.3754,OUTSIDE_WPP,NOAA_ERDDAP
2023-01,6.25,107.75,27.023,0.1233,0.1618,-0.2045,0.1673,,,0.383,OUTSIDE_WPP,NOAA_ERDDAP
2023-01,6.25,108.25,27.08,0.151,0.1553,-0.2434,0.1469,,,0.3858,OUTSIDE_WPP,NOAA_ERDDAP
2023-01,6.25,108.75,27.148,0.2535,0.2337,-0.4893,0.1193,,,0.3905,OUTSIDE_WPP,NOAA_ERDDAP
2023-01,6.25,109.25,27.568,0.1135,0.3118,-0.4216,0.0762,,,0.3992,OUTSIDE_WPP,NOAA_ERDDAP
2023-01,6.25,109.75,27.143,0.0898,0.192,-0.5151,0.0362,,,0.3871,OUTSIDE_WPP,NOAA_ERDDAP
2023-01,6.25,117.75,29.245,7.9751,,,,,,0.4855,OUTSIDE_WPP,NOAA_ERDDAP
2023-01,6.25,118.25,28.912,2.1774,0.8329,-0.5418,0.1527,,,0.3857,OUTSIDE_WPP,NOAA_ERDDAP
2023-01,6.25,118.75,28.535,0.285,-0.2388,-0.2216,0.1213,,,0.3638,OUTSIDE_WPP,NOAA_ERDDAP
2023-01,6.25,119.25,28.292,0.1865,0.0622,-0.3553,0.1246,,,0.3716,OUTSIDE_WPP,NOAA_ERDDAP
2023-01,6.25,119.75,28.375,0.1713,-0.0279,-0.19,0.1224,,,0.368,OUTSIDE_WPP,NOAA_ERDDAP
2023-01,6.25,120.25,28.17,0.32,0.1903,0.0556,0.1193,,,0.3791,OUTSIDE_WPP,NOAA_ERDDAP
2023-01,6.25,120.75,28.093,0.2886,-0.0992,0.0683,0.1374,,,0.3816,OUTSIDE_WPP,NOAA_ERDDAP
2023-01,6.25,121.25,28.405,0.3022,-0.7837,-0.2545,0.1415,,,0.3694,OUTSIDE_WPP,NOAA_ERDDAP
2023-01,6.25,121.75,28.972,0.3588,-0.8867,-0.4345,0.1305,,,0.3478,OUTSIDE_WPP,NOAA_ERDDAP
2023-01,6.25,122.25,29.473,0.2438,-0.4225,-0.2392,0.103,,,0.3255,OUTSIDE_WPP,NOAA_ERDDAP
2023-01,6.25,122.75,30.045,0.1614,-0.425,0.1476,0.0962,,,0.301,OUTSIDE_WPP,NOAA_ERDDAP
2023-01,6.25,123.25,30.34,0.1281,-0.0959,0.1992,0.1191,,,0.2886,OUTSIDE_WPP,NOAA_ERDDAP
2023-01,6.25,123.75,29.963,0.1295,-0.0879,0.2344,0.1549,,,0.3037,OUTSIDE_WPP,NOAA_ERDDAP
2023-01,6.25,124.25,28.823,0.0665,-1.3955,0.8767,0.1894,,,0.348,OUTSIDE_WPP,NOAA_ERDDAP
2023-01,6.25,125.75,29.025,0.0795,,,,,,0.3402,OUTSIDE_WPP,NOAA_ERDDAP
2023-01,6.25,126.25,28.97,0.0613,-1.1034,-0.6788,0.2864,,,0.3421,OUTSIDE_WPP,NOAA_ERDDAP
2023-01,6.25,126.75,29.027,0.0262,0.0217,-1.4464,0.1318,,,0.3391,OUTSIDE_WPP,NOAA_ERDDAP
2023-01,6.25,127.25,29.362,0.0238,-0.6928,-0.0694,0.0782,,,0.3257,OUTSIDE_WPP,NOAA_ERDDAP
2023-01,6.25,127.75,29.982,0.0245,-0.0724,0.0917,0.146,,,0.3009,OUTSIDE_WPP,NOAA_ERDDAP
2023-02,-10.75,101.75,28.84,0.0392,,,,,,0.3468,OUTSIDE_WPP,NOAA_ERDDAP
2023-02,-10.25,101.75,28.742,0.0461,,,,,,0.3509,OUTSIDE_WPP,NOAA_ERDDAP
2023-02,-9.75,101.75,28.667,0.0556,,,,,,0.3541,OUTSIDE_WPP,NOAA_ERDDAP
2023-02,-9.25,101.75,29.877,0.0565,,,,,,0.3057,OUTSIDE_WPP,NOAA_ERDDAP
2023-02,-8.75,101.75,29.848,0.0457,,,,,,0.3066,OUTSIDE_WPP,NOAA_ERDDAP
2023-02,-8.75,131.75,29.397,0.0959,,,,,,0.3257,OUTSIDE_WPP,NOAA_ERDDAP
2023-02,-8.25,101.75,28.928,0.0467,,,,,,0.3435,OUTSIDE_WPP,NOAA_ERDDAP
2023-02,-7.75,101.75,28.362,0.0545,,,,,,0.3662,OUTSIDE_WPP,NOAA_ERDDAP
2023-02,-6.75,101.75,29.373,0.087,,,,,,0.3264,OUTSIDE_WPP,NOAA_ERDDAP
2023-02,-6.25,101.75,30.233,0.1461,,,,,,0.2932,OUTSIDE_WPP,NOAA_ERDDAP
2023-02,-5.75,94.75,29.918,0.1107,,,,,,0.3051,OUTSIDE_WPP,NOAA_ERDDAP
2023-02,-5.25,94.75,29.42,0.0778,,,,,,0.3244,OUTSIDE_WPP,NOAA_ERDDAP
2023-02,-4.75,94.75,28.677,0.0812,,,,,,0.3542,OUTSIDE_WPP,NOAA_ERDDAP
2023-02,-4.75,105.75,29.192,3.8535,,,,,,0.4072,OUTSIDE_WPP,NOAA_ERDDAP
2023-02,-4.25,94.75,29.038,0.0512,,,,,,0.3391,OUTSIDE_WPP,NOAA_ERDDAP
2023-02,-4.25,105.75,29.342,6.3902,,,,,,0.4507,OUTSIDE_WPP,NOAA_ERDDAP
2023-02,-3.75,94.75,28.588,0.1506,,,,,,0.3591,OUTSIDE_WPP,NOAA_ERDDAP
2023-02,-3.25,94.75,28.65,0.1144,,,,,,0.3559,OUTSIDE_WPP,NOAA_ERDDAP
2023-02,-2.75,94.75,28.137,0.0918,,,,,,0.376,OUTSIDE_WPP,NOAA_ERDDAP
2023-02,-2.25,94.75,28.522,0.0881,,,,,,0.3605,OUTSIDE_WPP,NOAA_ERDDAP
2023-02,-1.75,94.75,29.06,0.0591,,,,,,0.3384,OUTSIDE_WPP,NOAA_ERDDAP
2023-02,-1.75,106.25,28.078,0.5685,1.0403,1.4791,0.2123,,,0.3876,OUTSIDE_WPP,NOAA_ERDDAP
2023-02,-1.75,106.75,28.043,0.5187,1.2727,0.2246,0.1553,,,0.3881,OUTSIDE_WPP,NOAA_ERDDAP
2023-02,-1.75,107.25,27.848,0.4034,1.2512,-0.2605,0.1731,,,0.3936,OUTSIDE_WPP,NOAA_ERDDAP
2023-02,-1.75,107.75,27.875,0.2497,0.9275,-0.3073,0.1985,,,0.3895,OUTSIDE_WPP,NOAA_ERDDAP
2023-02,-1.75,108.25,27.808,0.5079,0.7509,-0.2094,0.2437,,,0.3973,OUTSIDE_WPP,NOAA_ERDDAP
2023-02,-1.75,108.75,28.157,0.6744,0.8699,0.1918,0.2272,,,0.3865,OUTSIDE_WPP,NOAA_ERDDAP
2023-02,-1.75,109.25,28.683,1.141,0.8845,-0.0533,0.2445,,,0.3746,OUTSIDE_WPP,NOAA_ERDDAP
2023-02,-1.75,109.75,29.68,3.7659,0.8913,0.0213,0.26,,,0.386,OUTSIDE_WPP,NOAA_ERDDAP
2023-02,-1.75,122.25,31.433,0.07,-1.2375,0.339,0.2115,,,0.2437,OUTSIDE_WPP,NOAA_ERDDAP
2023-02,-1.75,122.75,31.392,0.1213,-0.8211,0.1252,0.1908,,,0.2464,OUTSIDE_WPP,NOAA_ERDDAP
2023-02,-1.75,123.25,30.208,0.1378,-0.1077,-0.4022,0.2045,,,0.294,OUTSIDE_WPP,NOAA_ERDDAP
2023-02,-1.75,123.75,29.53,0.1972,0.1957,0.0196,0.209,,,0.3223,OUTSIDE_WPP,NOAA_ERDDAP
2023-02,-1.25,94.75,29.253,0.059,,,,,,0.3307,OUTSIDE_WPP,NOAA_ERDDAP
2023-02,-1.25,123.75,29.712,0.1484,,,,,,0.3141,OUTSIDE_WPP,NOAA_ERDDAP
2023-02,-0.75,94.75,29.318,0.0563,,,,,,0.328,OUTSIDE_WPP,NOAA_ERDDAP
2023-02,-0.75,123.75,29.757,0.1838,,,,,,0.313,OUTSIDE_WPP,NOAA_ERDDAP
2023-02,-0.25,94.75,29.477,0.0462,,,,,,0.3215,OUTSIDE_WPP,NOAA_ERDDAP
2023-02,-0.25,123.75,29.773,0.1536,,,,,,0.3117,OUTSIDE_WPP,NOAA_ERDDAP
2023-02,0.25,94.75,29.783,0.045,,,,,,0.3092,OUTSIDE_WPP,NOAA_ERDDAP
2023-02,0.75,94.75,30.098,0.0447,,,,,,0.2966,OUTSIDE_WPP,NOAA_ERDDAP
2023-02,1.25,94.75,29.827,0.0379,,,,,,0.3073,OUTSIDE_WPP,NOAA_ERDDAP
2023-02,1.75,94.75,29.907,0.0532,,,,,,0.3044,OUTSIDE_WPP,NOAA_ERDDAP
2023-02,2.25,94.75,29.871,0.0722,,,,,,0.3062,OUTSIDE_WPP,NOAA_ERDDAP
2023-02,2.25,132.25,30.347,0.0684,-0.1788,0.2303,0.1598,,,0.2871,OUTSIDE_WPP,NOAA_ERDDAP
2023-02,2.25,132.75,30.605,0.0659,-0.2067,-0.0139,0.173,,,0.2768,OUTSIDE_WPP,NOAA_ERDDAP
2023-02,2.25,133.25,30.205,0.0683,-0.2466,-0.1351,0.1682,,,0.2928,OUTSIDE_WPP,NOAA_ERDDAP
2023-02,2.25,133.75,30.527,0.1022,-0.2147,-0.0653,0.1475,,,0.2806,OUTSIDE_WPP,NOAA_ERDDAP
2023-02,2.25,134.25,30.713,0.1156,-0.2856,-0.0061,0.1514,,,0.2734,OUTSIDE_WPP,NOAA_ERDDAP
2023-02,2.25,134.75,30.825,0.1187,-0.1649,0.146,0.146,,,0.269,OUTSIDE_WPP,NOAA_ERDDAP
2023-02,2.25,135.75,30.872,0.0376,-0.058,0.1601,0.1783,,,0.2655,OUTSIDE_WPP,NOAA_ERDDAP
2023-02,2.25,136.25,30.453,0.0378,-0.0895,0.061,0.1828,,,0.2823,OUTSIDE_WPP,NOAA_ERDDAP
2023-02,2.25,136.75,30.118,0.0499,-0.1108,-0.0389,0.1727,,,0.2959,OUTSIDE_WPP,NOAA_ERDDAP
2023-02,2.25,137.25,29.892,0.0379,-0.1891,-0.04,0.1742,,,0.3047,OUTSIDE_WPP,NOAA_ERDDAP
2023-02,2.25,137.75,30.238,0.0579,-0.0448,-0.0211,0.1665,,,0.2913,OUTSIDE_WPP,NOAA_ERDDAP
2023-02,2.75,94.75,31.242,0.0772,,,,,,0.2515,OUTSIDE_WPP,NOAA_ERDDAP
2023-02,2.75,117.75,29.082,0.7086,,,,,,0.3502,OUTSIDE_WPP,NOAA_ERDDAP
2023-02,3.25,94.75,31.002,0.079,,,,,,0.2611,OUTSIDE_WPP,NOAA_ERDDAP
2023-02,3.25,117.75,29.598,2.7637,,,,,,0.3697,OUTSIDE_WPP,NOAA_ERDDAP
2023-02,3.75,94.75,30.163,0.078,,,,,,0.2947,OUTSIDE_WPP,NOAA_ERDDAP
2023-02,3.75,117.75,31.047,5.0759,,,,,,0.3568,OUTSIDE_WPP,NOAA_ERDDAP
2023-02,4.25,94.75,30.338,0.0821,,,,,,0.2877,OUTSIDE_WPP,NOAA_ERDDAP
2023-02,4.25,117.75,30.02,3.6036,,,,,,0.3692,OUTSIDE_WPP,NOAA_ERDDAP
2023-02,4.25,128.25,29.035,0.1327,0.3565,0.4139,0.1842,,,0.3409,OUTSIDE_WPP,NOAA_ERDDAP
2023-02,4.25,128.75,29.17,0.1223,0.4304,0.4728,0.1721,,,0.3353,OUTSIDE_WPP,NOAA_ERDDAP
2023-02,4.25,129.25,29.033,0.0991,-0.0974,0.2509,0.1812,,,0.3403,OUTSIDE_WPP,NOAA_ERDDAP
2023-02,4.25,129.75,29.57,0.0808,-0.2851,0.2425,0.1905,,,0.3184,OUTSIDE_WPP,NOAA_ERDDAP
2023-02,4.25,130.25,29.77,0.0808,-0.1059,0.0444,0.1801,,,0.3104,OUTSIDE_WPP,NOAA_ERDDAP
2023-02,4.25,130.75,29.755,0.069,-0.215,-0.0657,0.1851,,,0.3108,OUTSIDE_WPP,NOAA_ERDDAP
2023-02,4.25,131.25,29.773,0.0632,-0.2169,-0.1048,0.1821,,,0.31,OUTSIDE_WPP,NOAA_ERDDAP
2023-02,4.25,131.75,29.762,0.0643,-0.0294,-0.0818,0.1849,,,0.3104,OUTSIDE_WPP,NOAA_ERDDAP
2023-02,4.75,94.75,30.895,0.0929,,,,,,0.2657,OUTSIDE_WPP,NOAA_ERDDAP
2023-02,5.25,94.75,29.867,0.1336,,,,,,0.3076,OUTSIDE_WPP,NOAA_ERDDAP
2023-02,5.75,94.75,29.223,0.2066,,,,,,0.3348,OUTSIDE_WPP,NOAA_ERDDAP
2023-02,6.25,94.75,28.395,0.1967,,,,,,0.3677,OUTSIDE_WPP,NOAA_ERDDAP
2023-02,6.25,95.25,28.372,0.239,-0.0746,0.0486,0.0371,,,0.3695,OUTSIDE_WPP,NOAA_ERDDAP
2023-02,6.25,95.75,29.075,0.3381,-0.0144,0.2085,0.0363,,,0.3433,OUTSIDE_WPP,NOAA_ERDDAP
2023-02,6.25,96.25,28.845,0.2434,-0.2983,0.4168,0.0631,,,0.3506,OUTSIDE_WPP,NOAA_ERDDAP
2023-02,6.25,97.25,28.968,0.4435,-0.2303,-0.3751,0.0143,,,0.3496,OUTSIDE_WPP,NOAA_ERDDAP
2023-02,6.25,97.75,29.205,0.4195,-0.1323,-0.1016,-0.0101,,,0.3397,OUTSIDE_WPP,NOAA_ERDDAP
2023-02,6.25,98.25,29.45,0.3319,-0.0714,-0.0343,-0.0149,,,0.3281,OUTSIDE_WPP,NOAA_ERDDAP
2023-02,6.25,98.75,29.38,0.4078,-0.118,0.2975,-0.0013,,,0.3324,OUTSIDE_WPP,NOAA_ERDDAP
2023-02,6.25,99.25,29.717,0.6733,-0.1156,-0.3385,-0.0056,,,0.3241,OUTSIDE_WPP,NOAA_ERDDAP
2023-02,6.25,99.75,29.948,0.761,-0.0339,0.0568,-0.0273,,,0.3166,OUTSIDE_WPP,NOAA_ERDDAP
2023-02,6.25,100.25,29.575,2.9816,-0.3058,1.0281,0.0059,,,0.3748,OUTSIDE_WPP,NOAA_ERDDAP
2023-02,6.25,102.25,28.52,3.8701,,,,,,0.4344,OUTSIDE_WPP,NOAA_ERDDAP
2023-02,6.25,102.75,27.968,0.472,-0.0235,-0.379,0.2586,,,0.3902,OUTSIDE_WPP,NOAA_ERDDAP
2023-02,6.25,103.25,27.608,0.4083,0.056,-0.2174,0.2342,,,0.4033,OUTSIDE_WPP,NOAA_ERDDAP
2023-02,6.25,103.75,26.988,0.0691,-0.0941,0.2159,0.2562,,,0.3805,OUTSIDE_WPP,NOAA_ERDDAP
2023-02,6.25,104.25,26.708,0.0681,0.0642,-0.338,0.2252,,,0.3693,OUTSIDE_WPP,NOAA_ERDDAP
2023-02,6.25,104.75,26.507,0.0697,-0.0825,-0.7305,0.1753,,,0.3613,OUTSIDE_WPP,NOAA_ERDDAP
2023-02,6.25,105.25,26.24,0.0885,-0.0831,0.3028,0.1443,,,0.351,OUTSIDE_WPP,NOAA_ERDDAP
2023-02,6.25,105.75,26.507,0.0759,-0.1654,-0.2718,0.1801,,,0.3614,OUTSIDE_WPP,NOAA_ERDDAP
2023-02,6.25,106.25,26.527,0.1037,-0.1166,-0.3879,0.159,,,0.3628,OUTSIDE_WPP,NOAA_ERDDAP
2023-02,6.25,106.75,26.38,0.0941,-0.1619,-0.2531,0.1398,,,0.3567,OUTSIDE_WPP,NOAA_ERDDAP
2023-02,6.25,107.25,26.737,0.1044,0.2731,-0.2217,0.127,,,0.3712,OUTSIDE_WPP,NOAA_ERDDAP
2023-02,6.25,107.75,26.722,0.1275,-0.4342,-0.5141,0.142,,,0.371,OUTSIDE_WPP,NOAA_ERDDAP
2023-02,6.25,108.25,25.755,0.1226,-0.1001,-0.0848,0.0687,,,0.3323,OUTSIDE_WPP,NOAA_ERDDAP
2023-02,6.25,109.25,26.427,0.1351,0.0902,-0.2898,0.056,,,0.3594,OUTSIDE_WPP,NOAA_ERDDAP
2023-02,6.25,109.75,26.632,0.0943,0.0592,0.0944,0.0428,,,0.3668,OUTSIDE_WPP,NOAA_ERDDAP
2023-02,6.25,118.25,28.458,2.3618,1.9716,-0.3228,0.138,,,0.4074,OUTSIDE_WPP,NOAA_ERDDAP
2023-02,6.25,118.75,28.752,0.1295,0.0263,-1.4954,0.0756,,,0.3521,OUTSIDE_WPP,NOAA_ERDDAP
2023-02,6.25,119.25,28.533,0.1063,0.1396,0.0482,0.0954,,,0.3604,OUTSIDE_WPP,NOAA_ERDDAP
2023-02,6.25,119.75,28.802,0.131,0.0228,0.4218,0.1058,,,0.3501,OUTSIDE_WPP,NOAA_ERDDAP
2023-02,6.25,120.25,28.482,0.6338,0.1179,-0.1608,0.0998,,,0.3728,OUTSIDE_WPP,NOAA_ERDDAP
2023-02,6.25,120.75,27.992,0.6192,-0.0776,-0.1367,0.0902,,,0.3921,OUTSIDE_WPP,NOAA_ERDDAP
2023-02,6.25,121.25,28.752,0.4225,-0.5526,-0.3715,0.1069,,,0.3578,OUTSIDE_WPP,NOAA_ERDDAP
2023-02,6.25,121.75,29.237,0.2235,-0.546,-0.0345,0.0934,,,0.3345,OUTSIDE_WPP,NOAA_ERDDAP
2023-02,6.25,122.25,30.47,0.1284,-0.4446,0.1873,0.1028,,,0.2834,OUTSIDE_WPP,NOAA_ERDDAP
2023-02,6.25,122.75,30.172,0.0915,-0.3324,0.0736,0.1207,,,0.2946,OUTSIDE_WPP,NOAA_ERDDAP
2023-02,6.25,123.25,29.99,0.1073,-0.1875,0.1437,0.1454,,,0.3022,OUTSIDE_WPP,NOAA_ERDDAP
2023-02,6.25,123.75,29.895,0.1133,-0.4674,0.3085,0.1694,,,0.3061,OUTSIDE_WPP,NOAA_ERDDAP
2023-02,6.25,124.25,30.152,0.1058,-1.1657,1.0267,0.1905,,,0.2957,OUTSIDE_WPP,NOAA_ERDDAP
2023-02,6.25,125.25,29.845,0.4883,,,,,,0.3154,OUTSIDE_WPP,NOAA_ERDDAP
2023-02,6.25,125.75,28.362,0.0922,,,,,,0.367,OUTSIDE_WPP,NOAA_ERDDAP
2023-02,6.25,126.25,28.085,0.0391,-0.9176,-1.4122,0.3657,,,0.377,OUTSIDE_WPP,NOAA_ERDDAP
2023-02,6.25,126.75,28.868,0.0262,-1.3472,-1.4884,0.205,,,0.3455,OUTSIDE_WPP,NOAA_ERDDAP
2023-02,6.25,127.25,28.923,0.0266,-0.2284,-0.2355,0.1463,,,0.3433,OUTSIDE_WPP,NOAA_ERDDAP
2023-02,6.25,127.75,28.733,0.0404,-0.7782,-0.4052,0.148,,,0.3511,OUTSIDE_WPP,NOAA_ERDDAP
2023-03,-10.75,101.75,28.96,0.0452,,,,,,0.3421,OUTSIDE_WPP,NOAA_ERDDAP
2023-03,-10.25,101.75,29.008,0.0445,,,,,,0.3402,OUTSIDE_WPP,NOAA_ERDDAP
2023-03,-9.75,101.75,29.333,0.0442,,,,,,0.3272,OUTSIDE_WPP,NOAA_ERDDAP
2023-03,-9.25,101.75,29.273,0.0442,,,,,,0.3296,OUTSIDE_WPP,NOAA_ERDDAP
2023-03,-8.75,101.75,29.193,0.0475,,,,,,0.3329,OUTSIDE_WPP,NOAA_ERDDAP
2023-03,-8.75,131.75,31.125,0.1605,,,,,,0.2578,OUTSIDE_WPP,NOAA_ERDDAP
2023-03,-8.25,101.75,28.952,0.0433,,,,,,0.3424,OUTSIDE_WPP,NOAA_ERDDAP
2023-03,-8.25,131.75,31.015,0.1385,,,,,,0.2618,OUTSIDE_WPP,NOAA_ERDDAP
2023-03,-7.75,101.75,28.977,0.0467,,,,,,0.3415,OUTSIDE_WPP,NOAA_ERDDAP
2023-03,-7.25,101.75,28.852,0.0465,,,,,,0.3465,OUTSIDE_WPP,NOAA_ERDDAP
2023-03,-6.75,101.75,28.752,0.0479,,,,,,0.3505,OUTSIDE_WPP,NOAA_ERDDAP
2023-03,-6.25,101.75,28.758,0.0602,,,,,,0.3505,OUTSIDE_WPP,NOAA_ERDDAP
2023-03,-5.75,94.75,29.095,0.0585,,,,,,0.337,OUTSIDE_WPP,NOAA_ERDDAP
2023-03,-5.25,94.75,29.255,0.059,,,,,,0.3306,OUTSIDE_WPP,NOAA_ERDDAP
2023-03,-4.75,94.75,29.493,0.0592,,,,,,0.3211,OUTSIDE_WPP,NOAA_ERDDAP
2023-03,-4.75,105.75,29.625,5.404,,,,,,0.4201,OUTSIDE_WPP,NOAA_ERDDAP
2023-03,-4.25,94.75,29.66,0.0616,,,,,,0.3145,OUTSIDE_WPP,NOAA_ERDDAP
2023-03,-4.25,105.75,29.308,6.1673,,,,,,0.4477,OUTSIDE_WPP,NOAA_ERDDAP
2023-03,-3.75,94.75,29.537,0.0645,,,,,,0.3194,OUTSIDE_WPP,NOAA_ERDDAP
2023-03,-3.75,105.75,29.968,4.7814,,,,,,0.3942,OUTSIDE_WPP,NOAA_ERDDAP
2023-03,-3.25,94.75,29.59,0.0569,,,,,,0.3172,OUTSIDE_WPP,NOAA_ERDDAP
2023-03,-3.25,105.75,30.26,5.8206,,,,,,0.4028,OUTSIDE_WPP,NOAA_ERDDAP
2023-03,-2.75,94.75,30.02,0.0603,,,,,,0.3,OUTSIDE_WPP,NOAA_ERDDAP
2023-03,-2.25,94.75,30.148,0.065,,,,,,0.295,OUTSIDE_WPP,NOAA_ERDDAP
2023-03,-1.75,94.75,30.087,0.0655,,,,,,0.2975,OUTSIDE_WPP,NOAA_ERDDAP
2023-03,-1.75,106.25,28.723,0.9501,0.5544,1.3267,0.1399,,,0.3693,OUTSIDE_WPP,NOAA_ERDDAP
2023-03,-1.75,106.75,28.378,0.2436,0.792,-0.0004,0.1074,,,0.3693,OUTSIDE_WPP,NOAA_ERDDAP
2023-03,-1.75,107.25,28.323,0.1113,0.8902,-0.2353,0.1506,,,0.3689,OUTSIDE_WPP,NOAA_ERDDAP
2023-03,-1.75,107.75,28.273,0.0711,0.9052,-0.0183,0.1665,,,0.3701,OUTSIDE_WPP,NOAA_ERDDAP
2023-03,-1.75,108.25,28.11,0.131,0.9828,0.2185,0.1688,,,0.3778,OUTSIDE_WPP,NOAA_ERDDAP
2023-03,-1.75,108.75,29.273,0.2887,0.9984,-0.203,0.1763,,,0.3344,OUTSIDE_WPP,NOAA_ERDDAP
2023-03,-1.75,109.25,30.388,0.4721,0.9251,-0.6109,0.2031,,,0.2934,OUTSIDE_WPP,NOAA_ERDDAP
2023-03,-1.75,109.75,30.345,2.0011,1.0126,-0.6733,0.2805,,,0.3249,OUTSIDE_WPP,NOAA_ERDDAP
2023-03,-1.75,122.25,31.492,0.0928,-0.9669,-0.4538,0.1244,,,0.2418,OUTSIDE_WPP,NOAA_ERDDAP
2023-03,-1.75,122.75,31.017,0.0889,-0.5708,-0.6416,0.1825,,,0.2607,OUTSIDE_WPP,NOAA_ERDDAP
2023-03,-1.75,123.25,30.792,0.2957,-0.3791,-0.6014,0.2261,,,0.2738,OUTSIDE_WPP,NOAA_ERDDAP
2023-03,-1.75,123.75,30.102,0.262,-0.3677,-0.0388,0.2353,,,0.3007,OUTSIDE_WPP,NOAA_ERDDAP
2023-03,-1.25,94.75,30.187,0.0546,,,,,,0.2933,OUTSIDE_WPP,NOAA_ERDDAP
2023-03,-1.25,123.75,30.84,0.0996,,,,,,0.268,OUTSIDE_WPP,NOAA_ERDDAP
2023-03,-0.75,94.75,30.08,0.0491,,,,,,0.2974,OUTSIDE_WPP,NOAA_ERDDAP
2023-03,-0.75,123.75,30.72,0.1044,,,,,,0.2729,OUTSIDE_WPP,NOAA_ERDDAP
2023-03,-0.25,94.75,30.59,0.0449,,,,,,0.2769,OUTSIDE_WPP,NOAA_ERDDAP
2023-03,-0.25,123.75,30.703,0.0991,,,,,,0.2735,OUTSIDE_WPP,NOAA_ERDDAP
2023-03,0.25,94.75,30.572,0.0422,,,,,,0.2776,OUTSIDE_WPP,NOAA_ERDDAP
2023-03,0.75,94.75,30.595,0.0472,,,,,,0.2768,OUTSIDE_WPP,NOAA_ERDDAP
2023-03,1.25,94.75,30.673,0.0414,,,,,,0.2736,OUTSIDE_WPP,NOAA_ERDDAP
2023-03,1.75,94.75,30.705,0.0427,,,,,,0.2723,OUTSIDE_WPP,NOAA_ERDDAP
2023-03,2.25,94.75,30.321,0.0502,,,,,,0.2878,OUTSIDE_WPP,NOAA_ERDDAP
2023-03,2.25,117.75,31.01,8.5116,,,,,,0.4254,OUTSIDE_WPP,NOAA_ERDDAP
2023-03,2.25,132.25,30.57,0.0692,0.0115,0.1689,0.1497,,,0.2782,OUTSIDE_WPP,NOAA_ERDDAP
2023-03,2.25,132.75,30.487,0.0716,0.0472,0.0812,0.1567,,,0.2816,OUTSIDE_WPP,NOAA_ERDDAP
2023-03,2.25,133.25,30.537,0.0668,-0.0476,-0.0127,0.1509,,,0.2795,OUTSIDE_WPP,NOAA_ERDDAP
2023-03,2.25,133.75,30.747,0.0714,-0.1583,-0.0438,0.1471,,,0.2712,OUTSIDE_WPP,NOAA_ERDDAP
2023-03,2.25,134.25,30.243,0.0668,-0.2335,-0.0792,0.1418,,,0.2912,OUTSIDE_WPP,NOAA_ERDDAP
2023-03,2.25,134.75,30.06,0.0501,-0.1857,0.2945,0.1526,,,0.2982,OUTSIDE_WPP,NOAA_ERDDAP
2023-03,2.25,135.25,30.95,0.0595,-0.1596,0.2868,0.1613,,,0.2628,OUTSIDE_WPP,NOAA_ERDDAP
2023-03,2.25,135.75,31.023,0.057,-0.2251,0.265,0.1647,,,0.2599,OUTSIDE_WPP,NOAA_ERDDAP
2023-03,2.25,136.25,31.442,0.0495,-0.2219,0.1945,0.1787,,,0.243,OUTSIDE_WPP,NOAA_ERDDAP
2023-03,2.25,136.75,31.06,0.0434,-0.2862,0.0744,0.1802,,,0.2581,OUTSIDE_WPP,NOAA_ERDDAP
2023-03,2.25,137.25,30.718,0.0424,-0.3121,0.1575,0.1922,,,0.2718,OUTSIDE_WPP,NOAA_ERDDAP
2023-03,2.25,137.75,31.382,0.0455,-0.1054,-0.0046,0.1895,,,0.2453,OUTSIDE_WPP,NOAA_ERDDAP
2023-03,2.75,94.75,31.272,0.0595,,,,,,0.2499,OUTSIDE_WPP,NOAA_ERDDAP
2023-03,2.75,117.75,29.417,2.9875,,,,,,0.3813,OUTSIDE_WPP,NOAA_ERDDAP
2023-03,3.25,94.75,31.15,0.063,,,,,,0.2549,OUTSIDE_WPP,NOAA_ERDDAP
2023-03,3.25,117.75,29.598,1.8122,,,,,,0.3511,OUTSIDE_WPP,NOAA_ERDDAP
2023-03,3.75,94.75,31.428,0.0702,,,,,,0.2439,OUTSIDE_WPP,NOAA_ERDDAP
2023-03,3.75,117.75,30.347,3.1643,,,,,,0.3475,OUTSIDE_WPP,NOAA_ERDDAP
2023-03,4.25,94.75,30.733,0.0686,,,,,,0.2717,OUTSIDE_WPP,NOAA_ERDDAP
2023-03,4.25,117.75,30.623,3.4316,,,,,,0.3417,OUTSIDE_WPP,NOAA_ERDDAP
2023-03,4.25,128.25,29.75,0.0906,0.443,0.3933,0.2016,,,0.3114,OUTSIDE_WPP,NOAA_ERDDAP
2023-03,4.25,128.75,30.108,0.0887,0.1242,0.5322,0.1998,,,0.2971,OUTSIDE_WPP,NOAA_ERDDAP
2023-03,4.25,129.25,30.242,0.0728,-0.189,0.1285,0.1997,,,0.2914,OUTSIDE_WPP,NOAA_ERDDAP
2023-03,4.25,129.75,30.568,0.0694,-0.0942,0.2616,0.1925,,,0.2783,OUTSIDE_WPP,NOAA_ERDDAP
2023-03,4.25,130.25,30.82,0.0594,-0.2521,0.1122,0.1917,,,0.268,OUTSIDE_WPP,NOAA_ERDDAP
2023-03,4.25,130.75,30.837,0.0567,-0.2963,-0.0684,0.1931,,,0.2673,OUTSIDE_WPP,NOAA_ERDDAP
2023-03,4.25,131.25,30.425,0.0557,-0.2896,-0.0973,0.1989,,,0.2838,OUTSIDE_WPP,NOAA_ERDDAP
2023-03,4.25,131.75,30.027,0.0791,-0.1866,-0.2097,0.1949,,,0.3001,OUTSIDE_WPP,NOAA_ERDDAP
2023-03,4.75,94.75,30.583,0.0689,,,,,,0.2777,OUTSIDE_WPP,NOAA_ERDDAP
2023-03,5.25,94.75,30.483,0.0804,,,,,,0.2819,OUTSIDE_WPP,NOAA_ERDDAP
2023-03,5.75,94.75,29.527,0.1919,,,,,,0.3223,OUTSIDE_WPP,NOAA_ERDDAP
2023-03,6.25,94.75,28.815,0.2084,,,,,,0.3511,OUTSIDE_WPP,NOAA_ERDDAP
2023-03,6.25,95.25,29.155,0.2335,-0.18,-0.056,-0.0117,,,0.338,OUTSIDE_WPP,NOAA_ERDDAP
2023-03,6.25,95.75,29.222,0.2155,0.0129,-0.099,-0.0244,,,0.335,OUTSIDE_WPP,NOAA_ERDDAP
2023-03,6.25,96.25,29.27,0.2136,-0.2596,0.0519,-0.051,,,0.333,OUTSIDE_WPP,NOAA_ERDDAP
2023-03,6.25,96.75,29.622,0.2194,-0.2925,-0.072,-0.054,,,0.3191,OUTSIDE_WPP,NOAA_ERDDAP
2023-03,6.25,97.25,29.218,0.2946,-0.3046,0.0111,-0.0616,,,0.3367,OUTSIDE_WPP,NOAA_ERDDAP
2023-03,6.25,97.75,29.262,0.3476,-0.2914,0.1442,-0.0632,,,0.336,OUTSIDE_WPP,NOAA_ERDDAP
2023-03,6.25,98.25,29.432,0.3149,-0.1975,-0.3479,-0.0706,,,0.3285,OUTSIDE_WPP,NOAA_ERDDAP
2023-03,6.25,98.75,29.707,0.4616,-0.1962,0.1721,-0.0814,,,0.3204,OUTSIDE_WPP,NOAA_ERDDAP
2023-03,6.25,99.25,30.125,0.4031,-0.1463,0.3372,-0.0713,,,0.3025,OUTSIDE_WPP,NOAA_ERDDAP
2023-03,6.25,99.75,30.393,0.5939,0.2576,0.2514,-0.0476,,,0.2955,OUTSIDE_WPP,NOAA_ERDDAP
2023-03,6.25,100.25,30.305,3.414,-0.2138,1.4416,0.016,,,0.3541,OUTSIDE_WPP,NOAA_ERDDAP
2023-03,6.25,102.25,28.97,0.808,,,,,,0.3566,OUTSIDE_WPP,NOAA_ERDDAP
2023-03,6.25,102.75,28.665,0.2631,0.0431,-0.6323,0.2246,,,0.3582,OUTSIDE_WPP,NOAA_ERDDAP
2023-03,6.25,103.25,27.885,0.2788,-0.0694,-0.6519,0.1592,,,0.3897,OUTSIDE_WPP,NOAA_ERDDAP
2023-03,6.25,103.75,27.34,0.1871,-0.1258,-0.0336,0.1507,,,0.3969,OUTSIDE_WPP,NOAA_ERDDAP
2023-03,6.25,104.25,27.882,0.0706,-0.072,-0.0184,0.1418,,,0.3858,OUTSIDE_WPP,NOAA_ERDDAP
2023-03,6.25,104.75,27.653,0.0699,0.188,-0.0289,0.1652,,,0.3949,OUTSIDE_WPP,NOAA_ERDDAP
2023-03,6.25,105.25,27.897,0.0947,-0.0395,0.0683,0.1615,,,0.3856,OUTSIDE_WPP,NOAA_ERDDAP
2023-03,6.25,105.75,27.472,0.0504,-0.1077,-0.2198,0.1693,,,0.3995,OUTSIDE_WPP,NOAA_ERDDAP
2023-03,6.25,106.25,26.853,0.0574,-0.2676,-0.092,0.1698,,,0.3749,OUTSIDE_WPP,NOAA_ERDDAP
2023-03,6.25,106.75,27.3,0.0599,-0.1347,-0.3491,0.1436,,,0.3928,OUTSIDE_WPP,NOAA_ERDDAP
2023-03,6.25,107.25,27.248,0.0701,-0.2123,-0.3144,0.1074,,,0.391,OUTSIDE_WPP,NOAA_ERDDAP
2023-03,6.25,107.75,26.333,0.0783,-0.0904,-0.2496,0.0845,,,0.3545,OUTSIDE_WPP,NOAA_ERDDAP
2023-03,6.25,108.25,26.418,0.1267,0.0459,-0.1924,0.0689,,,0.3589,OUTSIDE_WPP,NOAA_ERDDAP
2023-03,6.25,108.75,26.458,0.1,0.1458,-0.2415,0.0717,,,0.3599,OUTSIDE_WPP,NOAA_ERDDAP
2023-03,6.25,109.25,26.825,0.076,0.2336,-0.2914,0.0333,,,0.3741,OUTSIDE_WPP,NOAA_ERDDAP
2023-03,6.25,109.75,26.805,0.0826,0.2093,-0.1311,0.0201,,,0.3735,OUTSIDE_WPP,NOAA_ERDDAP
2023-03,6.25,118.25,29.475,0.8889,1.0292,-0.1197,0.2137,,,0.338,OUTSIDE_WPP,NOAA_ERDDAP
2023-03,6.25,118.75,28.478,0.1119,-0.3493,-0.5943,0.0657,,,0.3627,OUTSIDE_WPP,NOAA_ERDDAP
2023-03,6.25,119.25,27.902,0.0976,0.1162,-0.4607,0.0718,,,0.3855,OUTSIDE_WPP,NOAA_ERDDAP
2023-03,6.25,119.75,28.175,0.1175,0.173,-0.1957,0.0699,,,0.375,OUTSIDE_WPP,NOAA_ERDDAP
2023-03,6.25,120.25,27.655,0.4265,0.3601,0.2292,0.0647,,,0.4018,OUTSIDE_WPP,NOAA_ERDDAP
2023-03,6.25,120.75,27.252,0.3858,0.3539,0.2167,0.0826,,,0.3973,OUTSIDE_WPP,NOAA_ERDDAP
2023-03,6.25,121.25,28.29,0.2327,0.0087,0.0961,0.1121,,,0.3726,OUTSIDE_WPP,NOAA_ERDDAP
2023-03,6.25,121.75,28.707,0.2301,-0.14,-0.1696,0.126,,,0.3559,OUTSIDE_WPP,NOAA_ERDDAP
2023-03,6.25,122.25,29.265,0.1303,0.0772,-0.3371,0.1145,,,0.3316,OUTSIDE_WPP,NOAA_ERDDAP
2023-03,6.25,122.75,30.018,0.0836,0.003,0.2701,0.1219,,,0.3006,OUTSIDE_WPP,NOAA_ERDDAP
2023-03,6.25,123.25,30.678,0.0849,0.1516,0.1822,0.1567,,,0.2742,OUTSIDE_WPP,NOAA_ERDDAP
2023-03,6.25,123.75,30.397,0.0948,0.283,0.8076,0.1999,,,0.2856,OUTSIDE_WPP,NOAA_ERDDAP
2023-03,6.25,124.25,30.012,0.0783,-1.902,2.001,0.2917,,,0.3007,OUTSIDE_WPP,NOAA_ERDDAP
2023-03,6.25,125.25,29.88,0.3049,,,,,,0.3104,OUTSIDE_WPP,NOAA_ERDDAP
2023-03,6.25,125.75,28.985,0.1033,,,,,,0.3423,OUTSIDE_WPP,NOAA_ERDDAP
2023-03,6.25,126.25,29.265,0.0497,0.8376,-0.8804,0.1965,,,0.33,OUTSIDE_WPP,NOAA_ERDDAP
2023-03,6.25,126.75,29.332,0.0295,1.1272,0.0139,0.1325,,,0.327,OUTSIDE_WPP,NOAA_ERDDAP
2023-03,6.25,127.25,29.335,0.0292,0.5322,-0.1584,0.1899,,,0.3268,OUTSIDE_WPP,NOAA_ERDDAP
2023-03,6.25,127.75,29.207,0.0287,0.4143,-0.3719,0.1898,,,0.3319,OUTSIDE_WPP,NOAA_ERDDAP
2023-01,1.25,95.25,29.048,0.0795,0.1616,0.082,0.0795,,,0.3393,WPP_571_Selat_Malaka,NOAA_ERDDAP
2023-01,1.25,95.75,29.399,0.1326,0.201,0.1368,0.0893,,,0.3263,WPP_571_Selat_Malaka,NOAA_ERDDAP
2023-01,1.25,96.25,30.048,0.1183,0.2462,0.1319,0.0999,,,0.3001,WPP_571_Selat_Malaka,NOAA_ERDDAP
2023-01,1.25,96.75,31.75,0.1465,0.2835,0.174,0.1068,,,0.2325,WPP_571_Selat_Malaka,NOAA_ERDDAP
2023-01,1.25,97.25,29.222,0.156,0.2697,0.1624,0.1247,,,0.3338,WPP_571_Selat_Malaka,NOAA_ERDDAP
2023-01,1.25,97.75,29.408,0.129,0.2009,0.1904,0.1252,,,0.3259,WPP_571_Selat_Malaka,NOAA_ERDDAP
2023-01,1.25,98.25,28.287,0.1289,0.0805,0.3026,0.1289,,,0.3707,WPP_571_Selat_Malaka,NOAA_ERDDAP
2023-01,1.25,98.75,28.984,0.3941,-0.1637,0.3937,0.1272,,,0.348,WPP_571_Selat_Malaka,NOAA_ERDDAP
2023-01,1.25,102.75,28.386,4.9458,2.1456,0.2473,0.2571,,,0.4607,WPP_571_Selat_Malaka,NOAA_ERDDAP
2023-01,1.25,103.25,28.94,3.9117,1.3113,0.1213,0.3807,,,0.4184,WPP_571_Selat_Malaka,NOAA_ERDDAP
2023-01,1.25,103.75,28.458,2.5972,0.8303,-0.4175,0.432,,,0.412,WPP_571_Selat_Malaka,NOAA_ERDDAP
2023-01,1.75,95.25,29.006,0.1142,0.231,0.075,0.067,,,0.3417,WPP_571_Selat_Malaka,NOAA_ERDDAP
2023-01,1.75,95.75,29.342,0.1657,0.2389,0.1662,0.0838,,,0.3292,WPP_571_Selat_Malaka,NOAA_ERDDAP
2023-01,1.75,96.25,29.701,0.1628,0.3488,0.0461,0.0917,,,0.3148,WPP_571_Selat_Malaka,NOAA_ERDDAP
2023-01,1.75,96.75,30.296,0.1813,0.4662,0.1304,0.0861,,,0.2914,WPP_571_Selat_Malaka,NOAA_ERDDAP
2023-01,1.75,97.25,30.254,0.1774,0.4058,0.2478,0.1185,,,0.293,WPP_571_Selat_Malaka,NOAA_ERDDAP
2023-01,1.75,97.75,29.872,0.1023,0.1921,0.2945,0.1262,,,0.3068,WPP_571_Selat_Malaka,NOAA_ERDDAP
2023-01,1.75,98.25,29.792,0.2028,-0.0213,0.3795,0.1366,,,0.3119,WPP_571_Selat_Malaka,NOAA_ERDDAP
2023-01,1.75,101.75,28.823,2.9666,,,,,,0.4046,WPP_571_Selat_Malaka,NOAA_ERDDAP
2023-01,1.75,102.25,28.379,3.8047,3.3706,4.2582,0.0682,,,0.4387,WPP_571_Selat_Malaka,NOAA_ERDDAP
2023-01,1.75,102.75,28.863,3.1732,2.9072,3.346,0.1977,,,0.4071,WPP_571_Selat_Malaka,NOAA_ERDDAP
2023-01,1.75,103.25,29.3,3.1584,1.2589,0.1651,0.276,,,0.3893,WPP_571_Selat_Malaka,NOAA_ERDDAP
2023-01,2.25,95.25,29.174,0.1168,0.1242,0.0905,0.0426,,,0.335,WPP_571_Selat_Malaka,NOAA_ERDDAP
2023-01,2.25,95.75,29.91,0.1383,0.1566,0.1693,0.0642,,,0.306,WPP_571_Selat_Malaka,NOAA_ERDDAP
2023-01,2.25,96.25,29.501,0.1234,0.2223,-0.0794,0.0814,,,0.322,WPP_571_Selat_Malaka,NOAA_ERDDAP
2023-01,2.25,96.75,27.784,0.1248,0.4696,0.0212,0.0698,,,0.3907,WPP_571_Selat_Malaka,NOAA_ERDDAP
2023-01,2.25,97.75,29.378,1.6876,0.3379,0.4486,0.1128,,,0.3575,WPP_571_Selat_Malaka,NOAA_ERDDAP
2023-01,2.25,98.25,29.405,0.4183,0.1187,0.5005,0.1354,,,0.3316,WPP_571_Selat_Malaka,NOAA_ERDDAP
2023-01,2.25,101.25,30.537,2.4151,,,,,,0.3253,WPP_571_Selat_Malaka,NOAA_ERDDAP
2023-01,2.25,101.75,29.194,2.5536,-0.4775,-0.5246,0.0936,,,0.3817,WPP_571_Selat_Malaka,NOAA_ERDDAP
2023-01,2.25,102.25,29.249,2.3706,-0.6254,-0.8754,0.1207,,,0.376,WPP_571_Selat_Malaka,NOAA_ERDDAP
2023-01,2.75,95.25,29.746,0.1129,-0.275,0.1338,0.0475,,,0.312,WPP_571_Selat_Malaka,NOAA_ERDDAP
2023-01,2.75,95.75,30.072,0.2045,-0.1188,0.0499,0.0659,,,0.3008,WPP_571_Selat_Malaka,NOAA_ERDDAP
2023-01,2.75,96.25,30.333,0.2359,-0.0233,-0.2384,0.0652,,,0.2909,WPP_571_Selat_Malaka,NOAA_ERDDAP
2023-01,2.75,96.75,28.783,0.1956,-0.0219,-0.0492,0.0512,,,0.3522,WPP_571_Selat_Malaka,NOAA_ERDDAP
2023-01,2.75,97.25,30.08,0.2292,0.3636,0.2595,0.0569,,,0.3009,WPP_571_Selat_Malaka,NOAA_ERDDAP
2023-01,2.75,100.25,28.449,4.7779,,,,,,0.4549,WPP_571_Selat_Malaka,NOAA_ERDDAP
2023-01,2.75,100.75,29.696,3.0165,0.2414,0.122,0.1331,,,0.3707,WPP_571_Selat_Malaka,NOAA_ERDDAP
2023-01,2.75,101.25,30.171,1.8234,-0.3723,0.1335,0.1749,,,0.3284,WPP_571_Selat_Malaka,NOAA_ERDDAP
2023-01,2.75,101.75,29.35,1.3151,-0.5532,-0.3052,0.1834,,,0.3513,WPP_571_Selat_Malaka,NOAA_ERDDAP
2023-01,2.75,103.75,28.205,3.9134,,,,,,0.4478,WPP_571_Selat_Malaka,NOAA_ERDDAP
2023-01,3.25,95.25,30.427,0.1262,-0.3748,0.0067,0.0815,,,0.285,WPP_571_Selat_Malaka,NOAA_ERDDAP
2023-01,3.25,95.75,30.018,0.1534,-0.4904,-0.0762,0.0768,,,0.3019,WPP_571_Selat_Malaka,NOAA_ERDDAP
2023-01,3.25,96.25,29.749,0.1728,-0.2017,-0.2646,0.0712,,,0.3131,WPP_571_Selat_Malaka,NOAA_ERDDAP
2023-01,3.25,96.75,30.362,0.2531,-0.2438,-0.2425,0.0539,,,0.2901,WPP_571_Selat_Malaka,NOAA_ERDDAP
2023-01,3.25,97.25,30.28,0.291,-0.2058,0.1298,0.0466,,,0.2941,WPP_571_Selat_Malaka,NOAA_ERDDAP
2023-01,3.25,100.25,29.043,17.0972,0.2137,0.3813,0.1258,,,0.6716,WPP_571_Selat_Malaka,NOAA_ERDDAP
2023-01,3.25,100.75,29.894,2.9768,-0.12,0.6382,0.1471,,,0.362,WPP_571_Selat_Malaka,NOAA_ERDDAP
2023-01,3.25,101.25,30.44,5.5738,-0.2219,0.1797,0.1936,,,0.3908,WPP_571_Selat_Malaka,NOAA_ERDDAP
2023-01,3.25,103.75,27.689,0.5057,0.6637,0.2448,0.3022,,,0.402,WPP_571_Selat_Malaka,NOAA_ERDDAP
2023-01,3.75,95.25,30.073,0.1098,-0.1292,0.0413,0.0943,,,0.2989,WPP_571_Selat_Malaka,NOAA_ERDDAP
2023-01,3.75,95.75,30.031,0.1222,-0.1316,-0.0878,0.0909,,,0.3008,WPP_571_Selat_Malaka,NOAA_ERDDAP
2023-01,3.75,96.25,30.744,0.4796,-0.4486,-0.2513,0.0755,,,0.2793,WPP_571_Selat_Malaka,NOAA_ERDDAP
2023-01,3.75,96.75,29.955,0.4687,-0.2141,-0.4101,0.0679,,,0.3106,WPP_571_Selat_Malaka,NOAA_ERDDAP
2023-01,3.75,98.75,28.755,1.825,,,,,,0.3851,WPP_571_Selat_Malaka,NOAA_ERDDAP
2023-01,3.75,99.25,28.795,1.27,0.2029,0.2348,0.0882,,,0.3726,WPP_571_Selat_Malaka,NOAA_ERDDAP
2023-01,3.75,99.75,28.754,0.8996,0.0135,0.7793,0.1023,,,0.3671,WPP_571_Selat_Malaka,NOAA_ERDDAP
2023-01,3.75,100.25,29.126,0.9735,-0.4842,0.5806,0.1473,,,0.3536,WPP_571_Selat_Malaka,NOAA_ERDDAP
2023-01,3.75,100.75,30.202,4.2162,-0.4904,0.5689,0.1845,,,0.3739,WPP_571_Selat_Malaka,NOAA_ERDDAP
2023-01,3.75,103.75,27.408,0.5526,0.5656,0.1877,0.2776,,,0.4068,WPP_571_Selat_Malaka,NOAA_ERDDAP
2023-01,4.25,95.25,30.828,0.1203,0.0264,0.1897,0.0782,,,0.2689,WPP_571_Selat_Malaka,NOAA_ERDDAP
2023-01,4.25,95.75,31.276,0.5304,-0.0491,0.067,0.0983,,,0.259,WPP_571_Selat_Malaka,NOAA_ERDDAP
2023-01,4.25,96.25,31.02,0.692,-0.0526,-0.2292,0.0893,,,0.2724,WPP_571_Selat_Malaka,NOAA_ERDDAP
2023-01,4.25,98.25,28.486,2.0693,,,,,,0.4006,WPP_571_Selat_Malaka,NOAA_ERDDAP
2023-01,4.25,98.75,28.726,0.9103,0.2511,0.1716,0.0479,,,0.3684,WPP_571_Selat_Malaka,NOAA_ERDDAP
2023-01,4.25,99.25,29.252,0.8498,0.3438,0.2347,0.0619,,,0.3462,WPP_571_Selat_Malaka,NOAA_ERDDAP
2023-01,4.25,99.75,29.077,0.7531,-0.0134,0.895,0.0984,,,0.3513,WPP_571_Selat_Malaka,NOAA_ERDDAP
2023-01,4.25,100.25,29.397,3.9279,-0.1998,1.0268,0.1712,,,0.4004,WPP_571_Selat_Malaka,NOAA_ERDDAP
2023-01,4.25,100.75,31.342,5.873,-0.6215,0.134,0.2284,,,0.3606,WPP_571_Selat_Malaka,NOAA_ERDDAP
2023-01,4.25,103.75,27.65,0.3113,0.2661,-0.1566,0.2333,,,0.3997,WPP_571_Selat_Malaka,NOAA_ERDDAP
2023-01,4.75,95.25,30.53,0.2594,-0.1574,0.1816,0.0753,,,0.2835,WPP_571_Selat_Malaka,NOAA_ERDDAP
2023-01,4.75,95.75,30.27,0.791,-0.15,0.0491,0.0991,,,0.3043,WPP_571_Selat_Malaka,NOAA_ERDDAP
2023-01,4.75,98.25,28.344,1.5878,0.0079,0.1269,0.026,,,0.3969,WPP_571_Selat_Malaka,NOAA_ERDDAP
2023-01,4.75,98.75,28.507,0.5158,0.0376,0.0351,0.0363,,,0.3695,WPP_571_Selat_Malaka,NOAA_ERDDAP
2023-01,4.75,99.25,29.268,0.6796,0.0012,0.2793,0.0536,,,0.3422,WPP_571_Selat_Malaka,NOAA_ERDDAP
2023-01,4.75,99.75,29.096,0.9398,0.3626,1.0195,0.0948,,,0.3542,WPP_571_Selat_Malaka,NOAA_ERDDAP
2023-01,4.75,100.25,29.636,3.5807,0.0053,1.1748,0.1824,,,0.3841,WPP_571_Selat_Malaka,NOAA_ERDDAP
2023-01,4.75,103.25,27.582,1.1968,,,,,,0.4197,WPP_571_Selat_Malaka,NOAA_ERDDAP
2023-01,4.75,103.75,27.535,0.3069,0.1771,-0.0832,0.2255,,,0.4043,WPP_571_Selat_Malaka,NOAA_ERDDAP
2023-01,5.25,95.25,30.012,0.3829,-0.3801,0.4133,0.1022,,,0.3067,WPP_571_Selat_Malaka,NOAA_ERDDAP
2023-01,5.25,96.75,28.785,0.2553,,,,,,0.3532,WPP_571_Selat_Malaka,NOAA_ERDDAP
2023-01,5.25,97.25,30.458,1.5975,,,,,,0.3125,WPP_571_Selat_Malaka,NOAA_ERDDAP
2023-01,5.25,97.75,29.483,1.0717,0.1034,-0.0436,0.0332,,,0.3413,WPP_571_Selat_Malaka,NOAA_ERDDAP
2023-01,5.25,98.25,29.064,0.6766,-0.0076,0.254,0.0458,,,0.3503,WPP_571_Selat_Malaka,NOAA_ERDDAP
2023-01,5.25,98.75,29.002,0.5863,-0.053,-0.0373,0.036,,,0.351,WPP_571_Selat_Malaka,NOAA_ERDDAP
2023-01,5.25,99.25,28.676,0.5242,0.0146,0.3545,0.0597,,,0.3629,WPP_571_Selat_Malaka,NOAA_ERDDAP
2023-01,5.25,99.75,29.04,2.0679,-0.1042,0.5573,0.0836,,,0.3784,WPP_571_Selat_Malaka,NOAA_ERDDAP
2023-01,5.25,100.25,29.512,4.9486,0.1961,1.647,0.1676,,,0.4158,WPP_571_Selat_Malaka,NOAA_ERDDAP
2023-01,5.25,103.25,28.056,1.9931,,,,,,0.4163,WPP_571_Selat_Malaka,NOAA_ERDDAP
2023-01,5.25,103.75,27.47,0.2544,-0.2258,-0.2627,0.2342,,,0.4034,WPP_571_Selat_Malaka,NOAA_ERDDAP
2023-01,5.75,95.25,28.928,0.4961,0.0503,0.4762,0.1019,,,0.3522,WPP_571_Selat_Malaka,NOAA_ERDDAP
2023-01,5.75,95.75,29.2,0.375,-0.0027,0.2467,0.113,,,0.339,WPP_571_Selat_Malaka,NOAA_ERDDAP
2023-01,5.75,96.25,29.202,0.3441,0.3035,-0.4741,0.1051,,,0.3383,WPP_571_Selat_Malaka,NOAA_ERDDAP
2023-01,5.75,96.75,28.646,0.3715,0.0885,-0.2907,0.0535,,,0.3611,WPP_571_Selat_Malaka,NOAA_ERDDAP
2023-01,5.75,97.25,29.023,0.3429,-0.0453,-0.0521,0.0431,,,0.3454,WPP_571_Selat_Malaka,NOAA_ERDDAP
2023-01,5.75,97.75,29.138,0.3343,-0.0001,0.1385,0.0337,,,0.3407,WPP_571_Selat_Malaka,NOAA_ERDDAP
2023-01,5.75,98.25,28.886,0.4539,0.0855,0.0864,0.0338,,,0.3531,WPP_571_Selat_Malaka,NOAA_ERDDAP
2023-01,5.75,98.75,28.781,0.3986,0.001,0.032,0.0393,,,0.3562,WPP_571_Selat_Malaka,NOAA_ERDDAP
2023-01,5.75,99.25,28.914,0.4851,0.0523,0.2624,0.0544,,,0.3526,WPP_571_Selat_Malaka,NOAA_ERDDAP
2023-01,5.75,99.75,29.136,1.2922,-0.0293,0.492,0.0775,,,0.3594,WPP_571_Selat_Malaka,NOAA_ERDDAP
2023-01,5.75,100.25,28.973,5.742,0.1714,1.3957,0.1585,,,0.4528,WPP_571_Selat_Malaka,NOAA_ERDDAP
2023-01,5.75,102.75,28.694,3.3003,,,,,,0.4163,WPP_571_Selat_Malaka,NOAA_ERDDAP
2023-01,5.75,103.25,28.523,0.3753,-0.0652,-0.1767,0.257,,,0.3661,WPP_571_Selat_Malaka,NOAA_ERDDAP
2023-01,5.75,103.75,27.868,0.1856,-0.2191,-0.2826,0.2455,,,0.3886,WPP_571_Selat_Malaka,NOAA_ERDDAP
2023-02,1.25,95.25,30.076,0.0529,0.0878,0.0062,0.069,,,0.2977,WPP_571_Selat_Malaka,NOAA_ERDDAP
2023-02,1.25,95.75,30.191,0.0428,0.1908,-0.0993,0.0696,,,0.2929,WPP_571_Selat_Malaka,NOAA_ERDDAP
2023-02,1.25,96.25,30.049,0.0576,0.2504,-0.1637,0.0642,,,0.2988,WPP_571_Selat_Malaka,NOAA_ERDDAP
2023-02,1.25,96.75,30.431,0.0936,0.2155,-0.1635,0.0457,,,0.2843,WPP_571_Selat_Malaka,NOAA_ERDDAP
2023-02,1.25,97.25,30.379,0.5343,0.1008,-0.1588,0.0456,,,0.2949,WPP_571_Selat_Malaka,NOAA_ERDDAP
2023-02,1.25,97.75,29.994,0.1315,-0.0218,-0.0778,0.0383,,,0.3025,WPP_571_Selat_Malaka,NOAA_ERDDAP
2023-02,1.25,98.25,30.431,0.1308,-0.0668,0.0711,0.0322,,,0.285,WPP_571_Selat_Malaka,NOAA_ERDDAP
2023-02,1.25,98.75,30.773,0.6929,-0.087,0.201,0.0441,,,0.2823,WPP_571_Selat_Malaka,NOAA_ERDDAP
2023-02,1.25,102.75,29.426,4.1993,1.574,0.647,0.01,,,0.4046,WPP_571_Selat_Malaka,NOAA_ERDDAP
2023-02,1.25,103.25,28.258,3.2333,0.6633,0.7369,0.1356,,,0.4324,WPP_571_Selat_Malaka,NOAA_ERDDAP
2023-02,1.25,103.75,27.76,2.0199,-0.1657,0.7332,0.2814,,,0.4287,WPP_571_Selat_Malaka,NOAA_ERDDAP
2023-02,1.75,95.25,30.052,0.0528,0.1888,-0.0386,0.0582,,,0.2986,WPP_571_Selat_Malaka,NOAA_ERDDAP
2023-02,1.75,95.75,30.232,0.0595,0.2729,-0.1872,0.0634,,,0.2915,WPP_571_Selat_Malaka,NOAA_ERDDAP
2023-02,1.75,96.25,30.392,0.098,0.3321,-0.1788,0.0531,,,0.2859,WPP_571_Selat_Malaka,NOAA_ERDDAP
2023-02,1.75,96.75,30.725,0.1293,0.2741,-0.037,0.048,,,0.2732,WPP_571_Selat_Malaka,NOAA_ERDDAP
2023-02,1.75,97.25,30.339,0.235,0.0102,0.0573,0.0609,,,0.2907,WPP_571_Selat_Malaka,NOAA_ERDDAP
2023-02,1.75,97.75,30.449,0.1352,-0.2425,0.0298,0.0724,,,0.2843,WPP_571_Selat_Malaka,NOAA_ERDDAP
2023-02,1.75,98.25,30.529,0.2367,-0.3662,0.0205,0.0685,,,0.2831,WPP_571_Selat_Malaka,NOAA_ERDDAP
2023-02,1.75,98.75,30.994,0.7916,-0.2564,0.1519,0.0591,,,0.2754,WPP_571_Selat_Malaka,NOAA_ERDDAP
2023-02,1.75,101.75,28.702,4.5893,,,,,,0.4411,WPP_571_Selat_Malaka,NOAA_ERDDAP
2023-02,1.75,102.25,28.578,3.694,2.1636,2.7235,-0.0597,,,0.4286,WPP_571_Selat_Malaka,NOAA_ERDDAP
2023-02,1.75,102.75,28.492,2.9494,1.6958,3.0734,-0.0359,,,0.4175,WPP_571_Selat_Malaka,NOAA_ERDDAP
2023-02,1.75,103.25,28.26,3.189,-1.0508,1.9806,0.0913,,,0.4315,WPP_571_Selat_Malaka,NOAA_ERDDAP
2023-02,2.25,95.25,30.112,0.0743,0.2033,-0.1527,0.0461,,,0.2966,WPP_571_Selat_Malaka,NOAA_ERDDAP
2023-02,2.25,95.75,30.278,0.1034,0.3324,-0.2253,0.0378,,,0.2906,WPP_571_Selat_Malaka,NOAA_ERDDAP
2023-02,2.25,96.25,30.218,0.1757,0.3312,-0.1799,0.0361,,,0.2944,WPP_571_Selat_Malaka,NOAA_ERDDAP
2023-02,2.25,96.75,30.235,0.1426,0.4282,-0.0094,0.0371,,,0.293,WPP_571_Selat_Malaka,NOAA_ERDDAP
2023-02,2.25,97.25,30.032,0.2144,0.3003,0.2618,0.0338,,,0.3026,WPP_571_Selat_Malaka,NOAA_ERDDAP
2023-02,2.25,97.75,30.978,0.6415,0.0988,0.2238,0.0811,,,0.2731,WPP_571_Selat_Malaka,NOAA_ERDDAP
2023-02,2.25,98.25,31.175,1.02,-0.1112,0.0823,0.0708,,,0.2726,WPP_571_Selat_Malaka,NOAA_ERDDAP
2023-02,2.25,100.25,30.49,11.7482,,,,,,0.5093,WPP_571_Selat_Malaka,NOAA_ERDDAP
2023-02,2.25,100.75,29.995,7.5804,,,,,,0.4478,WPP_571_Selat_Malaka,NOAA_ERDDAP
2023-02,2.25,101.25,29.396,4.6021,,,,,,0.4136,WPP_571_Selat_Malaka,NOAA_ERDDAP
2023-02,2.25,101.75,28.456,3.2041,-0.121,-0.3687,0.0462,,,0.4239,WPP_571_Selat_Malaka,NOAA_ERDDAP
2023-02,2.25,102.25,28.081,2.2732,-0.237,-0.5718,0.0229,,,0.4208,WPP_571_Selat_Malaka,NOAA_ERDDAP
2023-02,2.75,95.25,30.977,0.1141,0.2621,-0.1922,0.0295,,,0.2628,WPP_571_Selat_Malaka,NOAA_ERDDAP
2023-02,2.75,95.75,30.112,0.169,0.1931,-0.2563,0.0174,,,0.2985,WPP_571_Selat_Malaka,NOAA_ERDDAP
2023-02,2.75,96.25,29.996,0.2021,0.2477,-0.0291,0.013,,,0.3038,WPP_571_Selat_Malaka,NOAA_ERDDAP
2023-02,2.75,96.75,30.103,0.1232,-0.2154,0.0431,0.029,,,0.298,WPP_571_Selat_Malaka,NOAA_ERDDAP
2023-02,2.75,97.25,30.312,0.2394,-0.1749,0.2737,0.0286,,,0.2919,WPP_571_Selat_Malaka,NOAA_ERDDAP
2023-02,2.75,97.75,30.498,1.0056,-0.015,0.2274,0.0552,,,0.2994,WPP_571_Selat_Malaka,NOAA_ERDDAP
2023-02,2.75,98.75,28.94,2.3258,,,,,,0.3875,WPP_571_Selat_Malaka,NOAA_ERDDAP
2023-02,2.75,99.75,30.865,11.9439,,,,,,0.4981,WPP_571_Selat_Malaka,NOAA_ERDDAP
2023-02,2.75,100.25,30.109,3.359,,,,,,0.3609,WPP_571_Selat_Malaka,NOAA_ERDDAP
2023-02,2.75,100.75,29.472,4.4741,0.3454,0.3908,0.0425,,,0.4081,WPP_571_Selat_Malaka,NOAA_ERDDAP
2023-02,2.75,101.25,29.084,3.2056,0.1599,0.3429,0.0817,,,0.3989,WPP_571_Selat_Malaka,NOAA_ERDDAP
2023-02,2.75,101.75,28.545,3.1517,-0.0788,-0.1126,0.1284,,,0.4194,WPP_571_Selat_Malaka,NOAA_ERDDAP
2023-02,3.25,95.25,30.878,0.104,-0.1336,-0.3074,0.0239,,,0.2666,WPP_571_Selat_Malaka,NOAA_ERDDAP
2023-02,3.25,95.75,30.197,0.1258,-0.0911,-0.2121,0.0142,,,0.2942,WPP_571_Selat_Malaka,NOAA_ERDDAP
2023-02,3.25,96.25,30.051,0.1096,-0.173,0.0437,0.01,,,0.2998,WPP_571_Selat_Malaka,NOAA_ERDDAP
2023-02,3.25,96.75,30.312,0.157,-0.1595,0.1989,0.0345,,,0.2902,WPP_571_Selat_Malaka,NOAA_ERDDAP
2023-02,3.25,97.25,30.587,0.5202,0.0509,0.0765,0.0524,,,0.2863,WPP_571_Selat_Malaka,NOAA_ERDDAP
2023-02,3.25,99.25,29.435,6.2956,,,,,,0.4451,WPP_571_Selat_Malaka,NOAA_ERDDAP
2023-02,3.25,99.75,29.794,4.1374,,,,,,0.3886,WPP_571_Selat_Malaka,NOAA_ERDDAP
2023-02,3.25,100.25,29.977,2.0545,0.5756,0.2735,0.0223,,,0.3407,WPP_571_Selat_Malaka,NOAA_ERDDAP
2023-02,3.25,100.75,30.063,2.558,0.4348,0.5692,0.0483,,,0.3471,WPP_571_Selat_Malaka,NOAA_ERDDAP
2023-02,3.25,101.25,30.198,3.9917,0.1394,0.3744,0.0802,,,0.3696,WPP_571_Selat_Malaka,NOAA_ERDDAP
2023-02,3.75,95.25,29.767,0.0865,-0.388,-0.2932,0.0423,,,0.3107,WPP_571_Selat_Malaka,NOAA_ERDDAP
2023-02,3.75,95.75,30.087,0.1266,-0.3524,-0.1578,0.0283,,,0.2987,WPP_571_Selat_Malaka,NOAA_ERDDAP
2023-02,3.75,96.25,29.754,0.3324,-0.3322,-0.2446,0.0276,,,0.316,WPP_571_Selat_Malaka,NOAA_ERDDAP
2023-02,3.75,96.75,30.299,0.3197,-0.0332,0.1944,0.019,,,0.2939,WPP_571_Selat_Malaka,NOAA_ERDDAP
2023-02,3.75,98.75,30.241,2.0549,,,,,,0.3301,WPP_571_Selat_Malaka,NOAA_ERDDAP
2023-02,3.75,99.25,29.634,1.0118,-0.1652,-0.2309,0.0202,,,0.3341,WPP_571_Selat_Malaka,NOAA_ERDDAP
2023-02,3.75,99.75,29.439,0.944,0.0332,-0.0023,0.0012,,,0.3405,WPP_571_Selat_Malaka,NOAA_ERDDAP
2023-02,3.75,100.25,30.538,1.1091,0.0138,0.3453,0.0106,,,0.2998,WPP_571_Selat_Malaka,NOAA_ERDDAP
2023-02,3.75,100.75,30.893,2.702,0.0932,0.4665,0.0183,,,0.3167,WPP_571_Selat_Malaka,NOAA_ERDDAP
2023-02,4.25,95.25,30.17,0.0987,-0.1276,-0.0862,0.0492,,,0.2948,WPP_571_Selat_Malaka,NOAA_ERDDAP
2023-02,4.25,95.75,30.119,0.3039,-0.4705,-0.0418,0.0444,,,0.3008,WPP_571_Selat_Malaka,NOAA_ERDDAP
2023-02,4.25,96.25,31.222,0.6121,-0.2969,-0.2521,0.0364,,,0.2627,WPP_571_Selat_Malaka,NOAA_ERDDAP
2023-02,4.25,98.25,31.028,0.6509,,,,,,0.2712,WPP_571_Selat_Malaka,NOAA_ERDDAP
2023-02,4.25,98.75,29.631,0.6518,-0.1161,-0.0468,0.0396,,,0.3271,WPP_571_Selat_Malaka,NOAA_ERDDAP
2023-02,4.25,99.25,29.277,0.2379,0.2232,-0.1011,0.0159,,,0.3332,WPP_571_Selat_Malaka,NOAA_ERDDAP
2023-02,4.25,99.75,29.633,0.5304,0.0236,-0.0275,0.0049,,,0.3247,WPP_571_Selat_Malaka,NOAA_ERDDAP
2023-02,4.25,100.25,30.327,1.2031,0.108,0.2932,0.0058,,,0.3101,WPP_571_Selat_Malaka,NOAA_ERDDAP
2023-02,4.25,100.75,31.39,6.2792,-0.0504,0.164,0.0374,,,0.3666,WPP_571_Selat_Malaka,NOAA_ERDDAP
2023-02,4.25,103.25,28.265,3.9788,,,,,,0.4467,WPP_571_Selat_Malaka,NOAA_ERDDAP
2023-02,4.25,103.75,27.639,0.5111,0.5127,-0.0001,0.2638,,,0.4041,WPP_571_Selat_Malaka,NOAA_ERDDAP
2023-02,4.75,95.25,30.728,0.2238,0.1637,0.2823,0.0555,,,0.2749,WPP_571_Selat_Malaka,NOAA_ERDDAP
2023-02,4.75,95.75,29.825,0.5145,0.1747,-0.1244,0.0785,,,0.3167,WPP_571_Selat_Malaka,NOAA_ERDDAP
2023-02,4.75,97.75,29.823,3.1246,,,,,,0.3677,WPP_571_Selat_Malaka,NOAA_ERDDAP
2023-02,4.75,98.25,29.694,0.8055,0.4452,0.2473,-0.0273,,,0.3276,WPP_571_Selat_Malaka,NOAA_ERDDAP
2023-02,4.75,98.75,29.77,0.2328,0.3457,0.1956,0.0076,,,0.3134,WPP_571_Selat_Malaka,NOAA_ERDDAP
2023-02,4.75,99.25,29.642,0.3785,0.0695,-0.3115,0.0026,,,0.3214,WPP_571_Selat_Malaka,NOAA_ERDDAP
2023-02,4.75,99.75,30.381,0.7089,0.0851,-0.0881,-0.0065,,,0.2983,WPP_571_Selat_Malaka,NOAA_ERDDAP
2023-02,4.75,100.25,30.902,2.9628,-0.2526,0.3381,0.0114,,,0.3214,WPP_571_Selat_Malaka,NOAA_ERDDAP
2023-02,4.75,103.25,28.58,1.6656,,,,,,0.389,WPP_571_Selat_Malaka,NOAA_ERDDAP
2023-02,4.75,103.75,27.601,0.2651,-0.1827,0.0597,0.2413,,,0.4008,WPP_571_Selat_Malaka,NOAA_ERDDAP
2023-02,5.25,95.25,30.043,0.3355,0.0243,0.0776,0.0364,,,0.3045,WPP_571_Selat_Malaka,NOAA_ERDDAP
2023-02,5.25,96.25,29.126,0.6456,,,,,,0.3472,WPP_571_Selat_Malaka,NOAA_ERDDAP
2023-02,5.25,96.75,29.231,0.3686,,,,,,0.3376,WPP_571_Selat_Malaka,NOAA_ERDDAP
2023-02,5.25,97.25,29.853,1.1767,,,,,,0.3285,WPP_571_Selat_Malaka,NOAA_ERDDAP
2023-02,5.25,97.75,29.812,0.521,0.1159,-0.0876,-0.028,,,0.3174,WPP_571_Selat_Malaka,NOAA_ERDDAP
2023-02,5.25,98.25,29.157,0.2772,0.1278,0.1865,-0.0352,,,0.3388,WPP_571_Selat_Malaka,NOAA_ERDDAP
2023-02,5.25,98.75,28.854,0.2933,0.1416,0.1152,-0.0101,,,0.3512,WPP_571_Selat_Malaka,NOAA_ERDDAP
2023-02,5.25,99.25,29.544,0.497,0.1769,0.1294,-0.0136,,,0.3276,WPP_571_Selat_Malaka,NOAA_ERDDAP
2023-02,5.25,99.75,30.117,0.5862,-0.0388,-0.1161,-0.0103,,,0.3064,WPP_571_Selat_Malaka,NOAA_ERDDAP
2023-02,5.25,100.25,30.594,2.7836,-0.1088,0.886,-0.0078,,,0.3302,WPP_571_Selat_Malaka,NOAA_ERDDAP
2023-02,5.25,103.25,28.908,1.9371,,,,,,0.3811,WPP_571_Selat_Malaka,NOAA_ERDDAP
2023-02,5.25,103.75,27.467,0.1294,0.1908,-0.0597,0.262,,,0.4009,WPP_571_Selat_Malaka,NOAA_ERDDAP
2023-02,5.75,95.25,28.658,0.3075,-0.0745,0.0791,0.0321,,,0.3593,WPP_571_Selat_Malaka,NOAA_ERDDAP
2023-02,5.75,95.75,29.029,0.3055,-0.0612,0.3545,0.0466,,,0.3445,WPP_571_Selat_Malaka,NOAA_ERDDAP
2023-02,5.75,96.25,28.77,0.2295,-0.0713,0.2858,0.0428,,,0.3533,WPP_571_Selat_Malaka,NOAA_ERDDAP
2023-02,5.75,96.75,29.068,0.2339,-0.4935,-0.678,0.0437,,,0.3415,WPP_571_Selat_Malaka,NOAA_ERDDAP
2023-02,5.75,97.25,29.011,0.372,-0.2614,-0.0735,-0.0078,,,0.3465,WPP_571_Selat_Malaka,NOAA_ERDDAP
2023-02,5.75,97.75,29.206,0.3599,-0.15,-0.0285,-0.0239,,,0.3384,WPP_571_Selat_Malaka,NOAA_ERDDAP
2023-02,5.75,98.25,29.118,0.3318,-0.1772,0.0361,-0.0315,,,0.3414,WPP_571_Selat_Malaka,NOAA_ERDDAP
2023-02,5.75,98.75,29.057,0.3882,-0.0905,0.2056,-0.0084,,,0.345,WPP_571_Selat_Malaka,NOAA_ERDDAP
2023-02,5.75,99.25,29.748,0.5712,-0.0199,-0.042,-0.0127,,,0.3209,WPP_571_Selat_Malaka,NOAA_ERDDAP
2023-02,5.75,99.75,30.214,0.8551,0.145,0.1646,-0.0107,,,0.3078,WPP_571_Selat_Malaka,NOAA_ERDDAP
2023-02,5.75,100.25,29.963,3.6372,0.1406,0.6842,0.0132,,,0.3721,WPP_571_Selat_Malaka,NOAA_ERDDAP
2023-02,5.75,102.75,29.039,1.8592,,,,,,0.3744,WPP_571_Selat_Malaka,NOAA_ERDDAP
2023-02,5.75,103.25,27.969,0.5308,0.1681,-0.391,0.2486,,,0.3913,WPP_571_Selat_Malaka,NOAA_ERDDAP
2023-02,5.75,103.75,27.107,0.0841,0.162,0.0024,0.2605,,,0.3856,WPP_571_Selat_Malaka,NOAA_ERDDAP
2023-03,1.25,95.25,30.777,0.0439,0.1389,-0.0657,-0.0164,,,0.2694,WPP_571_Selat_Malaka,NOAA_ERDDAP
2023-03,1.25,95.75,30.868,0.0538,0.1787,-0.0818,-0.0131,,,0.266,WPP_571_Selat_Malaka,NOAA_ERDDAP
2023-03,1.25,96.25,30.787,0.0549,0.2584,-0.0762,-0.0252,,,0.2693,WPP_571_Selat_Malaka,NOAA_ERDDAP
2023-03,1.25,96.75,30.748,0.0636,0.2775,-0.0155,-0.0179,,,0.271,WPP_571_Selat_Malaka,NOAA_ERDDAP
2023-03,1.25,97.25,29.925,0.072,0.2245,0.0208,-0.0039,,,0.3041,WPP_571_Selat_Malaka,NOAA_ERDDAP
2023-03,1.25,97.75,30.494,0.1148,0.1964,0.0314,0.0053,,,0.2821,WPP_571_Selat_Malaka,NOAA_ERDDAP
2023-03,1.25,98.25,30.722,0.109,0.1701,0.07,0.0122,,,0.2729,WPP_571_Selat_Malaka,NOAA_ERDDAP
2023-03,1.25,98.75,30.885,0.7441,0.1852,0.0986,0.012,,,0.2788,WPP_571_Selat_Malaka,NOAA_ERDDAP
2023-03,1.25,102.25,30.223,7.1141,,,,,,0.4296,WPP_571_Selat_Malaka,NOAA_ERDDAP
2023-03,1.25,102.75,30.16,4.6216,1.5589,0.8048,-0.0538,,,0.3835,WPP_571_Selat_Malaka,NOAA_ERDDAP
2023-03,1.25,103.25,29.782,3.526,0.668,1.0941,0.0013,,,0.3772,WPP_571_Selat_Malaka,NOAA_ERDDAP
2023-03,1.25,103.75,29.097,2.5731,-0.1381,1.1979,0.0992,,,0.386,WPP_571_Selat_Malaka,NOAA_ERDDAP
2023-03,1.75,95.25,30.721,0.0423,0.1422,-0.0589,-0.017,,,0.2717,WPP_571_Selat_Malaka,NOAA_ERDDAP
2023-03,1.75,95.75,30.644,0.0526,0.1589,-0.1103,-0.0107,,,0.2749,WPP_571_Selat_Malaka,NOAA_ERDDAP
2023-03,1.75,96.25,30.894,0.068,0.2094,-0.1244,-0.0169,,,0.2652,WPP_571_Selat_Malaka,NOAA_ERDDAP
2023-03,1.75,96.75,30.763,0.079,0.2629,0.0141,-0.0094,,,0.2707,WPP_571_Selat_Malaka,NOAA_ERDDAP
2023-03,1.75,97.25,30.587,0.1034,0.2628,0.0699,0.0013,,,0.2782,WPP_571_Selat_Malaka,NOAA_ERDDAP
2023-03,1.75,97.75,30.685,0.1067,0.2388,0.0449,0.0112,,,0.2743,WPP_571_Selat_Malaka,NOAA_ERDDAP
2023-03,1.75,98.25,30.701,0.219,0.2744,0.0043,0.0195,,,0.2759,WPP_571_Selat_Malaka,NOAA_ERDDAP
2023-03,1.75,98.75,31.033,0.813,0.3657,0.06,-0.0043,,,0.2742,WPP_571_Selat_Malaka,NOAA_ERDDAP
2023-03,1.75,101.75,29.26,8.2822,,,,,,0.4909,WPP_571_Selat_Malaka,NOAA_ERDDAP
2023-03,1.75,102.25,29.461,4.4761,1.9458,3.0242,-0.0942,,,0.4086,WPP_571_Selat_Malaka,NOAA_ERDDAP
2023-03,1.75,102.75,29.684,3.7053,1.5383,3.388,-0.1017,,,0.3846,WPP_571_Selat_Malaka,NOAA_ERDDAP
2023-03,1.75,103.25,29.677,4.7096,-1.4728,2.3364,-0.0303,,,0.4045,WPP_571_Selat_Malaka,NOAA_ERDDAP
2023-03,2.25,95.25,30.545,0.0509,0.1779,-0.1266,-0.0241,,,0.2789,WPP_571_Selat_Malaka,NOAA_ERDDAP
2023-03,2.25,95.75,30.695,0.0597,0.1941,-0.1001,-0.0272,,,0.273,WPP_571_Selat_Malaka,NOAA_ERDDAP
2023-03,2.25,96.25,30.642,0.0859,0.2306,-0.194,-0.0325,,,0.2757,WPP_571_Selat_Malaka,NOAA_ERDDAP
2023-03,2.25,96.75,30.552,0.0956,0.3055,0.0111,-0.0187,,,0.2795,WPP_571_Selat_Malaka,NOAA_ERDDAP
2023-03,2.25,97.25,30.726,0.1665,0.3167,0.0922,-0.0064,,,0.2739,WPP_571_Selat_Malaka,NOAA_ERDDAP
2023-03,2.25,97.75,30.542,0.4321,0.3432,0.0132,0.0038,,,0.2864,WPP_571_Selat_Malaka,NOAA_ERDDAP
2023-03,2.25,98.25,30.808,0.523,0.2223,0.0746,-0.0012,,,0.2776,WPP_571_Selat_Malaka,NOAA_ERDDAP
2023-03,2.25,100.25,31.748,8.1268,,,,,,0.3883,WPP_571_Selat_Malaka,NOAA_ERDDAP
2023-03,2.25,101.25,29.971,5.8496,,,,,,0.415,WPP_571_Selat_Malaka,NOAA_ERDDAP
2023-03,2.25,101.75,28.644,4.1098,-0.5962,-0.3249,-0.0539,,,0.4341,WPP_571_Selat_Malaka,NOAA_ERDDAP
2023-03,2.25,102.25,29.591,3.0398,-0.6919,-0.7031,-0.0207,,,0.3753,WPP_571_Selat_Malaka,NOAA_ERDDAP
2023-03,2.25,103.75,29.368,4.19,,,,,,0.4067,WPP_571_Selat_Malaka,NOAA_ERDDAP
2023-03,2.75,95.25,30.712,0.0593,-0.0968,-0.1834,-0.0297,,,0.2723,WPP_571_Selat_Malaka,NOAA_ERDDAP
2023-03,2.75,95.75,30.322,0.0878,0.1104,-0.1905,-0.0357,,,0.2885,WPP_571_Selat_Malaka,NOAA_ERDDAP
2023-03,2.75,96.25,30.828,0.0937,0.2282,-0.2051,-0.0351,,,0.2684,WPP_571_Selat_Malaka,NOAA_ERDDAP
2023-03,2.75,96.75,30.851,0.0916,0.3241,-0.0601,-0.039,,,0.2674,WPP_571_Selat_Malaka,NOAA_ERDDAP
2023-03,2.75,97.25,30.559,0.1356,0.3396,-0.0104,-0.0244,,,0.28,WPP_571_Selat_Malaka,NOAA_ERDDAP
2023-03,2.75,97.75,30.735,0.4985,0.4681,0.175,-0.0292,,,0.28,WPP_571_Selat_Malaka,NOAA_ERDDAP
2023-03,2.75,98.75,28.315,1.4721,,,,,,0.3958,WPP_571_Selat_Malaka,NOAA_ERDDAP
2023-03,2.75,99.75,29.435,7.2064,,,,,,0.4629,WPP_571_Selat_Malaka,NOAA_ERDDAP
2023-03,2.75,100.25,30.96,4.4713,,,,,,0.3485,WPP_571_Selat_Malaka,NOAA_ERDDAP
2023-03,2.75,100.75,29.645,4.042,-0.2,0.2642,-0.056,,,0.3927,WPP_571_Selat_Malaka,NOAA_ERDDAP
2023-03,2.75,101.25,29.512,3.1963,-0.5311,0.3282,-0.0382,,,0.3816,WPP_571_Selat_Malaka,NOAA_ERDDAP
2023-03,2.75,101.75,29.955,3.0521,-0.516,-0.1368,0.0166,,,0.361,WPP_571_Selat_Malaka,NOAA_ERDDAP
2023-03,2.75,103.25,30.065,7.3517,,,,,,0.4405,WPP_571_Selat_Malaka,NOAA_ERDDAP
2023-03,2.75,103.75,29.213,1.7623,,,,,,0.3655,WPP_571_Selat_Malaka,NOAA_ERDDAP
2023-03,3.25,95.25,31.359,0.0708,-0.4312,-0.2719,-0.0079,,,0.2467,WPP_571_Selat_Malaka,NOAA_ERDDAP
2023-03,3.25,95.75,31.259,0.0847,-0.263,-0.4432,-0.0325,,,0.251,WPP_571_Selat_Malaka,NOAA_ERDDAP
2023-03,3.25,96.25,30.648,0.0986,-0.1014,-0.2505,-0.0412,,,0.2757,WPP_571_Selat_Malaka,NOAA_ERDDAP
2023-03,3.25,96.75,30.476,0.1029,-0.0766,-0.1733,-0.0507,,,0.2826,WPP_571_Selat_Malaka,NOAA_ERDDAP
2023-03,3.25,97.25,30.547,0.3004,0.0846,0.0947,-0.0671,,,0.2836,WPP_571_Selat_Malaka,NOAA_ERDDAP
2023-03,3.25,99.75,29.626,2.6303,,,,,,0.366,WPP_571_Selat_Malaka,NOAA_ERDDAP
2023-03,3.25,100.25,29.62,1.5368,0.0892,0.4956,-0.0903,,,0.3449,WPP_571_Selat_Malaka,NOAA_ERDDAP
2023-03,3.25,100.75,30.064,2.2871,0.2516,0.5762,-0.0562,,,0.3417,WPP_571_Selat_Malaka,NOAA_ERDDAP
2023-03,3.25,101.25,30.267,6.022,-0.1632,0.2883,-0.0293,,,0.4065,WPP_571_Selat_Malaka,NOAA_ERDDAP
2023-03,3.25,103.25,29.488,3.4677,,,,,,0.3878,WPP_571_Selat_Malaka,NOAA_ERDDAP
2023-03,3.25,103.75,29.325,0.3082,0.327,0.0843,0.2354,,,0.3327,WPP_571_Selat_Malaka,NOAA_ERDDAP
2023-03,3.75,95.25,30.853,0.0585,-0.3677,-0.1039,0.0138,,,0.2667,WPP_571_Selat_Malaka,NOAA_ERDDAP
2023-03,3.75,95.75,31.263,0.0686,-0.3525,-0.4829,-0.0089,,,0.2505,WPP_571_Selat_Malaka,NOAA_ERDDAP
2023-03,3.75,96.25,30.812,0.2617,-0.4393,-0.4846,-0.0309,,,0.2723,WPP_571_Selat_Malaka,NOAA_ERDDAP
2023-03,3.75,96.75,30.918,0.2005,-0.2104,-0.3198,-0.0542,,,0.2669,WPP_571_Selat_Malaka,NOAA_ERDDAP
2023-03,3.75,98.75,30.036,1.3875,,,,,,0.3253,WPP_571_Selat_Malaka,NOAA_ERDDAP
2023-03,3.75,99.25,29.258,0.816,0.1154,0.0497,-0.1275,,,0.3453,WPP_571_Selat_Malaka,NOAA_ERDDAP
2023-03,3.75,99.75,29.242,0.6506,-0.2286,0.3943,-0.1117,,,0.3427,WPP_571_Selat_Malaka,NOAA_ERDDAP
2023-03,3.75,100.25,29.747,0.4173,-0.1913,0.6223,-0.0911,,,0.3179,WPP_571_Selat_Malaka,NOAA_ERDDAP
2023-03,3.75,100.75,30.684,1.5213,-0.2114,0.7147,-0.0445,,,0.302,WPP_571_Selat_Malaka,NOAA_ERDDAP
2023-03,3.75,103.25,29.568,1.5862,,,,,,0.3479,WPP_571_Selat_Malaka,NOAA_ERDDAP
2023-03,3.75,103.75,29.198,0.2368,0.3851,-0.2984,0.2031,,,0.3364,WPP_571_Selat_Malaka,NOAA_ERDDAP
2023-03,4.25,95.25,30.946,0.0708,-0.0717,0.102,0.023,,,0.2632,WPP_571_Selat_Malaka,NOAA_ERDDAP
2023-03,4.25,95.75,31.023,0.2576,-0.2465,-0.318,0.0148,,,0.2638,WPP_571_Selat_Malaka,NOAA_ERDDAP
2023-03,4.25,96.25,31.388,0.5926,-0.2748,-0.5056,-0.0189,,,0.2557,WPP_571_Selat_Malaka,NOAA_ERDDAP
2023-03,4.25,98.25,30.979,1.4464,,,,,,0.2887,WPP_571_Selat_Malaka,NOAA_ERDDAP
2023-03,4.25,98.75,29.651,0.5341,-0.0391,-0.0717,-0.1245,,,0.324,WPP_571_Selat_Malaka,NOAA_ERDDAP
2023-03,4.25,99.25,29.323,0.5899,-0.2616,0.2247,-0.1305,,,0.3383,WPP_571_Selat_Malaka,NOAA_ERDDAP
2023-03,4.25,99.75,29.422,0.7938,-0.2739,0.4387,-0.0936,,,0.3383,WPP_571_Selat_Malaka,NOAA_ERDDAP
2023-03,4.25,100.25,30.126,0.7247,-0.2925,0.4863,-0.0722,,,0.3088,WPP_571_Selat_Malaka,NOAA_ERDDAP
2023-03,4.25,100.75,32.698,6.4412,-0.3452,0.2953,-0.0377,,,0.3174,WPP_571_Selat_Malaka,NOAA_ERDDAP
2023-03,4.25,103.25,29.293,1.0079,,,,,,0.3476,WPP_571_Selat_Malaka,NOAA_ERDDAP
2023-03,4.25,103.75,29.069,0.1499,0.5827,-0.1267,0.1606,,,0.3398,WPP_571_Selat_Malaka,NOAA_ERDDAP
2023-03,4.75,95.25,30.809,0.1412,0.171,-0.0334,0.0165,,,0.2701,WPP_571_Selat_Malaka,NOAA_ERDDAP
2023-03,4.75,95.75,30.77,0.4724,0.0056,-0.0823,0.005,,,0.2781,WPP_571_Selat_Malaka,NOAA_ERDDAP
2023-03,4.75,97.75,30.422,1.9922,,,,,,0.3217,WPP_571_Selat_Malaka,NOAA_ERDDAP
2023-03,4.75,98.25,29.644,0.5013,-0.1555,-0.1781,-0.1156,,,0.3237,WPP_571_Selat_Malaka,NOAA_ERDDAP
2023-03,4.75,98.75,29.518,0.1947,-0.1198,-0.0645,-0.1317,,,0.3227,WPP_571_Selat_Malaka,NOAA_ERDDAP
2023-03,4.75,99.25,29.626,0.3163,-0.0404,0.4145,-0.1203,,,0.3208,WPP_571_Selat_Malaka,NOAA_ERDDAP
2023-03,4.75,99.75,29.897,0.5678,-0.2158,0.5882,-0.0787,,,0.3149,WPP_571_Selat_Malaka,NOAA_ERDDAP
2023-03,4.75,100.25,30.874,1.8579,-0.3606,0.4149,-0.0484,,,0.301,WPP_571_Selat_Malaka,NOAA_ERDDAP
2023-03,4.75,103.25,30.602,0.7809,,,,,,0.2908,WPP_571_Selat_Malaka,NOAA_ERDDAP
2023-03,4.75,103.75,28.35,0.13,0.189,-0.0841,0.1476,,,0.3682,WPP_571_Selat_Malaka,NOAA_ERDDAP
2023-03,5.25,95.25,30.138,0.1834,0.1397,0.1833,0.0039,,,0.2977,WPP_571_Selat_Malaka,NOAA_ERDDAP
2023-03,5.25,96.25,29.251,0.3597,,,,,,0.3366,WPP_571_Selat_Malaka,NOAA_ERDDAP
2023-03,5.25,96.75,29.161,0.3567,,,,,,0.3402,WPP_571_Selat_Malaka,NOAA_ERDDAP
2023-03,5.25,97.25,30.06,1.1548,,,,,,0.3198,WPP_571_Selat_Malaka,NOAA_ERDDAP
2023-03,5.25,97.75,29.933,0.3683,-0.1588,0.0655,-0.0858,,,0.3095,WPP_571_Selat_Malaka,NOAA_ERDDAP
2023-03,5.25,98.25,29.184,0.1952,-0.1621,-0.4679,-0.106,,,0.3361,WPP_571_Selat_Malaka,NOAA_ERDDAP
2023-03,5.25,98.75,28.986,0.1894,-0.1301,0.162,-0.121,,,0.3439,WPP_571_Selat_Malaka,NOAA_ERDDAP
2023-03,5.25,99.25,29.23,0.2371,-0.3412,0.3478,-0.1081,,,0.3351,WPP_571_Selat_Malaka,NOAA_ERDDAP
2023-03,5.25,99.75,30.076,0.6766,-0.1387,0.6255,-0.0695,,,0.3098,WPP_571_Selat_Malaka,NOAA_ERDDAP
2023-03,5.25,100.25,31.214,3.0528,-0.6981,1.248,-0.0137,,,0.3107,WPP_571_Selat_Malaka,NOAA_ERDDAP
2023-03,5.25,102.75,31.554,4.1196,,,,,,0.3179,WPP_571_Selat_Malaka,NOAA_ERDDAP
2023-03,5.25,103.25,28.688,0.4097,,,,,,0.3601,WPP_571_Selat_Malaka,NOAA_ERDDAP
2023-03,5.25,103.75,27.694,0.0998,0.255,-0.1334,0.1405,,,0.3939,WPP_571_Selat_Malaka,NOAA_ERDDAP
2023-03,5.75,95.25,29.316,0.223,-0.0484,0.0301,-0.0193,,,0.3314,WPP_571_Selat_Malaka,NOAA_ERDDAP
2023-03,5.75,95.75,29.394,0.1875,-0.0487,-0.1885,-0.028,,,0.3276,WPP_571_Selat_Malaka,NOAA_ERDDAP
2023-03,5.75,96.25,29.399,0.1867,-0.1,-0.1019,-0.0559,,,0.3273,WPP_571_Selat_Malaka,NOAA_ERDDAP
2023-03,5.75,96.75,29.312,0.2364,-0.2714,-0.0497,-0.0744,,,0.3318,WPP_571_Selat_Malaka,NOAA_ERDDAP
2023-03,5.75,97.25,29.234,0.2315,-0.292,-0.0972,-0.0915,,,0.3348,WPP_571_Selat_Malaka,NOAA_ERDDAP
2023-03,5.75,97.75,29.648,0.2265,-0.087,0.259,-0.0873,,,0.3182,WPP_571_Selat_Malaka,NOAA_ERDDAP
2023-03,5.75,98.25,29.227,0.2205,-0.1755,-0.3629,-0.0929,,,0.3349,WPP_571_Selat_Malaka,NOAA_ERDDAP
2023-03,5.75,98.75,29.168,0.2983,-0.2253,0.0949,-0.1076,,,0.3388,WPP_571_Selat_Malaka,NOAA_ERDDAP
2023-03,5.75,99.25,29.691,0.3675,-0.1237,0.4216,-0.089,,,0.3192,WPP_571_Selat_Malaka,NOAA_ERDDAP
2023-03,5.75,99.75,30.213,0.5973,-0.382,0.626,-0.0467,,,0.3028,WPP_571_Selat_Malaka,NOAA_ERDDAP
2023-03,5.75,100.25,30.563,2.9932,0.0097,1.2662,0.0191,,,0.3356,WPP_571_Selat_Malaka,NOAA_ERDDAP
2023-03,5.75,102.75,28.751,0.3775,,,,,,0.357,WPP_571_Selat_Malaka,NOAA_ERDDAP
2023-03,5.75,103.25,28.333,0.2268,0.1114,-0.8332,0.1562,,,0.3708,WPP_571_Selat_Malaka,NOAA_ERDDAP
2023-03,5.75,103.75,27.723,0.1491,-0.0575,-0.0709,0.1349,,,0.3937,WPP_571_Selat_Malaka,NOAA_ERDDAP
2023-01,-5.75,95.25,29.261,0.069,0.3714,-0.0067,0.1253,,,0.3306,WPP_572_Samudera_Hindia_Barat,NOAA_ERDDAP
2023-01,-5.75,95.75,29.027,0.0751,0.4125,-0.0231,0.1203,,,0.3401,WPP_572_Samudera_Hindia_Barat,NOAA_ERDDAP
2023-01,-5.75,96.25,29.485,0.0738,0.5987,-0.0585,0.1302,,,0.3217,WPP_572_Samudera_Hindia_Barat,NOAA_ERDDAP
2023-01,-5.75,96.75,29.116,0.0754,0.161,-0.0662,0.1235,,,0.3365,WPP_572_Samudera_Hindia_Barat,NOAA_ERDDAP
2023-01,-5.75,97.25,28.584,0.0831,0.1665,-0.1586,0.1276,,,0.3579,WPP_572_Samudera_Hindia_Barat,NOAA_ERDDAP
2023-01,-5.75,97.75,29.173,0.069,0.2132,-0.0769,0.127,,,0.3341,WPP_572_Samudera_Hindia_Barat,NOAA_ERDDAP
2023-01,-5.75,98.25,29.384,0.0563,0.219,-0.1799,0.1464,,,0.3254,WPP_572_Samudera_Hindia_Barat,NOAA_ERDDAP
2023-01,-5.75,98.75,28.919,0.0648,0.1593,-0.0196,0.1531,,,0.3442,WPP_572_Samudera_Hindia_Barat,NOAA_ERDDAP
2023-01,-5.75,99.25,29.068,0.0595,0.1007,-0.0845,0.1571,,,0.3381,WPP_572_Samudera_Hindia_Barat,NOAA_ERDDAP
2023-01,-5.75,99.75,29.072,0.0626,0.1015,0.0621,0.154,,,0.338,WPP_572_Samudera_Hindia_Barat,NOAA_ERDDAP
2023-01,-5.75,100.25,29.281,0.0652,0.1036,-0.1155,0.1639,,,0.3297,WPP_572_Samudera_Hindia_Barat,NOAA_ERDDAP
2023-01,-5.75,100.75,28.899,0.0696,0.0915,0.1228,0.1584,,,0.3451,WPP_572_Samudera_Hindia_Barat,NOAA_ERDDAP
2023-01,-5.75,101.25,28.804,0.0718,0.2432,-0.0755,0.1487,,,0.3489,WPP_572_Samudera_Hindia_Barat,NOAA_ERDDAP
2023-01,-5.75,101.75,28.967,0.0758,0.1229,0.098,0.1396,,,0.3425,WPP_572_Samudera_Hindia_Barat,NOAA_ERDDAP
2023-01,-5.75,102.25,28.954,0.0623,-0.1721,0.1049,0.1377,,,0.3427,WPP_572_Samudera_Hindia_Barat,NOAA_ERDDAP
2023-01,-5.75,102.75,28.872,0.056,-0.2275,0.2632,0.1236,,,0.3459,WPP_572_Samudera_Hindia_Barat,NOAA_ERDDAP
2023-01,-5.75,103.25,28.59,0.0708,-0.2007,0.097,0.1167,,,0.3574,WPP_572_Samudera_Hindia_Barat,NOAA_ERDDAP
2023-01,-5.75,103.75,28.912,0.0794,-0.1871,0.0667,0.1073,,,0.3447,WPP_572_Samudera_Hindia_Barat,NOAA_ERDDAP
2023-01,-5.75,104.25,29.135,0.1898,-0.573,0.3095,0.1149,,,0.338,WPP_572_Samudera_Hindia_Barat,NOAA_ERDDAP
2023-01,-5.75,104.75,30.184,0.1817,-0.8793,-0.3643,0.0914,,,0.2959,WPP_572_Samudera_Hindia_Barat,NOAA_ERDDAP
2023-01,-5.25,95.25,28.143,0.0732,0.3814,-0.1155,0.1474,,,0.3754,WPP_572_Samudera_Hindia_Barat,NOAA_ERDDAP
2023-01,-5.25,95.75,28.356,0.0823,0.3986,-0.015,0.1604,,,0.367,WPP_572_Samudera_Hindia_Barat,NOAA_ERDDAP
2023-01,-5.25,96.25,28.867,0.0899,0.2224,0.1494,0.1582,,,0.3467,WPP_572_Samudera_Hindia_Barat,NOAA_ERDDAP
2023-01,-5.25,96.75,28.931,0.0733,0.369,-0.0729,0.1463,,,0.3439,WPP_572_Samudera_Hindia_Barat,NOAA_ERDDAP
2023-01,-5.25,97.25,29.462,0.0739,0.3282,-0.0369,0.1345,,,0.3226,WPP_572_Samudera_Hindia_Barat,NOAA_ERDDAP
2023-01,-5.25,97.75,29.422,0.0756,0.2159,-0.097,0.1496,,,0.3243,WPP_572_Samudera_Hindia_Barat,NOAA_ERDDAP
2023-01,-5.25,98.25,29.419,0.0675,0.1048,-0.1809,0.1672,,,0.3242,WPP_572_Samudera_Hindia_Barat,NOAA_ERDDAP
2023-01,-5.25,98.75,29.654,0.0648,0.097,0.0082,0.1613,,,0.3148,WPP_572_Samudera_Hindia_Barat,NOAA_ERDDAP
2023-01,-5.25,99.25,28.511,0.0699,-0.0285,0.1126,0.159,,,0.3606,WPP_572_Samudera_Hindia_Barat,NOAA_ERDDAP
2023-01,-5.25,99.75,28.837,0.0685,-0.1652,-0.0705,0.1556,,,0.3475,WPP_572_Samudera_Hindia_Barat,NOAA_ERDDAP
2023-01,-5.25,100.25,29.004,0.0599,-0.0558,-0.0452,0.1614,,,0.3407,WPP_572_Samudera_Hindia_Barat,NOAA_ERDDAP
2023-01,-5.25,100.75,29.026,0.0708,0.0832,-0.0015,0.1647,,,0.34,WPP_572_Samudera_Hindia_Barat,NOAA_ERDDAP
2023-01,-5.25,101.25,29.198,0.0909,-0.0124,0.0726,0.157,,,0.3335,WPP_572_Samudera_Hindia_Barat,NOAA_ERDDAP
2023-01,-5.25,101.75,29.63,0.0842,-0.2495,0.4037,0.1484,,,0.3161,WPP_572_Samudera_Hindia_Barat,NOAA_ERDDAP
2023-01,-5.25,102.25,30.212,0.0991,-0.485,0.087,0.1307,,,0.2931,WPP_572_Samudera_Hindia_Barat,NOAA_ERDDAP
2023-01,-5.25,102.75,29.817,0.0711,-0.3071,0.2695,0.1136,,,0.3084,WPP_572_Samudera_Hindia_Barat,NOAA_ERDDAP
2023-01,-5.25,103.25,29.986,0.069,-0.182,0.0845,0.1095,,,0.3016,WPP_572_Samudera_Hindia_Barat,NOAA_ERDDAP
2023-01,-5.25,103.75,29.661,0.1238,-0.1571,-0.0936,0.112,,,0.3156,WPP_572_Samudera_Hindia_Barat,NOAA_ERDDAP
2023-01,-5.25,104.25,28.845,0.3909,0.346,0.1542,0.094,,,0.3535,WPP_572_Samudera_Hindia_Barat,NOAA_ERDDAP
2023-01,-4.75,95.25,28.613,0.0686,0.1869,-0.0636,0.1633,,,0.3565,WPP_572_Samudera_Hindia_Barat,NOAA_ERDDAP
2023-01,-4.75,95.75,29.031,0.0673,0.274,-0.3259,0.1712,,,0.3397,WPP_572_Samudera_Hindia_Barat,NOAA_ERDDAP
2023-01,-4.75,96.25,28.619,0.0764,0.4086,0.0368,0.1828,,,0.3564,WPP_572_Samudera_Hindia_Barat,NOAA_ERDDAP
2023-01,-4.75,96.75,28.372,0.0807,0.4113,0.2278,0.1656,,,0.3664,WPP_572_Samudera_Hindia_Barat,NOAA_ERDDAP
2023-01,-4.75,97.25,29.235,0.0672,0.1953,-0.1752,0.1598,,,0.3316,WPP_572_Samudera_Hindia_Barat,NOAA_ERDDAP
2023-01,-4.75,97.75,29.202,0.0722,0.0849,0.1023,0.1637,,,0.333,WPP_572_Samudera_Hindia_Barat,NOAA_ERDDAP
2023-01,-4.75,98.25,29.018,0.076,-0.0135,-0.1087,0.1654,,,0.3404,WPP_572_Samudera_Hindia_Barat,NOAA_ERDDAP
2023-01,-4.75,98.75,29.251,0.0667,0.0084,0.0434,0.1627,,,0.3309,WPP_572_Samudera_Hindia_Barat,NOAA_ERDDAP
2023-01,-4.75,99.25,29.398,0.0748,0.0097,0.12,0.162,,,0.3252,WPP_572_Samudera_Hindia_Barat,NOAA_ERDDAP
2023-01,-4.75,99.75,29.122,0.0617,0.0581,0.148,0.1423,,,0.336,WPP_572_Samudera_Hindia_Barat,NOAA_ERDDAP
2023-01,-4.75,100.25,29.193,0.0502,-0.1439,-0.111,0.149,,,0.3329,WPP_572_Samudera_Hindia_Barat,NOAA_ERDDAP
2023-01,-4.75,100.75,29.381,0.0531,-0.2416,0.2364,0.148,,,0.3255,WPP_572_Samudera_Hindia_Barat,NOAA_ERDDAP
2023-01,-4.75,101.25,29.809,0.0879,-0.6697,0.2119,0.1279,,,0.309,WPP_572_Samudera_Hindia_Barat,NOAA_ERDDAP
2023-01,-4.75,101.75,29.162,0.0847,-0.4406,0.2933,0.1086,,,0.3348,WPP_572_Samudera_Hindia_Barat,NOAA_ERDDAP
2023-01,-4.75,102.25,29.688,0.0724,-0.2593,0.3508,0.1022,,,0.3136,WPP_572_Samudera_Hindia_Barat,NOAA_ERDDAP
2023-01,-4.75,102.75,29.724,0.1343,-0.0482,-0.0417,0.0968,,,0.3133,WPP_572_Samudera_Hindia_Barat,NOAA_ERDDAP
2023-01,-4.75,103.25,29.725,0.1505,-0.1143,0.0122,0.1038,,,0.3136,WPP_572_Samudera_Hindia_Barat,NOAA_ERDDAP
2023-01,-4.75,103.75,29.375,6.0825,-0.0372,-0.0957,0.1043,,,0.4434,WPP_572_Samudera_Hindia_Barat,NOAA_ERDDAP
2023-01,-4.25,95.25,29.122,0.098,0.1152,-0.1171,0.1674,,,0.3367,WPP_572_Samudera_Hindia_Barat,NOAA_ERDDAP
2023-01,-4.25,95.75,29.278,0.0606,0.0988,-0.1466,0.1731,,,0.3297,WPP_572_Samudera_Hindia_Barat,NOAA_ERDDAP
2023-01,-4.25,96.25,29.12,0.0654,-0.013,-0.07,0.179,,,0.3361,WPP_572_Samudera_Hindia_Barat,NOAA_ERDDAP
2023-01,-4.25,96.75,29.161,0.0655,-0.0428,0.1776,0.1717,,,0.3345,WPP_572_Samudera_Hindia_Barat,NOAA_ERDDAP
2023-01,-4.25,97.25,28.935,0.0658,0.0723,0.1363,0.1643,,,0.3436,WPP_572_Samudera_Hindia_Barat,NOAA_ERDDAP
2023-01,-4.25,97.75,29.028,0.0656,-0.0316,-0.0327,0.1535,,,0.3398,WPP_572_Samudera_Hindia_Barat,NOAA_ERDDAP
2023-01,-4.25,98.25,28.559,0.0666,-0.1457,0.0087,0.1484,,,0.3586,WPP_572_Samudera_Hindia_Barat,NOAA_ERDDAP
2023-01,-4.25,98.75,29.117,0.0668,-0.1966,0.0658,0.1535,,,0.3363,WPP_572_Samudera_Hindia_Barat,NOAA_ERDDAP
2023-01,-4.25,99.25,28.987,0.053,-0.1805,0.1526,0.152,,,0.3412,WPP_572_Samudera_Hindia_Barat,NOAA_ERDDAP
2023-01,-4.25,99.75,29.071,0.0541,-0.1112,0.0858,0.1365,,,0.3379,WPP_572_Samudera_Hindia_Barat,NOAA_ERDDAP
2023-01,-4.25,100.25,29.175,0.0598,-0.0536,-0.064,0.1313,,,0.3338,WPP_572_Samudera_Hindia_Barat,NOAA_ERDDAP
2023-01,-4.25,100.75,29.511,0.063,0.1306,0.1746,0.1391,,,0.3205,WPP_572_Samudera_Hindia_Barat,NOAA_ERDDAP
2023-01,-4.25,101.25,29.238,0.0727,0.513,0.3157,0.112,,,0.3316,WPP_572_Samudera_Hindia_Barat,NOAA_ERDDAP
2023-01,-4.25,101.75,29.479,0.0911,0.1854,0.2041,0.1212,,,0.3223,WPP_572_Samudera_Hindia_Barat,NOAA_ERDDAP
2023-01,-4.25,102.25,29.456,0.1558,0.3329,0.1972,0.1062,,,0.3245,WPP_572_Samudera_Hindia_Barat,NOAA_ERDDAP
2023-01,-4.25,102.75,29.59,0.4774,0.2798,0.2353,0.1027,,,0.3254,WPP_572_Samudera_Hindia_Barat,NOAA_ERDDAP
2023-01,-3.75,95.25,28.967,0.077,-0.0384,-0.1564,0.1611,,,0.3425,WPP_572_Samudera_Hindia_Barat,NOAA_ERDDAP
2023-01,-3.75,95.75,28.344,0.0586,-0.0984,-0.0461,0.168,,,0.367,WPP_572_Samudera_Hindia_Barat,NOAA_ERDDAP
2023-01,-3.75,96.25,28.647,0.0564,-0.2064,-0.0323,0.1658,,,0.3549,WPP_572_Samudera_Hindia_Barat,NOAA_ERDDAP
2023-01,-3.75,96.75,29.432,0.0706,-0.1945,0.2237,0.1628,,,0.3238,WPP_572_Samudera_Hindia_Barat,NOAA_ERDDAP
2023-01,-3.75,97.25,28.934,0.0757,-0.1179,0.1063,0.1523,,,0.3438,WPP_572_Samudera_Hindia_Barat,NOAA_ERDDAP
2023-01,-3.75,97.75,28.817,0.0692,-0.1061,0.068,0.1373,,,0.3483,WPP_572_Samudera_Hindia_Barat,NOAA_ERDDAP
2023-01,-3.75,98.25,29.053,0.0706,-0.089,0.1167,0.131,,,0.3389,WPP_572_Samudera_Hindia_Barat,NOAA_ERDDAP
2023-01,-3.75,98.75,28.965,0.0609,-0.1499,0.0558,0.1357,,,0.3423,WPP_572_Samudera_Hindia_Barat,NOAA_ERDDAP
2023-01,-3.75,99.25,29.068,0.0516,-0.2663,0.1367,0.1238,,,0.338,WPP_572_Samudera_Hindia_Barat,NOAA_ERDDAP
2023-01,-3.75,99.75,28.521,0.0554,-0.0866,-0.1148,0.117,,,0.3599,WPP_572_Samudera_Hindia_Barat,NOAA_ERDDAP
2023-01,-3.75,100.25,28.454,0.0684,0.0712,-0.306,0.1411,,,0.3628,WPP_572_Samudera_Hindia_Barat,NOAA_ERDDAP
2023-01,-3.75,100.75,28.805,0.0794,0.1152,-0.0214,0.1533,,,0.349,WPP_572_Samudera_Hindia_Barat,NOAA_ERDDAP
2023-01,-3.75,101.25,28.353,0.1004,0.5638,0.0345,0.1733,,,0.3675,WPP_572_Samudera_Hindia_Barat,NOAA_ERDDAP
2023-01,-3.75,101.75,28.353,0.1074,0.9921,0.3642,0.1663,,,0.3676,WPP_572_Samudera_Hindia_Barat,NOAA_ERDDAP
2023-01,-3.75,102.25,28.725,0.1127,1.0378,0.3984,0.1604,,,0.3529,WPP_572_Samudera_Hindia_Barat,NOAA_ERDDAP
2023-01,-3.25,95.25,28.85,0.049,-0.3553,-0.2493,0.1363,,,0.3466,WPP_572_Samudera_Hindia_Barat,NOAA_ERDDAP
2023-01,-3.25,95.75,28.584,0.0495,-0.2597,-0.0562,0.1503,,,0.3573,WPP_572_Samudera_Hindia_Barat,NOAA_ERDDAP
2023-01,-3.25,96.25,28.421,0.0512,-0.2287,-0.0028,0.1464,,,0.3638,WPP_572_Samudera_Hindia_Barat,NOAA_ERDDAP
2023-01,-3.25,96.75,28.844,0.0714,-0.1886,0.1,0.1384,,,0.3473,WPP_572_Samudera_Hindia_Barat,NOAA_ERDDAP
2023-01,-3.25,98.75,28.578,0.0856,-0.2,0.0691,0.1188,,,0.3582,WPP_572_Samudera_Hindia_Barat,NOAA_ERDDAP
2023-01,-3.25,99.25,28.436,0.0639,-0.15,0.1203,0.1052,,,0.3635,WPP_572_Samudera_Hindia_Barat,NOAA_ERDDAP
2023-01,-3.25,99.75,28.662,0.0731,-0.1718,-0.1953,0.1061,,,0.3546,WPP_572_Samudera_Hindia_Barat,NOAA_ERDDAP
2023-01,-3.25,100.25,28.883,0.0916,-0.209,-0.108,0.1323,,,0.3461,WPP_572_Samudera_Hindia_Barat,NOAA_ERDDAP
2023-01,-3.25,100.75,29.162,0.0892,-0.2744,-0.3616,0.1614,,,0.3349,WPP_572_Samudera_Hindia_Barat,NOAA_ERDDAP
2023-01,-3.25,101.25,29.1,0.2345,-0.1368,-0.3658,0.1956,,,0.3402,WPP_572_Samudera_Hindia_Barat,NOAA_ERDDAP
2023-01,-3.25,101.75,29.192,0.2268,0.3229,0.0573,0.2169,,,0.3364,WPP_572_Samudera_Hindia_Barat,NOAA_ERDDAP
2023-01,-2.75,95.25,28.651,0.0511,-0.2577,-0.0703,0.1136,,,0.3546,WPP_572_Samudera_Hindia_Barat,NOAA_ERDDAP
2023-01,-2.75,95.75,28.482,0.054,-0.3001,-0.1025,0.1243,,,0.3614,WPP_572_Samudera_Hindia_Barat,NOAA_ERDDAP
2023-01,-2.75,96.25,28.773,0.0612,-0.431,0.0215,0.1209,,,0.3499,WPP_572_Samudera_Hindia_Barat,NOAA_ERDDAP
2023-01,-2.75,96.75,28.357,0.0493,-0.5062,0.117,0.1178,,,0.3663,WPP_572_Samudera_Hindia_Barat,NOAA_ERDDAP
2023-01,-2.75,97.25,28.377,0.0426,-0.413,0.0415,0.0998,,,0.3654,WPP_572_Samudera_Hindia_Barat,NOAA_ERDDAP
2023-01,-2.75,98.75,28.749,0.0836,-0.2456,0.0861,0.0847,,,0.3513,WPP_572_Samudera_Hindia_Barat,NOAA_ERDDAP
2023-01,-2.75,99.25,28.792,0.0886,-0.2742,0.0869,0.0993,,,0.3497,WPP_572_Samudera_Hindia_Barat,NOAA_ERDDAP
2023-01,-2.75,99.75,28.952,0.107,-0.3062,-0.0451,0.1084,,,0.3437,WPP_572_Samudera_Hindia_Barat,NOAA_ERDDAP
2023-01,-2.75,100.25,28.909,0.1423,-0.4549,-0.0555,0.1258,,,0.3461,WPP_572_Samudera_Hindia_Barat,NOAA_ERDDAP
2023-01,-2.75,100.75,28.704,0.0984,-0.4394,-0.3127,0.139,,,0.3534,WPP_572_Samudera_Hindia_Barat,NOAA_ERDDAP
2023-01,-2.75,101.25,29.39,0.1898,-0.4802,-0.4288,0.1884,,,0.3278,WPP_572_Samudera_Hindia_Barat,NOAA_ERDDAP
2023-01,-2.25,95.25,28.687,0.0926,0.0437,0.0286,0.1012,,,0.354,WPP_572_Samudera_Hindia_Barat,NOAA_ERDDAP
2023-01,-2.25,95.75,28.574,0.1047,-0.1929,0.0195,0.1076,,,0.3587,WPP_572_Samudera_Hindia_Barat,NOAA_ERDDAP
2023-01,-2.25,96.25,28.717,0.0874,-0.2688,0.1642,0.0949,,,0.3527,WPP_572_Samudera_Hindia_Barat,NOAA_ERDDAP
2023-01,-2.25,96.75,28.702,0.083,-0.302,0.1129,0.0812,,,0.3532,WPP_572_Samudera_Hindia_Barat,NOAA_ERDDAP
2023-01,-2.25,97.75,28.526,0.102,-0.2386,-0.0893,0.0796,,,0.3606,WPP_572_Samudera_Hindia_Barat,NOAA_ERDDAP
2023-01,-2.25,98.25,28.889,0.0949,-0.1895,0.0212,0.0769,,,0.346,WPP_572_Samudera_Hindia_Barat,NOAA_ERDDAP
2023-01,-2.25,99.25,28.632,0.1083,-0.391,0.1896,0.0794,,,0.3565,WPP_572_Samudera_Hindia_Barat,NOAA_ERDDAP
2023-01,-2.25,99.75,28.859,0.0932,-0.4729,0.0278,0.088,,,0.3471,WPP_572_Samudera_Hindia_Barat,NOAA_ERDDAP
2023-01,-2.25,100.25,28.919,0.079,-0.3902,-0.1368,0.1096,,,0.3444,WPP_572_Samudera_Hindia_Barat,NOAA_ERDDAP
2023-01,-2.25,100.75,29.001,0.7241,-0.3812,-0.1471,0.1207,,,0.3538,WPP_572_Samudera_Hindia_Barat,NOAA_ERDDAP
2023-01,-2.25,104.75,29.785,6.0306,,,,,,0.4259,WPP_572_Samudera_Hindia_Barat,NOAA_ERDDAP
2023-01,-1.75,95.25,28.943,0.0918,-0.1733,0.0767,0.1026,,,0.3437,WPP_572_Samudera_Hindia_Barat,NOAA_ERDDAP
2023-01,-1.75,95.75,29.013,0.0716,-0.1129,0.0488,0.0999,,,0.3405,WPP_572_Samudera_Hindia_Barat,NOAA_ERDDAP
2023-01,-1.75,96.25,28.989,0.0753,-0.1419,0.1966,0.0893,,,0.3416,WPP_572_Samudera_Hindia_Barat,NOAA_ERDDAP
2023-01,-1.75,96.75,29.011,0.0808,-0.1126,0.1442,0.0774,,,0.3408,WPP_572_Samudera_Hindia_Barat,NOAA_ERDDAP
2023-01,-1.75,97.25,28.966,0.0796,-0.0886,-0.0655,0.0752,,,0.3426,WPP_572_Samudera_Hindia_Barat,NOAA_ERDDAP
2023-01,-1.75,97.75,29.016,0.0861,-0.0814,-0.114,0.083,,,0.3407,WPP_572_Samudera_Hindia_Barat,NOAA_ERDDAP
2023-01,-1.75,98.25,29.035,0.0807,-0.0592,-0.0019,0.0872,,,0.3398,WPP_572_Samudera_Hindia_Barat,NOAA_ERDDAP
2023-01,-1.75,98.75,28.607,0.1435,-0.1118,0.2523,0.0863,,,0.3582,WPP_572_Samudera_Hindia_Barat,NOAA_ERDDAP
2023-01,-1.75,99.25,28.752,0.0974,-0.1514,0.2608,0.0764,,,0.3515,WPP_572_Samudera_Hindia_Barat,NOAA_ERDDAP
2023-01,-1.75,99.75,28.41,0.0701,-0.304,-0.0003,0.0869,,,0.3646,WPP_572_Samudera_Hindia_Barat,NOAA_ERDDAP
2023-01,-1.75,100.25,28.532,0.0863,-0.2834,-0.1208,0.0976,,,0.3601,WPP_572_Samudera_Hindia_Barat,NOAA_ERDDAP
2023-01,-1.75,100.75,28.312,0.5954,-0.3255,0.032,0.1062,,,0.3788,WPP_572_Samudera_Hindia_Barat,NOAA_ERDDAP
2023-01,-1.75,104.25,28.877,22.1895,,,,,,0.7776,WPP_572_Samudera_Hindia_Barat,NOAA_ERDDAP
2023-01,-1.75,104.75,29.074,6.7883,0.6,-0.5979,0.2512,,,0.4692,WPP_572_Samudera_Hindia_Barat,NOAA_ERDDAP
2023-01,-1.25,95.25,28.789,0.0935,-0.1727,0.0277,0.0985,,,0.3499,WPP_572_Samudera_Hindia_Barat,NOAA_ERDDAP
2023-01,-1.25,95.75,28.865,0.0736,-0.1914,0.0925,0.0959,,,0.3465,WPP_572_Samudera_Hindia_Barat,NOAA_ERDDAP
2023-01,-1.25,96.25,29.058,0.0731,-0.143,0.1464,0.0912,,,0.3388,WPP_572_Samudera_Hindia_Barat,NOAA_ERDDAP
2023-01,-1.25,96.75,28.989,0.0866,-0.1182,0.0854,0.0808,,,0.3418,WPP_572_Samudera_Hindia_Barat,NOAA_ERDDAP
2023-01,-1.25,97.25,28.931,0.0893,-0.1097,-0.0291,0.0844,,,0.3442,WPP_572_Samudera_Hindia_Barat,NOAA_ERDDAP
2023-01,-1.25,97.75,28.638,0.1074,-0.1396,-0.0805,0.0874,,,0.3562,WPP_572_Samudera_Hindia_Barat,NOAA_ERDDAP
2023-01,-1.25,98.25,28.795,0.1231,-0.2404,0.0079,0.1042,,,0.3503,WPP_572_Samudera_Hindia_Barat,NOAA_ERDDAP
2023-01,-1.25,98.75,29.065,0.0841,-0.239,0.2714,0.1028,,,0.3387,WPP_572_Samudera_Hindia_Barat,NOAA_ERDDAP
2023-01,-1.25,99.25,28.056,0.0952,-0.3072,0.2652,0.0967,,,0.3793,WPP_572_Samudera_Hindia_Barat,NOAA_ERDDAP
2023-01,-1.25,99.75,28.603,0.1153,-0.305,-0.0055,0.0841,,,0.3578,WPP_572_Samudera_Hindia_Barat,NOAA_ERDDAP
2023-01,-1.25,100.25,28.841,0.1404,-0.4091,-0.0108,0.1005,,,0.3488,WPP_572_Samudera_Hindia_Barat,NOAA_ERDDAP
2023-01,-1.25,104.25,28.912,7.3407,,,,,,0.4864,WPP_572_Samudera_Hindia_Barat,NOAA_ERDDAP
2023-01,-1.25,104.75,29.281,4.7614,0.4061,-0.3913,0.2151,,,0.4213,WPP_572_Samudera_Hindia_Barat,NOAA_ERDDAP
2023-01,-0.75,95.25,28.766,0.0744,-0.1312,0.0584,0.0915,,,0.3505,WPP_572_Samudera_Hindia_Barat,NOAA_ERDDAP
2023-01,-0.75,95.75,29.164,0.0646,-0.1282,0.0928,0.0913,,,0.3344,WPP_572_Samudera_Hindia_Barat,NOAA_ERDDAP
2023-01,-0.75,97.25,29.142,0.1008,-0.1125,0.0146,0.0809,,,0.336,WPP_572_Samudera_Hindia_Barat,NOAA_ERDDAP
2023-01,-0.75,98.25,29.64,0.2019,-0.2568,0.0838,0.0935,,,0.318,WPP_572_Samudera_Hindia_Barat,NOAA_ERDDAP
2023-01,-0.75,99.25,28.448,0.1021,-0.326,0.176,0.0878,,,0.3637,WPP_572_Samudera_Hindia_Barat,NOAA_ERDDAP
2023-01,-0.75,99.75,30.053,0.1305,-0.3863,0.0953,0.0815,,,0.3001,WPP_572_Samudera_Hindia_Barat,NOAA_ERDDAP
2023-01,-0.75,100.25,30.61,0.1691,-0.5479,0.2076,0.0959,,,0.2786,WPP_572_Samudera_Hindia_Barat,NOAA_ERDDAP
2023-01,-0.75,103.75,29.499,6.4232,0.8198,-0.731,0.3416,,,0.445,WPP_572_Samudera_Hindia_Barat,NOAA_ERDDAP
2023-01,-0.75,104.25,29.162,5.0976,0.4272,0.0136,0.1969,,,0.4327,WPP_572_Samudera_Hindia_Barat,NOAA_ERDDAP
2023-01,-0.75,104.75,29.144,2.059,0.1901,-0.2507,0.1966,,,0.3741,WPP_572_Samudera_Hindia_Barat,NOAA_ERDDAP
2023-01,-0.25,95.25,29.917,0.082,-0.0284,0.0777,0.0902,,,0.3046,WPP_572_Samudera_Hindia_Barat,NOAA_ERDDAP
2023-01,-0.25,95.75,29.082,0.0961,-0.0022,0.0949,0.0927,,,0.3383,WPP_572_Samudera_Hindia_Barat,NOAA_ERDDAP
2023-01,-0.25,96.25,29.05,0.0822,0.0192,0.1117,0.0936,,,0.3393,WPP_572_Samudera_Hindia_Barat,NOAA_ERDDAP
2023-01,-0.25,96.75,29.218,0.076,0.0209,0.0973,0.0824,,,0.3324,WPP_572_Samudera_Hindia_Barat,NOAA_ERDDAP
2023-01,-0.25,97.25,29.127,0.0931,-0.0055,0.0783,0.0907,,,0.3364,WPP_572_Samudera_Hindia_Barat,NOAA_ERDDAP
2023-01,-0.25,97.75,30.043,0.1199,-0.0584,0.098,0.0965,,,0.3003,WPP_572_Samudera_Hindia_Barat,NOAA_ERDDAP
2023-01,-0.25,98.75,29.408,0.1144,-0.2185,0.1339,0.0778,,,0.3256,WPP_572_Samudera_Hindia_Barat,NOAA_ERDDAP
2023-01,-0.25,99.75,29.181,0.3823,-0.4286,0.2006,0.0725,,,0.3399,WPP_572_Samudera_Hindia_Barat,NOAA_ERDDAP
2023-01,-0.25,103.75,29.096,3.4253,0.4918,-0.7033,0.3717,,,0.4027,WPP_572_Samudera_Hindia_Barat,NOAA_ERDDAP
2023-01,-0.25,104.25,28.535,2.7149,0.2219,-0.2151,0.223,,,0.4112,WPP_572_Samudera_Hindia_Barat,NOAA_ERDDAP
2023-01,-0.25,104.75,28.788,1.7747,0.1324,-0.2334,0.2209,,,0.3828,WPP_572_Samudera_Hindia_Barat,NOAA_ERDDAP
2023-01,0.25,95.25,28.816,0.0974,0.1041,0.0738,0.0855,,,0.3489,WPP_572_Samudera_Hindia_Barat,NOAA_ERDDAP
2023-01,0.25,95.75,29.98,0.0752,0.1331,0.0968,0.0879,,,0.3019,WPP_572_Samudera_Hindia_Barat,NOAA_ERDDAP
2023-01,0.25,96.25,28.925,0.0798,0.1471,0.112,0.0949,,,0.3442,WPP_572_Samudera_Hindia_Barat,NOAA_ERDDAP
2023-01,0.25,96.75,28.115,0.1613,0.1442,0.1274,0.0914,,,0.3782,WPP_572_Samudera_Hindia_Barat,NOAA_ERDDAP
2023-01,0.25,97.25,28.61,0.1388,0.1221,0.1408,0.0988,,,0.358,WPP_572_Samudera_Hindia_Barat,NOAA_ERDDAP
2023-01,0.25,97.75,29.288,0.1635,0.0718,0.1421,0.1092,,,0.3313,WPP_572_Samudera_Hindia_Barat,NOAA_ERDDAP
2023-01,0.25,98.25,28.382,0.1398,-0.0164,0.1409,0.097,,,0.3671,WPP_572_Samudera_Hindia_Barat,NOAA_ERDDAP
2023-01,0.25,98.75,29.832,0.1779,-0.1459,0.1557,0.086,,,0.3099,WPP_572_Samudera_Hindia_Barat,NOAA_ERDDAP
2023-01,0.25,103.75,28.5,1.3451,,,,,,0.3859,WPP_572_Samudera_Hindia_Barat,NOAA_ERDDAP
2023-01,0.25,104.25,28.608,1.1614,0.1641,-0.3865,0.2894,,,0.378,WPP_572_Samudera_Hindia_Barat,NOAA_ERDDAP
2023-01,0.25,104.75,28.233,0.8444,0.0535,-0.2665,0.2854,,,0.3868,WPP_572_Samudera_Hindia_Barat,NOAA_ERDDAP
2023-01,0.75,95.25,29.236,0.0848,0.1716,0.0791,0.0781,,,0.3319,WPP_572_Samudera_Hindia_Barat,NOAA_ERDDAP
2023-01,0.75,95.75,30.159,0.144,0.1988,0.1184,0.0916,,,0.2961,WPP_572_Samudera_Hindia_Barat,NOAA_ERDDAP
2023-01,0.75,96.25,30.711,0.1402,0.2145,0.13,0.0968,,,0.274,WPP_572_Samudera_Hindia_Barat,NOAA_ERDDAP
2023-01,0.75,96.75,31.152,0.1222,0.2125,0.1469,0.0949,,,0.256,WPP_572_Samudera_Hindia_Barat,NOAA_ERDDAP
2023-01,0.75,97.25,29.308,0.1409,0.201,0.1634,0.1062,,,0.3301,WPP_572_Samudera_Hindia_Barat,NOAA_ERDDAP
2023-01,0.75,98.25,28.871,0.1327,0.0542,0.2077,0.1183,,,0.3474,WPP_572_Samudera_Hindia_Barat,NOAA_ERDDAP
2023-01,0.75,98.75,30.459,0.387,-0.1456,0.2444,0.1093,,,0.2889,WPP_572_Samudera_Hindia_Barat,NOAA_ERDDAP
2023-01,0.75,103.25,29.408,6.3169,,,,,,0.4466,WPP_572_Samudera_Hindia_Barat,NOAA_ERDDAP
2023-01,0.75,103.75,28.801,2.0759,0.5075,-0.5976,0.4453,,,0.3881,WPP_572_Samudera_Hindia_Barat,NOAA_ERDDAP
2023-01,0.75,104.25,28.606,1.9937,0.1858,-0.467,0.362,,,0.3943,WPP_572_Samudera_Hindia_Barat,NOAA_ERDDAP
2023-01,0.75,104.75,28.521,0.9354,0.0692,-0.3636,0.3381,,,0.3771,WPP_572_Samudera_Hindia_Barat,NOAA_ERDDAP
2023-01,1.25,104.25,28.336,2.4022,,,,,,0.4131,WPP_572_Samudera_Hindia_Barat,NOAA_ERDDAP
2023-01,1.25,104.75,28.165,0.5975,0.2283,-0.5137,0.352,,,0.3847,WPP_572_Samudera_Hindia_Barat,NOAA_ERDDAP
2023-01,1.75,104.25,28.359,0.7815,,,,,,0.3806,WPP_572_Samudera_Hindia_Barat,NOAA_ERDDAP
2023-01,1.75,104.75,28.516,0.4757,0.3256,-0.7232,0.3472,,,0.3683,WPP_572_Samudera_Hindia_Barat,NOAA_ERDDAP
2023-02,-5.75,95.25,29.424,0.1167,0.1869,-0.0187,-0.0224,,,0.325,WPP_572_Samudera_Hindia_Barat,NOAA_ERDDAP
2023-02,-5.75,95.75,28.788,0.085,0.0991,-0.0766,-0.022,,,0.3498,WPP_572_Samudera_Hindia_Barat,NOAA_ERDDAP
2023-02,-5.75,96.25,28.674,0.0621,-0.0081,-0.0064,-0.0244,,,0.3539,WPP_572_Samudera_Hindia_Barat,NOAA_ERDDAP
2023-02,-5.75,96.75,28.644,0.0493,-0.0642,-0.1873,-0.0166,,,0.3549,WPP_572_Samudera_Hindia_Barat,NOAA_ERDDAP
2023-02,-5.75,97.25,28.447,0.0641,-0.1686,-0.4353,-0.0034,,,0.363,WPP_572_Samudera_Hindia_Barat,NOAA_ERDDAP
2023-02,-5.75,97.75,28.537,0.0682,0.0048,-0.4268,0.0505,,,0.3595,WPP_572_Samudera_Hindia_Barat,NOAA_ERDDAP
2023-02,-5.75,99.25,28.58,0.0544,0.0414,0.0011,0.1167,,,0.3575,WPP_572_Samudera_Hindia_Barat,NOAA_ERDDAP
2023-02,-5.75,99.75,28.996,0.0519,0.139,0.1352,0.1055,,,0.3408,WPP_572_Samudera_Hindia_Barat,NOAA_ERDDAP
2023-02,-5.75,100.25,28.995,0.0652,0.0739,0.0877,0.0815,,,0.3411,WPP_572_Samudera_Hindia_Barat,NOAA_ERDDAP
2023-02,-5.75,100.75,28.688,0.0742,-0.303,0.299,0.0812,,,0.3536,WPP_572_Samudera_Hindia_Barat,NOAA_ERDDAP
2023-02,-5.75,101.25,28.73,0.1164,-0.2549,-0.0499,0.0672,,,0.3527,WPP_572_Samudera_Hindia_Barat,NOAA_ERDDAP
2023-02,-5.75,101.75,28.328,0.1306,-0.1422,-0.1075,0.0687,,,0.3691,WPP_572_Samudera_Hindia_Barat,NOAA_ERDDAP
2023-02,-5.75,102.25,28.415,0.1279,0.1376,-0.3108,0.0952,,,0.3656,WPP_572_Samudera_Hindia_Barat,NOAA_ERDDAP
2023-02,-5.75,102.75,29.526,0.0649,-0.0174,0.1692,0.1107,,,0.3199,WPP_572_Samudera_Hindia_Barat,NOAA_ERDDAP
2023-02,-5.75,103.25,29.435,0.0818,-0.2076,0.1565,0.0819,,,0.3239,WPP_572_Samudera_Hindia_Barat,NOAA_ERDDAP
2023-02,-5.75,103.75,28.737,0.0665,-0.0226,-0.0995,0.0793,,,0.3515,WPP_572_Samudera_Hindia_Barat,NOAA_ERDDAP
2023-02,-5.75,104.25,29.144,0.096,-0.4123,0.2311,0.0906,,,0.3358,WPP_572_Samudera_Hindia_Barat,NOAA_ERDDAP
2023-02,-5.75,104.75,28.071,0.2072,-1.4571,-0.4893,0.1027,,,0.3809,WPP_572_Samudera_Hindia_Barat,NOAA_ERDDAP
2023-02,-5.25,95.25,29.259,0.0735,0.3724,-0.0496,-0.0046,,,0.3307,WPP_572_Samudera_Hindia_Barat,NOAA_ERDDAP
2023-02,-5.25,95.75,28.444,0.0633,0.338,-0.0552,-0.0096,,,0.3631,WPP_572_Samudera_Hindia_Barat,NOAA_ERDDAP
2023-02,-5.25,96.25,28.589,0.0828,0.298,0.1614,-0.0215,,,0.3577,WPP_572_Samudera_Hindia_Barat,NOAA_ERDDAP
2023-02,-5.25,96.75,28.754,0.0379,0.1618,-0.0857,-0.0156,,,0.3502,WPP_572_Samudera_Hindia_Barat,NOAA_ERDDAP
2023-02,-5.25,97.25,28.633,0.0386,0.1525,-0.2225,-0.0028,,,0.3551,WPP_572_Samudera_Hindia_Barat,NOAA_ERDDAP
2023-02,-5.25,97.75,28.242,0.0516,-0.0313,-0.684,0.0397,,,0.371,WPP_572_Samudera_Hindia_Barat,NOAA_ERDDAP
2023-02,-5.25,98.75,29.022,0.0915,-0.1011,-0.1877,0.0896,,,0.3406,WPP_572_Samudera_Hindia_Barat,NOAA_ERDDAP
2023-02,-5.25,99.25,28.741,0.0636,-0.1761,-0.0414,0.1067,,,0.3513,WPP_572_Samudera_Hindia_Barat,NOAA_ERDDAP
2023-02,-5.25,99.75,28.568,0.071,0.0753,0.0344,0.0978,,,0.3583,WPP_572_Samudera_Hindia_Barat,NOAA_ERDDAP
2023-02,-5.25,100.25,28.273,0.0536,-0.0726,0.2783,0.0681,,,0.3698,WPP_572_Samudera_Hindia_Barat,NOAA_ERDDAP
2023-02,-5.25,100.75,28.291,0.0625,-0.0153,0.3929,0.0669,,,0.3692,WPP_572_Samudera_Hindia_Barat,NOAA_ERDDAP
2023-02,-5.25,101.25,28.466,0.1138,-0.1417,-0.0644,0.0542,,,0.3632,WPP_572_Samudera_Hindia_Barat,NOAA_ERDDAP
2023-02,-5.25,101.75,28.662,0.0994,-0.1586,-0.5032,0.0667,,,0.3551,WPP_572_Samudera_Hindia_Barat,NOAA_ERDDAP
2023-02,-5.25,102.75,29.264,0.0666,-0.0688,0.128,0.116,,,0.3304,WPP_572_Samudera_Hindia_Barat,NOAA_ERDDAP
2023-02,-5.25,103.25,29.868,0.0812,0.002,0.1994,0.0872,,,0.3065,WPP_572_Samudera_Hindia_Barat,NOAA_ERDDAP
2023-02,-5.25,103.75,29.702,0.1202,0.1364,-0.061,0.099,,,0.3139,WPP_572_Samudera_Hindia_Barat,NOAA_ERDDAP
2023-02,-4.75,95.25,28.936,0.0761,0.1395,0.1009,0.0109,,,0.3437,WPP_572_Samudera_Hindia_Barat,NOAA_ERDDAP
2023-02,-4.75,95.75,28.508,0.1164,0.1132,-0.0554,0.0036,,,0.3616,WPP_572_Samudera_Hindia_Barat,NOAA_ERDDAP
2023-02,-4.75,96.25,28.816,0.077,0.2754,0.0702,0.0001,,,0.3485,WPP_572_Samudera_Hindia_Barat,NOAA_ERDDAP
2023-02,-4.75,96.75,29.219,0.0869,0.2977,-0.073,0.0046,,,0.3326,WPP_572_Samudera_Hindia_Barat,NOAA_ERDDAP
2023-02,-4.75,99.25,29.346,0.0726,-0.101,-0.1207,0.0979,,,0.3272,WPP_572_Samudera_Hindia_Barat,NOAA_ERDDAP
2023-02,-4.75,100.75,29.088,0.0886,0.0442,0.1582,0.0485,,,0.3379,WPP_572_Samudera_Hindia_Barat,NOAA_ERDDAP
2023-02,-4.75,101.25,29.315,0.097,0.1784,-0.0245,0.0475,,,0.329,WPP_572_Samudera_Hindia_Barat,NOAA_ERDDAP
2023-02,-4.75,101.75,29.208,0.104,0.1424,-0.3481,0.0613,,,0.3334,WPP_572_Samudera_Hindia_Barat,NOAA_ERDDAP
2023-02,-4.75,102.25,29.535,0.0843,-0.1149,-0.1274,0.0922,,,0.3199,WPP_572_Samudera_Hindia_Barat,NOAA_ERDDAP
2023-02,-4.75,102.75,29.9,0.1006,-0.1336,0.2101,0.0953,,,0.3056,WPP_572_Samudera_Hindia_Barat,NOAA_ERDDAP
2023-02,-4.75,103.25,29.887,0.3972,-0.0889,-0.1142,0.0898,,,0.3119,WPP_572_Samudera_Hindia_Barat,NOAA_ERDDAP
2023-02,-4.25,95.25,28.452,0.0647,0.1398,0.0479,0.0096,,,0.3628,WPP_572_Samudera_Hindia_Barat,NOAA_ERDDAP
2023-02,-4.25,95.75,28.461,0.0603,0.224,-0.0734,0.0006,,,0.3624,WPP_572_Samudera_Hindia_Barat,NOAA_ERDDAP
2023-02,-4.25,96.25,29.262,0.0752,0.2589,0.0022,0.0108,,,0.3307,WPP_572_Samudera_Hindia_Barat,NOAA_ERDDAP
2023-02,-4.25,96.75,29.131,0.0795,0.131,0.117,0.0061,,,0.336,WPP_572_Samudera_Hindia_Barat,NOAA_ERDDAP
2023-02,-4.25,97.25,29.557,0.0741,0.2851,-0.3709,0.0122,,,0.3188,WPP_572_Samudera_Hindia_Barat,NOAA_ERDDAP
2023-02,-4.25,97.75,28.688,0.0625,0.1917,-0.3833,0.027,,,0.3534,WPP_572_Samudera_Hindia_Barat,NOAA_ERDDAP
2023-02,-4.25,98.25,28.919,0.0864,-0.0797,-0.1868,0.0459,,,0.3446,WPP_572_Samudera_Hindia_Barat,NOAA_ERDDAP
2023-02,-4.25,98.75,30.258,0.0694,-0.2746,-0.1528,0.0602,,,0.2907,WPP_572_Samudera_Hindia_Barat,NOAA_ERDDAP
2023-02,-4.25,99.25,29.516,0.0701,-0.3412,-0.1733,0.0711,,,0.3204,WPP_572_Samudera_Hindia_Barat,NOAA_ERDDAP
2023-02,-4.25,99.75,30.007,0.0777,-0.3224,0.1023,0.0703,,,0.3009,WPP_572_Samudera_Hindia_Barat,NOAA_ERDDAP
2023-02,-4.25,100.25,30.081,0.065,-0.109,0.1025,0.0592,,,0.2977,WPP_572_Samudera_Hindia_Barat,NOAA_ERDDAP
2023-02,-4.25,100.75,29.502,0.0664,0.1113,0.1349,0.0422,,,0.3209,WPP_572_Samudera_Hindia_Barat,NOAA_ERDDAP
2023-02,-4.25,101.25,29.664,0.0818,0.2035,-0.0431,0.068,,,0.3147,WPP_572_Samudera_Hindia_Barat,NOAA_ERDDAP
2023-02,-4.25,101.75,29.557,0.0823,0.2033,-0.2148,0.0831,,,0.319,WPP_572_Samudera_Hindia_Barat,NOAA_ERDDAP
2023-02,-4.25,102.25,29.726,0.1626,0.2781,0.0166,0.0923,,,0.3138,WPP_572_Samudera_Hindia_Barat,NOAA_ERDDAP
2023-02,-4.25,102.75,30.062,0.6744,0.2425,0.0354,0.1023,,,0.3103,WPP_572_Samudera_Hindia_Barat,NOAA_ERDDAP
2023-02,-3.75,95.25,28.566,0.1057,0.2881,-0.0205,0.0153,,,0.3591,WPP_572_Samudera_Hindia_Barat,NOAA_ERDDAP
2023-02,-3.75,95.75,28.693,0.103,0.4023,-0.1675,0.0177,,,0.354,WPP_572_Samudera_Hindia_Barat,NOAA_ERDDAP
2023-02,-3.75,96.25,28.989,0.0952,0.2883,-0.0314,0.0219,,,0.342,WPP_572_Samudera_Hindia_Barat,NOAA_ERDDAP
2023-02,-3.75,96.75,28.378,0.0865,0.3923,0.1089,0.0199,,,0.3662,WPP_572_Samudera_Hindia_Barat,NOAA_ERDDAP
2023-02,-3.75,97.25,29.0,0.0799,0.1622,-0.272,0.0236,,,0.3412,WPP_572_Samudera_Hindia_Barat,NOAA_ERDDAP
2023-02,-3.75,97.75,29.144,0.1238,-0.0322,-0.2184,0.0333,,,0.3363,WPP_572_Samudera_Hindia_Barat,NOAA_ERDDAP
2023-02,-3.75,98.25,28.858,0.0792,-0.0537,-0.0557,0.0371,,,0.3469,WPP_572_Samudera_Hindia_Barat,NOAA_ERDDAP
2023-02,-3.75,98.75,29.363,0.0732,-0.0526,0.0291,0.0391,,,0.3266,WPP_572_Samudera_Hindia_Barat,NOAA_ERDDAP
2023-02,-3.75,99.25,30.131,0.0763,-0.0947,-0.2317,0.0428,,,0.2959,WPP_572_Samudera_Hindia_Barat,NOAA_ERDDAP
2023-02,-3.75,99.75,30.381,0.0813,0.141,-0.063,0.0595,,,0.286,WPP_572_Samudera_Hindia_Barat,NOAA_ERDDAP
2023-02,-3.75,100.25,30.847,0.0929,0.2089,-0.0038,0.0647,,,0.2676,WPP_572_Samudera_Hindia_Barat,NOAA_ERDDAP
2023-02,-3.75,100.75,30.531,0.0867,0.3558,-0.1539,0.0709,,,0.2801,WPP_572_Samudera_Hindia_Barat,NOAA_ERDDAP
2023-02,-3.75,101.25,30.617,0.0802,0.7753,-0.3434,0.1046,,,0.2766,WPP_572_Samudera_Hindia_Barat,NOAA_ERDDAP
2023-02,-3.75,101.75,30.474,0.1155,0.7637,-0.2242,0.1181,,,0.283,WPP_572_Samudera_Hindia_Barat,NOAA_ERDDAP
2023-02,-3.75,102.25,29.859,0.5176,0.82,0.2853,0.1373,,,0.3154,WPP_572_Samudera_Hindia_Barat,NOAA_ERDDAP
2023-02,-3.25,95.25,28.616,0.1065,0.5421,-0.1431,0.0412,,,0.3571,WPP_572_Samudera_Hindia_Barat,NOAA_ERDDAP
2023-02,-3.25,95.75,28.494,0.0817,0.5497,-0.0057,0.0447,,,0.3615,WPP_572_Samudera_Hindia_Barat,NOAA_ERDDAP
2023-02,-3.25,96.25,28.893,0.1022,0.4459,-0.0129,0.0413,,,0.3459,WPP_572_Samudera_Hindia_Barat,NOAA_ERDDAP
2023-02,-3.25,96.75,28.772,0.0909,0.3176,0.1249,0.028,,,0.3506,WPP_572_Samudera_Hindia_Barat,NOAA_ERDDAP
2023-02,-3.25,97.25,28.707,0.0878,0.1715,-0.0736,0.0286,,,0.3531,WPP_572_Samudera_Hindia_Barat,NOAA_ERDDAP
2023-02,-3.25,97.75,28.981,0.1046,0.1531,-0.1146,0.0254,,,0.3425,WPP_572_Samudera_Hindia_Barat,NOAA_ERDDAP
2023-02,-3.25,98.75,29.892,0.0842,0.3084,-0.1214,0.0339,,,0.3056,WPP_572_Samudera_Hindia_Barat,NOAA_ERDDAP
2023-02,-3.25,99.25,30.277,0.0815,0.2123,-0.3086,0.0434,,,0.2902,WPP_572_Samudera_Hindia_Barat,NOAA_ERDDAP
2023-02,-3.25,99.75,30.909,0.0793,0.1179,-0.1743,0.0726,,,0.2649,WPP_572_Samudera_Hindia_Barat,NOAA_ERDDAP
2023-02,-3.25,100.25,30.559,0.1123,-0.0969,0.1486,0.0669,,,0.2795,WPP_572_Samudera_Hindia_Barat,NOAA_ERDDAP
2023-02,-3.25,100.75,30.704,0.0937,-0.2158,-0.4429,0.0908,,,0.2733,WPP_572_Samudera_Hindia_Barat,NOAA_ERDDAP
2023-02,-3.25,101.25,30.416,0.1582,0.0077,-0.5716,0.1381,,,0.2861,WPP_572_Samudera_Hindia_Barat,NOAA_ERDDAP
2023-02,-3.25,101.75,30.26,1.3005,0.5937,-0.3334,0.1911,,,0.3146,WPP_572_Samudera_Hindia_Barat,NOAA_ERDDAP
2023-02,-2.75,95.25,28.313,0.0896,0.2395,-0.2087,0.0526,,,0.3689,WPP_572_Samudera_Hindia_Barat,NOAA_ERDDAP
2023-02,-2.75,95.75,28.669,0.0656,0.2119,-0.0655,0.0551,,,0.3542,WPP_572_Samudera_Hindia_Barat,NOAA_ERDDAP
2023-02,-2.75,96.25,29.182,0.0647,0.2282,0.1014,0.0486,,,0.3336,WPP_572_Samudera_Hindia_Barat,NOAA_ERDDAP
2023-02,-2.75,96.75,29.539,0.0552,0.3238,0.1093,0.0392,,,0.3192,WPP_572_Samudera_Hindia_Barat,NOAA_ERDDAP
2023-02,-2.75,97.75,29.228,0.0644,0.406,-0.2146,0.0259,,,0.3318,WPP_572_Samudera_Hindia_Barat,NOAA_ERDDAP
2023-02,-2.75,98.75,30.287,0.0735,0.3788,-0.1537,0.0453,,,0.2896,WPP_572_Samudera_Hindia_Barat,NOAA_ERDDAP
2023-02,-2.75,99.25,31.591,0.0783,0.3078,-0.1227,0.0533,,,0.2376,WPP_572_Samudera_Hindia_Barat,NOAA_ERDDAP
2023-02,-2.75,99.75,30.994,0.1066,0.0301,-0.0839,0.0772,,,0.262,WPP_572_Samudera_Hindia_Barat,NOAA_ERDDAP
2023-02,-2.75,100.25,29.675,0.1121,-0.0154,0.3973,0.0827,,,0.3149,WPP_572_Samudera_Hindia_Barat,NOAA_ERDDAP
2023-02,-2.75,100.75,30.487,0.0969,-0.1477,-0.477,0.0972,,,0.2821,WPP_572_Samudera_Hindia_Barat,NOAA_ERDDAP
2023-02,-2.75,101.25,30.516,0.7777,-0.401,-0.7255,0.1415,,,0.2942,WPP_572_Samudera_Hindia_Barat,NOAA_ERDDAP
2023-02,-2.25,95.25,28.563,0.0833,0.1012,-0.2286,0.0442,,,0.3588,WPP_572_Samudera_Hindia_Barat,NOAA_ERDDAP
2023-02,-2.25,95.75,28.84,0.0752,0.1071,-0.0521,0.0549,,,0.3475,WPP_572_Samudera_Hindia_Barat,NOAA_ERDDAP
2023-02,-2.25,96.25,28.927,0.0574,0.2096,0.036,0.049,,,0.3437,WPP_572_Samudera_Hindia_Barat,NOAA_ERDDAP
2023-02,-2.25,96.75,28.929,0.0603,0.2603,0.0217,0.0504,,,0.3437,WPP_572_Samudera_Hindia_Barat,NOAA_ERDDAP
2023-02,-2.25,97.25,28.933,0.0752,0.4149,-0.0438,0.0471,,,0.3438,WPP_572_Samudera_Hindia_Barat,NOAA_ERDDAP
2023-02,-2.25,97.75,29.113,0.0673,0.4788,-0.2748,0.0525,,,0.3365,WPP_572_Samudera_Hindia_Barat,NOAA_ERDDAP
2023-02,-2.25,98.25,29.586,0.0611,0.2891,-0.2266,0.0625,,,0.3174,WPP_572_Samudera_Hindia_Barat,NOAA_ERDDAP
2023-02,-2.25,98.75,30.186,0.0647,0.2778,-0.0521,0.0621,,,0.2935,WPP_572_Samudera_Hindia_Barat,NOAA_ERDDAP
2023-02,-2.25,99.25,30.716,0.1062,0.3321,-0.0681,0.0938,,,0.2731,WPP_572_Samudera_Hindia_Barat,NOAA_ERDDAP
2023-02,-2.25,99.75,30.084,0.1406,0.1,0.2503,0.0961,,,0.299,WPP_572_Samudera_Hindia_Barat,NOAA_ERDDAP
2023-02,-2.25,100.25,30.46,0.0943,-0.1298,0.4501,0.0846,,,0.2831,WPP_572_Samudera_Hindia_Barat,NOAA_ERDDAP
2023-02,-2.25,100.75,30.51,0.4226,-0.4195,-0.0727,0.0731,,,0.2875,WPP_572_Samudera_Hindia_Barat,NOAA_ERDDAP
2023-02,-1.75,95.25,28.941,0.0576,0.0904,-0.0865,0.0395,,,0.3432,WPP_572_Samudera_Hindia_Barat,NOAA_ERDDAP
2023-02,-1.75,95.75,29.002,0.05,0.0398,-0.1062,0.0446,,,0.3406,WPP_572_Samudera_Hindia_Barat,NOAA_ERDDAP
2023-02,-1.75,96.25,28.797,0.0518,0.0833,-0.0324,0.0515,,,0.3488,WPP_572_Samudera_Hindia_Barat,NOAA_ERDDAP
2023-02,-1.75,96.75,29.038,0.0532,0.1652,-0.0973,0.0549,,,0.3392,WPP_572_Samudera_Hindia_Barat,NOAA_ERDDAP
2023-02,-1.75,97.25,29.186,0.0546,0.2345,-0.1348,0.0518,,,0.3333,WPP_572_Samudera_Hindia_Barat,NOAA_ERDDAP
2023-02,-1.75,97.75,29.387,0.0624,0.2169,-0.2273,0.0635,,,0.3254,WPP_572_Samudera_Hindia_Barat,NOAA_ERDDAP
2023-02,-1.75,98.25,30.178,0.0587,0.2304,-0.065,0.0742,,,0.2937,WPP_572_Samudera_Hindia_Barat,NOAA_ERDDAP
2023-02,-1.75,98.75,30.256,0.1972,0.2575,-0.2223,0.0849,,,0.2933,WPP_572_Samudera_Hindia_Barat,NOAA_ERDDAP
2023-02,-1.75,99.25,30.315,0.1673,0.2097,0.0453,0.121,,,0.2903,WPP_572_Samudera_Hindia_Barat,NOAA_ERDDAP
2023-02,-1.75,99.75,30.854,0.0966,0.0962,0.4087,0.1071,,,0.2674,WPP_572_Samudera_Hindia_Barat,NOAA_ERDDAP
2023-02,-1.75,100.25,30.847,0.1065,0.0701,0.4592,0.0819,,,0.2679,WPP_572_Samudera_Hindia_Barat,NOAA_ERDDAP
2023-02,-1.75,100.75,30.792,0.3537,-0.0929,0.3078,0.0452,,,0.2749,WPP_572_Samudera_Hindia_Barat,NOAA_ERDDAP
2023-02,-1.75,104.75,28.632,3.786,0.1955,-0.5413,0.4027,,,0.4283,WPP_572_Samudera_Hindia_Barat,NOAA_ERDDAP
2023-02,-1.25,95.25,29.016,0.0625,0.1338,-0.0316,0.0352,,,0.3402,WPP_572_Samudera_Hindia_Barat,NOAA_ERDDAP
2023-02,-1.25,95.75,28.7,0.048,0.0968,-0.0774,0.0382,,,0.3526,WPP_572_Samudera_Hindia_Barat,NOAA_ERDDAP
2023-02,-1.25,96.25,29.078,0.0468,0.1132,-0.0815,0.0372,,,0.3375,WPP_572_Samudera_Hindia_Barat,NOAA_ERDDAP
2023-02,-1.25,96.75,29.166,0.0432,0.1432,-0.1378,0.0425,,,0.3339,WPP_572_Samudera_Hindia_Barat,NOAA_ERDDAP
2023-02,-1.25,97.25,29.356,0.0586,0.1717,-0.1962,0.0474,,,0.3266,WPP_572_Samudera_Hindia_Barat,NOAA_ERDDAP
2023-02,-1.25,97.75,29.715,0.0528,0.1633,-0.1345,0.0696,,,0.3121,WPP_572_Samudera_Hindia_Barat,NOAA_ERDDAP
2023-02,-1.25,98.25,30.658,0.0961,0.1028,-0.0594,0.0658,,,0.2752,WPP_572_Samudera_Hindia_Barat,NOAA_ERDDAP
2023-02,-1.25,98.75,30.199,0.3518,0.0666,-0.1296,0.0882,,,0.2986,WPP_572_Samudera_Hindia_Barat,NOAA_ERDDAP
2023-02,-1.25,99.25,30.829,0.1224,0.0438,0.0315,0.1185,,,0.2689,WPP_572_Samudera_Hindia_Barat,NOAA_ERDDAP
2023-02,-1.25,99.75,31.482,0.1045,0.1317,0.3331,0.113,,,0.2424,WPP_572_Samudera_Hindia_Barat,NOAA_ERDDAP
2023-02,-1.25,100.25,30.741,0.2893,0.1277,0.496,0.0928,,,0.2757,WPP_572_Samudera_Hindia_Barat,NOAA_ERDDAP
2023-02,-1.25,104.25,29.22,7.8556,,,,,,0.4842,WPP_572_Samudera_Hindia_Barat,NOAA_ERDDAP
2023-02,-1.25,104.75,28.715,4.147,-0.1002,-0.1839,0.2937,,,0.432,WPP_572_Samudera_Hindia_Barat,NOAA_ERDDAP
2023-02,-0.75,95.25,29.112,0.0559,0.1387,-0.0306,0.0317,,,0.3363,WPP_572_Samudera_Hindia_Barat,NOAA_ERDDAP
2023-02,-0.75,95.75,28.84,0.0467,0.1772,-0.0839,0.0343,,,0.347,WPP_572_Samudera_Hindia_Barat,NOAA_ERDDAP
2023-02,-0.75,96.25,29.258,0.04,0.2056,-0.0935,0.0345,,,0.3301,WPP_572_Samudera_Hindia_Barat,NOAA_ERDDAP
2023-02,-0.75,96.75,29.514,0.0354,0.2114,-0.1258,0.0402,,,0.3198,WPP_572_Samudera_Hindia_Barat,NOAA_ERDDAP
2023-02,-0.75,97.25,29.421,0.0581,0.2059,-0.1455,0.049,,,0.324,WPP_572_Samudera_Hindia_Barat,NOAA_ERDDAP
2023-02,-0.75,97.75,29.967,0.077,0.1898,-0.1054,0.051,,,0.3025,WPP_572_Samudera_Hindia_Barat,NOAA_ERDDAP
2023-02,-0.75,98.25,31.028,0.1384,0.2017,-0.0557,0.0652,,,0.2612,WPP_572_Samudera_Hindia_Barat,NOAA_ERDDAP
2023-02,-0.75,98.75,30.259,0.1939,0.1932,-0.0731,0.0747,,,0.2931,WPP_572_Samudera_Hindia_Barat,NOAA_ERDDAP
2023-02,-0.75,99.25,31.274,0.1136,0.1969,0.0417,0.0948,,,0.2509,WPP_572_Samudera_Hindia_Barat,NOAA_ERDDAP
2023-02,-0.75,99.75,30.846,0.1286,0.1973,0.2616,0.1099,,,0.2683,WPP_572_Samudera_Hindia_Barat,NOAA_ERDDAP
2023-02,-0.75,100.25,30.525,0.1926,0.1569,0.5293,0.0966,,,0.2824,WPP_572_Samudera_Hindia_Barat,NOAA_ERDDAP
2023-02,-0.75,103.75,29.338,3.8562,0.5027,-1.1224,0.2818,,,0.4014,WPP_572_Samudera_Hindia_Barat,NOAA_ERDDAP
2023-02,-0.75,104.25,29.401,2.5206,0.0101,-0.3959,0.2253,,,0.3728,WPP_572_Samudera_Hindia_Barat,NOAA_ERDDAP
2023-02,-0.75,104.75,28.231,0.866,-0.1486,-0.0597,0.2472,,,0.3873,WPP_572_Samudera_Hindia_Barat,NOAA_ERDDAP
2023-02,-0.25,95.25,29.157,0.043,0.1467,-0.0547,0.0363,,,0.3342,WPP_572_Samudera_Hindia_Barat,NOAA_ERDDAP
2023-02,-0.25,95.75,28.975,0.0405,0.179,-0.0884,0.0481,,,0.3415,WPP_572_Samudera_Hindia_Barat,NOAA_ERDDAP
2023-02,-0.25,96.25,29.269,0.0436,0.2015,-0.1011,0.0513,,,0.3298,WPP_572_Samudera_Hindia_Barat,NOAA_ERDDAP
2023-02,-0.25,96.75,29.197,0.0385,0.2127,-0.112,0.0519,,,0.3325,WPP_572_Samudera_Hindia_Barat,NOAA_ERDDAP
2023-02,-0.25,97.25,29.445,0.0516,0.2119,-0.1162,0.0576,,,0.3229,WPP_572_Samudera_Hindia_Barat,NOAA_ERDDAP
2023-02,-0.25,97.75,30.278,0.1491,0.2046,-0.0896,0.0611,,,0.2915,WPP_572_Samudera_Hindia_Barat,NOAA_ERDDAP
2023-02,-0.25,98.25,30.038,0.2451,0.2119,-0.0548,0.0643,,,0.3029,WPP_572_Samudera_Hindia_Barat,NOAA_ERDDAP
2023-02,-0.25,98.75,30.655,0.1241,0.2203,-0.0231,0.0769,,,0.2759,WPP_572_Samudera_Hindia_Barat,NOAA_ERDDAP
2023-02,-0.25,99.25,30.575,0.1392,0.2215,0.0639,0.0922,,,0.2794,WPP_572_Samudera_Hindia_Barat,NOAA_ERDDAP
2023-02,-0.25,99.75,30.302,0.4829,0.2172,0.2581,0.1058,,,0.297,WPP_572_Samudera_Hindia_Barat,NOAA_ERDDAP
2023-02,-0.25,103.75,29.091,3.4797,-0.0796,-0.7876,0.2046,,,0.4039,WPP_572_Samudera_Hindia_Barat,NOAA_ERDDAP
2023-02,-0.25,104.25,28.939,0.9271,-0.3024,-0.2803,0.198,,,0.3602,WPP_572_Samudera_Hindia_Barat,NOAA_ERDDAP
2023-02,-0.25,104.75,28.459,0.9705,-0.2764,-0.0818,0.2357,,,0.3802,WPP_572_Samudera_Hindia_Barat,NOAA_ERDDAP
2023-02,0.25,95.25,29.153,0.0406,0.132,-0.03,0.0478,,,0.3343,WPP_572_Samudera_Hindia_Barat,NOAA_ERDDAP
2023-02,0.25,95.75,29.821,0.0568,0.1573,-0.0636,0.0575,,,0.3079,WPP_572_Samudera_Hindia_Barat,NOAA_ERDDAP
2023-02,0.25,96.25,29.507,0.0511,0.1768,-0.0989,0.0569,,,0.3204,WPP_572_Samudera_Hindia_Barat,NOAA_ERDDAP
2023-02,0.25,96.75,29.915,0.0513,0.188,-0.1188,0.0575,,,0.3041,WPP_572_Samudera_Hindia_Barat,NOAA_ERDDAP
2023-02,0.25,97.75,30.244,0.0768,0.1891,-0.0884,0.0567,,,0.2914,WPP_572_Samudera_Hindia_Barat,NOAA_ERDDAP
2023-02,0.25,98.25,30.558,0.196,0.1758,-0.0375,0.0614,,,0.2812,WPP_572_Samudera_Hindia_Barat,NOAA_ERDDAP
2023-02,0.25,98.75,30.628,0.2257,0.1554,0.038,0.0717,,,0.279,WPP_572_Samudera_Hindia_Barat,NOAA_ERDDAP
2023-02,0.25,99.25,30.943,1.3941,0.1212,0.1259,0.0856,,,0.2892,WPP_572_Samudera_Hindia_Barat,NOAA_ERDDAP
2023-02,0.25,99.75,30.41,2.0265,0.0568,0.3024,0.1053,,,0.3228,WPP_572_Samudera_Hindia_Barat,NOAA_ERDDAP
2023-02,0.25,103.75,28.549,0.6988,,,,,,0.3713,WPP_572_Samudera_Hindia_Barat,NOAA_ERDDAP
2023-02,0.25,104.25,28.521,0.7393,-0.27,-0.1618,0.2044,,,0.3733,WPP_572_Samudera_Hindia_Barat,NOAA_ERDDAP
2023-02,0.25,104.75,27.986,0.7196,-0.2558,-0.0463,0.2485,,,0.3943,WPP_572_Samudera_Hindia_Barat,NOAA_ERDDAP
2023-02,0.75,95.25,29.763,0.0432,0.0941,0.0111,0.0542,,,0.31,WPP_572_Samudera_Hindia_Barat,NOAA_ERDDAP
2023-02,0.75,95.75,30.161,0.0553,0.1493,-0.046,0.0647,,,0.2943,WPP_572_Samudera_Hindia_Barat,NOAA_ERDDAP
2023-02,0.75,96.25,29.744,0.0474,0.1909,-0.1173,0.0685,,,0.3108,WPP_572_Samudera_Hindia_Barat,NOAA_ERDDAP
2023-02,0.75,96.75,30.171,0.0757,0.2133,-0.1613,0.0608,,,0.2943,WPP_572_Samudera_Hindia_Barat,NOAA_ERDDAP
2023-02,0.75,97.25,30.277,0.1056,0.2111,-0.1629,0.0389,,,0.2906,WPP_572_Samudera_Hindia_Barat,NOAA_ERDDAP
2023-02,0.75,97.75,30.572,0.1712,0.1979,-0.093,0.0371,,,0.2801,WPP_572_Samudera_Hindia_Barat,NOAA_ERDDAP
2023-02,0.75,98.25,31.065,0.0983,0.1556,0.0207,0.0445,,,0.259,WPP_572_Samudera_Hindia_Barat,NOAA_ERDDAP
2023-02,0.75,98.75,30.84,0.77,0.0973,0.1357,0.0508,,,0.2811,WPP_572_Samudera_Hindia_Barat,NOAA_ERDDAP
2023-02,0.75,103.75,28.05,1.7906,-0.0601,-0.0373,0.2508,,,0.4126,WPP_572_Samudera_Hindia_Barat,NOAA_ERDDAP
2023-02,0.75,104.25,27.908,1.2831,-0.3565,0.0159,0.2807,,,0.4084,WPP_572_Samudera_Hindia_Barat,NOAA_ERDDAP
2023-02,0.75,104.75,28.079,0.576,-0.2098,-0.112,0.2696,,,0.3877,WPP_572_Samudera_Hindia_Barat,NOAA_ERDDAP
2023-02,1.25,104.25,27.895,2.6962,,,,,,0.4365,WPP_572_Samudera_Hindia_Barat,NOAA_ERDDAP
2023-02,1.25,104.75,27.309,0.6755,0.0282,-0.5359,0.295,,,0.4052,WPP_572_Samudera_Hindia_Barat,NOAA_ERDDAP
2023-02,1.75,104.25,27.586,1.661,,,,,,0.4286,WPP_572_Samudera_Hindia_Barat,NOAA_ERDDAP
2023-02,1.75,104.75,27.463,0.2309,0.1581,-0.8465,0.3077,,,0.4027,WPP_572_Samudera_Hindia_Barat,NOAA_ERDDAP
2023-03,-5.75,95.25,29.215,0.0581,0.1482,-0.0061,0.0459,,,0.3322,WPP_572_Samudera_Hindia_Barat,NOAA_ERDDAP
2023-03,-5.75,95.75,29.432,0.0662,0.1669,0.0928,0.0276,,,0.3237,WPP_572_Samudera_Hindia_Barat,NOAA_ERDDAP
2023-03,-5.75,96.25,29.641,0.0663,0.137,-0.0223,0.028,,,0.3153,WPP_572_Samudera_Hindia_Barat,NOAA_ERDDAP
2023-03,-5.75,96.75,29.859,0.0647,0.1675,-0.3511,0.0304,,,0.3066,WPP_572_Samudera_Hindia_Barat,NOAA_ERDDAP
2023-03,-5.75,97.25,29.873,0.0779,0.0319,0.0223,0.0458,,,0.3063,WPP_572_Samudera_Hindia_Barat,NOAA_ERDDAP
2023-03,-5.75,97.75,29.547,0.0812,-0.1149,-0.1749,0.0725,,,0.3194,WPP_572_Samudera_Hindia_Barat,NOAA_ERDDAP
2023-03,-5.75,98.25,30.329,0.0636,-0.1353,-0.0504,0.074,,,0.2877,WPP_572_Samudera_Hindia_Barat,NOAA_ERDDAP
2023-03,-5.75,98.75,29.768,0.0596,-0.0938,0.018,0.066,,,0.3101,WPP_572_Samudera_Hindia_Barat,NOAA_ERDDAP
2023-03,-5.75,99.25,29.473,0.0539,-0.0844,-0.1401,0.0724,,,0.3218,WPP_572_Samudera_Hindia_Barat,NOAA_ERDDAP
2023-03,-5.75,99.75,29.463,0.0512,-0.0507,-0.0122,0.0788,,,0.3221,WPP_572_Samudera_Hindia_Barat,NOAA_ERDDAP
2023-03,-5.75,100.25,29.556,0.0539,-0.1587,0.1725,0.0725,,,0.3185,WPP_572_Samudera_Hindia_Barat,NOAA_ERDDAP
2023-03,-5.75,100.75,29.391,0.0583,-0.3081,0.1886,0.0484,,,0.3252,WPP_572_Samudera_Hindia_Barat,NOAA_ERDDAP
2023-03,-5.75,101.25,29.336,0.0731,-0.354,0.0269,0.0508,,,0.3277,WPP_572_Samudera_Hindia_Barat,NOAA_ERDDAP
2023-03,-5.75,101.75,28.969,0.1222,-0.4452,0.1007,0.0366,,,0.3433,WPP_572_Samudera_Hindia_Barat,NOAA_ERDDAP
2023-03,-5.75,102.25,28.951,0.0921,-0.393,0.1426,0.0131,,,0.3434,WPP_572_Samudera_Hindia_Barat,NOAA_ERDDAP
2023-03,-5.75,102.75,29.106,0.0709,-0.3448,0.3154,0.0066,,,0.3368,WPP_572_Samudera_Hindia_Barat,NOAA_ERDDAP
2023-03,-5.75,103.25,29.519,0.0712,-0.3004,0.3638,-0.0138,,,0.3203,WPP_572_Samudera_Hindia_Barat,NOAA_ERDDAP
2023-03,-5.75,103.75,29.389,0.0795,-0.2459,0.3114,-0.0533,,,0.3257,WPP_572_Samudera_Hindia_Barat,NOAA_ERDDAP
2023-03,-5.75,104.25,29.143,0.2165,-0.5514,0.2957,-0.0768,,,0.3382,WPP_572_Samudera_Hindia_Barat,NOAA_ERDDAP
2023-03,-5.75,104.75,29.671,0.2651,-2.1362,0.06,-0.0758,,,0.318,WPP_572_Samudera_Hindia_Barat,NOAA_ERDDAP
2023-03,-5.25,95.25,29.323,0.0607,0.0185,0.2029,0.0494,,,0.3279,WPP_572_Samudera_Hindia_Barat,NOAA_ERDDAP
2023-03,-5.25,95.75,29.581,0.0639,0.057,0.0272,0.0311,,,0.3177,WPP_572_Samudera_Hindia_Barat,NOAA_ERDDAP
2023-03,-5.25,96.25,30.089,0.0662,0.1188,-0.145,0.034,,,0.2974,WPP_572_Samudera_Hindia_Barat,NOAA_ERDDAP
2023-03,-5.25,96.75,29.964,0.0686,0.2242,-0.146,0.04,,,0.3024,WPP_572_Samudera_Hindia_Barat,NOAA_ERDDAP
2023-03,-5.25,97.25,30.064,0.077,0.0838,-0.1446,0.0513,,,0.2986,WPP_572_Samudera_Hindia_Barat,NOAA_ERDDAP
2023-03,-5.25,97.75,30.104,0.0705,-0.1526,-0.0611,0.0636,,,0.2969,WPP_572_Samudera_Hindia_Barat,NOAA_ERDDAP
2023-03,-5.25,98.25,29.727,0.0511,-0.1477,0.1137,0.0562,,,0.3116,WPP_572_Samudera_Hindia_Barat,NOAA_ERDDAP
2023-03,-5.25,98.75,29.719,0.0506,-0.2433,-0.07,0.0521,,,0.3119,WPP_572_Samudera_Hindia_Barat,NOAA_ERDDAP
2023-03,-5.25,99.25,29.847,0.0541,-0.2504,-0.0131,0.0531,,,0.3068,WPP_572_Samudera_Hindia_Barat,NOAA_ERDDAP
2023-03,-5.25,99.75,29.598,0.0527,-0.4248,-0.0087,0.0638,,,0.3168,WPP_572_Samudera_Hindia_Barat,NOAA_ERDDAP
2023-03,-5.25,100.25,29.642,0.058,-0.3213,0.1374,0.0493,,,0.3151,WPP_572_Samudera_Hindia_Barat,NOAA_ERDDAP
2023-03,-5.25,100.75,29.239,0.0631,-0.118,0.5637,0.014,,,0.3313,WPP_572_Samudera_Hindia_Barat,NOAA_ERDDAP
2023-03,-5.25,101.25,29.195,0.0629,-0.2386,-0.1554,0.0186,,,0.3331,WPP_572_Samudera_Hindia_Barat,NOAA_ERDDAP
2023-03,-5.25,101.75,29.006,0.0796,-0.4775,-0.0018,0.0044,,,0.341,WPP_572_Samudera_Hindia_Barat,NOAA_ERDDAP
2023-03,-5.25,102.25,29.305,0.0826,-0.3538,0.2964,-0.0002,,,0.3291,WPP_572_Samudera_Hindia_Barat,NOAA_ERDDAP
2023-03,-5.25,102.75,29.733,0.0781,-0.3434,0.219,-0.007,,,0.3119,WPP_572_Samudera_Hindia_Barat,NOAA_ERDDAP
2023-03,-5.25,103.25,29.698,0.0702,-0.2519,0.4179,-0.0138,,,0.3131,WPP_572_Samudera_Hindia_Barat,NOAA_ERDDAP
2023-03,-5.25,103.75,29.497,0.1434,-0.1655,0.4058,-0.0659,,,0.3226,WPP_572_Samudera_Hindia_Barat,NOAA_ERDDAP
2023-03,-5.25,104.25,29.705,0.4478,0.3442,0.0589,-0.0992,,,0.3202,WPP_572_Samudera_Hindia_Barat,NOAA_ERDDAP
2023-03,-4.75,95.25,29.819,0.0639,-0.2245,0.2455,0.0314,,,0.3082,WPP_572_Samudera_Hindia_Barat,NOAA_ERDDAP
2023-03,-4.75,95.75,30.424,0.0679,-0.2266,-0.1046,0.0211,,,0.284,WPP_572_Samudera_Hindia_Barat,NOAA_ERDDAP
2023-03,-4.75,96.25,30.399,0.0727,-0.1986,-0.2552,0.0269,,,0.2851,WPP_572_Samudera_Hindia_Barat,NOAA_ERDDAP
2023-03,-4.75,96.75,30.337,0.0753,-0.1939,-0.086,0.0421,,,0.2877,WPP_572_Samudera_Hindia_Barat,NOAA_ERDDAP
2023-03,-4.75,97.25,30.848,0.0807,-0.1637,-0.0509,0.0428,,,0.2673,WPP_572_Samudera_Hindia_Barat,NOAA_ERDDAP
2023-03,-4.75,97.75,30.179,0.0527,-0.2107,0.1099,0.0347,,,0.2935,WPP_572_Samudera_Hindia_Barat,NOAA_ERDDAP
2023-03,-4.75,98.25,29.676,0.0546,-0.3862,-0.0007,0.0318,,,0.3137,WPP_572_Samudera_Hindia_Barat,NOAA_ERDDAP
2023-03,-4.75,98.75,30.137,0.0503,-0.2549,0.0317,0.0273,,,0.2952,WPP_572_Samudera_Hindia_Barat,NOAA_ERDDAP
2023-03,-4.75,99.25,29.679,0.058,-0.2931,0.0194,0.0268,,,0.3136,WPP_572_Samudera_Hindia_Barat,NOAA_ERDDAP
2023-03,-4.75,99.75,29.673,0.0612,-0.2543,0.0259,0.0271,,,0.3139,WPP_572_Samudera_Hindia_Barat,NOAA_ERDDAP
2023-03,-4.75,100.25,29.862,0.0579,-0.2763,0.2348,0.0193,,,0.3063,WPP_572_Samudera_Hindia_Barat,NOAA_ERDDAP
2023-03,-4.75,100.75,29.761,0.0608,-0.348,0.4406,0.0014,,,0.3104,WPP_572_Samudera_Hindia_Barat,NOAA_ERDDAP
2023-03,-4.75,101.25,29.337,0.055,-0.2855,-0.013,-0.0117,,,0.3273,WPP_572_Samudera_Hindia_Barat,NOAA_ERDDAP
2023-03,-4.75,101.75,29.242,0.0566,-0.4235,0.1686,-0.0227,,,0.3311,WPP_572_Samudera_Hindia_Barat,NOAA_ERDDAP
2023-03,-4.75,102.25,29.563,0.0627,-0.422,0.1449,-0.021,,,0.3184,WPP_572_Samudera_Hindia_Barat,NOAA_ERDDAP
2023-03,-4.75,102.75,29.976,0.1129,-0.1601,-0.0594,-0.0141,,,0.3028,WPP_572_Samudera_Hindia_Barat,NOAA_ERDDAP
2023-03,-4.75,103.25,29.803,0.3924,-0.0637,0.5081,-0.0319,,,0.3152,WPP_572_Samudera_Hindia_Barat,NOAA_ERDDAP
2023-03,-4.25,95.25,29.766,0.0642,-0.2791,0.1959,-0.006,,,0.3103,WPP_572_Samudera_Hindia_Barat,NOAA_ERDDAP
2023-03,-4.25,95.75,30.05,0.0622,-0.1657,-0.1206,-0.0048,,,0.2989,WPP_572_Samudera_Hindia_Barat,NOAA_ERDDAP
2023-03,-4.25,96.25,30.335,0.0697,-0.2233,-0.2357,0.0023,,,0.2876,WPP_572_Samudera_Hindia_Barat,NOAA_ERDDAP
2023-03,-4.25,96.75,30.418,0.0743,-0.1888,-0.2167,0.0215,,,0.2844,WPP_572_Samudera_Hindia_Barat,NOAA_ERDDAP
2023-03,-4.25,97.25,29.819,0.0628,-0.315,0.0425,0.021,,,0.3081,WPP_572_Samudera_Hindia_Barat,NOAA_ERDDAP
2023-03,-4.25,97.75,29.548,0.0523,-0.31,0.2051,0.0096,,,0.3188,WPP_572_Samudera_Hindia_Barat,NOAA_ERDDAP
2023-03,-4.25,98.25,29.796,0.0545,-0.3082,0.022,0.0051,,,0.3089,WPP_572_Samudera_Hindia_Barat,NOAA_ERDDAP
2023-03,-4.25,98.75,29.846,0.0475,-0.3084,0.0881,0.0034,,,0.3068,WPP_572_Samudera_Hindia_Barat,NOAA_ERDDAP
2023-03,-4.25,99.25,30.127,0.0543,-0.2717,-0.056,0.0028,,,0.2956,WPP_572_Samudera_Hindia_Barat,NOAA_ERDDAP
2023-03,-4.25,99.75,29.946,0.0607,-0.1635,-0.0166,0.0005,,,0.303,WPP_572_Samudera_Hindia_Barat,NOAA_ERDDAP
2023-03,-4.25,100.25,29.657,0.0553,-0.2061,0.0465,-0.0014,,,0.3145,WPP_572_Samudera_Hindia_Barat,NOAA_ERDDAP
2023-03,-4.25,100.75,29.242,0.05,0.0051,0.3493,-0.0211,,,0.331,WPP_572_Samudera_Hindia_Barat,NOAA_ERDDAP
2023-03,-4.25,101.25,29.208,0.057,-0.1057,0.1509,-0.0205,,,0.3325,WPP_572_Samudera_Hindia_Barat,NOAA_ERDDAP
2023-03,-4.25,101.75,29.514,0.0657,0.3929,0.1824,-0.0303,,,0.3204,WPP_572_Samudera_Hindia_Barat,NOAA_ERDDAP
2023-03,-4.25,102.25,29.804,0.172,0.4055,0.0681,-0.0295,,,0.3109,WPP_572_Samudera_Hindia_Barat,NOAA_ERDDAP
2023-03,-4.25,102.75,29.985,1.2227,0.3245,-0.1093,-0.0134,,,0.3241,WPP_572_Samudera_Hindia_Barat,NOAA_ERDDAP
2023-03,-3.75,95.25,29.174,0.0522,-0.2533,0.1549,-0.026,,,0.3337,WPP_572_Samudera_Hindia_Barat,NOAA_ERDDAP
2023-03,-3.75,95.75,29.711,0.0559,-0.2274,-0.073,-0.0285,,,0.3123,WPP_572_Samudera_Hindia_Barat,NOAA_ERDDAP
2023-03,-3.75,96.25,30.315,0.0662,-0.226,-0.1909,-0.0228,,,0.2884,WPP_572_Samudera_Hindia_Barat,NOAA_ERDDAP
2023-03,-3.75,96.75,29.725,0.062,-0.2745,-0.1821,0.0022,,,0.3119,WPP_572_Samudera_Hindia_Barat,NOAA_ERDDAP
2023-03,-3.75,97.25,29.417,0.0538,-0.2735,0.1298,-0.008,,,0.324,WPP_572_Samudera_Hindia_Barat,NOAA_ERDDAP
2023-03,-3.75,97.75,29.708,0.0517,-0.3401,0.1598,-0.0181,,,0.3124,WPP_572_Samudera_Hindia_Barat,NOAA_ERDDAP
2023-03,-3.75,98.25,29.592,0.0489,-0.316,-0.1394,-0.0213,,,0.3169,WPP_572_Samudera_Hindia_Barat,NOAA_ERDDAP
2023-03,-3.75,98.75,29.877,0.0483,-0.1733,0.0816,-0.0201,,,0.3055,WPP_572_Samudera_Hindia_Barat,NOAA_ERDDAP
2023-03,-3.75,99.25,29.897,0.0516,-0.2174,-0.0662,-0.0133,,,0.3048,WPP_572_Samudera_Hindia_Barat,NOAA_ERDDAP
2023-03,-3.75,99.75,29.835,0.0554,-0.1363,-0.1376,-0.0097,,,0.3073,WPP_572_Samudera_Hindia_Barat,NOAA_ERDDAP
2023-03,-3.75,100.25,29.42,0.0583,-0.1648,0.2013,-0.0152,,,0.324,WPP_572_Samudera_Hindia_Barat,NOAA_ERDDAP
2023-03,-3.75,100.75,29.35,0.0567,0.1672,-0.1945,-0.0014,,,0.3268,WPP_572_Samudera_Hindia_Barat,NOAA_ERDDAP
2023-03,-3.75,101.25,29.529,0.0633,0.7694,-0.0747,0.025,,,0.3197,WPP_572_Samudera_Hindia_Barat,NOAA_ERDDAP
2023-03,-3.75,101.75,29.758,0.1421,1.0866,-0.0407,0.0351,,,0.3121,WPP_572_Samudera_Hindia_Barat,NOAA_ERDDAP
2023-03,-3.75,102.25,29.87,0.6881,1.4362,0.4267,0.0362,,,0.3183,WPP_572_Samudera_Hindia_Barat,NOAA_ERDDAP
2023-03,-3.25,95.25,30.194,0.0644,0.0052,0.0113,-0.0252,,,0.2932,WPP_572_Samudera_Hindia_Barat,NOAA_ERDDAP
2023-03,-3.25,95.75,30.155,0.0618,-0.0238,0.0204,-0.0355,,,0.2947,WPP_572_Samudera_Hindia_Barat,NOAA_ERDDAP
2023-03,-3.25,96.25,30.065,0.0598,-0.1039,-0.1482,-0.0303,,,0.2982,WPP_572_Samudera_Hindia_Barat,NOAA_ERDDAP
2023-03,-3.25,96.75,29.99,0.0546,-0.2492,-0.122,-0.0221,,,0.3011,WPP_572_Samudera_Hindia_Barat,NOAA_ERDDAP
2023-03,-3.25,97.25,29.608,0.0514,-0.197,0.1711,-0.0279,,,0.3163,WPP_572_Samudera_Hindia_Barat,NOAA_ERDDAP
2023-03,-3.25,97.75,29.543,0.0496,-0.099,0.08,-0.0404,,,0.3189,WPP_572_Samudera_Hindia_Barat,NOAA_ERDDAP
2023-03,-3.25,98.25,29.441,0.0477,-0.0145,-0.1317,-0.0421,,,0.323,WPP_572_Samudera_Hindia_Barat,NOAA_ERDDAP
2023-03,-3.25,98.75,30.026,0.0527,-0.0652,-0.1104,-0.0314,,,0.2997,WPP_572_Samudera_Hindia_Barat,NOAA_ERDDAP
2023-03,-3.25,99.25,29.802,0.0529,-0.0747,0.0503,-0.0308,,,0.3086,WPP_572_Samudera_Hindia_Barat,NOAA_ERDDAP
2023-03,-3.25,99.75,29.827,0.0548,-0.3365,-0.1089,-0.024,,,0.3077,WPP_572_Samudera_Hindia_Barat,NOAA_ERDDAP
2023-03,-3.25,100.25,29.558,0.0667,-0.1537,0.0022,-0.0169,,,0.3186,WPP_572_Samudera_Hindia_Barat,NOAA_ERDDAP
2023-03,-3.25,100.75,29.521,0.0737,-0.0517,-0.4205,0.0171,,,0.3203,WPP_572_Samudera_Hindia_Barat,NOAA_ERDDAP
2023-03,-3.25,101.25,29.972,0.3854,0.3672,-0.6999,0.0684,,,0.3083,WPP_572_Samudera_Hindia_Barat,NOAA_ERDDAP
2023-03,-3.25,101.75,30.629,1.3677,0.7682,-0.3457,0.1235,,,0.3012,WPP_572_Samudera_Hindia_Barat,NOAA_ERDDAP
2023-03,-2.75,95.25,29.884,0.0751,-0.0823,0.0688,-0.033,,,0.3058,WPP_572_Samudera_Hindia_Barat,NOAA_ERDDAP
2023-03,-2.75,95.75,30.189,0.0646,-0.1001,0.0489,-0.0439,,,0.2934,WPP_572_Samudera_Hindia_Barat,NOAA_ERDDAP
2023-03,-2.75,96.25,30.129,0.0703,-0.1644,-0.128,-0.0394,,,0.2959,WPP_572_Samudera_Hindia_Barat,NOAA_ERDDAP
2023-03,-2.75,96.75,29.578,0.0532,-0.1696,-0.1124,-0.0352,,,0.3176,WPP_572_Samudera_Hindia_Barat,NOAA_ERDDAP
2023-03,-2.75,97.25,29.577,0.0553,-0.1514,0.1136,-0.0422,,,0.3177,WPP_572_Samudera_Hindia_Barat,NOAA_ERDDAP
2023-03,-2.75,97.75,29.692,0.0495,0.0157,-0.0367,-0.0426,,,0.313,WPP_572_Samudera_Hindia_Barat,NOAA_ERDDAP
2023-03,-2.75,98.25,29.843,0.0472,0.0217,-0.089,-0.0483,,,0.3069,WPP_572_Samudera_Hindia_Barat,NOAA_ERDDAP
2023-03,-2.75,98.75,30.139,0.0508,-0.0152,-0.0283,-0.0414,,,0.2951,WPP_572_Samudera_Hindia_Barat,NOAA_ERDDAP
2023-03,-2.75,99.25,30.263,0.0533,-0.1601,0.1754,-0.042,,,0.2902,WPP_572_Samudera_Hindia_Barat,NOAA_ERDDAP
2023-03,-2.75,99.75,29.891,0.0686,-0.2373,0.0676,-0.0398,,,0.3054,WPP_572_Samudera_Hindia_Barat,NOAA_ERDDAP
2023-03,-2.75,100.25,29.749,0.0838,-0.4373,0.0227,-0.0241,,,0.3113,WPP_572_Samudera_Hindia_Barat,NOAA_ERDDAP
2023-03,-2.75,100.75,29.858,0.1393,-0.4147,-0.7573,0.0182,,,0.3081,WPP_572_Samudera_Hindia_Barat,NOAA_ERDDAP
2023-03,-2.75,101.25,30.343,1.6814,-0.3996,-0.7778,0.0778,,,0.3188,WPP_572_Samudera_Hindia_Barat,NOAA_ERDDAP
2023-03,-2.25,95.25,30.106,0.0654,-0.1217,0.0842,-0.0473,,,0.2967,WPP_572_Samudera_Hindia_Barat,NOAA_ERDDAP
2023-03,-2.25,95.75,30.245,0.0621,-0.0894,-0.0019,-0.0504,,,0.2911,WPP_572_Samudera_Hindia_Barat,NOAA_ERDDAP
2023-03,-2.25,96.25,30.099,0.0621,-0.043,-0.0937,-0.05,,,0.2969,WPP_572_Samudera_Hindia_Barat,NOAA_ERDDAP
2023-03,-2.25,96.75,29.969,0.0497,-0.0566,-0.1205,-0.0389,,,0.3019,WPP_572_Samudera_Hindia_Barat,NOAA_ERDDAP
2023-03,-2.25,97.25,29.772,0.0456,-0.0231,0.0192,-0.0424,,,0.3097,WPP_572_Samudera_Hindia_Barat,NOAA_ERDDAP
2023-03,-2.25,97.75,29.805,0.0438,-0.0418,-0.1199,-0.0492,,,0.3083,WPP_572_Samudera_Hindia_Barat,NOAA_ERDDAP
2023-03,-2.25,98.25,30.43,0.0464,0.0876,-0.0768,-0.0416,,,0.2834,WPP_572_Samudera_Hindia_Barat,NOAA_ERDDAP
2023-03,-2.25,98.75,30.168,0.0545,0.0677,0.0144,-0.0348,,,0.294,WPP_572_Samudera_Hindia_Barat,NOAA_ERDDAP
2023-03,-2.25,99.25,30.231,0.0661,0.0533,0.1365,-0.0247,,,0.2917,WPP_572_Samudera_Hindia_Barat,NOAA_ERDDAP
2023-03,-2.25,99.75,30.1,0.0807,-0.0277,0.3525,-0.0321,,,0.2972,WPP_572_Samudera_Hindia_Barat,NOAA_ERDDAP
2023-03,-2.25,100.25,30.372,0.0829,-0.2886,0.1796,-0.032,,,0.2864,WPP_572_Samudera_Hindia_Barat,NOAA_ERDDAP
2023-03,-2.25,100.75,30.309,0.6723,-0.7728,-0.5832,-0.0386,,,0.3004,WPP_572_Samudera_Hindia_Barat,NOAA_ERDDAP
2023-03,-2.25,104.75,29.101,6.144,,,,,,0.4555,WPP_572_Samudera_Hindia_Barat,NOAA_ERDDAP
2023-03,-1.75,95.25,30.197,0.0548,-0.0183,0.1252,-0.0445,,,0.2929,WPP_572_Samudera_Hindia_Barat,NOAA_ERDDAP
2023-03,-1.75,95.75,30.332,0.054,-0.0104,0.0129,-0.0498,,,0.2874,WPP_572_Samudera_Hindia_Barat,NOAA_ERDDAP
2023-03,-1.75,96.25,30.166,0.053,0.0345,-0.1535,-0.0484,,,0.2941,WPP_572_Samudera_Hindia_Barat,NOAA_ERDDAP
2023-03,-1.75,96.75,30.084,0.045,0.0592,-0.1115,-0.0331,,,0.2972,WPP_572_Samudera_Hindia_Barat,NOAA_ERDDAP
2023-03,-1.75,97.25,29.916,0.0425,0.1093,-0.0188,-0.0361,,,0.3039,WPP_572_Samudera_Hindia_Barat,NOAA_ERDDAP
2023-03,-1.75,97.75,30.276,0.0505,0.1084,-0.0838,-0.0392,,,0.2896,WPP_572_Samudera_Hindia_Barat,NOAA_ERDDAP
2023-03,-1.75,98.25,30.247,0.0611,0.0717,-0.1101,-0.0297,,,0.291,WPP_572_Samudera_Hindia_Barat,NOAA_ERDDAP
2023-03,-1.75,98.75,29.943,0.0891,0.0648,-0.0439,-0.0126,,,0.3037,WPP_572_Samudera_Hindia_Barat,NOAA_ERDDAP
2023-03,-1.75,99.25,30.692,0.196,0.0889,0.1799,-0.0047,,,0.2758,WPP_572_Samudera_Hindia_Barat,NOAA_ERDDAP
2023-03,-1.75,99.75,30.776,0.0776,0.0673,0.3452,-0.0037,,,0.2701,WPP_572_Samudera_Hindia_Barat,NOAA_ERDDAP
2023-03,-1.75,100.25,30.732,0.0902,0.0743,0.3401,-0.0308,,,0.2721,WPP_572_Samudera_Hindia_Barat,NOAA_ERDDAP
2023-03,-1.75,100.75,30.592,0.3129,-0.1767,0.1794,-0.0548,,,0.2821,WPP_572_Samudera_Hindia_Barat,NOAA_ERDDAP
2023-03,-1.75,104.75,29.048,10.837,0.4959,-0.4944,0.3739,,,0.5492,WPP_572_Samudera_Hindia_Barat,NOAA_ERDDAP
2023-03,-1.25,95.25,30.189,0.049,-0.074,0.1,-0.0452,,,0.2931,WPP_572_Samudera_Hindia_Barat,NOAA_ERDDAP
2023-03,-1.25,95.75,30.101,0.0487,-0.0413,-0.0384,-0.0462,,,0.2966,WPP_572_Samudera_Hindia_Barat,NOAA_ERDDAP
2023-03,-1.25,96.25,30.068,0.0479,0.0007,-0.1547,-0.0389,,,0.2979,WPP_572_Samudera_Hindia_Barat,NOAA_ERDDAP
2023-03,-1.25,96.75,30.219,0.0426,0.0407,-0.1291,-0.0273,,,0.2917,WPP_572_Samudera_Hindia_Barat,NOAA_ERDDAP
2023-03,-1.25,97.25,30.157,0.0501,0.0945,-0.0694,-0.0265,,,0.2944,WPP_572_Samudera_Hindia_Barat,NOAA_ERDDAP
2023-03,-1.25,97.75,30.259,0.0534,0.1121,-0.0591,-0.0216,,,0.2903,WPP_572_Samudera_Hindia_Barat,NOAA_ERDDAP
2023-03,-1.25,98.25,30.209,0.0694,0.0241,-0.026,-0.0146,,,0.2927,WPP_572_Samudera_Hindia_Barat,NOAA_ERDDAP
2023-03,-1.25,99.25,31.184,0.0916,-0.1559,0.0921,0.0182,,,0.2541,WPP_572_Samudera_Hindia_Barat,NOAA_ERDDAP
2023-03,-1.25,99.75,30.744,0.0788,-0.1036,0.2524,0.0097,,,0.2714,WPP_572_Samudera_Hindia_Barat,NOAA_ERDDAP
2023-03,-1.25,100.25,30.672,0.1705,-0.08,0.3724,-0.0044,,,0.2761,WPP_572_Samudera_Hindia_Barat,NOAA_ERDDAP
2023-03,-1.25,104.25,30.433,6.1114,,,,,,0.4016,WPP_572_Samudera_Hindia_Barat,NOAA_ERDDAP
2023-03,-1.25,104.75,30.021,3.369,0.105,-0.1696,0.2772,,,0.3646,WPP_572_Samudera_Hindia_Barat,NOAA_ERDDAP
2023-03,-0.75,95.25,30.189,0.0438,-0.0197,0.06,-0.0486,,,0.293,WPP_572_Samudera_Hindia_Barat,NOAA_ERDDAP
2023-03,-0.75,95.75,30.23,0.0433,0.0333,-0.0576,-0.0474,,,0.2913,WPP_572_Samudera_Hindia_Barat,NOAA_ERDDAP
2023-03,-0.75,96.25,30.681,0.0463,0.0583,-0.1304,-0.039,,,0.2733,WPP_572_Samudera_Hindia_Barat,NOAA_ERDDAP
2023-03,-0.75,96.75,30.628,0.0459,0.084,-0.125,-0.0275,,,0.2754,WPP_572_Samudera_Hindia_Barat,NOAA_ERDDAP
2023-03,-0.75,97.25,30.389,0.053,0.1074,-0.0814,-0.0173,,,0.2851,WPP_572_Samudera_Hindia_Barat,NOAA_ERDDAP
2023-03,-0.75,97.75,30.274,0.066,0.0781,-0.0108,-0.0178,,,0.29,WPP_572_Samudera_Hindia_Barat,NOAA_ERDDAP
2023-03,-0.75,98.25,30.841,0.1041,0.0179,0.0258,-0.012,,,0.2681,WPP_572_Samudera_Hindia_Barat,NOAA_ERDDAP
2023-03,-0.75,98.75,30.374,0.1348,-0.0548,0.0671,-0.0125,,,0.2873,WPP_572_Samudera_Hindia_Barat,NOAA_ERDDAP
2023-03,-0.75,99.25,30.816,0.0838,-0.0879,0.1171,-0.0022,,,0.2687,WPP_572_Samudera_Hindia_Barat,NOAA_ERDDAP
2023-03,-0.75,99.75,30.563,0.0923,-0.1268,0.195,-0.0012,,,0.2789,WPP_572_Samudera_Hindia_Barat,NOAA_ERDDAP
2023-03,-0.75,100.25,30.382,0.2557,-0.182,0.3773,-0.0146,,,0.2894,WPP_572_Samudera_Hindia_Barat,NOAA_ERDDAP
2023-03,-0.75,103.75,31.505,6.0836,0.9144,-1.4807,0.2077,,,0.3582,WPP_572_Samudera_Hindia_Barat,NOAA_ERDDAP
2023-03,-0.75,104.25,30.462,3.9948,0.2838,-0.5491,0.2331,,,0.3591,WPP_572_Samudera_Hindia_Barat,NOAA_ERDDAP
2023-03,-0.75,104.75,29.707,2.581,0.042,-0.0362,0.24,,,0.3618,WPP_572_Samudera_Hindia_Barat,NOAA_ERDDAP
2023-03,-0.25,95.25,30.442,0.0425,0.0523,-0.0235,-0.0417,,,0.2828,WPP_572_Samudera_Hindia_Barat,NOAA_ERDDAP
2023-03,-0.25,95.75,30.198,0.0468,0.101,-0.0641,-0.0405,,,0.2927,WPP_572_Samudera_Hindia_Barat,NOAA_ERDDAP
2023-03,-0.25,96.25,30.318,0.0484,0.1303,-0.0918,-0.0325,,,0.2879,WPP_572_Samudera_Hindia_Barat,NOAA_ERDDAP
2023-03,-0.25,96.75,30.406,0.0576,0.139,-0.0872,-0.0212,,,0.2846,WPP_572_Samudera_Hindia_Barat,NOAA_ERDDAP
2023-03,-0.25,97.25,30.499,0.067,0.1253,-0.0424,-0.0057,,,0.281,WPP_572_Samudera_Hindia_Barat,NOAA_ERDDAP
2023-03,-0.25,97.75,30.943,0.0808,0.0983,0.0079,-0.0146,,,0.2635,WPP_572_Samudera_Hindia_Barat,NOAA_ERDDAP
2023-03,-0.25,98.25,30.795,0.1236,0.0727,0.0348,-0.0169,,,0.2703,WPP_572_Samudera_Hindia_Barat,NOAA_ERDDAP
2023-03,-0.25,98.75,30.636,0.1017,0.0498,0.0658,-0.0168,,,0.2762,WPP_572_Samudera_Hindia_Barat,NOAA_ERDDAP
2023-03,-0.25,99.25,30.808,0.0956,0.0105,0.1045,-0.0204,,,0.2692,WPP_572_Samudera_Hindia_Barat,NOAA_ERDDAP
2023-03,-0.25,99.75,30.571,0.5842,-0.0435,0.2066,-0.0163,,,0.2882,WPP_572_Samudera_Hindia_Barat,NOAA_ERDDAP
2023-03,-0.25,103.75,29.842,3.5195,0.3274,-0.8839,0.1863,,,0.3747,WPP_572_Samudera_Hindia_Barat,NOAA_ERDDAP
2023-03,-0.25,104.25,29.63,2.0498,-0.0463,-0.2665,0.218,,,0.3545,WPP_572_Samudera_Hindia_Barat,NOAA_ERDDAP
2023-03,-0.25,104.75,29.571,1.5144,-0.1305,0.0201,0.2225,,,0.3464,WPP_572_Samudera_Hindia_Barat,NOAA_ERDDAP
2023-03,0.25,95.25,30.634,0.0435,0.1081,-0.061,-0.0255,,,0.2752,WPP_572_Samudera_Hindia_Barat,NOAA_ERDDAP
2023-03,0.25,95.75,30.799,0.0494,0.1395,-0.0625,-0.0288,,,0.2687,WPP_572_Samudera_Hindia_Barat,NOAA_ERDDAP
2023-03,0.25,96.25,30.476,0.0553,0.167,-0.0565,-0.019,,,0.2817,WPP_572_Samudera_Hindia_Barat,NOAA_ERDDAP
2023-03,0.25,96.75,30.397,0.0671,0.1851,-0.0456,-0.0151,,,0.2851,WPP_572_Samudera_Hindia_Barat,NOAA_ERDDAP
2023-03,0.25,97.25,30.515,0.0763,0.1887,-0.0313,-0.0119,,,0.2806,WPP_572_Samudera_Hindia_Barat,NOAA_ERDDAP
2023-03,0.25,97.75,30.692,0.0947,0.1737,-0.0048,-0.0176,,,0.2738,WPP_572_Samudera_Hindia_Barat,NOAA_ERDDAP
2023-03,0.25,98.25,30.794,0.1729,0.1409,0.0336,-0.0201,,,0.2713,WPP_572_Samudera_Hindia_Barat,NOAA_ERDDAP
2023-03,0.25,98.75,30.947,0.2006,0.0911,0.07,-0.0121,,,0.2657,WPP_572_Samudera_Hindia_Barat,NOAA_ERDDAP
2023-03,0.25,99.25,30.698,1.0553,0.0306,0.1044,-0.0203,,,0.2923,WPP_572_Samudera_Hindia_Barat,NOAA_ERDDAP
2023-03,0.25,99.75,30.26,3.2046,-0.0355,0.2304,-0.0154,,,0.3518,WPP_572_Samudera_Hindia_Barat,NOAA_ERDDAP
2023-03,0.25,103.75,28.856,1.8483,,,,,,0.3815,WPP_572_Samudera_Hindia_Barat,NOAA_ERDDAP
2023-03,0.25,104.25,28.609,0.6568,-0.0925,-0.0327,0.2229,,,0.3681,WPP_572_Samudera_Hindia_Barat,NOAA_ERDDAP
2023-03,0.25,104.75,27.705,0.5824,-0.1543,0.102,0.2296,,,0.4028,WPP_572_Samudera_Hindia_Barat,NOAA_ERDDAP
2023-03,0.75,95.25,30.551,0.0496,0.1363,-0.0698,-0.0278,,,0.2786,WPP_572_Samudera_Hindia_Barat,NOAA_ERDDAP
2023-03,0.75,95.75,30.838,0.053,0.1706,-0.0543,-0.0192,,,0.2672,WPP_572_Samudera_Hindia_Barat,NOAA_ERDDAP
2023-03,0.75,96.25,30.908,0.059,0.2166,-0.045,-0.0164,,,0.2645,WPP_572_Samudera_Hindia_Barat,NOAA_ERDDAP
2023-03,0.75,96.75,30.292,0.0592,0.2432,-0.0353,-0.0103,,,0.2891,WPP_572_Samudera_Hindia_Barat,NOAA_ERDDAP
2023-03,0.75,97.25,29.812,0.0836,0.2375,-0.0335,-0.0106,,,0.3088,WPP_572_Samudera_Hindia_Barat,NOAA_ERDDAP
2023-03,0.75,97.75,30.508,0.1711,0.191,-0.0014,-0.0082,,,0.2827,WPP_572_Samudera_Hindia_Barat,NOAA_ERDDAP
2023-03,0.75,98.25,30.932,0.096,0.1478,0.065,-0.0042,,,0.2643,WPP_572_Samudera_Hindia_Barat,NOAA_ERDDAP
2023-03,0.75,98.75,30.531,0.2548,0.1042,0.1099,-0.003,,,0.2834,WPP_572_Samudera_Hindia_Barat,NOAA_ERDDAP
2023-03,0.75,103.75,29.121,2.2778,0.2899,0.3264,0.1769,,,0.3793,WPP_572_Samudera_Hindia_Barat,NOAA_ERDDAP
2023-03,0.75,104.25,28.991,1.6419,-0.1318,0.244,0.2248,,,0.3721,WPP_572_Samudera_Hindia_Barat,NOAA_ERDDAP
2023-03,0.75,104.75,28.243,0.6704,-0.155,0.123,0.2296,,,0.383,WPP_572_Samudera_Hindia_Barat,NOAA_ERDDAP
2023-03,1.25,104.25,28.586,2.2685,,,,,,0.4005,WPP_572_Samudera_Hindia_Barat,NOAA_ERDDAP
2023-03,1.25,104.75,28.566,0.6155,-0.1362,-0.0432,0.2434,,,0.369,WPP_572_Samudera_Hindia_Barat,NOAA_ERDDAP
2023-03,1.75,104.25,29.247,1.7741,,,,,,0.3644,WPP_572_Samudera_Hindia_Barat,NOAA_ERDDAP
2023-03,1.75,104.75,28.979,0.1569,0.0457,-0.3613,0.2351,,,0.3436,WPP_572_Samudera_Hindia_Barat,NOAA_ERDDAP
2023-01,-10.75,102.25,29.11,0.0446,0.0093,0.0952,0.1077,,,0.3361,WPP_573_Samudera_Hindia_Selatan,NOAA_ERDDAP
2023-01,-10.75,102.75,28.593,0.0441,0.0494,-0.0647,0.0967,,,0.3568,WPP_573_Samudera_Hindia_Selatan,NOAA_ERDDAP
2023-01,-10.75,103.25,28.996,0.0462,-0.0714,0.13,0.094,,,0.3407,WPP_573_Samudera_Hindia_Selatan,NOAA_ERDDAP
2023-01,-10.75,103.75,28.881,0.0447,-0.149,-0.0178,0.0844,,,0.3453,WPP_573_Samudera_Hindia_Selatan,NOAA_ERDDAP
2023-01,-10.75,104.25,28.472,0.0459,-0.0749,0.1084,0.094,,,0.3617,WPP_573_Samudera_Hindia_Selatan,NOAA_ERDDAP
2023-01,-10.75,104.75,28.742,0.0472,-0.032,-0.1371,0.0887,,,0.3509,WPP_573_Samudera_Hindia_Selatan,NOAA_ERDDAP
2023-01,-10.75,105.25,28.846,0.0537,0.1454,-0.037,0.1042,,,0.3469,WPP_573_Samudera_Hindia_Selatan,NOAA_ERDDAP
2023-01,-10.75,105.75,28.817,0.0548,0.214,0.0786,0.1186,,,0.3481,WPP_573_Samudera_Hindia_Selatan,NOAA_ERDDAP
2023-01,-10.75,106.25,28.777,0.0541,0.1779,0.0232,0.1082,,,0.3496,WPP_573_Samudera_Hindia_Selatan,NOAA_ERDDAP
2023-01,-10.75,106.75,28.693,0.0514,0.1054,0.1048,0.0909,,,0.3529,WPP_573_Samudera_Hindia_Selatan,NOAA_ERDDAP
2023-01,-10.75,107.25,28.823,0.052,0.0657,0.2775,0.0631,,,0.3478,WPP_573_Samudera_Hindia_Selatan,NOAA_ERDDAP
2023-01,-10.75,107.75,28.925,0.0534,0.1746,-0.1691,0.058,,,0.3437,WPP_573_Samudera_Hindia_Selatan,NOAA_ERDDAP
2023-01,-10.75,108.25,29.042,0.0585,0.3584,-0.2865,0.0984,,,0.3391,WPP_573_Samudera_Hindia_Selatan,NOAA_ERDDAP
2023-01,-10.75,108.75,29.068,0.0543,0.4592,0.0046,0.1221,,,0.338,WPP_573_Samudera_Hindia_Selatan,NOAA_ERDDAP
2023-01,-10.75,109.25,29.37,0.0589,0.5007,-0.3467,0.1583,,,0.326,WPP_573_Samudera_Hindia_Selatan,NOAA_ERDDAP
2023-01,-10.75,109.75,29.356,0.0574,0.3006,-0.131,0.2032,,,0.3265,WPP_573_Samudera_Hindia_Selatan,NOAA_ERDDAP
2023-01,-10.75,110.25,29.068,0.0648,0.2731,-0.0721,0.2119,,,0.3382,WPP_573_Samudera_Hindia_Selatan,NOAA_ERDDAP
2023-01,-10.75,110.75,28.822,0.0605,0.2254,-0.0024,0.2233,,,0.348,WPP_573_Samudera_Hindia_Selatan,NOAA_ERDDAP
2023-01,-10.75,111.25,28.775,0.0615,0.0968,0.1062,0.2157,,,0.3499,WPP_573_Samudera_Hindia_Selatan,NOAA_ERDDAP
2023-01,-10.75,111.75,28.873,0.0633,-0.0195,0.0514,0.2019,,,0.346,WPP_573_Samudera_Hindia_Selatan,NOAA_ERDDAP
2023-01,-10.75,112.25,29.097,0.0603,0.0681,-0.0014,0.2144,,,0.337,WPP_573_Samudera_Hindia_Selatan,NOAA_ERDDAP
2023-01,-10.75,112.75,29.164,0.059,0.0531,-0.0611,0.2002,,,0.3343,WPP_573_Samudera_Hindia_Selatan,NOAA_ERDDAP
2023-01,-10.75,113.25,28.853,0.0569,-0.0259,0.1269,0.2003,,,0.3467,WPP_573_Samudera_Hindia_Selatan,NOAA_ERDDAP
2023-01,-10.75,113.75,29.073,0.0521,-0.0293,0.0025,0.1728,,,0.3378,WPP_573_Samudera_Hindia_Selatan,NOAA_ERDDAP
2023-01,-10.75,114.25,29.088,0.0541,0.2193,-0.0393,0.1764,,,0.3372,WPP_573_Samudera_Hindia_Selatan,NOAA_ERDDAP
2023-01,-10.75,114.75,29.363,0.0621,0.1464,0.1588,0.1657,,,0.3264,WPP_573_Samudera_Hindia_Selatan,NOAA_ERDDAP
2023-01,-10.25,102.25,29.539,0.0402,-0.0388,0.0444,0.1238,,,0.3189,WPP_573_Samudera_Hindia_Selatan,NOAA_ERDDAP
2023-01,-10.25,102.75,29.133,0.0404,0.0302,0.0204,0.1083,,,0.3351,WPP_573_Samudera_Hindia_Selatan,NOAA_ERDDAP
2023-01,-10.25,103.25,29.037,0.0405,0.0268,0.1213,0.1041,,,0.339,WPP_573_Samudera_Hindia_Selatan,NOAA_ERDDAP
2023-01,-10.25,103.75,29.366,0.0426,0.0583,-0.0223,0.1023,,,0.3259,WPP_573_Samudera_Hindia_Selatan,NOAA_ERDDAP
2023-01,-10.25,104.25,29.626,0.0428,0.1717,-0.0132,0.1078,,,0.3155,WPP_573_Samudera_Hindia_Selatan,NOAA_ERDDAP
2023-01,-10.25,104.75,29.358,0.0477,0.1798,-0.1541,0.1103,,,0.3263,WPP_573_Samudera_Hindia_Selatan,NOAA_ERDDAP
2023-01,-10.25,105.25,29.576,0.0521,0.1769,-0.0846,0.145,,,0.3176,WPP_573_Samudera_Hindia_Selatan,NOAA_ERDDAP
2023-01,-10.25,105.75,29.322,0.0545,0.268,-0.0821,0.1713,,,0.3278,WPP_573_Samudera_Hindia_Selatan,NOAA_ERDDAP
2023-01,-10.25,106.25,29.258,0.0555,0.3465,0.0009,0.1663,,,0.3304,WPP_573_Samudera_Hindia_Selatan,NOAA_ERDDAP
2023-01,-10.25,106.75,28.892,0.0502,0.4394,0.3007,0.1471,,,0.345,WPP_573_Samudera_Hindia_Selatan,NOAA_ERDDAP
2023-01,-10.25,107.25,29.016,0.0517,0.5928,0.035,0.1249,,,0.34,WPP_573_Samudera_Hindia_Selatan,NOAA_ERDDAP
2023-01,-10.25,107.75,29.138,0.0489,0.6392,-0.2948,0.1492,,,0.3351,WPP_573_Samudera_Hindia_Selatan,NOAA_ERDDAP
2023-01,-10.25,108.25,29.279,0.0457,0.5839,-0.2105,0.191,,,0.3294,WPP_573_Samudera_Hindia_Selatan,NOAA_ERDDAP
2023-01,-10.25,108.75,29.28,0.0555,0.4091,-0.1142,0.2243,,,0.3295,WPP_573_Samudera_Hindia_Selatan,NOAA_ERDDAP
2023-01,-10.25,109.25,29.372,0.0588,0.4506,-0.1648,0.2592,,,0.3259,WPP_573_Samudera_Hindia_Selatan,NOAA_ERDDAP
2023-01,-10.25,109.75,29.278,0.0685,0.1766,0.0245,0.2678,,,0.3299,WPP_573_Samudera_Hindia_Selatan,NOAA_ERDDAP
2023-01,-10.25,110.25,29.076,0.0654,0.2069,-0.0593,0.2756,,,0.3379,WPP_573_Samudera_Hindia_Selatan,NOAA_ERDDAP
2023-01,-10.25,110.75,28.839,0.0558,0.1077,0.2293,0.2752,,,0.3472,WPP_573_Samudera_Hindia_Selatan,NOAA_ERDDAP
2023-01,-10.25,111.25,28.826,0.0641,-0.0222,0.1274,0.2515,,,0.3479,WPP_573_Samudera_Hindia_Selatan,NOAA_ERDDAP
2023-01,-10.25,111.75,28.869,0.0634,-0.059,0.0276,0.2326,,,0.3461,WPP_573_Samudera_Hindia_Selatan,NOAA_ERDDAP
2023-01,-10.25,112.25,29.247,0.0623,0.0329,-0.0587,0.2508,,,0.331,WPP_573_Samudera_Hindia_Selatan,NOAA_ERDDAP
2023-01,-10.25,112.75,29.181,0.0613,0.2149,-0.1174,0.2646,,,0.3336,WPP_573_Samudera_Hindia_Selatan,NOAA_ERDDAP
2023-01,-10.25,113.25,29.086,0.0608,0.19,0.1939,0.2331,,,0.3374,WPP_573_Samudera_Hindia_Selatan,NOAA_ERDDAP
2023-01,-10.25,113.75,29.114,0.0575,0.1854,0.0171,0.1896,,,0.3362,WPP_573_Samudera_Hindia_Selatan,NOAA_ERDDAP
2023-01,-10.25,114.25,28.846,0.0602,-0.0564,-0.1294,0.1915,,,0.347,WPP_573_Samudera_Hindia_Selatan,NOAA_ERDDAP
2023-01,-10.25,114.75,28.844,0.065,-0.0044,0.175,0.1872,,,0.3472,WPP_573_Samudera_Hindia_Selatan,NOAA_ERDDAP
2023-01,-9.75,102.25,29.441,0.0345,0.0237,-0.0052,0.1365,,,0.3227,WPP_573_Samudera_Hindia_Selatan,NOAA_ERDDAP
2023-01,-9.75,102.75,29.591,0.038,-0.0036,0.0434,0.1304,,,0.3168,WPP_573_Samudera_Hindia_Selatan,NOAA_ERDDAP
2023-01,-9.75,103.25,29.491,0.0435,0.1502,-0.1073,0.1376,,,0.3209,WPP_573_Samudera_Hindia_Selatan,NOAA_ERDDAP
2023-01,-9.75,103.75,29.732,0.0443,0.3241,0.0736,0.1416,,,0.3113,WPP_573_Samudera_Hindia_Selatan,NOAA_ERDDAP
2023-01,-9.75,104.25,29.79,0.0445,0.1929,-0.0597,0.1389,,,0.3089,WPP_573_Samudera_Hindia_Selatan,NOAA_ERDDAP
2023-01,-9.75,104.75,30.666,0.0513,0.079,-0.1395,0.1532,,,0.274,WPP_573_Samudera_Hindia_Selatan,NOAA_ERDDAP
2023-01,-9.75,105.25,30.482,0.0465,0.0731,-0.1349,0.1851,,,0.2813,WPP_573_Samudera_Hindia_Selatan,NOAA_ERDDAP
2023-01,-9.75,105.75,29.593,0.0542,0.0704,-0.2851,0.2033,,,0.317,WPP_573_Samudera_Hindia_Selatan,NOAA_ERDDAP
2023-01,-9.75,106.25,29.712,0.0504,0.3186,0.028,0.2348,,,0.3122,WPP_573_Samudera_Hindia_Selatan,NOAA_ERDDAP
2023-01,-9.75,106.75,29.449,0.0492,0.481,0.1417,0.2446,,,0.3227,WPP_573_Samudera_Hindia_Selatan,NOAA_ERDDAP
2023-01,-9.75,107.25,29.363,0.0509,0.5172,0.0104,0.2283,,,0.3261,WPP_573_Samudera_Hindia_Selatan,NOAA_ERDDAP
2023-01,-9.75,107.75,29.412,0.0532,0.39,-0.2407,0.2443,,,0.3242,WPP_573_Samudera_Hindia_Selatan,NOAA_ERDDAP
2023-01,-9.75,108.25,29.498,0.0561,0.3443,-0.0695,0.2725,,,0.3208,WPP_573_Samudera_Hindia_Selatan,NOAA_ERDDAP
2023-01,-9.75,108.75,29.388,0.0597,0.3653,-0.203,0.2942,,,0.3253,WPP_573_Samudera_Hindia_Selatan,NOAA_ERDDAP
2023-01,-9.75,109.25,29.366,0.069,0.1057,0.057,0.3133,,,0.3264,WPP_573_Samudera_Hindia_Selatan,NOAA_ERDDAP
2023-01,-9.75,109.75,29.388,0.0705,0.029,0.1699,0.3059,,,0.3255,WPP_573_Samudera_Hindia_Selatan,NOAA_ERDDAP
2023-01,-9.75,110.25,29.231,0.0663,-0.0416,-0.0226,0.3087,,,0.3317,WPP_573_Samudera_Hindia_Selatan,NOAA_ERDDAP
2023-01,-9.75,110.75,28.674,0.053,-0.0745,0.2303,0.293,,,0.3537,WPP_573_Samudera_Hindia_Selatan,NOAA_ERDDAP
2023-01,-9.75,111.25,28.996,0.0553,-0.1939,0.2634,0.2539,,,0.3409,WPP_573_Samudera_Hindia_Selatan,NOAA_ERDDAP
2023-01,-9.75,111.75,28.603,0.0572,-0.144,0.0051,0.2295,,,0.3567,WPP_573_Samudera_Hindia_Selatan,NOAA_ERDDAP
2023-01,-9.75,112.25,28.804,0.0566,-0.1784,-0.2859,0.2524,,,0.3486,WPP_573_Samudera_Hindia_Selatan,NOAA_ERDDAP
2023-01,-9.75,112.75,28.906,0.0598,-0.0615,-0.1715,0.2794,,,0.3446,WPP_573_Samudera_Hindia_Selatan,NOAA_ERDDAP
2023-01,-9.75,113.25,28.896,0.0612,0.0225,0.1814,0.2577,,,0.345,WPP_573_Samudera_Hindia_Selatan,NOAA_ERDDAP
2023-01,-9.75,113.75,29.099,0.0496,0.1923,0.0951,0.2485,,,0.3367,WPP_573_Samudera_Hindia_Selatan,NOAA_ERDDAP
2023-01,-9.75,114.25,28.936,0.0522,0.1094,-0.0512,0.2396,,,0.3432,WPP_573_Samudera_Hindia_Selatan,NOAA_ERDDAP
2023-01,-9.75,114.75,29.001,0.0576,0.1114,0.1941,0.212,,,0.3408,WPP_573_Samudera_Hindia_Selatan,NOAA_ERDDAP
2023-01,-9.25,102.25,29.129,0.0322,-0.1358,-0.0698,0.1405,,,0.3351,WPP_573_Samudera_Hindia_Selatan,NOAA_ERDDAP
2023-01,-9.25,102.75,29.071,0.0381,-0.0012,0.0244,0.1447,,,0.3376,WPP_573_Samudera_Hindia_Selatan,NOAA_ERDDAP
2023-01,-9.25,103.25,29.471,0.0426,-0.0214,-0.1627,0.1614,,,0.3217,WPP_573_Samudera_Hindia_Selatan,NOAA_ERDDAP
2023-01,-9.25,103.75,29.477,0.0432,-0.1173,0.1172,0.1692,,,0.3214,WPP_573_Samudera_Hindia_Selatan,NOAA_ERDDAP
2023-01,-9.25,104.25,29.454,0.0448,-0.0962,0.0075,0.1628,,,0.3224,WPP_573_Samudera_Hindia_Selatan,NOAA_ERDDAP
2023-01,-9.25,104.75,29.798,0.0438,-0.0382,-0.1689,0.1741,,,0.3086,WPP_573_Samudera_Hindia_Selatan,NOAA_ERDDAP
2023-01,-9.25,105.25,29.694,0.048,0.0105,-0.278,0.1987,,,0.3128,WPP_573_Samudera_Hindia_Selatan,NOAA_ERDDAP
2023-01,-9.25,105.75,29.233,0.0491,0.0419,-0.2458,0.2345,,,0.3313,WPP_573_Samudera_Hindia_Selatan,NOAA_ERDDAP
2023-01,-9.25,106.25,29.471,0.0446,-0.046,-0.0864,0.2565,,,0.3217,WPP_573_Samudera_Hindia_Selatan,NOAA_ERDDAP
2023-01,-9.25,106.75,29.814,0.053,-0.0687,-0.0747,0.2687,,,0.3081,WPP_573_Samudera_Hindia_Selatan,NOAA_ERDDAP
2023-01,-9.25,107.25,29.676,0.0616,0.1056,-0.0058,0.2701,,,0.3138,WPP_573_Samudera_Hindia_Selatan,NOAA_ERDDAP
2023-01,-9.25,107.75,29.397,0.0562,0.0799,-0.1083,0.2826,,,0.3249,WPP_573_Samudera_Hindia_Selatan,NOAA_ERDDAP
2023-01,-9.25,108.25,29.633,0.0606,-0.1016,-0.1339,0.3095,,,0.3155,WPP_573_Samudera_Hindia_Selatan,NOAA_ERDDAP
2023-01,-9.25,108.75,29.533,0.0683,-0.1598,0.007,0.3275,,,0.3197,WPP_573_Samudera_Hindia_Selatan,NOAA_ERDDAP
2023-01,-9.25,109.25,29.371,0.0818,-0.2113,0.206,0.3248,,,0.3264,WPP_573_Samudera_Hindia_Selatan,NOAA_ERDDAP
2023-01,-9.25,109.75,29.45,0.0727,-0.16,0.2072,0.309,,,0.3231,WPP_573_Samudera_Hindia_Selatan,NOAA_ERDDAP
2023-01,-9.25,110.25,29.26,0.0614,-0.2938,0.0321,0.2973,,,0.3305,WPP_573_Samudera_Hindia_Selatan,NOAA_ERDDAP
2023-01,-9.25,110.75,28.984,0.0548,-0.325,0.2704,0.2811,,,0.3414,WPP_573_Samudera_Hindia_Selatan,NOAA_ERDDAP
2023-01,-9.25,111.25,28.703,0.0509,-0.1928,0.2538,0.233,,,0.3525,WPP_573_Samudera_Hindia_Selatan,NOAA_ERDDAP
2023-01,-9.25,111.75,28.697,0.0538,-0.1224,0.2427,0.2064,,,0.3528,WPP_573_Samudera_Hindia_Selatan,NOAA_ERDDAP
2023-01,-9.25,112.25,28.924,0.0531,-0.2441,-0.4299,0.2264,,,0.3437,WPP_573_Samudera_Hindia_Selatan,NOAA_ERDDAP
2023-01,-9.25,112.75,29.039,0.0583,-0.3606,-0.1823,0.2659,,,0.3392,WPP_573_Samudera_Hindia_Selatan,NOAA_ERDDAP
2023-01,-9.25,113.25,28.881,0.0573,-0.2461,0.2056,0.2698,,,0.3455,WPP_573_Samudera_Hindia_Selatan,NOAA_ERDDAP
2023-01,-9.25,113.75,28.9,0.0634,-0.2821,-0.0855,0.2569,,,0.3449,WPP_573_Samudera_Hindia_Selatan,NOAA_ERDDAP
2023-01,-9.25,114.25,28.688,0.0563,-0.0693,-0.1559,0.2561,,,0.3532,WPP_573_Samudera_Hindia_Selatan,NOAA_ERDDAP
2023-01,-9.25,114.75,28.788,0.0585,0.2532,-0.1336,0.2601,,,0.3493,WPP_573_Samudera_Hindia_Selatan,NOAA_ERDDAP
2023-01,-8.75,102.25,29.046,0.0364,-0.0719,-0.0006,0.1512,,,0.3385,WPP_573_Samudera_Hindia_Selatan,NOAA_ERDDAP
2023-01,-8.75,102.75,29.394,0.0426,-0.0081,-0.0652,0.152,,,0.3247,WPP_573_Samudera_Hindia_Selatan,NOAA_ERDDAP
2023-01,-8.75,103.25,29.263,0.0459,-0.0809,-0.1129,0.1645,,,0.33,WPP_573_Samudera_Hindia_Selatan,NOAA_ERDDAP
2023-01,-8.75,103.75,29.414,0.0486,-0.1405,0.0361,0.1651,,,0.3241,WPP_573_Samudera_Hindia_Selatan,NOAA_ERDDAP
2023-01,-8.75,104.25,29.666,0.0446,-0.0131,-0.0414,0.1717,,,0.3139,WPP_573_Samudera_Hindia_Selatan,NOAA_ERDDAP
2023-01,-8.75,104.75,29.282,0.0454,0.0227,-0.1308,0.1798,,,0.3293,WPP_573_Samudera_Hindia_Selatan,NOAA_ERDDAP
2023-01,-8.75,105.25,29.382,0.0515,-0.0677,-0.2041,0.2036,,,0.3254,WPP_573_Samudera_Hindia_Selatan,NOAA_ERDDAP
2023-01,-8.75,105.75,28.992,0.0474,0.0236,-0.3401,0.2388,,,0.3409,WPP_573_Samudera_Hindia_Selatan,NOAA_ERDDAP
2023-01,-8.75,106.25,29.001,0.0692,-0.0748,0.0741,0.2526,,,0.341,WPP_573_Samudera_Hindia_Selatan,NOAA_ERDDAP
2023-01,-8.75,106.75,29.759,0.0678,-0.2076,-0.1611,0.2633,,,0.3106,WPP_573_Samudera_Hindia_Selatan,NOAA_ERDDAP
2023-01,-8.75,107.25,29.645,0.0904,-0.2222,0.0225,0.2815,,,0.3156,WPP_573_Samudera_Hindia_Selatan,NOAA_ERDDAP
2023-01,-8.75,107.75,29.366,0.0854,-0.2096,0.0997,0.2794,,,0.3267,WPP_573_Samudera_Hindia_Selatan,NOAA_ERDDAP
2023-01,-8.75,108.25,29.468,0.0726,-0.4664,-0.1065,0.2699,,,0.3224,WPP_573_Samudera_Hindia_Selatan,NOAA_ERDDAP
2023-01,-8.75,108.75,29.192,0.0592,-0.4908,0.0175,0.2892,,,0.3331,WPP_573_Samudera_Hindia_Selatan,NOAA_ERDDAP
2023-01,-8.75,109.25,29.157,0.0519,-0.5166,0.1756,0.2931,,,0.3344,WPP_573_Samudera_Hindia_Selatan,NOAA_ERDDAP
2023-01,-8.75,109.75,29.096,0.0644,-0.426,0.1569,0.2715,,,0.3371,WPP_573_Samudera_Hindia_Selatan,NOAA_ERDDAP
2023-01,-8.75,110.25,29.122,0.0618,-0.3481,0.1483,0.2511,,,0.336,WPP_573_Samudera_Hindia_Selatan,NOAA_ERDDAP
2023-01,-8.75,110.75,29.284,0.0611,-0.3144,0.1399,0.2394,,,0.3295,WPP_573_Samudera_Hindia_Selatan,NOAA_ERDDAP
2023-01,-8.75,111.25,29.234,0.0609,0.1809,0.0335,0.2339,,,0.3315,WPP_573_Samudera_Hindia_Selatan,NOAA_ERDDAP
2023-01,-8.75,111.75,29.265,0.0595,0.238,0.0636,0.2293,,,0.3302,WPP_573_Samudera_Hindia_Selatan,NOAA_ERDDAP
2023-01,-8.75,112.25,29.444,0.0657,0.1049,0.0287,0.2378,,,0.3232,WPP_573_Samudera_Hindia_Selatan,NOAA_ERDDAP
2023-01,-8.75,112.75,29.136,0.0818,-0.125,-0.2547,0.2498,,,0.3358,WPP_573_Samudera_Hindia_Selatan,NOAA_ERDDAP
2023-01,-8.75,113.25,29.257,0.1061,-0.3117,0.1998,0.2586,,,0.3315,WPP_573_Samudera_Hindia_Selatan,NOAA_ERDDAP
2023-01,-8.75,113.75,29.397,0.1373,-0.4338,-0.2953,0.231,,,0.3265,WPP_573_Samudera_Hindia_Selatan,NOAA_ERDDAP
2023-01,-8.75,114.25,29.231,0.1882,-0.0043,-0.2896,0.2611,,,0.3341,WPP_573_Samudera_Hindia_Selatan,NOAA_ERDDAP
2023-01,-8.75,114.75,28.888,0.1241,-0.0509,-0.3944,0.2947,,,0.3466,WPP_573_Samudera_Hindia_Selatan,NOAA_ERDDAP
2023-01,-8.25,102.25,28.626,0.0504,-0.2653,0.014,0.139,,,0.3556,WPP_573_Samudera_Hindia_Selatan,NOAA_ERDDAP
2023-01,-8.25,102.75,28.962,0.0534,-0.139,-0.1162,0.1465,,,0.3422,WPP_573_Samudera_Hindia_Selatan,NOAA_ERDDAP
2023-01,-8.25,103.25,29.167,0.052,-0.064,-0.0147,0.1593,,,0.334,WPP_573_Samudera_Hindia_Selatan,NOAA_ERDDAP
2023-01,-8.25,103.75,29.381,0.0551,-0.1332,-0.0605,0.1569,,,0.3255,WPP_573_Samudera_Hindia_Selatan,NOAA_ERDDAP
2023-01,-8.25,104.25,29.336,0.0578,-0.0398,-0.1353,0.1879,,,0.3274,WPP_573_Samudera_Hindia_Selatan,NOAA_ERDDAP
2023-01,-8.25,104.75,29.841,0.0505,0.171,-0.1954,0.1993,,,0.307,WPP_573_Samudera_Hindia_Selatan,NOAA_ERDDAP
2023-01,-8.25,105.25,29.209,0.0505,0.0183,-0.1344,0.2135,,,0.3323,WPP_573_Samudera_Hindia_Selatan,NOAA_ERDDAP
2023-01,-8.25,105.75,29.573,0.0519,-0.1825,-0.2712,0.2305,,,0.3178,WPP_573_Samudera_Hindia_Selatan,NOAA_ERDDAP
2023-01,-8.25,106.25,29.189,0.0646,-0.3603,0.2584,0.243,,,0.3334,WPP_573_Samudera_Hindia_Selatan,NOAA_ERDDAP
2023-01,-8.25,106.75,29.762,0.0976,-0.3739,-0.1447,0.24,,,0.3111,WPP_573_Samudera_Hindia_Selatan,NOAA_ERDDAP
2023-01,-8.25,107.25,29.675,0.115,-0.4052,-0.0259,0.2401,,,0.3149,WPP_573_Samudera_Hindia_Selatan,NOAA_ERDDAP
2023-01,-8.25,107.75,29.173,0.0834,-0.2885,0.1266,0.2481,,,0.3344,WPP_573_Samudera_Hindia_Selatan,NOAA_ERDDAP
2023-01,-8.25,108.25,29.044,0.0822,-0.1822,0.2575,0.2312,,,0.3395,WPP_573_Samudera_Hindia_Selatan,NOAA_ERDDAP
2023-01,-8.25,108.75,29.327,0.065,-0.4084,0.003,0.2313,,,0.3279,WPP_573_Samudera_Hindia_Selatan,NOAA_ERDDAP
2023-01,-8.25,109.25,28.944,0.0791,-0.4314,0.1092,0.2291,,,0.3434,WPP_573_Samudera_Hindia_Selatan,NOAA_ERDDAP
2023-01,-8.25,109.75,28.975,0.0674,-0.4861,0.0086,0.2142,,,0.342,WPP_573_Samudera_Hindia_Selatan,NOAA_ERDDAP
2023-01,-8.25,110.25,29.179,0.1696,-0.1621,0.0834,0.2114,,,0.3358,WPP_573_Samudera_Hindia_Selatan,NOAA_ERDDAP
2023-01,-8.25,110.75,29.448,0.1588,-0.375,-0.1477,0.2187,,,0.3248,WPP_573_Samudera_Hindia_Selatan,NOAA_ERDDAP
2023-01,-8.25,111.25,29.22,0.1888,-0.1571,-0.3998,0.2601,,,0.3346,WPP_573_Samudera_Hindia_Selatan,NOAA_ERDDAP
2023-01,-8.25,111.75,29.146,0.2639,-0.0937,0.3054,0.255,,,0.339,WPP_573_Samudera_Hindia_Selatan,NOAA_ERDDAP
2023-01,-8.25,112.25,29.603,0.0965,-0.0928,0.4121,0.2315,,,0.3174,WPP_573_Samudera_Hindia_Selatan,NOAA_ERDDAP
2023-01,-8.25,112.75,29.188,0.1847,-0.0314,0.053,0.216,,,0.3358,WPP_573_Samudera_Hindia_Selatan,NOAA_ERDDAP
2023-01,-8.25,113.25,29.837,0.7075,-0.0143,0.0819,0.2236,,,0.32,WPP_573_Samudera_Hindia_Selatan,NOAA_ERDDAP
2023-01,-8.25,114.25,29.675,0.1965,,,,,,0.3165,WPP_573_Samudera_Hindia_Selatan,NOAA_ERDDAP
2023-01,-8.25,114.75,29.198,0.2831,-0.8185,-0.5426,0.2373,,,0.3373,WPP_573_Samudera_Hindia_Selatan,NOAA_ERDDAP
2023-01,-7.75,102.25,29.437,0.0532,0.076,-0.0578,0.1182,,,0.3232,WPP_573_Samudera_Hindia_Selatan,NOAA_ERDDAP
2023-01,-7.75,102.75,28.93,0.056,0.093,-0.0839,0.1449,,,0.3436,WPP_573_Samudera_Hindia_Selatan,NOAA_ERDDAP
2023-01,-7.75,103.25,28.691,0.0618,-0.0482,-0.0929,0.1594,,,0.3532,WPP_573_Samudera_Hindia_Selatan,NOAA_ERDDAP
2023-01,-7.75,103.75,28.927,0.0631,0.0238,-0.0391,0.1572,,,0.3438,WPP_573_Samudera_Hindia_Selatan,NOAA_ERDDAP
2023-01,-7.75,104.25,28.783,0.0567,0.055,-0.0601,0.1849,,,0.3495,WPP_573_Samudera_Hindia_Selatan,NOAA_ERDDAP
2023-01,-7.75,104.75,28.643,0.0605,-0.1328,-0.3641,0.1969,,,0.3551,WPP_573_Samudera_Hindia_Selatan,NOAA_ERDDAP
2023-01,-7.75,105.25,29.095,0.0561,-0.1093,0.0417,0.2058,,,0.337,WPP_573_Samudera_Hindia_Selatan,NOAA_ERDDAP
2023-01,-7.75,105.75,29.184,0.0545,-0.2298,-0.0403,0.2047,,,0.3334,WPP_573_Samudera_Hindia_Selatan,NOAA_ERDDAP
2023-01,-7.75,106.25,29.27,0.1119,-0.4336,0.3795,0.1932,,,0.331,WPP_573_Samudera_Hindia_Selatan,NOAA_ERDDAP
2023-01,-7.75,106.75,29.473,0.1382,-0.592,-0.1179,0.1681,,,0.3234,WPP_573_Samudera_Hindia_Selatan,NOAA_ERDDAP
2023-01,-7.75,107.25,29.429,0.118,-0.6664,-0.1947,0.1726,,,0.3248,WPP_573_Samudera_Hindia_Selatan,NOAA_ERDDAP
2023-01,-7.75,107.75,29.464,0.3676,-0.7792,0.0881,0.1935,,,0.3283,WPP_573_Samudera_Hindia_Selatan,NOAA_ERDDAP
2023-01,-7.75,108.25,29.517,0.8001,-0.1435,0.222,0.1951,,,0.3346,WPP_573_Samudera_Hindia_Selatan,NOAA_ERDDAP
2023-01,-7.75,108.75,29.951,0.3364,0.0485,0.1871,0.1662,,,0.3082,WPP_573_Samudera_Hindia_Selatan,NOAA_ERDDAP
2023-01,-7.75,109.25,30.218,0.6658,0.0639,0.1059,0.1642,,,0.3039,WPP_573_Samudera_Hindia_Selatan,NOAA_ERDDAP
2023-01,-7.75,109.75,30.0,0.333,0.1723,-0.1543,0.1755,,,0.3062,WPP_573_Samudera_Hindia_Selatan,NOAA_ERDDAP
2023-01,-7.75,110.25,29.58,0.6879,0.0176,-0.2036,0.196,,,0.3299,WPP_573_Samudera_Hindia_Selatan,NOAA_ERDDAP
2023-01,-7.75,113.25,30.659,0.2966,,,,,,0.2791,WPP_573_Samudera_Hindia_Selatan,NOAA_ERDDAP
2023-01,-7.75,113.75,29.995,0.2751,,,,,,0.3052,WPP_573_Samudera_Hindia_Selatan,NOAA_ERDDAP
2023-01,-7.75,114.25,28.973,0.2305,,,,,,0.3452,WPP_573_Samudera_Hindia_Selatan,NOAA_ERDDAP
2023-01,-7.75,114.75,29.415,0.2341,-0.2672,0.1056,0.1529,,,0.3276,WPP_573_Samudera_Hindia_Selatan,NOAA_ERDDAP
2023-01,-7.25,102.25,29.171,0.0561,0.1455,-0.1259,0.1421,,,0.3339,WPP_573_Samudera_Hindia_Selatan,NOAA_ERDDAP
2023-01,-7.25,102.75,28.742,0.0484,0.009,-0.0948,0.1542,,,0.3509,WPP_573_Samudera_Hindia_Selatan,NOAA_ERDDAP
2023-01,-7.25,103.25,28.424,0.1035,-0.0647,0.1008,0.1576,,,0.3647,WPP_573_Samudera_Hindia_Selatan,NOAA_ERDDAP
2023-01,-7.25,103.75,28.341,0.0794,0.0118,-0.0253,0.1549,,,0.3676,WPP_573_Samudera_Hindia_Selatan,NOAA_ERDDAP
2023-01,-7.25,104.25,28.602,0.0777,-0.0085,-0.1827,0.1699,,,0.3571,WPP_573_Samudera_Hindia_Selatan,NOAA_ERDDAP
2023-01,-7.25,104.75,28.788,0.0622,-0.1985,-0.1583,0.176,,,0.3494,WPP_573_Samudera_Hindia_Selatan,NOAA_ERDDAP
2023-01,-7.25,105.25,28.524,0.0741,-0.2612,0.2494,0.194,,,0.3602,WPP_573_Samudera_Hindia_Selatan,NOAA_ERDDAP
2023-01,-7.25,105.75,28.82,0.078,-0.3524,-0.1889,0.1686,,,0.3484,WPP_573_Samudera_Hindia_Selatan,NOAA_ERDDAP
2023-01,-7.25,106.25,29.272,0.4207,-0.133,0.3474,0.1419,,,0.337,WPP_573_Samudera_Hindia_Selatan,NOAA_ERDDAP
2023-01,-7.25,106.75,29.133,1.6201,0.1353,-0.2616,0.1052,,,0.366,WPP_573_Samudera_Hindia_Selatan,NOAA_ERDDAP
2023-01,-7.25,112.75,31.169,2.7942,,,,,,0.3074,WPP_573_Samudera_Hindia_Selatan,NOAA_ERDDAP
2023-01,-7.25,113.25,30.873,0.7591,0.7309,0.6029,0.1361,,,0.2796,WPP_573_Samudera_Hindia_Selatan,NOAA_ERDDAP
2023-01,-7.25,113.75,30.468,1.1659,0.1056,0.1249,0.1075,,,0.3037,WPP_573_Samudera_Hindia_Selatan,NOAA_ERDDAP
2023-01,-7.25,114.25,29.458,0.7549,1.0494,0.0549,0.1037,,,0.3361,WPP_573_Samudera_Hindia_Selatan,NOAA_ERDDAP
2023-01,-7.25,114.75,29.273,0.292,0.7678,-0.3765,0.1488,,,0.3344,WPP_573_Samudera_Hindia_Selatan,NOAA_ERDDAP
2023-01,-6.75,102.25,29.131,0.0638,-0.0266,-0.0817,0.1342,,,0.3357,WPP_573_Samudera_Hindia_Selatan,NOAA_ERDDAP
2023-01,-6.75,102.75,29.147,0.0671,-0.1471,0.1362,0.1463,,,0.3351,WPP_573_Samudera_Hindia_Selatan,NOAA_ERDDAP
2023-01,-6.75,103.25,28.759,0.0661,-0.1385,-0.0478,0.1423,,,0.3506,WPP_573_Samudera_Hindia_Selatan,NOAA_ERDDAP
2023-01,-6.75,103.75,28.904,0.0804,-0.2981,-0.0211,0.1326,,,0.3451,WPP_573_Samudera_Hindia_Selatan,NOAA_ERDDAP
2023-01,-6.75,104.25,28.933,0.0812,-0.3613,-0.3954,0.1474,,,0.3439,WPP_573_Samudera_Hindia_Selatan,NOAA_ERDDAP
2023-01,-6.75,104.75,28.701,0.0691,0.0555,0.3393,0.1663,,,0.353,WPP_573_Samudera_Hindia_Selatan,NOAA_ERDDAP
2023-01,-6.75,105.75,28.806,0.3258,-0.1188,-0.0533,0.1588,,,0.3538,WPP_573_Samudera_Hindia_Selatan,NOAA_ERDDAP
2023-01,-6.75,106.25,29.942,4.4702,0.0114,0.2794,0.1252,,,0.3892,WPP_573_Samudera_Hindia_Selatan,NOAA_ERDDAP
2023-01,-6.75,108.75,30.477,8.5985,,,,,,0.4484,WPP_573_Samudera_Hindia_Selatan,NOAA_ERDDAP
2023-01,-6.75,109.25,30.245,2.3287,0.1124,0.0269,0.1085,,,0.3353,WPP_573_Samudera_Hindia_Selatan,NOAA_ERDDAP
2023-01,-6.75,109.75,30.118,1.391,0.0293,-0.2828,0.127,,,0.3221,WPP_573_Samudera_Hindia_Selatan,NOAA_ERDDAP
2023-01,-6.75,110.25,30.131,2.2058,0.1795,-0.1869,0.163,,,0.3375,WPP_573_Samudera_Hindia_Selatan,NOAA_ERDDAP
2023-01,-6.75,111.25,30.28,5.402,,,,,,0.3939,WPP_573_Samudera_Hindia_Selatan,NOAA_ERDDAP
2023-01,-6.75,111.75,29.55,1.3957,,,,,,0.3449,WPP_573_Samudera_Hindia_Selatan,NOAA_ERDDAP
2023-01,-6.75,112.25,30.556,1.3198,0.0756,-0.3036,0.2031,,,0.3032,WPP_573_Samudera_Hindia_Selatan,NOAA_ERDDAP
2023-01,-6.75,112.75,29.973,2.7686,0.7308,-0.062,0.2369,,,0.3548,WPP_573_Samudera_Hindia_Selatan,NOAA_ERDDAP
2023-01,-6.75,113.25,29.747,0.5056,0.6344,1.0322,0.1559,,,0.3197,WPP_573_Samudera_Hindia_Selatan,NOAA_ERDDAP
2023-01,-6.75,113.75,29.598,0.2921,1.1658,0.4731,0.1188,,,0.3214,WPP_573_Samudera_Hindia_Selatan,NOAA_ERDDAP
2023-01,-6.75,114.25,29.619,0.3572,0.8368,-0.1683,0.146,,,0.3219,WPP_573_Samudera_Hindia_Selatan,NOAA_ERDDAP
2023-01,-6.75,114.75,29.023,0.3736,0.6424,-0.1984,0.1905,,,0.346,WPP_573_Samudera_Hindia_Selatan,NOAA_ERDDAP
2023-01,-6.25,102.25,28.771,0.0596,0.0907,-0.1334,0.1351,,,0.35,WPP_573_Samudera_Hindia_Selatan,NOAA_ERDDAP
2023-01,-6.25,102.75,28.778,0.0534,-0.2597,0.0389,0.1278,,,0.3496,WPP_573_Samudera_Hindia_Selatan,NOAA_ERDDAP
2023-01,-6.25,103.25,29.438,0.0557,-0.2557,0.3202,0.1283,,,0.3232,WPP_573_Samudera_Hindia_Selatan,NOAA_ERDDAP
2023-01,-6.25,103.75,29.162,0.0547,-0.1381,-0.0762,0.1279,,,0.3343,WPP_573_Samudera_Hindia_Selatan,NOAA_ERDDAP
2023-01,-6.25,104.25,29.137,0.0762,-0.3161,-0.1349,0.1334,,,0.3357,WPP_573_Samudera_Hindia_Selatan,NOAA_ERDDAP
2023-01,-6.25,104.75,29.014,0.102,-1.0696,0.1192,0.1297,,,0.3411,WPP_573_Samudera_Hindia_Selatan,NOAA_ERDDAP
2023-01,-6.25,105.25,29.206,0.187,-0.318,-0.2407,0.1215,,,0.3351,WPP_573_Samudera_Hindia_Selatan,NOAA_ERDDAP
2023-01,-6.25,105.75,29.452,0.6155,-0.1436,0.2783,0.1174,,,0.3336,WPP_573_Samudera_Hindia_Selatan,NOAA_ERDDAP
2023-01,-6.25,107.25,30.905,3.5969,,,,,,0.3337,WPP_573_Samudera_Hindia_Selatan,NOAA_ERDDAP
2023-01,-6.25,107.75,29.94,2.0327,,,,,,0.3417,WPP_573_Samudera_Hindia_Selatan,NOAA_ERDDAP
2023-01,-6.25,108.25,29.378,1.0695,,,,,,0.3454,WPP_573_Samudera_Hindia_Selatan,NOAA_ERDDAP
2023-01,-6.25,108.75,29.622,0.8223,0.504,-0.2621,0.1075,,,0.3308,WPP_573_Samudera_Hindia_Selatan,NOAA_ERDDAP
2023-01,-6.25,109.25,29.863,0.3635,0.2273,-0.1118,0.1468,,,0.3122,WPP_573_Samudera_Hindia_Selatan,NOAA_ERDDAP
2023-01,-6.25,109.75,30.553,0.5095,0.0833,0.0573,0.128,,,0.2875,WPP_573_Samudera_Hindia_Selatan,NOAA_ERDDAP
2023-01,-6.25,110.25,30.502,0.5342,-0.2517,-0.2065,0.1407,,,0.29,WPP_573_Samudera_Hindia_Selatan,NOAA_ERDDAP
2023-01,-6.25,110.75,30.343,1.1561,-0.0337,0.0416,0.1499,,,0.3085,WPP_573_Samudera_Hindia_Selatan,NOAA_ERDDAP
2023-01,-6.25,111.25,30.222,1.2247,0.3869,0.0029,0.138,,,0.3147,WPP_573_Samudera_Hindia_Selatan,NOAA_ERDDAP
2023-01,-6.25,111.75,29.956,0.7183,0.0836,-0.2679,0.169,,,0.3154,WPP_573_Samudera_Hindia_Selatan,NOAA_ERDDAP
2023-01,-6.25,112.25,30.064,0.2428,-0.1048,-0.7303,0.2005,,,0.3018,WPP_573_Samudera_Hindia_Selatan,NOAA_ERDDAP
2023-01,-6.25,112.75,30.183,0.2114,-0.0569,-0.0491,0.2236,,,0.2965,WPP_573_Samudera_Hindia_Selatan,NOAA_ERDDAP
2023-01,-6.25,113.25,30.605,0.1862,0.3618,0.5045,0.2007,,,0.2791,WPP_573_Samudera_Hindia_Selatan,NOAA_ERDDAP
2023-01,-6.25,113.75,29.392,0.1629,0.8726,0.4682,0.1665,,,0.3272,WPP_573_Samudera_Hindia_Selatan,NOAA_ERDDAP
2023-01,-6.25,114.25,29.299,0.25,0.5738,-0.2378,0.1932,,,0.3326,WPP_573_Samudera_Hindia_Selatan,NOAA_ERDDAP
2023-01,-6.25,114.75,29.409,0.328,0.623,-0.1855,0.2022,,,0.3297,WPP_573_Samudera_Hindia_Selatan,NOAA_ERDDAP
2023-01,-5.75,105.25,29.216,0.3743,0.1069,-0.449,0.1039,,,0.3383,WPP_573_Samudera_Hindia_Selatan,NOAA_ERDDAP
2023-01,-5.75,105.75,28.987,0.4471,0.4039,-0.3372,0.0853,,,0.3489,WPP_573_Samudera_Hindia_Selatan,NOAA_ERDDAP
2023-01,-5.75,106.25,29.07,1.613,0.4702,-0.152,0.0621,,,0.3683,WPP_573_Samudera_Hindia_Selatan,NOAA_ERDDAP
2023-01,-5.75,106.75,29.444,1.4,0.1541,0.3128,0.0401,,,0.3492,WPP_573_Samudera_Hindia_Selatan,NOAA_ERDDAP
2023-01,-5.75,107.25,29.734,0.8815,-0.1258,-0.1603,0.0119,,,0.3275,WPP_573_Samudera_Hindia_Selatan,NOAA_ERDDAP
2023-01,-5.75,107.75,29.98,0.3936,0.238,-0.4168,0.0276,,,0.3081,WPP_573_Samudera_Hindia_Selatan,NOAA_ERDDAP
2023-01,-5.75,108.25,29.682,0.3927,0.1511,-0.6254,0.081,,,0.32,WPP_573_Samudera_Hindia_Selatan,NOAA_ERDDAP
2023-01,-5.75,108.75,29.016,0.2847,0.1974,-0.2842,0.1293,,,0.3446,WPP_573_Samudera_Hindia_Selatan,NOAA_ERDDAP
2023-01,-5.75,109.25,28.724,0.346,0.167,-0.1285,0.1457,,,0.3575,WPP_573_Samudera_Hindia_Selatan,NOAA_ERDDAP
2023-01,-5.75,109.75,29.271,0.5301,0.3121,0.0254,0.1497,,,0.3392,WPP_573_Samudera_Hindia_Selatan,NOAA_ERDDAP
2023-01,-5.75,110.25,29.561,0.5591,0.2975,0.0844,0.1354,,,0.3281,WPP_573_Samudera_Hindia_Selatan,NOAA_ERDDAP
2023-01,-5.75,110.75,29.873,0.4613,0.059,-0.1154,0.1554,,,0.3137,WPP_573_Samudera_Hindia_Selatan,NOAA_ERDDAP
2023-01,-5.75,111.25,30.294,0.4169,0.1695,-0.1473,0.1559,,,0.296,WPP_573_Samudera_Hindia_Selatan,NOAA_ERDDAP
2023-01,-5.75,111.75,30.071,0.4016,-0.207,-0.1214,0.1514,,,0.3047,WPP_573_Samudera_Hindia_Selatan,NOAA_ERDDAP
2023-01,-5.75,112.25,29.357,0.2383,-0.0291,-0.3609,0.1915,,,0.33,WPP_573_Samudera_Hindia_Selatan,NOAA_ERDDAP
2023-01,-5.75,112.75,29.367,0.1937,0.012,-0.2445,0.2178,,,0.3288,WPP_573_Samudera_Hindia_Selatan,NOAA_ERDDAP
2023-01,-5.75,113.25,29.323,0.1829,0.1453,0.2012,0.2166,,,0.3303,WPP_573_Samudera_Hindia_Selatan,NOAA_ERDDAP
2023-01,-5.75,113.75,29.108,0.1577,0.409,-0.0869,0.2157,,,0.3384,WPP_573_Samudera_Hindia_Selatan,NOAA_ERDDAP
2023-01,-5.75,114.25,29.062,0.2323,0.4716,-0.0392,0.2283,,,0.3417,WPP_573_Samudera_Hindia_Selatan,NOAA_ERDDAP
2023-01,-5.75,114.75,28.913,0.3954,0.4472,0.0411,0.2261,,,0.3509,WPP_573_Samudera_Hindia_Selatan,NOAA_ERDDAP
2023-01,-5.25,105.75,28.802,1.7543,,,,,,0.3818,WPP_573_Samudera_Hindia_Selatan,NOAA_ERDDAP
2023-01,-5.25,106.25,29.174,0.6362,0.4045,0.4452,0.081,,,0.3451,WPP_573_Samudera_Hindia_Selatan,NOAA_ERDDAP
2023-01,-5.25,106.75,29.011,0.7274,0.2063,0.1862,0.0524,,,0.3534,WPP_573_Samudera_Hindia_Selatan,NOAA_ERDDAP
2023-01,-5.25,107.75,29.284,0.3931,0.3627,-0.2734,0.0428,,,0.336,WPP_573_Samudera_Hindia_Selatan,NOAA_ERDDAP
2023-01,-5.25,108.25,29.39,0.276,0.1061,-0.6364,0.096,,,0.3295,WPP_573_Samudera_Hindia_Selatan,NOAA_ERDDAP
2023-01,-5.25,108.75,29.486,0.1902,0.0264,-0.2566,0.1479,,,0.3239,WPP_573_Samudera_Hindia_Selatan,NOAA_ERDDAP
2023-01,-5.25,109.25,28.841,0.2102,0.0116,-0.0865,0.1443,,,0.3501,WPP_573_Samudera_Hindia_Selatan,NOAA_ERDDAP
2023-01,-5.25,109.75,28.734,0.1724,-0.005,-0.0886,0.1619,,,0.3537,WPP_573_Samudera_Hindia_Selatan,NOAA_ERDDAP
2023-01,-5.25,110.25,28.559,0.1514,0.213,0.135,0.1582,,,0.3603,WPP_573_Samudera_Hindia_Selatan,NOAA_ERDDAP
2023-01,-5.25,110.75,28.673,0.1863,0.1077,0.0655,0.1388,,,0.3564,WPP_573_Samudera_Hindia_Selatan,NOAA_ERDDAP
2023-01,-5.25,111.25,28.852,0.205,-0.018,-0.0538,0.1355,,,0.3496,WPP_573_Samudera_Hindia_Selatan,NOAA_ERDDAP
2023-01,-5.25,112.75,28.946,0.2291,0.1938,-0.413,0.2225,,,0.3463,WPP_573_Samudera_Hindia_Selatan,NOAA_ERDDAP
2023-01,-5.25,113.25,29.238,0.2078,0.3323,0.1698,0.2283,,,0.3342,WPP_573_Samudera_Hindia_Selatan,NOAA_ERDDAP
2023-01,-5.25,113.75,29.183,0.172,0.2429,-0.2132,0.2318,,,0.3357,WPP_573_Samudera_Hindia_Selatan,NOAA_ERDDAP
2023-01,-5.25,114.25,28.599,0.3455,0.1473,0.0679,0.242,,,0.3624,WPP_573_Samudera_Hindia_Selatan,NOAA_ERDDAP
2023-01,-5.25,114.75,28.775,0.1262,0.215,-0.0596,0.2527,,,0.3511,WPP_573_Samudera_Hindia_Selatan,NOAA_ERDDAP
2023-02,-10.75,102.25,28.783,0.044,0.037,-0.1655,0.0768,,,0.3492,WPP_573_Samudera_Hindia_Selatan,NOAA_ERDDAP
2023-02,-10.75,102.75,29.236,0.0424,-0.0221,-0.0415,0.1017,,,0.3311,WPP_573_Samudera_Hindia_Selatan,NOAA_ERDDAP
2023-02,-10.75,103.25,29.157,0.0416,0.0864,0.0556,0.0961,,,0.3342,WPP_573_Samudera_Hindia_Selatan,NOAA_ERDDAP
2023-02,-10.75,103.75,28.972,0.0334,0.0139,0.1597,0.076,,,0.3414,WPP_573_Samudera_Hindia_Selatan,NOAA_ERDDAP
2023-02,-10.75,104.25,29.073,0.0402,0.1216,0.1828,0.0524,,,0.3375,WPP_573_Samudera_Hindia_Selatan,NOAA_ERDDAP
2023-02,-10.75,104.75,28.933,0.0417,0.1388,0.3516,0.0136,,,0.3432,WPP_573_Samudera_Hindia_Selatan,NOAA_ERDDAP
2023-02,-10.75,105.25,29.108,0.0364,0.0522,-0.0015,-0.0125,,,0.3361,WPP_573_Samudera_Hindia_Selatan,NOAA_ERDDAP
2023-02,-10.75,105.75,29.382,0.0425,0.0011,-0.1635,0.0023,,,0.3252,WPP_573_Samudera_Hindia_Selatan,NOAA_ERDDAP
2023-02,-10.75,106.25,29.276,0.0435,-0.0497,-0.2796,0.0562,,,0.3295,WPP_573_Samudera_Hindia_Selatan,NOAA_ERDDAP
2023-02,-10.75,106.75,29.434,0.0419,-0.2342,-0.3804,0.1113,,,0.3231,WPP_573_Samudera_Hindia_Selatan,NOAA_ERDDAP
2023-02,-10.75,107.25,29.582,0.0463,-0.0734,-0.3245,0.1632,,,0.3173,WPP_573_Samudera_Hindia_Selatan,NOAA_ERDDAP
2023-02,-10.75,107.75,29.424,0.0492,0.0127,0.0538,0.1703,,,0.3237,WPP_573_Samudera_Hindia_Selatan,NOAA_ERDDAP
2023-02,-10.75,108.25,29.024,0.0512,-0.2018,0.1326,0.1642,,,0.3397,WPP_573_Samudera_Hindia_Selatan,NOAA_ERDDAP
2023-02,-10.75,108.75,28.712,0.0489,-0.03,0.1717,0.148,,,0.3521,WPP_573_Samudera_Hindia_Selatan,NOAA_ERDDAP
2023-02,-10.75,109.25,28.869,0.0445,0.0709,0.0524,0.1291,,,0.3458,WPP_573_Samudera_Hindia_Selatan,NOAA_ERDDAP
2023-02,-10.75,109.75,28.664,0.0467,-0.1546,0.2225,0.1188,,,0.354,WPP_573_Samudera_Hindia_Selatan,NOAA_ERDDAP
2023-02,-10.75,110.25,28.827,0.0486,-0.1554,0.0832,0.1006,,,0.3475,WPP_573_Samudera_Hindia_Selatan,NOAA_ERDDAP
2023-02,-10.75,110.75,28.737,0.0422,-0.2455,0.0245,0.0947,,,0.351,WPP_573_Samudera_Hindia_Selatan,NOAA_ERDDAP
2023-02,-10.75,111.25,28.708,0.0471,-0.1603,0.0239,0.0874,,,0.3523,WPP_573_Samudera_Hindia_Selatan,NOAA_ERDDAP
2023-02,-10.75,111.75,28.476,0.0487,-0.0869,-0.1828,0.0976,,,0.3616,WPP_573_Samudera_Hindia_Selatan,NOAA_ERDDAP
2023-02,-10.75,112.25,28.214,0.0534,-0.1354,0.0739,0.1053,,,0.3721,WPP_573_Samudera_Hindia_Selatan,NOAA_ERDDAP
2023-02,-10.75,112.75,28.235,0.0755,-0.1844,0.1951,0.0934,,,0.3717,WPP_573_Samudera_Hindia_Selatan,NOAA_ERDDAP
2023-02,-10.75,113.25,28.339,0.0782,-0.2081,-0.0388,0.0807,,,0.3676,WPP_573_Samudera_Hindia_Selatan,NOAA_ERDDAP
2023-02,-10.75,113.75,28.438,0.0668,-0.0693,-0.3989,0.0935,,,0.3634,WPP_573_Samudera_Hindia_Selatan,NOAA_ERDDAP
2023-02,-10.75,114.25,28.376,0.052,-0.1292,-0.3375,0.138,,,0.3656,WPP_573_Samudera_Hindia_Selatan,NOAA_ERDDAP
2023-02,-10.25,102.25,29.299,0.0509,0.0891,-0.2893,0.0824,,,0.3287,WPP_573_Samudera_Hindia_Selatan,NOAA_ERDDAP
2023-02,-10.25,102.75,29.326,0.0543,0.2743,-0.1392,0.1294,,,0.3277,WPP_573_Samudera_Hindia_Selatan,NOAA_ERDDAP
2023-02,-10.25,103.25,28.918,0.0418,0.2831,-0.0351,0.1534,,,0.3438,WPP_573_Samudera_Hindia_Selatan,NOAA_ERDDAP
2023-02,-10.25,103.75,29.003,0.039,0.4038,0.1631,0.1318,,,0.3403,WPP_573_Samudera_Hindia_Selatan,NOAA_ERDDAP
2023-02,-10.25,104.25,28.966,0.0383,0.229,0.5371,0.0889,,,0.3418,WPP_573_Samudera_Hindia_Selatan,NOAA_ERDDAP
2023-02,-10.25,104.75,28.856,0.0405,0.0273,0.2165,0.0363,,,0.3462,WPP_573_Samudera_Hindia_Selatan,NOAA_ERDDAP
2023-02,-10.25,105.25,28.949,0.0474,0.0554,0.0826,0.0035,,,0.3426,WPP_573_Samudera_Hindia_Selatan,NOAA_ERDDAP
2023-02,-10.25,105.75,29.268,0.0407,-0.0658,-0.2951,0.0194,,,0.3297,WPP_573_Samudera_Hindia_Selatan,NOAA_ERDDAP
2023-02,-10.25,106.25,29.137,0.0419,-0.0681,-0.1478,0.0506,,,0.335,WPP_573_Samudera_Hindia_Selatan,NOAA_ERDDAP
2023-02,-10.25,106.75,29.357,0.0465,-0.0069,-0.1082,0.1057,,,0.3263,WPP_573_Samudera_Hindia_Selatan,NOAA_ERDDAP
2023-02,-10.25,107.25,29.253,0.0469,-0.1776,-0.3667,0.153,,,0.3305,WPP_573_Samudera_Hindia_Selatan,NOAA_ERDDAP
2023-02,-10.25,107.75,29.363,0.052,-0.2471,-0.0695,0.1612,,,0.3262,WPP_573_Samudera_Hindia_Selatan,NOAA_ERDDAP
2023-02,-10.25,108.25,28.887,0.0565,-0.0569,0.0629,0.1671,,,0.3453,WPP_573_Samudera_Hindia_Selatan,NOAA_ERDDAP
2023-02,-10.25,108.75,28.662,0.0556,-0.0802,0.0537,0.1679,,,0.3543,WPP_573_Samudera_Hindia_Selatan,NOAA_ERDDAP
2023-02,-10.25,109.25,28.819,0.0572,-0.1265,0.1751,0.1649,,,0.348,WPP_573_Samudera_Hindia_Selatan,NOAA_ERDDAP
2023-02,-10.25,109.75,29.126,0.0456,-0.0216,0.2399,0.134,,,0.3355,WPP_573_Samudera_Hindia_Selatan,NOAA_ERDDAP
2023-02,-10.25,110.25,29.254,0.0397,0.0272,0.1865,0.1092,,,0.3303,WPP_573_Samudera_Hindia_Selatan,NOAA_ERDDAP
2023-02,-10.25,110.75,29.087,0.0618,-0.088,0.0782,0.0962,,,0.3374,WPP_573_Samudera_Hindia_Selatan,NOAA_ERDDAP
2023-02,-10.25,111.25,29.189,0.0425,-0.2024,-0.0043,0.0888,,,0.3329,WPP_573_Samudera_Hindia_Selatan,NOAA_ERDDAP
2023-02,-10.25,111.75,29.009,0.0521,0.0063,-0.1382,0.1272,,,0.3403,WPP_573_Samudera_Hindia_Selatan,NOAA_ERDDAP
2023-02,-10.25,112.25,28.461,0.0495,0.0151,-0.1102,0.1242,,,0.3622,WPP_573_Samudera_Hindia_Selatan,NOAA_ERDDAP
2023-02,-10.25,112.75,28.588,0.0637,0.274,-0.0347,0.126,,,0.3574,WPP_573_Samudera_Hindia_Selatan,NOAA_ERDDAP
2023-02,-10.25,113.25,28.541,0.0739,0.478,-0.0726,0.1163,,,0.3595,WPP_573_Samudera_Hindia_Selatan,NOAA_ERDDAP
2023-02,-10.25,113.75,28.08,0.0833,0.2068,-0.2554,0.1243,,,0.3781,WPP_573_Samudera_Hindia_Selatan,NOAA_ERDDAP
2023-02,-10.25,114.75,28.022,0.0549,0.0334,-0.3305,0.2397,,,0.3799,WPP_573_Samudera_Hindia_Selatan,NOAA_ERDDAP
2023-02,-9.75,102.25,28.709,0.0606,-0.1032,-0.4114,0.1157,,,0.3525,WPP_573_Samudera_Hindia_Selatan,NOAA_ERDDAP
2023-02,-9.75,102.75,29.197,0.0546,-0.125,-0.3088,0.1545,,,0.3329,WPP_573_Samudera_Hindia_Selatan,NOAA_ERDDAP
2023-02,-9.75,103.25,29.268,0.059,0.0321,-0.0053,0.1925,,,0.3301,WPP_573_Samudera_Hindia_Selatan,NOAA_ERDDAP
2023-02,-9.75,103.75,29.321,0.0387,-0.0836,0.2001,0.168,,,0.3276,WPP_573_Samudera_Hindia_Selatan,NOAA_ERDDAP
2023-02,-9.75,104.25,29.021,0.0407,-0.0273,0.5169,0.1166,,,0.3396,WPP_573_Samudera_Hindia_Selatan,NOAA_ERDDAP
2023-02,-9.75,104.75,29.262,0.0378,0.0242,0.3972,0.0508,,,0.3299,WPP_573_Samudera_Hindia_Selatan,NOAA_ERDDAP
2023-02,-9.75,105.25,28.809,0.0456,0.0501,0.1771,0.0146,,,0.3482,WPP_573_Samudera_Hindia_Selatan,NOAA_ERDDAP
2023-02,-9.75,105.75,28.766,0.0546,-0.0149,-0.1393,0.0209,,,0.3501,WPP_573_Samudera_Hindia_Selatan,NOAA_ERDDAP
2023-02,-9.75,106.25,28.503,0.0592,0.0713,-0.1882,0.0585,,,0.3607,WPP_573_Samudera_Hindia_Selatan,NOAA_ERDDAP
2023-02,-9.75,106.75,29.147,0.0565,-0.0995,-0.3859,0.0949,,,0.3349,WPP_573_Samudera_Hindia_Selatan,NOAA_ERDDAP
2023-02,-9.75,107.25,28.718,0.062,-0.1114,-0.3221,0.1419,,,0.3522,WPP_573_Samudera_Hindia_Selatan,NOAA_ERDDAP
2023-02,-9.75,107.75,28.917,0.0507,0.0729,0.1293,0.1814,,,0.344,WPP_573_Samudera_Hindia_Selatan,NOAA_ERDDAP
2023-02,-9.75,108.25,28.689,0.0546,-0.0641,-0.0093,0.1728,,,0.3532,WPP_573_Samudera_Hindia_Selatan,NOAA_ERDDAP
2023-02,-9.75,108.75,28.907,0.0529,-0.0707,0.0658,0.1664,,,0.3444,WPP_573_Samudera_Hindia_Selatan,NOAA_ERDDAP
2023-02,-9.75,109.25,29.056,0.0545,-0.1683,0.1247,0.1587,,,0.3385,WPP_573_Samudera_Hindia_Selatan,NOAA_ERDDAP
2023-02,-9.75,109.75,28.941,0.0515,-0.017,0.1879,0.1399,,,0.343,WPP_573_Samudera_Hindia_Selatan,NOAA_ERDDAP
2023-02,-9.75,110.25,29.188,0.0506,-0.0783,0.1592,0.1218,,,0.3331,WPP_573_Samudera_Hindia_Selatan,NOAA_ERDDAP
2023-02,-9.75,110.75,29.258,0.0498,0.1091,0.0314,0.1158,,,0.3303,WPP_573_Samudera_Hindia_Selatan,NOAA_ERDDAP
2023-02,-9.75,111.25,28.991,0.0471,0.2954,-0.0695,0.1154,,,0.3409,WPP_573_Samudera_Hindia_Selatan,NOAA_ERDDAP
2023-02,-9.75,111.75,28.922,0.0567,0.1678,-0.1643,0.1426,,,0.3439,WPP_573_Samudera_Hindia_Selatan,NOAA_ERDDAP
2023-02,-9.75,112.25,28.589,0.0568,0.2355,-0.1326,0.1649,,,0.3572,WPP_573_Samudera_Hindia_Selatan,NOAA_ERDDAP
2023-02,-9.75,112.75,28.398,0.0595,0.2174,-0.3597,0.1914,,,0.3649,WPP_573_Samudera_Hindia_Selatan,NOAA_ERDDAP
2023-02,-9.75,113.25,28.553,0.0604,0.3232,0.0461,0.1971,,,0.3587,WPP_573_Samudera_Hindia_Selatan,NOAA_ERDDAP
2023-02,-9.75,113.75,28.23,0.0537,0.2212,-0.0789,0.193,,,0.3715,WPP_573_Samudera_Hindia_Selatan,NOAA_ERDDAP
2023-02,-9.75,114.25,28.019,0.0547,0.1047,-0.2924,0.2016,,,0.38,WPP_573_Samudera_Hindia_Selatan,NOAA_ERDDAP
2023-02,-9.25,102.25,28.973,0.0647,-0.1282,-0.2534,0.1014,,,0.342,WPP_573_Samudera_Hindia_Selatan,NOAA_ERDDAP
2023-02,-9.25,102.75,29.136,0.0727,-0.3069,-0.4151,0.1403,,,0.3356,WPP_573_Samudera_Hindia_Selatan,NOAA_ERDDAP
2023-02,-9.25,103.25,29.257,0.0679,-0.3076,-0.0257,0.1747,,,0.3307,WPP_573_Samudera_Hindia_Selatan,NOAA_ERDDAP
2023-02,-9.25,103.75,29.084,0.068,-0.1738,0.2706,0.1761,,,0.3376,WPP_573_Samudera_Hindia_Selatan,NOAA_ERDDAP
2023-02,-9.25,104.25,29.297,0.0511,-0.0617,0.4725,0.1239,,,0.3288,WPP_573_Samudera_Hindia_Selatan,NOAA_ERDDAP
2023-02,-9.25,104.75,29.133,0.0425,0.1042,0.2249,0.0851,,,0.3352,WPP_573_Samudera_Hindia_Selatan,NOAA_ERDDAP
2023-02,-9.25,105.25,28.946,0.0478,0.2754,0.1335,0.0515,,,0.3428,WPP_573_Samudera_Hindia_Selatan,NOAA_ERDDAP
2023-02,-9.25,105.75,28.672,0.0563,0.2806,-0.119,0.0529,,,0.3539,WPP_573_Samudera_Hindia_Selatan,NOAA_ERDDAP
2023-02,-9.25,106.25,28.964,0.061,0.1626,-0.1661,0.0772,,,0.3423,WPP_573_Samudera_Hindia_Selatan,NOAA_ERDDAP
2023-02,-9.25,106.75,29.102,0.0705,0.1597,-0.2587,0.1032,,,0.337,WPP_573_Samudera_Hindia_Selatan,NOAA_ERDDAP
2023-02,-9.25,107.25,29.107,0.0658,0.0813,-0.3546,0.1529,,,0.3367,WPP_573_Samudera_Hindia_Selatan,NOAA_ERDDAP
2023-02,-9.25,107.75,28.827,0.054,-0.001,-0.0885,0.1921,,,0.3476,WPP_573_Samudera_Hindia_Selatan,NOAA_ERDDAP
2023-02,-9.25,108.25,28.714,0.049,0.0348,0.1723,0.1836,,,0.3521,WPP_573_Samudera_Hindia_Selatan,NOAA_ERDDAP
2023-02,-9.25,108.75,28.716,0.0522,0.0298,0.1619,0.1782,,,0.352,WPP_573_Samudera_Hindia_Selatan,NOAA_ERDDAP
2023-02,-9.25,109.25,28.635,0.0512,0.0537,0.1487,0.1626,,,0.3553,WPP_573_Samudera_Hindia_Selatan,NOAA_ERDDAP
2023-02,-9.25,109.75,28.756,0.0531,0.0599,0.1064,0.1577,,,0.3505,WPP_573_Samudera_Hindia_Selatan,NOAA_ERDDAP
2023-02,-9.25,110.25,29.072,0.0491,0.1832,0.0686,0.1372,,,0.3377,WPP_573_Samudera_Hindia_Selatan,NOAA_ERDDAP
2023-02,-9.25,110.75,28.878,0.0464,0.3736,-0.2401,0.1559,,,0.3455,WPP_573_Samudera_Hindia_Selatan,NOAA_ERDDAP
2023-02,-9.25,111.25,28.832,0.0428,0.6881,-0.3293,0.1829,,,0.3472,WPP_573_Samudera_Hindia_Selatan,NOAA_ERDDAP
2023-02,-9.25,111.75,28.973,0.0488,0.4835,-0.0603,0.1997,,,0.3417,WPP_573_Samudera_Hindia_Selatan,NOAA_ERDDAP
2023-02,-9.25,112.25,28.651,0.0615,0.3005,0.1168,0.2115,,,0.3548,WPP_573_Samudera_Hindia_Selatan,NOAA_ERDDAP
2023-02,-9.25,112.75,28.376,0.0884,0.0343,-0.0633,0.2137,,,0.3664,WPP_573_Samudera_Hindia_Selatan,NOAA_ERDDAP
2023-02,-9.25,113.25,28.261,0.0886,-0.1094,-0.0378,0.2185,,,0.371,WPP_573_Samudera_Hindia_Selatan,NOAA_ERDDAP
2023-02,-9.25,113.75,28.394,0.0758,0.0043,-0.1538,0.227,,,0.3654,WPP_573_Samudera_Hindia_Selatan,NOAA_ERDDAP
2023-02,-9.25,114.25,28.541,0.0685,0.2996,-0.388,0.2453,,,0.3594,WPP_573_Samudera_Hindia_Selatan,NOAA_ERDDAP
2023-02,-8.75,102.25,29.341,0.0514,-0.0741,-0.1263,0.1041,,,0.327,WPP_573_Samudera_Hindia_Selatan,NOAA_ERDDAP
2023-02,-8.75,102.75,28.929,0.0637,-0.0927,-0.1961,0.1218,,,0.3437,WPP_573_Samudera_Hindia_Selatan,NOAA_ERDDAP
2023-02,-8.75,103.25,29.096,0.0577,-0.3539,-0.1129,0.1481,,,0.337,WPP_573_Samudera_Hindia_Selatan,NOAA_ERDDAP
2023-02,-8.75,103.75,29.245,0.0494,-0.268,0.127,0.1476,,,0.3308,WPP_573_Samudera_Hindia_Selatan,NOAA_ERDDAP
2023-02,-8.75,104.25,29.462,0.0443,0.0943,0.062,0.1383,,,0.3221,WPP_573_Samudera_Hindia_Selatan,NOAA_ERDDAP
2023-02,-8.75,104.75,29.337,0.043,0.3164,0.1061,0.1242,,,0.327,WPP_573_Samudera_Hindia_Selatan,NOAA_ERDDAP
2023-02,-8.75,105.25,29.284,0.0393,0.3892,0.1779,0.1137,,,0.3291,WPP_573_Samudera_Hindia_Selatan,NOAA_ERDDAP
2023-02,-8.75,105.75,28.798,0.0347,0.4301,-0.0521,0.1017,,,0.3484,WPP_573_Samudera_Hindia_Selatan,NOAA_ERDDAP
2023-02,-8.75,106.25,28.946,0.0491,0.1925,-0.1107,0.1216,,,0.3428,WPP_573_Samudera_Hindia_Selatan,NOAA_ERDDAP
2023-02,-8.75,106.75,28.762,0.0506,0.0535,-0.1952,0.1247,,,0.3502,WPP_573_Samudera_Hindia_Selatan,NOAA_ERDDAP
2023-02,-8.75,107.25,28.842,0.0601,0.2576,-0.3199,0.1761,,,0.3472,WPP_573_Samudera_Hindia_Selatan,NOAA_ERDDAP
2023-02,-8.75,107.75,28.591,0.0527,0.2274,-0.0537,0.2046,,,0.3571,WPP_573_Samudera_Hindia_Selatan,NOAA_ERDDAP
2023-02,-8.75,108.25,28.851,0.0514,0.1373,0.2796,0.1952,,,0.3466,WPP_573_Samudera_Hindia_Selatan,NOAA_ERDDAP
2023-02,-8.75,108.75,28.866,0.0509,0.0974,0.0032,0.1887,,,0.346,WPP_573_Samudera_Hindia_Selatan,NOAA_ERDDAP
2023-02,-8.75,109.25,28.879,0.0518,0.1378,0.1541,0.188,,,0.3455,WPP_573_Samudera_Hindia_Selatan,NOAA_ERDDAP
2023-02,-8.75,109.75,28.863,0.0529,0.1744,0.0816,0.181,,,0.3462,WPP_573_Samudera_Hindia_Selatan,NOAA_ERDDAP
2023-02,-8.75,110.25,28.748,0.0508,0.4469,-0.203,0.1754,,,0.3507,WPP_573_Samudera_Hindia_Selatan,NOAA_ERDDAP
2023-02,-8.75,110.75,28.692,0.0592,0.6519,-0.4917,0.2331,,,0.3531,WPP_573_Samudera_Hindia_Selatan,NOAA_ERDDAP
2023-02,-8.75,111.25,29.058,0.0574,0.4709,-0.1248,0.2709,,,0.3385,WPP_573_Samudera_Hindia_Selatan,NOAA_ERDDAP
2023-02,-8.75,111.75,29.279,0.0852,0.6052,-0.0146,0.2919,,,0.3302,WPP_573_Samudera_Hindia_Selatan,NOAA_ERDDAP
2023-02,-8.75,112.25,29.098,0.0736,0.4201,0.2631,0.27,,,0.3372,WPP_573_Samudera_Hindia_Selatan,NOAA_ERDDAP
2023-02,-8.75,112.75,29.147,0.0826,0.0101,0.4069,0.2322,,,0.3354,WPP_573_Samudera_Hindia_Selatan,NOAA_ERDDAP
2023-02,-8.75,113.25,29.007,0.1066,-0.2422,-0.2736,0.2102,,,0.3415,WPP_573_Samudera_Hindia_Selatan,NOAA_ERDDAP
2023-02,-8.75,113.75,29.476,0.1394,-0.0086,-0.3065,0.246,,,0.3233,WPP_573_Samudera_Hindia_Selatan,NOAA_ERDDAP
2023-02,-8.75,114.25,29.547,0.2638,0.0995,-0.5344,0.2899,,,0.3229,WPP_573_Samudera_Hindia_Selatan,NOAA_ERDDAP
2023-02,-8.75,114.75,29.197,0.1383,-0.0182,-0.4012,0.3206,,,0.3345,WPP_573_Samudera_Hindia_Selatan,NOAA_ERDDAP
2023-02,-8.25,102.25,28.786,0.054,-0.0678,-0.0697,0.1082,,,0.3493,WPP_573_Samudera_Hindia_Selatan,NOAA_ERDDAP
2023-02,-8.25,102.75,28.529,0.0561,-0.0154,-0.1476,0.127,,,0.3596,WPP_573_Samudera_Hindia_Selatan,NOAA_ERDDAP
2023-02,-8.25,103.25,28.855,0.0641,-0.2894,0.0615,0.1285,,,0.3467,WPP_573_Samudera_Hindia_Selatan,NOAA_ERDDAP
2023-02,-8.25,103.75,28.987,0.0517,-0.2173,0.0225,0.1279,,,0.3412,WPP_573_Samudera_Hindia_Selatan,NOAA_ERDDAP
2023-02,-8.25,104.25,28.99,0.0419,-0.0175,-0.1533,0.1514,,,0.3409,WPP_573_Samudera_Hindia_Selatan,NOAA_ERDDAP
2023-02,-8.25,104.75,28.913,0.0404,0.1879,-0.4088,0.1519,,,0.3439,WPP_573_Samudera_Hindia_Selatan,NOAA_ERDDAP
2023-02,-8.25,105.25,29.169,0.042,-0.0627,0.2688,0.1668,,,0.3337,WPP_573_Samudera_Hindia_Selatan,NOAA_ERDDAP
2023-02,-8.25,105.75,29.147,0.0414,1.238,0.0937,0.1516,,,0.3346,WPP_573_Samudera_Hindia_Selatan,NOAA_ERDDAP
2023-02,-8.25,106.25,29.058,0.0456,0.4897,0.1752,0.1391,,,0.3382,WPP_573_Samudera_Hindia_Selatan,NOAA_ERDDAP
2023-02,-8.25,106.75,28.654,0.0445,-0.1367,-0.5655,0.1422,,,0.3544,WPP_573_Samudera_Hindia_Selatan,NOAA_ERDDAP
2023-02,-8.25,107.25,28.643,0.0596,0.0474,-0.1341,0.1941,,,0.3551,WPP_573_Samudera_Hindia_Selatan,NOAA_ERDDAP
2023-02,-8.25,107.75,28.394,0.0682,-0.0351,-0.1322,0.2268,,,0.3652,WPP_573_Samudera_Hindia_Selatan,NOAA_ERDDAP
2023-02,-8.25,108.25,28.4,0.0701,0.2587,0.2867,0.217,,,0.365,WPP_573_Samudera_Hindia_Selatan,NOAA_ERDDAP
2023-02,-8.25,108.75,28.548,0.059,0.167,0.0881,0.2015,,,0.3589,WPP_573_Samudera_Hindia_Selatan,NOAA_ERDDAP
2023-02,-8.25,109.25,28.913,0.0572,0.3019,0.0075,0.2147,,,0.3443,WPP_573_Samudera_Hindia_Selatan,NOAA_ERDDAP
2023-02,-8.25,109.75,28.896,0.0618,0.3109,0.0413,0.2065,,,0.345,WPP_573_Samudera_Hindia_Selatan,NOAA_ERDDAP
2023-02,-8.25,110.25,29.142,0.2706,0.3473,-0.3575,0.2413,,,0.3393,WPP_573_Samudera_Hindia_Selatan,NOAA_ERDDAP
2023-02,-8.25,110.75,29.356,0.186,0.4607,-0.6506,0.3059,,,0.3291,WPP_573_Samudera_Hindia_Selatan,NOAA_ERDDAP
2023-02,-8.25,111.25,29.356,0.2075,-0.1218,-0.0952,0.3588,,,0.3295,WPP_573_Samudera_Hindia_Selatan,NOAA_ERDDAP
2023-02,-8.25,111.75,29.424,0.2381,-0.2456,0.3205,0.3409,,,0.3274,WPP_573_Samudera_Hindia_Selatan,NOAA_ERDDAP
2023-02,-8.25,112.25,29.382,0.1527,-0.1541,0.6747,0.2862,,,0.3274,WPP_573_Samudera_Hindia_Selatan,NOAA_ERDDAP
2023-02,-8.25,112.75,29.503,0.2005,0.1045,0.3612,0.2243,,,0.3235,WPP_573_Samudera_Hindia_Selatan,NOAA_ERDDAP
2023-02,-8.25,113.25,29.702,0.424,0.1961,0.1281,0.2007,,,0.3199,WPP_573_Samudera_Hindia_Selatan,NOAA_ERDDAP
2023-02,-8.25,114.75,29.883,0.4949,-1.035,0.1945,0.2668,,,0.314,WPP_573_Samudera_Hindia_Selatan,NOAA_ERDDAP
2023-02,-7.75,102.25,28.361,0.0682,0.0337,-0.048,0.1094,,,0.3666,WPP_573_Samudera_Hindia_Selatan,NOAA_ERDDAP
2023-02,-7.75,102.75,28.418,0.0655,-0.1012,-0.1051,0.1157,,,0.3642,WPP_573_Samudera_Hindia_Selatan,NOAA_ERDDAP
2023-02,-7.75,103.25,28.614,0.0726,-0.0098,0.105,0.107,,,0.3565,WPP_573_Samudera_Hindia_Selatan,NOAA_ERDDAP
2023-02,-7.75,103.75,28.481,0.0574,-0.1634,-0.0015,0.1117,,,0.3615,WPP_573_Samudera_Hindia_Selatan,NOAA_ERDDAP
2023-02,-7.75,104.25,28.808,0.0465,-0.125,-0.5823,0.1602,,,0.3483,WPP_573_Samudera_Hindia_Selatan,NOAA_ERDDAP
2023-02,-7.75,104.75,28.816,0.0433,0.0664,0.3341,0.1646,,,0.3479,WPP_573_Samudera_Hindia_Selatan,NOAA_ERDDAP
2023-02,-7.75,105.25,28.566,0.0466,0.9982,-1.1718,0.2676,,,0.3579,WPP_573_Samudera_Hindia_Selatan,NOAA_ERDDAP
2023-02,-7.75,105.75,28.692,0.0515,-0.3984,0.2759,0.2857,,,0.353,WPP_573_Samudera_Hindia_Selatan,NOAA_ERDDAP
2023-02,-7.75,106.25,28.926,0.0748,-0.3182,1.2352,0.1502,,,0.3441,WPP_573_Samudera_Hindia_Selatan,NOAA_ERDDAP
2023-02,-7.75,106.75,28.951,0.1415,-0.0473,-0.2716,0.0985,,,0.3444,WPP_573_Samudera_Hindia_Selatan,NOAA_ERDDAP
2023-02,-7.75,107.25,28.619,0.0788,-0.8823,-0.3889,0.1473,,,0.3564,WPP_573_Samudera_Hindia_Selatan,NOAA_ERDDAP
2023-02,-7.75,107.75,28.482,0.2202,-0.7592,-0.3078,0.176,,,0.3647,WPP_573_Samudera_Hindia_Selatan,NOAA_ERDDAP
2023-02,-7.75,108.25,28.568,0.3486,-0.2919,0.1106,0.2063,,,0.3637,WPP_573_Samudera_Hindia_Selatan,NOAA_ERDDAP
2023-02,-7.75,108.75,28.985,0.2881,-0.0198,-0.0543,0.2203,,,0.3459,WPP_573_Samudera_Hindia_Selatan,NOAA_ERDDAP
2023-02,-7.75,109.25,29.164,0.5175,0.0031,-0.1308,0.2367,,,0.3432,WPP_573_Samudera_Hindia_Selatan,NOAA_ERDDAP
2023-02,-7.75,109.75,29.045,0.4138,0.1473,0.0632,0.2331,,,0.3459,WPP_573_Samudera_Hindia_Selatan,NOAA_ERDDAP
2023-02,-7.75,110.25,29.46,0.6848,-0.0169,-0.1223,0.2588,,,0.3346,WPP_573_Samudera_Hindia_Selatan,NOAA_ERDDAP
2023-02,-7.75,114.25,28.391,0.537,,,,,,0.3745,WPP_573_Samudera_Hindia_Selatan,NOAA_ERDDAP
2023-02,-7.75,114.75,28.369,0.1444,-0.6821,0.206,0.1546,,,0.3677,WPP_573_Samudera_Hindia_Selatan,NOAA_ERDDAP
2023-02,-7.25,102.25,28.169,0.0668,-0.0862,-0.0419,0.0953,,,0.3742,WPP_573_Samudera_Hindia_Selatan,NOAA_ERDDAP
2023-02,-7.25,102.75,28.214,0.0642,-0.2199,0.0437,0.0995,,,0.3724,WPP_573_Samudera_Hindia_Selatan,NOAA_ERDDAP
2023-02,-7.25,103.25,28.381,0.0524,0.119,-0.0131,0.0898,,,0.3654,WPP_573_Samudera_Hindia_Selatan,NOAA_ERDDAP
2023-02,-7.25,103.75,28.542,0.0566,-0.0253,-0.1946,0.113,,,0.3591,WPP_573_Samudera_Hindia_Selatan,NOAA_ERDDAP
2023-02,-7.25,104.25,28.543,0.0523,-0.1311,-0.2433,0.1284,,,0.359,WPP_573_Samudera_Hindia_Selatan,NOAA_ERDDAP
2023-02,-7.25,104.75,28.696,0.0598,-0.3691,0.3103,0.1553,,,0.353,WPP_573_Samudera_Hindia_Selatan,NOAA_ERDDAP
2023-02,-7.25,105.25,29.034,0.0772,-0.0987,-0.7929,0.2533,,,0.3398,WPP_573_Samudera_Hindia_Selatan,NOAA_ERDDAP
2023-02,-7.25,105.75,28.904,0.0837,-0.0613,-0.8621,0.3041,,,0.3451,WPP_573_Samudera_Hindia_Selatan,NOAA_ERDDAP
2023-02,-7.25,106.25,29.285,0.4678,-0.0911,0.094,0.2503,,,0.3374,WPP_573_Samudera_Hindia_Selatan,NOAA_ERDDAP
2023-02,-7.25,106.75,29.207,0.7596,1.2214,1.1548,0.2382,,,0.3462,WPP_573_Samudera_Hindia_Selatan,NOAA_ERDDAP
2023-02,-7.25,113.75,29.644,0.2346,-0.1887,0.1898,0.1224,,,0.3185,WPP_573_Samudera_Hindia_Selatan,NOAA_ERDDAP
2023-02,-7.25,114.25,28.98,0.1703,0.4175,0.5076,0.1001,,,0.3438,WPP_573_Samudera_Hindia_Selatan,NOAA_ERDDAP
2023-02,-7.25,114.75,28.527,0.1404,0.3795,-0.5856,0.094,,,0.3613,WPP_573_Samudera_Hindia_Selatan,NOAA_ERDDAP
2023-02,-6.75,102.25,28.575,0.0577,-0.0247,0.0765,0.0861,,,0.3578,WPP_573_Samudera_Hindia_Selatan,NOAA_ERDDAP
2023-02,-6.75,102.75,28.518,0.0406,0.13,-0.1138,0.0907,,,0.3597,WPP_573_Samudera_Hindia_Selatan,NOAA_ERDDAP
2023-02,-6.75,103.25,28.341,0.0553,-0.0772,0.0295,0.1076,,,0.3671,WPP_573_Samudera_Hindia_Selatan,NOAA_ERDDAP
2023-02,-6.75,103.75,28.721,0.0595,0.084,-0.1767,0.1068,,,0.352,WPP_573_Samudera_Hindia_Selatan,NOAA_ERDDAP
2023-02,-6.75,104.25,28.931,0.0672,-0.1346,0.0188,0.1076,,,0.3437,WPP_573_Samudera_Hindia_Selatan,NOAA_ERDDAP
2023-02,-6.75,104.75,28.873,0.084,0.1402,-0.3809,0.1317,,,0.3464,WPP_573_Samudera_Hindia_Selatan,NOAA_ERDDAP
2023-02,-6.75,105.25,29.259,0.242,-0.2456,0.2061,0.1566,,,0.334,WPP_573_Samudera_Hindia_Selatan,NOAA_ERDDAP
2023-02,-6.75,105.75,29.537,0.2208,-0.002,0.1698,0.2686,,,0.3225,WPP_573_Samudera_Hindia_Selatan,NOAA_ERDDAP
2023-02,-6.75,106.25,29.665,2.2943,0.2144,0.5893,0.342,,,0.3578,WPP_573_Samudera_Hindia_Selatan,NOAA_ERDDAP
2023-02,-6.75,108.75,30.128,3.2598,,,,,,0.3582,WPP_573_Samudera_Hindia_Selatan,NOAA_ERDDAP
2023-02,-6.75,109.25,29.062,3.0619,0.113,-0.4212,0.162,,,0.3969,WPP_573_Samudera_Hindia_Selatan,NOAA_ERDDAP
2023-02,-6.75,109.75,28.922,1.6947,0.0496,0.0338,0.1633,,,0.3759,WPP_573_Samudera_Hindia_Selatan,NOAA_ERDDAP
2023-02,-6.75,110.25,28.859,1.0661,-0.0197,0.3427,0.1448,,,0.3661,WPP_573_Samudera_Hindia_Selatan,NOAA_ERDDAP
2023-02,-6.75,111.75,28.917,0.9505,,,,,,0.3615,WPP_573_Samudera_Hindia_Selatan,NOAA_ERDDAP
2023-02,-6.75,112.25,28.948,2.1762,0.0707,-0.0901,0.1407,,,0.3842,WPP_573_Samudera_Hindia_Selatan,NOAA_ERDDAP
2023-02,-6.75,112.75,28.977,0.2065,0.2446,-0.2239,0.1214,,,0.3446,WPP_573_Samudera_Hindia_Selatan,NOAA_ERDDAP
2023-02,-6.75,113.25,28.943,0.7259,0.6409,0.187,0.1501,,,0.3561,WPP_573_Samudera_Hindia_Selatan,NOAA_ERDDAP
2023-02,-6.75,113.75,28.67,0.6121,1.1927,0.4238,0.1482,,,0.3648,WPP_573_Samudera_Hindia_Selatan,NOAA_ERDDAP
2023-02,-6.25,102.25,29.186,0.1104,-0.0339,-0.2625,0.0806,,,0.3344,WPP_573_Samudera_Hindia_Selatan,NOAA_ERDDAP
2023-02,-6.25,102.75,28.693,0.0656,-0.1312,-0.0987,0.0897,,,0.3532,WPP_573_Samudera_Hindia_Selatan,NOAA_ERDDAP
2023-02,-6.25,103.25,28.771,0.0617,-0.1234,-0.0163,0.1003,,,0.35,WPP_573_Samudera_Hindia_Selatan,NOAA_ERDDAP
2023-02,-6.25,103.75,29.036,0.0609,-0.3696,0.3575,0.0954,,,0.3394,WPP_573_Samudera_Hindia_Selatan,NOAA_ERDDAP
2023-02,-6.25,104.25,28.646,0.0606,-0.1204,-0.4965,0.1091,,,0.355,WPP_573_Samudera_Hindia_Selatan,NOAA_ERDDAP
2023-02,-6.25,104.75,28.829,0.0928,-0.7096,-0.5591,0.1261,,,0.3483,WPP_573_Samudera_Hindia_Selatan,NOAA_ERDDAP
2023-02,-6.25,105.25,29.151,0.1318,-0.034,0.619,-0.0371,,,0.3362,WPP_573_Samudera_Hindia_Selatan,NOAA_ERDDAP
2023-02,-6.25,105.75,29.72,0.7965,-1.6656,0.3248,0.1482,,,0.3264,WPP_573_Samudera_Hindia_Selatan,NOAA_ERDDAP
2023-02,-6.25,107.75,28.912,3.2011,,,,,,0.4057,WPP_573_Samudera_Hindia_Selatan,NOAA_ERDDAP
2023-02,-6.25,108.25,29.301,1.6566,,,,,,0.36,WPP_573_Samudera_Hindia_Selatan,NOAA_ERDDAP
2023-02,-6.25,108.75,28.894,0.8796,-0.0998,-0.5812,0.0906,,,0.3611,WPP_573_Samudera_Hindia_Selatan,NOAA_ERDDAP
2023-02,-6.25,109.25,28.653,0.4271,0.1122,-0.0724,0.1358,,,0.3619,WPP_573_Samudera_Hindia_Selatan,NOAA_ERDDAP
2023-02,-6.25,109.75,28.794,0.384,-0.0759,0.0045,0.1296,,,0.3554,WPP_573_Samudera_Hindia_Selatan,NOAA_ERDDAP
2023-02,-6.25,110.25,28.575,0.3624,-0.0639,0.1308,0.1247,,,0.3637,WPP_573_Samudera_Hindia_Selatan,NOAA_ERDDAP
2023-02,-6.25,110.75,29.023,1.1044,0.2062,0.2282,0.1043,,,0.3603,WPP_573_Samudera_Hindia_Selatan,NOAA_ERDDAP
2023-02,-6.25,111.25,28.289,0.8017,0.2537,-0.1001,0.1176,,,0.3838,WPP_573_Samudera_Hindia_Selatan,NOAA_ERDDAP
2023-02,-6.25,111.75,28.596,0.5395,0.0886,-0.0836,0.1408,,,0.3664,WPP_573_Samudera_Hindia_Selatan,NOAA_ERDDAP
2023-02,-6.25,113.25,28.56,0.1723,0.2389,-0.0901,0.1559,,,0.3606,WPP_573_Samudera_Hindia_Selatan,NOAA_ERDDAP
2023-02,-6.25,113.75,28.359,0.1734,0.5497,0.2133,0.1728,,,0.3687,WPP_573_Samudera_Hindia_Selatan,NOAA_ERDDAP
2023-02,-6.25,114.25,28.079,0.1833,0.8717,0.2004,0.1568,,,0.3801,WPP_573_Samudera_Hindia_Selatan,NOAA_ERDDAP
2023-02,-6.25,114.75,27.936,0.16,1.0605,-0.1864,0.1624,,,0.3853,WPP_573_Samudera_Hindia_Selatan,NOAA_ERDDAP
2023-02,-5.75,105.25,29.325,0.3684,0.676,-0.3823,0.0166,,,0.3339,WPP_573_Samudera_Hindia_Selatan,NOAA_ERDDAP
2023-02,-5.75,105.75,29.151,0.5408,0.175,-1.388,-0.0467,,,0.3442,WPP_573_Samudera_Hindia_Selatan,NOAA_ERDDAP
2023-02,-5.75,106.25,28.729,0.857,-0.2313,-1.8291,0.0557,,,0.3672,WPP_573_Samudera_Hindia_Selatan,NOAA_ERDDAP
2023-02,-5.75,106.75,28.709,1.0123,-0.2931,0.9846,0.1295,,,0.3711,WPP_573_Samudera_Hindia_Selatan,NOAA_ERDDAP
2023-02,-5.75,107.25,28.772,1.3233,-0.0215,-0.4109,0.0364,,,0.3746,WPP_573_Samudera_Hindia_Selatan,NOAA_ERDDAP
2023-02,-5.75,107.75,28.639,0.5678,0.2783,-0.1071,0.0567,,,0.3652,WPP_573_Samudera_Hindia_Selatan,NOAA_ERDDAP
2023-02,-5.75,108.25,28.911,0.3112,0.3653,-0.0815,0.0638,,,0.3493,WPP_573_Samudera_Hindia_Selatan,NOAA_ERDDAP
2023-02,-5.75,108.75,28.737,0.3097,0.0934,-0.5924,0.087,,,0.3562,WPP_573_Samudera_Hindia_Selatan,NOAA_ERDDAP
2023-02,-5.75,109.25,28.624,0.1975,-0.0359,-0.1185,0.1366,,,0.3586,WPP_573_Samudera_Hindia_Selatan,NOAA_ERDDAP
2023-02,-5.75,109.75,28.903,0.1775,0.1483,0.0699,0.1254,,,0.347,WPP_573_Samudera_Hindia_Selatan,NOAA_ERDDAP
2023-02,-5.75,110.25,28.906,0.2118,0.1521,0.0234,0.1277,,,0.3476,WPP_573_Samudera_Hindia_Selatan,NOAA_ERDDAP
2023-02,-5.75,110.75,28.682,0.2311,0.1435,0.3134,0.1131,,,0.3569,WPP_573_Samudera_Hindia_Selatan,NOAA_ERDDAP
2023-02,-5.75,111.25,28.628,0.2079,0.1534,-0.0966,0.1193,,,0.3586,WPP_573_Samudera_Hindia_Selatan,NOAA_ERDDAP
2023-02,-5.75,111.75,28.348,0.1642,-0.0888,-0.3205,0.1207,,,0.369,WPP_573_Samudera_Hindia_Selatan,NOAA_ERDDAP
2023-02,-5.75,112.25,28.251,0.1875,0.1513,-0.045,0.1286,,,0.3733,WPP_573_Samudera_Hindia_Selatan,NOAA_ERDDAP
2023-02,-5.75,113.25,28.55,0.2184,0.1496,-0.266,0.1719,,,0.3619,WPP_573_Samudera_Hindia_Selatan,NOAA_ERDDAP
2023-02,-5.75,113.75,28.287,0.1373,0.3164,-0.0995,0.1961,,,0.3709,WPP_573_Samudera_Hindia_Selatan,NOAA_ERDDAP
2023-02,-5.75,114.75,28.101,0.3366,0.7375,-0.2331,0.2241,,,0.3822,WPP_573_Samudera_Hindia_Selatan,NOAA_ERDDAP
2023-02,-5.25,105.75,29.348,2.0139,,,,,,0.365,WPP_573_Samudera_Hindia_Selatan,NOAA_ERDDAP
2023-02,-5.25,106.25,28.691,0.8897,0.2263,-0.3121,0.0048,,,0.3694,WPP_573_Samudera_Hindia_Selatan,NOAA_ERDDAP
2023-02,-5.25,106.75,28.16,0.9012,0.3662,-0.2366,0.0332,,,0.3909,WPP_573_Samudera_Hindia_Selatan,NOAA_ERDDAP
2023-02,-5.25,107.25,28.407,0.7614,-0.066,-0.3052,0.0457,,,0.3782,WPP_573_Samudera_Hindia_Selatan,NOAA_ERDDAP
2023-02,-5.25,108.25,28.502,0.2794,0.3896,-0.1829,0.0849,,,0.365,WPP_573_Samudera_Hindia_Selatan,NOAA_ERDDAP
2023-02,-5.25,108.75,28.11,0.2882,0.3224,-0.4554,0.107,,,0.3809,WPP_573_Samudera_Hindia_Selatan,NOAA_ERDDAP
2023-02,-5.25,109.25,28.465,0.26,0.316,-0.1952,0.1534,,,0.3661,WPP_573_Samudera_Hindia_Selatan,NOAA_ERDDAP
2023-02,-5.25,110.25,28.38,0.1314,0.3498,0.0183,0.1483,,,0.367,WPP_573_Samudera_Hindia_Selatan,NOAA_ERDDAP
2023-02,-5.25,110.75,28.463,0.1392,0.5498,0.3249,0.1361,,,0.3639,WPP_573_Samudera_Hindia_Selatan,NOAA_ERDDAP
2023-02,-5.25,111.25,28.409,0.1736,0.3533,0.0854,0.1375,,,0.3667,WPP_573_Samudera_Hindia_Selatan,NOAA_ERDDAP
2023-02,-5.25,111.75,28.532,0.2041,0.2972,-0.1183,0.1304,,,0.3624,WPP_573_Samudera_Hindia_Selatan,NOAA_ERDDAP
2023-02,-5.25,112.25,28.591,0.2631,0.1405,-0.1847,0.1334,,,0.3612,WPP_573_Samudera_Hindia_Selatan,NOAA_ERDDAP
2023-02,-5.25,112.75,28.631,0.2934,0.0706,-0.3406,0.1485,,,0.3602,WPP_573_Samudera_Hindia_Selatan,NOAA_ERDDAP
2023-02,-5.25,113.25,28.056,0.2648,-0.0105,-0.3873,0.1704,,,0.3826,WPP_573_Samudera_Hindia_Selatan,NOAA_ERDDAP
2023-02,-5.25,113.75,28.493,0.2797,0.1078,-0.1739,0.1976,,,0.3654,WPP_573_Samudera_Hindia_Selatan,NOAA_ERDDAP
2023-02,-5.25,114.25,28.394,0.4539,0.3387,-0.234,0.2267,,,0.3728,WPP_573_Samudera_Hindia_Selatan,NOAA_ERDDAP
2023-02,-5.25,114.75,28.274,0.428,0.3846,-0.2639,0.258,,,0.3771,WPP_573_Samudera_Hindia_Selatan,NOAA_ERDDAP
2023-03,-10.75,102.25,29.157,0.0438,-0.0882,0.2123,-0.0131,,,0.3342,WPP_573_Samudera_Hindia_Selatan,NOAA_ERDDAP
2023-03,-10.75,102.75,29.336,0.0486,-0.2623,-0.0035,-0.0298,,,0.3272,WPP_573_Samudera_Hindia_Selatan,NOAA_ERDDAP
2023-03,-10.75,103.25,29.224,0.0508,-0.3569,-0.1418,-0.026,,,0.3317,WPP_573_Samudera_Hindia_Selatan,NOAA_ERDDAP
2023-03,-10.75,103.75,29.269,0.0468,-0.3935,-0.164,0.0032,,,0.3298,WPP_573_Samudera_Hindia_Selatan,NOAA_ERDDAP
2023-03,-10.75,104.25,29.574,0.0482,-0.2871,-0.0923,0.0275,,,0.3176,WPP_573_Samudera_Hindia_Selatan,NOAA_ERDDAP
2023-03,-10.75,104.75,29.43,0.0531,-0.2072,-0.16,0.0426,,,0.3235,WPP_573_Samudera_Hindia_Selatan,NOAA_ERDDAP
2023-03,-10.75,105.25,28.882,0.0573,-0.2244,-0.2243,0.0782,,,0.3455,WPP_573_Samudera_Hindia_Selatan,NOAA_ERDDAP
2023-03,-10.75,105.75,28.926,0.0525,-0.2326,-0.1674,0.1122,,,0.3437,WPP_573_Samudera_Hindia_Selatan,NOAA_ERDDAP
2023-03,-10.75,106.25,28.961,0.0517,-0.236,-0.053,0.1391,,,0.3422,WPP_573_Samudera_Hindia_Selatan,NOAA_ERDDAP
2023-03,-10.75,106.75,28.958,0.0495,-0.3237,0.0276,0.1445,,,0.3423,WPP_573_Samudera_Hindia_Selatan,NOAA_ERDDAP
2023-03,-10.75,107.25,29.036,0.0468,-0.3266,0.1104,0.1447,,,0.3391,WPP_573_Samudera_Hindia_Selatan,NOAA_ERDDAP
2023-03,-10.75,107.75,29.094,0.0448,-0.28,-0.1745,0.1291,,,0.3368,WPP_573_Samudera_Hindia_Selatan,NOAA_ERDDAP
2023-03,-10.75,108.25,29.048,0.0502,-0.1961,0.0273,0.1424,,,0.3387,WPP_573_Samudera_Hindia_Selatan,NOAA_ERDDAP
2023-03,-10.75,108.75,29.036,0.0452,-0.0834,-0.0901,0.153,,,0.3391,WPP_573_Samudera_Hindia_Selatan,NOAA_ERDDAP
2023-03,-10.75,109.25,29.506,0.0444,0.0189,0.0571,0.1668,,,0.3203,WPP_573_Samudera_Hindia_Selatan,NOAA_ERDDAP
2023-03,-10.75,109.75,29.678,0.0449,0.0166,-0.0546,0.1767,,,0.3134,WPP_573_Samudera_Hindia_Selatan,NOAA_ERDDAP
2023-03,-10.75,110.25,29.954,0.0494,0.0451,0.1683,0.1723,,,0.3025,WPP_573_Samudera_Hindia_Selatan,NOAA_ERDDAP
2023-03,-10.75,110.75,29.964,0.0475,0.2352,0.0103,0.1493,,,0.302,WPP_573_Samudera_Hindia_Selatan,NOAA_ERDDAP
2023-03,-10.75,111.25,29.801,0.0499,0.4522,-0.3078,0.1533,,,0.3086,WPP_573_Samudera_Hindia_Selatan,NOAA_ERDDAP
2023-03,-10.75,111.75,29.798,0.054,0.4726,-0.0823,0.2105,,,0.3088,WPP_573_Samudera_Hindia_Selatan,NOAA_ERDDAP
2023-03,-10.75,112.25,29.709,0.0562,0.4072,-0.1013,0.2237,,,0.3124,WPP_573_Samudera_Hindia_Selatan,NOAA_ERDDAP
2023-03,-10.75,112.75,29.649,0.0571,0.308,0.2228,0.2129,,,0.3148,WPP_573_Samudera_Hindia_Selatan,NOAA_ERDDAP
2023-03,-10.75,113.25,29.582,0.0511,0.1288,0.1083,0.1901,,,0.3174,WPP_573_Samudera_Hindia_Selatan,NOAA_ERDDAP
2023-03,-10.75,113.75,29.564,0.0494,0.0605,-0.0799,0.1739,,,0.3181,WPP_573_Samudera_Hindia_Selatan,NOAA_ERDDAP
2023-03,-10.75,114.25,29.546,0.049,0.232,-0.0092,0.1704,,,0.3188,WPP_573_Samudera_Hindia_Selatan,NOAA_ERDDAP
2023-03,-10.75,114.75,29.659,0.0478,0.0614,-0.1536,0.1712,,,0.3142,WPP_573_Samudera_Hindia_Selatan,NOAA_ERDDAP
2023-03,-10.25,102.25,29.172,0.0454,-0.2317,0.382,-0.0286,,,0.3337,WPP_573_Samudera_Hindia_Selatan,NOAA_ERDDAP
2023-03,-10.25,102.75,29.189,0.0472,-0.078,-0.0102,-0.0446,,,0.333,WPP_573_Samudera_Hindia_Selatan,NOAA_ERDDAP
2023-03,-10.25,103.25,29.289,0.0506,-0.1975,0.0359,-0.0542,,,0.3291,WPP_573_Samudera_Hindia_Selatan,NOAA_ERDDAP
2023-03,-10.25,103.75,29.402,0.0463,-0.2391,-0.2537,-0.0452,,,0.3245,WPP_573_Samudera_Hindia_Selatan,NOAA_ERDDAP
2023-03,-10.25,104.25,29.281,0.0475,-0.2902,-0.1795,0.0015,,,0.3294,WPP_573_Samudera_Hindia_Selatan,NOAA_ERDDAP
2023-03,-10.25,104.75,29.205,0.0479,-0.2467,-0.1905,0.0268,,,0.3324,WPP_573_Samudera_Hindia_Selatan,NOAA_ERDDAP
2023-03,-10.25,105.25,28.911,0.0478,-0.1708,-0.2142,0.0602,,,0.3442,WPP_573_Samudera_Hindia_Selatan,NOAA_ERDDAP
2023-03,-10.25,105.75,28.551,0.0553,-0.2188,-0.0939,0.0869,,,0.3587,WPP_573_Samudera_Hindia_Selatan,NOAA_ERDDAP
2023-03,-10.25,106.25,28.971,0.0548,-0.1769,-0.0856,0.1176,,,0.3419,WPP_573_Samudera_Hindia_Selatan,NOAA_ERDDAP
2023-03,-10.25,106.75,28.974,0.0537,-0.0308,0.0309,0.1058,,,0.3418,WPP_573_Samudera_Hindia_Selatan,NOAA_ERDDAP
2023-03,-10.25,107.25,29.064,0.0556,-0.0047,-0.0895,0.1073,,,0.3382,WPP_573_Samudera_Hindia_Selatan,NOAA_ERDDAP
2023-03,-10.25,107.75,29.161,0.0539,-0.2282,-0.021,0.1247,,,0.3343,WPP_573_Samudera_Hindia_Selatan,NOAA_ERDDAP
2023-03,-10.25,108.25,29.152,0.0547,-0.1137,-0.0945,0.1445,,,0.3347,WPP_573_Samudera_Hindia_Selatan,NOAA_ERDDAP
2023-03,-10.25,108.75,29.233,0.0518,-0.1334,-0.1254,0.1596,,,0.3314,WPP_573_Samudera_Hindia_Selatan,NOAA_ERDDAP
2023-03,-10.25,109.25,29.509,0.0493,-0.1026,-0.0877,0.181,,,0.3203,WPP_573_Samudera_Hindia_Selatan,NOAA_ERDDAP
2023-03,-10.25,109.75,29.841,0.0506,0.042,0.0038,0.1962,,,0.307,WPP_573_Samudera_Hindia_Selatan,NOAA_ERDDAP
2023-03,-10.25,110.25,29.981,0.0543,0.018,0.0242,0.1952,,,0.3015,WPP_573_Samudera_Hindia_Selatan,NOAA_ERDDAP
2023-03,-10.25,110.75,30.5,0.0538,0.0669,-0.0236,0.2056,,,0.2807,WPP_573_Samudera_Hindia_Selatan,NOAA_ERDDAP
2023-03,-10.25,111.25,30.159,0.0519,0.2232,-0.3555,0.2313,,,0.2943,WPP_573_Samudera_Hindia_Selatan,NOAA_ERDDAP
2023-03,-10.25,111.75,30.033,0.0525,0.1229,-0.2576,0.2902,,,0.2994,WPP_573_Samudera_Hindia_Selatan,NOAA_ERDDAP
2023-03,-10.25,112.25,29.658,0.0517,0.2502,-0.0465,0.301,,,0.3144,WPP_573_Samudera_Hindia_Selatan,NOAA_ERDDAP
2023-03,-10.25,112.75,29.611,0.053,0.3301,0.1654,0.2925,,,0.3163,WPP_573_Samudera_Hindia_Selatan,NOAA_ERDDAP
2023-03,-10.25,113.25,29.493,0.0536,0.3102,0.2996,0.2467,,,0.321,WPP_573_Samudera_Hindia_Selatan,NOAA_ERDDAP
2023-03,-10.25,113.75,29.547,0.0605,0.3246,-0.1212,0.2299,,,0.319,WPP_573_Samudera_Hindia_Selatan,NOAA_ERDDAP
2023-03,-10.25,114.25,29.447,0.0637,0.1223,-0.1247,0.2301,,,0.323,WPP_573_Samudera_Hindia_Selatan,NOAA_ERDDAP
2023-03,-10.25,114.75,29.544,0.0521,0.2518,0.2012,0.2151,,,0.3189,WPP_573_Samudera_Hindia_Selatan,NOAA_ERDDAP
2023-03,-9.75,102.25,29.232,0.0449,0.0218,0.284,-0.0331,,,0.3313,WPP_573_Samudera_Hindia_Selatan,NOAA_ERDDAP
2023-03,-9.75,102.75,29.286,0.0486,-0.1128,-0.0245,-0.0489,,,0.3292,WPP_573_Samudera_Hindia_Selatan,NOAA_ERDDAP
2023-03,-9.75,103.25,29.047,0.0524,-0.0768,0.1417,-0.0677,,,0.3388,WPP_573_Samudera_Hindia_Selatan,NOAA_ERDDAP
2023-03,-9.75,103.75,29.077,0.0488,-0.3632,0.0005,-0.0644,,,0.3375,WPP_573_Samudera_Hindia_Selatan,NOAA_ERDDAP
2023-03,-9.75,104.25,29.02,0.0492,-0.2784,-0.344,-0.0228,,,0.3398,WPP_573_Samudera_Hindia_Selatan,NOAA_ERDDAP
2023-03,-9.75,104.75,28.788,0.0513,-0.156,-0.2362,0.0142,,,0.3491,WPP_573_Samudera_Hindia_Selatan,NOAA_ERDDAP
2023-03,-9.75,105.25,28.814,0.0485,-0.0652,-0.284,0.0618,,,0.3481,WPP_573_Samudera_Hindia_Selatan,NOAA_ERDDAP
2023-03,-9.75,105.75,28.432,0.0553,-0.0337,-0.2364,0.0925,,,0.3635,WPP_573_Samudera_Hindia_Selatan,NOAA_ERDDAP
2023-03,-9.75,106.25,28.659,0.0574,-0.0374,-0.1325,0.1139,,,0.3544,WPP_573_Samudera_Hindia_Selatan,NOAA_ERDDAP
2023-03,-9.75,106.75,28.984,0.0549,-0.0268,0.0929,0.1231,,,0.3414,WPP_573_Samudera_Hindia_Selatan,NOAA_ERDDAP
2023-03,-9.75,107.25,29.055,0.0611,-0.0945,0.071,0.1172,,,0.3387,WPP_573_Samudera_Hindia_Selatan,NOAA_ERDDAP
2023-03,-9.75,107.75,29.051,0.0638,-0.0733,-0.0184,0.1145,,,0.3389,WPP_573_Samudera_Hindia_Selatan,NOAA_ERDDAP
2023-03,-9.75,108.25,28.997,0.0606,-0.1853,-0.0505,0.1313,,,0.341,WPP_573_Samudera_Hindia_Selatan,NOAA_ERDDAP
2023-03,-9.75,108.75,29.286,0.0601,-0.2597,-0.1207,0.1521,,,0.3294,WPP_573_Samudera_Hindia_Selatan,NOAA_ERDDAP
2023-03,-9.75,109.25,29.541,0.0539,-0.2501,-0.1724,0.178,,,0.3191,WPP_573_Samudera_Hindia_Selatan,NOAA_ERDDAP
2023-03,-9.75,109.75,29.601,0.0534,-0.3422,-0.1134,0.2052,,,0.3167,WPP_573_Samudera_Hindia_Selatan,NOAA_ERDDAP
2023-03,-9.75,110.25,29.711,0.0569,-0.1474,0.121,0.211,,,0.3123,WPP_573_Samudera_Hindia_Selatan,NOAA_ERDDAP
2023-03,-9.75,110.75,29.854,0.0541,-0.2257,-0.1043,0.2123,,,0.3066,WPP_573_Samudera_Hindia_Selatan,NOAA_ERDDAP
2023-03,-9.75,111.25,29.774,0.0546,-0.2931,-0.4079,0.2526,,,0.3098,WPP_573_Samudera_Hindia_Selatan,NOAA_ERDDAP
2023-03,-9.75,111.75,29.769,0.0635,-0.4232,-0.2347,0.299,,,0.3101,WPP_573_Samudera_Hindia_Selatan,NOAA_ERDDAP
2023-03,-9.75,112.25,29.703,0.0677,-0.2471,-0.0612,0.327,,,0.3129,WPP_573_Samudera_Hindia_Selatan,NOAA_ERDDAP
2023-03,-9.75,112.75,29.709,0.0617,-0.2173,-0.0363,0.3276,,,0.3125,WPP_573_Samudera_Hindia_Selatan,NOAA_ERDDAP
2023-03,-9.75,113.25,29.629,0.0675,-0.1497,0.3291,0.2877,,,0.3158,WPP_573_Samudera_Hindia_Selatan,NOAA_ERDDAP
2023-03,-9.75,113.75,29.57,0.0918,-0.3183,0.1893,0.248,,,0.3187,WPP_573_Samudera_Hindia_Selatan,NOAA_ERDDAP
2023-03,-9.75,114.25,29.256,0.1045,-0.5615,-0.0353,0.2298,,,0.3315,WPP_573_Samudera_Hindia_Selatan,NOAA_ERDDAP
2023-03,-9.75,114.75,29.175,0.1095,-0.7172,0.2302,0.2036,,,0.3348,WPP_573_Samudera_Hindia_Selatan,NOAA_ERDDAP
2023-03,-9.25,102.25,29.313,0.0459,-0.0199,0.2381,-0.0121,,,0.328,WPP_573_Samudera_Hindia_Selatan,NOAA_ERDDAP
2023-03,-9.25,102.75,29.036,0.0477,0.1637,0.2188,-0.0238,,,0.3392,WPP_573_Samudera_Hindia_Selatan,NOAA_ERDDAP
2023-03,-9.25,103.25,28.935,0.0518,-0.0738,0.1673,-0.0445,,,0.3433,WPP_573_Samudera_Hindia_Selatan,NOAA_ERDDAP
2023-03,-9.25,103.75,28.944,0.0498,0.0804,-0.2093,-0.0555,,,0.3429,WPP_573_Samudera_Hindia_Selatan,NOAA_ERDDAP
2023-03,-9.25,104.25,28.867,0.0464,-0.0138,-0.1368,-0.0434,,,0.3459,WPP_573_Samudera_Hindia_Selatan,NOAA_ERDDAP
2023-03,-9.25,104.75,28.591,0.0527,-0.1272,-0.3405,0.0046,,,0.3571,WPP_573_Samudera_Hindia_Selatan,NOAA_ERDDAP
2023-03,-9.25,105.25,28.526,0.0521,-0.1834,-0.3449,0.0527,,,0.3596,WPP_573_Samudera_Hindia_Selatan,NOAA_ERDDAP
2023-03,-9.25,105.75,28.706,0.0536,-0.1589,-0.2546,0.0925,,,0.3525,WPP_573_Samudera_Hindia_Selatan,NOAA_ERDDAP
2023-03,-9.25,106.25,28.823,0.0629,0.0102,-0.1684,0.1255,,,0.348,WPP_573_Samudera_Hindia_Selatan,NOAA_ERDDAP
2023-03,-9.25,106.75,28.988,0.0616,-0.063,0.0529,0.1306,,,0.3413,WPP_573_Samudera_Hindia_Selatan,NOAA_ERDDAP
2023-03,-9.25,107.25,28.956,0.061,-0.0919,0.1017,0.124,,,0.3426,WPP_573_Samudera_Hindia_Selatan,NOAA_ERDDAP
2023-03,-9.25,107.75,28.976,0.0588,0.0309,0.0597,0.1262,,,0.3418,WPP_573_Samudera_Hindia_Selatan,NOAA_ERDDAP
2023-03,-9.25,108.25,28.919,0.0557,-0.103,-0.0144,0.1309,,,0.344,WPP_573_Samudera_Hindia_Selatan,NOAA_ERDDAP
2023-03,-9.25,108.75,29.114,0.0596,-0.3224,-0.0723,0.1326,,,0.3363,WPP_573_Samudera_Hindia_Selatan,NOAA_ERDDAP
2023-03,-9.25,109.25,29.229,0.0573,-0.3395,-0.0971,0.1523,,,0.3316,WPP_573_Samudera_Hindia_Selatan,NOAA_ERDDAP
2023-03,-9.25,109.75,29.531,0.0528,-0.4,-0.1496,0.1697,,,0.3195,WPP_573_Samudera_Hindia_Selatan,NOAA_ERDDAP
2023-03,-9.25,110.25,29.751,0.061,-0.3886,0.0975,0.1793,,,0.3108,WPP_573_Samudera_Hindia_Selatan,NOAA_ERDDAP
2023-03,-9.25,110.75,29.969,0.0652,-0.2473,-0.0381,0.1912,,,0.3022,WPP_573_Samudera_Hindia_Selatan,NOAA_ERDDAP
2023-03,-9.25,111.25,29.893,0.0676,-0.4619,-0.1793,0.2067,,,0.3053,WPP_573_Samudera_Hindia_Selatan,NOAA_ERDDAP
2023-03,-9.25,111.75,29.724,0.0715,-0.6887,-0.1442,0.2296,,,0.3121,WPP_573_Samudera_Hindia_Selatan,NOAA_ERDDAP
2023-03,-9.25,112.25,29.847,0.08,-0.9224,-0.1812,0.259,,,0.3073,WPP_573_Samudera_Hindia_Selatan,NOAA_ERDDAP
2023-03,-9.25,112.75,29.914,0.1054,-0.9138,0.0483,0.26,,,0.3052,WPP_573_Samudera_Hindia_Selatan,NOAA_ERDDAP
2023-03,-9.25,113.25,29.838,0.116,-0.9249,0.3337,0.2249,,,0.3084,WPP_573_Samudera_Hindia_Selatan,NOAA_ERDDAP
2023-03,-9.25,113.75,29.713,0.1407,-1.032,0.1649,0.1747,,,0.3139,WPP_573_Samudera_Hindia_Selatan,NOAA_ERDDAP
2023-03,-9.25,114.25,29.527,0.1715,-0.7649,0.3479,0.1467,,,0.3219,WPP_573_Samudera_Hindia_Selatan,NOAA_ERDDAP
2023-03,-9.25,114.75,29.662,0.1585,-0.904,0.0181,0.1051,,,0.3163,WPP_573_Samudera_Hindia_Selatan,NOAA_ERDDAP
2023-03,-8.75,102.25,29.267,0.0462,0.219,0.1567,0.0127,,,0.3299,WPP_573_Samudera_Hindia_Selatan,NOAA_ERDDAP
2023-03,-8.75,102.75,29.067,0.0493,0.1483,0.0913,-0.003,,,0.3379,WPP_573_Samudera_Hindia_Selatan,NOAA_ERDDAP
2023-03,-8.75,103.25,29.026,0.0514,0.2528,0.2864,-0.0284,,,0.3396,WPP_573_Samudera_Hindia_Selatan,NOAA_ERDDAP
2023-03,-8.75,103.75,28.869,0.0476,0.2331,0.0079,-0.0321,,,0.3458,WPP_573_Samudera_Hindia_Selatan,NOAA_ERDDAP
2023-03,-8.75,104.25,28.659,0.0493,0.0005,-0.3,-0.0186,,,0.3543,WPP_573_Samudera_Hindia_Selatan,NOAA_ERDDAP
2023-03,-8.75,104.75,28.486,0.0491,-0.109,-0.2382,0.0048,,,0.3612,WPP_573_Samudera_Hindia_Selatan,NOAA_ERDDAP
2023-03,-8.75,105.25,28.598,0.0514,-0.0859,-0.3512,0.0415,,,0.3567,WPP_573_Samudera_Hindia_Selatan,NOAA_ERDDAP
2023-03,-8.75,105.75,28.841,0.0562,0.0384,-0.361,0.0894,,,0.3471,WPP_573_Samudera_Hindia_Selatan,NOAA_ERDDAP
2023-03,-8.75,106.25,28.946,0.0689,-0.1441,-0.0391,0.1167,,,0.3432,WPP_573_Samudera_Hindia_Selatan,NOAA_ERDDAP
2023-03,-8.75,106.75,28.906,0.0651,-0.1793,-0.0713,0.1286,,,0.3447,WPP_573_Samudera_Hindia_Selatan,NOAA_ERDDAP
2023-03,-8.75,107.25,29.161,0.0662,-0.0418,0.1901,0.1252,,,0.3345,WPP_573_Samudera_Hindia_Selatan,NOAA_ERDDAP
2023-03,-8.75,107.75,29.075,0.0631,-0.0756,-0.0478,0.1199,,,0.3379,WPP_573_Samudera_Hindia_Selatan,NOAA_ERDDAP
2023-03,-8.75,108.25,29.182,0.0629,-0.2177,0.2948,0.1075,,,0.3336,WPP_573_Samudera_Hindia_Selatan,NOAA_ERDDAP
2023-03,-8.75,108.75,29.455,0.0641,-0.2874,0.0771,0.0966,,,0.3227,WPP_573_Samudera_Hindia_Selatan,NOAA_ERDDAP
2023-03,-8.75,109.25,29.538,0.0603,-0.4085,-0.0484,0.1121,,,0.3193,WPP_573_Samudera_Hindia_Selatan,NOAA_ERDDAP
2023-03,-8.75,109.75,29.714,0.0638,-0.3915,-0.1145,0.1205,,,0.3124,WPP_573_Samudera_Hindia_Selatan,NOAA_ERDDAP
2023-03,-8.75,110.25,29.837,0.0733,-0.4484,-0.0595,0.129,,,0.3076,WPP_573_Samudera_Hindia_Selatan,NOAA_ERDDAP
2023-03,-8.75,110.75,29.579,0.072,-0.4755,-0.0025,0.1386,,,0.3179,WPP_573_Samudera_Hindia_Selatan,NOAA_ERDDAP
2023-03,-8.75,111.25,29.767,0.0767,-0.4886,0.1876,0.1403,,,0.3105,WPP_573_Samudera_Hindia_Selatan,NOAA_ERDDAP
2023-03,-8.75,111.75,29.788,0.0913,-0.6502,-0.1475,0.1435,,,0.3099,WPP_573_Samudera_Hindia_Selatan,NOAA_ERDDAP
2023-03,-8.75,112.25,29.891,0.0882,-0.8731,0.127,0.1502,,,0.3057,WPP_573_Samudera_Hindia_Selatan,NOAA_ERDDAP
2023-03,-8.75,112.75,30.117,0.1105,-0.9547,0.0208,0.1347,,,0.2971,WPP_573_Samudera_Hindia_Selatan,NOAA_ERDDAP
2023-03,-8.75,113.25,30.067,0.1281,-0.8876,0.1652,0.11,,,0.2995,WPP_573_Samudera_Hindia_Selatan,NOAA_ERDDAP
2023-03,-8.75,113.75,29.841,0.1994,-0.6552,-0.0003,0.0913,,,0.3099,WPP_573_Samudera_Hindia_Selatan,NOAA_ERDDAP
2023-03,-8.75,114.25,30.068,0.2439,-0.2008,0.3439,0.071,,,0.3017,WPP_573_Samudera_Hindia_Selatan,NOAA_ERDDAP
2023-03,-8.75,114.75,30.367,0.1681,-0.0486,-0.0878,0.0314,,,0.2883,WPP_573_Samudera_Hindia_Selatan,NOAA_ERDDAP
2023-03,-8.25,102.25,29.035,0.0456,0.0572,0.1292,0.0391,,,0.3392,WPP_573_Samudera_Hindia_Selatan,NOAA_ERDDAP
2023-03,-8.25,102.75,28.921,0.0429,0.1956,0.195,0.0348,,,0.3437,WPP_573_Samudera_Hindia_Selatan,NOAA_ERDDAP
2023-03,-8.25,103.25,28.735,0.0493,0.1712,0.1749,0.0056,,,0.3512,WPP_573_Samudera_Hindia_Selatan,NOAA_ERDDAP
2023-03,-8.25,103.75,28.767,0.0474,0.1167,0.0421,0.0055,,,0.3499,WPP_573_Samudera_Hindia_Selatan,NOAA_ERDDAP
2023-03,-8.25,104.25,28.708,0.051,0.1617,-0.0932,0.0124,,,0.3523,WPP_573_Samudera_Hindia_Selatan,NOAA_ERDDAP
2023-03,-8.25,104.75,28.608,0.046,0.0999,-0.0973,0.0099,,,0.3562,WPP_573_Samudera_Hindia_Selatan,NOAA_ERDDAP
2023-03,-8.25,105.25,28.536,0.0441,0.1064,-0.4414,0.0421,,,0.3591,WPP_573_Samudera_Hindia_Selatan,NOAA_ERDDAP
2023-03,-8.25,105.75,28.777,0.0694,0.866,-0.1175,0.0788,,,0.3499,WPP_573_Samudera_Hindia_Selatan,NOAA_ERDDAP
2023-03,-8.25,106.25,28.917,0.0704,0.0552,-0.11,0.0993,,,0.3444,WPP_573_Samudera_Hindia_Selatan,NOAA_ERDDAP
2023-03,-8.25,106.75,28.897,0.0713,-0.4748,0.0677,0.0915,,,0.3452,WPP_573_Samudera_Hindia_Selatan,NOAA_ERDDAP
2023-03,-8.25,107.25,28.973,0.0762,-0.4063,-0.1291,0.1041,,,0.3422,WPP_573_Samudera_Hindia_Selatan,NOAA_ERDDAP
2023-03,-8.25,107.75,28.916,0.0715,-0.2744,0.1884,0.1204,,,0.3444,WPP_573_Samudera_Hindia_Selatan,NOAA_ERDDAP
2023-03,-8.25,108.25,29.561,0.099,-0.1435,0.2992,0.0836,,,0.3192,WPP_573_Samudera_Hindia_Selatan,NOAA_ERDDAP
2023-03,-8.25,108.75,29.942,0.0839,-0.103,0.0951,0.062,,,0.3036,WPP_573_Samudera_Hindia_Selatan,NOAA_ERDDAP
2023-03,-8.25,109.25,29.842,0.0781,-0.0687,-0.0417,0.0793,,,0.3075,WPP_573_Samudera_Hindia_Selatan,NOAA_ERDDAP
2023-03,-8.25,109.75,29.969,0.1088,-0.1702,-0.0084,0.0817,,,0.303,WPP_573_Samudera_Hindia_Selatan,NOAA_ERDDAP
2023-03,-8.25,110.25,29.739,0.2921,-0.2081,-0.0202,0.0848,,,0.3158,WPP_573_Samudera_Hindia_Selatan,NOAA_ERDDAP
2023-03,-8.25,110.75,29.466,0.2391,-0.3089,0.0013,0.1027,,,0.3257,WPP_573_Samudera_Hindia_Selatan,NOAA_ERDDAP
2023-03,-8.25,111.25,29.442,0.2614,-0.049,0.0821,0.1011,,,0.3271,WPP_573_Samudera_Hindia_Selatan,NOAA_ERDDAP
2023-03,-8.25,111.75,29.923,0.5941,0.1014,0.0441,0.0842,,,0.3143,WPP_573_Samudera_Hindia_Selatan,NOAA_ERDDAP
2023-03,-8.25,112.25,30.118,0.1643,0.0536,0.3371,0.0937,,,0.2982,WPP_573_Samudera_Hindia_Selatan,NOAA_ERDDAP
2023-03,-8.25,112.75,29.884,0.2065,0.195,0.129,0.0493,,,0.3083,WPP_573_Samudera_Hindia_Selatan,NOAA_ERDDAP
2023-03,-8.25,113.25,30.189,0.9288,0.3278,-0.1337,0.0483,,,0.3102,WPP_573_Samudera_Hindia_Selatan,NOAA_ERDDAP
2023-03,-8.25,113.75,30.548,1.5513,,,,,,0.308,WPP_573_Samudera_Hindia_Selatan,NOAA_ERDDAP
2023-03,-8.25,114.25,30.612,0.3035,,,,,,0.2811,WPP_573_Samudera_Hindia_Selatan,NOAA_ERDDAP
2023-03,-8.25,114.75,29.847,0.2813,0.1325,0.1101,0.0532,,,0.3113,WPP_573_Samudera_Hindia_Selatan,NOAA_ERDDAP
2023-03,-7.75,102.25,29.056,0.0436,0.216,0.1945,0.0549,,,0.3383,WPP_573_Samudera_Hindia_Selatan,NOAA_ERDDAP
2023-03,-7.75,102.75,28.885,0.0425,0.0675,0.138,0.0443,,,0.3451,WPP_573_Samudera_Hindia_Selatan,NOAA_ERDDAP
2023-03,-7.75,103.25,28.95,0.0421,0.0612,0.0441,0.0352,,,0.3425,WPP_573_Samudera_Hindia_Selatan,NOAA_ERDDAP
2023-03,-7.75,103.75,28.81,0.044,0.3135,0.2072,0.0223,,,0.3481,WPP_573_Samudera_Hindia_Selatan,NOAA_ERDDAP
2023-03,-7.75,104.25,28.556,0.0437,0.1325,0.0436,0.0303,,,0.3583,WPP_573_Samudera_Hindia_Selatan,NOAA_ERDDAP
2023-03,-7.75,104.75,28.556,0.0443,0.1094,-0.244,0.0287,,,0.3583,WPP_573_Samudera_Hindia_Selatan,NOAA_ERDDAP
2023-03,-7.75,105.25,28.852,0.0631,1.0256,-1.0037,0.0468,,,0.3468,WPP_573_Samudera_Hindia_Selatan,NOAA_ERDDAP
2023-03,-7.75,105.75,29.322,0.1033,-0.6817,0.2764,0.1696,,,0.3288,WPP_573_Samudera_Hindia_Selatan,NOAA_ERDDAP
2023-03,-7.75,106.25,29.458,0.0988,-0.6167,0.7762,0.068,,,0.3233,WPP_573_Samudera_Hindia_Selatan,NOAA_ERDDAP
2023-03,-7.75,106.75,29.429,0.1074,-0.5536,0.1418,0.0009,,,0.3246,WPP_573_Samudera_Hindia_Selatan,NOAA_ERDDAP
2023-03,-7.75,107.25,28.873,0.1105,-0.576,-0.1741,0.0266,,,0.3469,WPP_573_Samudera_Hindia_Selatan,NOAA_ERDDAP
2023-03,-7.75,107.75,28.809,0.1697,-0.2144,-0.4597,0.0738,,,0.3506,WPP_573_Samudera_Hindia_Selatan,NOAA_ERDDAP
2023-03,-7.75,108.25,29.55,0.2754,0.0265,0.1438,0.0725,,,0.323,WPP_573_Samudera_Hindia_Selatan,NOAA_ERDDAP
2023-03,-7.75,108.75,30.206,0.3582,0.1766,0.1158,0.0817,,,0.2984,WPP_573_Samudera_Hindia_Selatan,NOAA_ERDDAP
2023-03,-7.75,109.25,30.13,0.8628,0.1558,-0.0701,0.0904,,,0.3113,WPP_573_Samudera_Hindia_Selatan,NOAA_ERDDAP
2023-03,-7.75,109.75,29.825,0.5748,0.3038,0.0222,0.0865,,,0.3179,WPP_573_Samudera_Hindia_Selatan,NOAA_ERDDAP
2023-03,-7.75,110.25,30.397,2.2731,0.2675,0.0055,0.0915,,,0.3281,WPP_573_Samudera_Hindia_Selatan,NOAA_ERDDAP
2023-03,-7.75,112.75,31.28,8.4725,,,,,,0.4138,WPP_573_Samudera_Hindia_Selatan,NOAA_ERDDAP
2023-03,-7.75,113.25,30.346,1.1509,,,,,,0.3083,WPP_573_Samudera_Hindia_Selatan,NOAA_ERDDAP
2023-03,-7.75,113.75,29.932,1.1831,,,,,,0.3255,WPP_573_Samudera_Hindia_Selatan,NOAA_ERDDAP
2023-03,-7.75,114.25,29.865,0.2414,,,,,,0.3098,WPP_573_Samudera_Hindia_Selatan,NOAA_ERDDAP
2023-03,-7.75,114.75,29.988,0.1813,0.2787,0.1742,0.0791,,,0.3037,WPP_573_Samudera_Hindia_Selatan,NOAA_ERDDAP
2023-03,-7.25,102.25,28.984,0.0442,-0.085,0.0676,0.0678,,,0.3412,WPP_573_Samudera_Hindia_Selatan,NOAA_ERDDAP
2023-03,-7.25,102.75,28.742,0.0448,-0.0162,0.1943,0.0446,,,0.3509,WPP_573_Samudera_Hindia_Selatan,NOAA_ERDDAP
2023-03,-7.25,103.25,28.738,0.067,-0.0056,0.1414,0.0332,,,0.3515,WPP_573_Samudera_Hindia_Selatan,NOAA_ERDDAP
2023-03,-7.25,103.75,28.519,0.0672,-0.0035,0.0351,0.0277,,,0.3602,WPP_573_Samudera_Hindia_Selatan,NOAA_ERDDAP
2023-03,-7.25,104.25,28.541,0.0518,-0.0047,0.0067,0.0311,,,0.359,WPP_573_Samudera_Hindia_Selatan,NOAA_ERDDAP
2023-03,-7.25,104.75,28.807,0.0494,-0.0404,0.37,0.0277,,,0.3484,WPP_573_Samudera_Hindia_Selatan,NOAA_ERDDAP
2023-03,-7.25,105.25,29.458,0.0897,-0.2761,-1.0459,0.1235,,,0.3231,WPP_573_Samudera_Hindia_Selatan,NOAA_ERDDAP
2023-03,-7.25,105.75,29.703,0.1665,0.2401,-0.9657,0.1478,,,0.3148,WPP_573_Samudera_Hindia_Selatan,NOAA_ERDDAP
2023-03,-7.25,106.25,29.644,0.7436,-0.0408,0.2853,0.1509,,,0.3284,WPP_573_Samudera_Hindia_Selatan,NOAA_ERDDAP
2023-03,-7.25,106.75,29.542,0.7171,1.4397,0.829,0.0798,,,0.332,WPP_573_Samudera_Hindia_Selatan,NOAA_ERDDAP
2023-03,-7.25,107.25,28.93,0.5827,,,,,,0.3538,WPP_573_Samudera_Hindia_Selatan,NOAA_ERDDAP
2023-03,-7.25,112.75,32.034,11.8341,,,,,,0.4492,WPP_573_Samudera_Hindia_Selatan,NOAA_ERDDAP
2023-03,-7.25,113.25,31.99,1.2868,0.7925,0.23,0.0606,,,0.2452,WPP_573_Samudera_Hindia_Selatan,NOAA_ERDDAP
2023-03,-7.25,113.75,30.553,1.5422,-0.1816,-0.014,0.0601,,,0.3076,WPP_573_Samudera_Hindia_Selatan,NOAA_ERDDAP
2023-03,-7.25,114.25,30.073,0.439,0.4525,-0.0748,0.0673,,,0.3053,WPP_573_Samudera_Hindia_Selatan,NOAA_ERDDAP
2023-03,-7.25,114.75,30.193,0.4221,0.3134,0.0662,0.0873,,,0.3002,WPP_573_Samudera_Hindia_Selatan,NOAA_ERDDAP
2023-03,-6.75,102.25,28.707,0.0491,-0.0519,0.2851,0.0623,,,0.3523,WPP_573_Samudera_Hindia_Selatan,NOAA_ERDDAP
2023-03,-6.75,102.75,28.775,0.0719,-0.0093,0.0591,0.0476,,,0.3501,WPP_573_Samudera_Hindia_Selatan,NOAA_ERDDAP
2023-03,-6.75,103.25,28.839,0.0969,0.0349,0.1349,0.0424,,,0.348,WPP_573_Samudera_Hindia_Selatan,NOAA_ERDDAP
2023-03,-6.75,103.75,28.793,0.0974,-0.2226,0.1962,0.024,,,0.3498,WPP_573_Samudera_Hindia_Selatan,NOAA_ERDDAP
2023-03,-6.75,104.25,28.661,0.0542,-0.3553,0.1691,0.0173,,,0.3543,WPP_573_Samudera_Hindia_Selatan,NOAA_ERDDAP
2023-03,-6.75,104.75,29.222,0.2495,0.062,-0.4574,0.0188,,,0.3357,WPP_573_Samudera_Hindia_Selatan,NOAA_ERDDAP
2023-03,-6.75,105.25,29.45,0.3783,0.4228,-0.1839,0.0231,,,0.329,WPP_573_Samudera_Hindia_Selatan,NOAA_ERDDAP
2023-03,-6.75,105.75,29.466,0.3864,-0.3192,0.0424,0.1737,,,0.3286,WPP_573_Samudera_Hindia_Selatan,NOAA_ERDDAP
2023-03,-6.75,106.25,29.747,0.9428,0.3416,0.7558,0.2298,,,0.3282,WPP_573_Samudera_Hindia_Selatan,NOAA_ERDDAP
2023-03,-6.75,108.75,30.86,3.2028,,,,,,0.3278,WPP_573_Samudera_Hindia_Selatan,NOAA_ERDDAP
2023-03,-6.75,109.25,29.706,1.871,0.2254,-0.5076,0.126,,,0.3479,WPP_573_Samudera_Hindia_Selatan,NOAA_ERDDAP
2023-03,-6.75,109.75,29.903,0.8249,0.357,0.1124,0.1578,,,0.3196,WPP_573_Samudera_Hindia_Selatan,NOAA_ERDDAP
2023-03,-6.75,110.25,30.696,1.1693,0.1733,0.2215,0.1248,,,0.2946,WPP_573_Samudera_Hindia_Selatan,NOAA_ERDDAP
2023-03,-6.75,111.25,30.448,8.4974,,,,,,0.4476,WPP_573_Samudera_Hindia_Selatan,NOAA_ERDDAP
2023-03,-6.75,111.75,30.234,1.8744,,,,,,0.3269,WPP_573_Samudera_Hindia_Selatan,NOAA_ERDDAP
2023-03,-6.75,112.25,31.215,0.9503,-0.0735,-0.2913,0.0742,,,0.2696,WPP_573_Samudera_Hindia_Selatan,NOAA_ERDDAP
2023-03,-6.75,112.75,30.653,1.8789,0.3046,0.0135,0.0857,,,0.3102,WPP_573_Samudera_Hindia_Selatan,NOAA_ERDDAP
2023-03,-6.75,113.25,29.978,0.1551,0.7027,0.1174,0.0968,,,0.3036,WPP_573_Samudera_Hindia_Selatan,NOAA_ERDDAP
2023-03,-6.75,113.75,30.032,0.17,1.4987,0.3543,0.0929,,,0.3017,WPP_573_Samudera_Hindia_Selatan,NOAA_ERDDAP
2023-03,-6.75,114.25,30.301,0.8593,0.9623,0.6858,0.0809,,,0.3044,WPP_573_Samudera_Hindia_Selatan,NOAA_ERDDAP
2023-03,-6.75,114.75,30.731,0.2087,0.9392,-0.4301,0.0892,,,0.2745,WPP_573_Samudera_Hindia_Selatan,NOAA_ERDDAP
2023-03,-6.25,102.25,28.734,0.0486,-0.2774,0.0654,0.0441,,,0.3513,WPP_573_Samudera_Hindia_Selatan,NOAA_ERDDAP
2023-03,-6.25,102.75,28.843,0.0821,-0.2957,0.3084,0.0312,,,0.3475,WPP_573_Samudera_Hindia_Selatan,NOAA_ERDDAP
2023-03,-6.25,103.25,28.942,0.1046,-0.3535,0.077,0.0225,,,0.344,WPP_573_Samudera_Hindia_Selatan,NOAA_ERDDAP
2023-03,-6.25,103.75,28.935,0.1209,-0.7336,0.4855,-0.016,,,0.3446,WPP_573_Samudera_Hindia_Selatan,NOAA_ERDDAP
2023-03,-6.25,104.25,28.964,0.1909,-0.5849,-0.202,-0.0222,,,0.3448,WPP_573_Samudera_Hindia_Selatan,NOAA_ERDDAP
2023-03,-6.25,104.75,29.431,0.3544,-0.7886,-0.5991,0.0142,,,0.3293,WPP_573_Samudera_Hindia_Selatan,NOAA_ERDDAP
2023-03,-6.25,105.25,29.39,0.6214,-0.9324,1.3909,-0.093,,,0.3362,WPP_573_Samudera_Hindia_Selatan,NOAA_ERDDAP
2023-03,-6.25,105.75,29.468,1.682,-1.5852,0.2653,0.0651,,,0.3538,WPP_573_Samudera_Hindia_Selatan,NOAA_ERDDAP
2023-03,-6.25,107.25,30.36,2.3252,,,,,,0.3306,WPP_573_Samudera_Hindia_Selatan,NOAA_ERDDAP
2023-03,-6.25,107.75,31.178,1.3058,,,,,,0.278,WPP_573_Samudera_Hindia_Selatan,NOAA_ERDDAP
2023-03,-6.25,108.25,29.926,0.4527,,,,,,0.3115,WPP_573_Samudera_Hindia_Selatan,NOAA_ERDDAP
2023-03,-6.25,108.75,29.899,0.424,-0.1325,-0.8247,0.0655,,,0.312,WPP_573_Samudera_Hindia_Selatan,NOAA_ERDDAP
2023-03,-6.25,109.25,29.809,0.2015,-0.2774,-0.3043,0.0988,,,0.3112,WPP_573_Samudera_Hindia_Selatan,NOAA_ERDDAP
2023-03,-6.25,109.75,30.247,0.1934,-0.4302,0.0846,0.1109,,,0.2936,WPP_573_Samudera_Hindia_Selatan,NOAA_ERDDAP
2023-03,-6.25,110.25,30.082,0.2108,-0.3082,0.2756,0.1012,,,0.3005,WPP_573_Samudera_Hindia_Selatan,NOAA_ERDDAP
2023-03,-6.25,110.75,30.76,0.453,-0.2315,0.4762,0.0717,,,0.2781,WPP_573_Samudera_Hindia_Selatan,NOAA_ERDDAP
2023-03,-6.25,111.25,30.496,0.8316,-0.133,0.1368,0.0481,,,0.2961,WPP_573_Samudera_Hindia_Selatan,NOAA_ERDDAP
2023-03,-6.25,111.75,30.654,0.1793,-0.1718,-0.2616,0.0581,,,0.277,WPP_573_Samudera_Hindia_Selatan,NOAA_ERDDAP
2023-03,-6.25,112.25,30.794,0.1429,0.1286,-0.3982,0.0817,,,0.2707,WPP_573_Samudera_Hindia_Selatan,NOAA_ERDDAP
2023-03,-6.25,112.75,30.936,0.1402,0.2081,-0.2547,0.0931,,,0.265,WPP_573_Samudera_Hindia_Selatan,NOAA_ERDDAP
2023-03,-6.25,113.25,30.628,0.1548,0.2785,-0.183,0.1197,,,0.2776,WPP_573_Samudera_Hindia_Selatan,NOAA_ERDDAP
2023-03,-6.25,113.75,31.052,0.1475,0.7315,0.102,0.1511,,,0.2605,WPP_573_Samudera_Hindia_Selatan,NOAA_ERDDAP
2023-03,-6.25,114.25,30.535,0.1727,0.7043,0.1879,0.137,,,0.2816,WPP_573_Samudera_Hindia_Selatan,NOAA_ERDDAP
2023-03,-6.25,114.75,30.7,0.16,0.8844,-0.0148,0.1349,,,0.2748,WPP_573_Samudera_Hindia_Selatan,NOAA_ERDDAP
2023-03,-5.75,105.25,29.375,0.5049,0.9001,0.3578,-0.0486,,,0.3345,WPP_573_Samudera_Hindia_Selatan,NOAA_ERDDAP
2023-03,-5.75,105.75,29.098,1.0403,1.077,-0.6852,-0.0913,,,0.356,WPP_573_Samudera_Hindia_Selatan,NOAA_ERDDAP
2023-03,-5.75,106.25,29.338,1.5278,0.2391,-2.1525,0.0456,,,0.356,WPP_573_Samudera_Hindia_Selatan,NOAA_ERDDAP
2023-03,-5.75,106.75,29.193,1.6162,-0.0421,0.2574,0.0683,,,0.3635,WPP_573_Samudera_Hindia_Selatan,NOAA_ERDDAP
2023-03,-5.75,107.25,29.456,1.2383,0.2113,0.2399,0.0622,,,0.3456,WPP_573_Samudera_Hindia_Selatan,NOAA_ERDDAP
2023-03,-5.75,107.75,29.397,0.2574,0.2475,0.5159,0.0337,,,0.3288,WPP_573_Samudera_Hindia_Selatan,NOAA_ERDDAP
2023-03,-5.75,108.25,28.928,0.1479,0.2037,-0.0442,0.017,,,0.3454,WPP_573_Samudera_Hindia_Selatan,NOAA_ERDDAP
2023-03,-5.75,108.75,30.561,0.1531,0.0652,-0.3941,0.0487,,,0.2802,WPP_573_Samudera_Hindia_Selatan,NOAA_ERDDAP
2023-03,-5.75,109.25,29.962,0.1431,0.005,-0.2274,0.0826,,,0.304,WPP_573_Samudera_Hindia_Selatan,NOAA_ERDDAP
2023-03,-5.75,109.75,29.59,0.1655,0.1601,-0.0394,0.0912,,,0.3193,WPP_573_Samudera_Hindia_Selatan,NOAA_ERDDAP
2023-03,-5.75,110.25,29.623,0.2165,0.1754,0.0453,0.0966,,,0.319,WPP_573_Samudera_Hindia_Selatan,NOAA_ERDDAP
2023-03,-5.75,110.75,30.261,0.1663,0.4338,0.3238,0.078,,,0.2925,WPP_573_Samudera_Hindia_Selatan,NOAA_ERDDAP
2023-03,-5.75,111.25,30.188,0.1587,0.4479,0.1042,0.0609,,,0.2952,WPP_573_Samudera_Hindia_Selatan,NOAA_ERDDAP
2023-03,-5.75,111.75,30.197,0.1336,0.5258,-0.1962,0.0688,,,0.2944,WPP_573_Samudera_Hindia_Selatan,NOAA_ERDDAP
2023-03,-5.75,112.25,30.288,0.138,0.2863,-0.3113,0.0878,,,0.2908,WPP_573_Samudera_Hindia_Selatan,NOAA_ERDDAP
2023-03,-5.75,112.75,30.767,0.1786,0.2532,-0.4027,0.1099,,,0.2725,WPP_573_Samudera_Hindia_Selatan,NOAA_ERDDAP
2023-03,-5.75,113.25,30.513,0.1802,0.2811,-0.4497,0.1445,,,0.2827,WPP_573_Samudera_Hindia_Selatan,NOAA_ERDDAP
2023-03,-5.75,113.75,30.617,0.1839,0.1613,-0.0625,0.177,,,0.2786,WPP_573_Samudera_Hindia_Selatan,NOAA_ERDDAP
2023-03,-5.75,114.25,30.328,0.1621,0.4028,0.2404,0.1796,,,0.2897,WPP_573_Samudera_Hindia_Selatan,NOAA_ERDDAP
2023-03,-5.75,114.75,30.781,0.1498,0.4074,-0.0574,0.1725,,,0.2713,WPP_573_Samudera_Hindia_Selatan,NOAA_ERDDAP
2023-03,-5.25,105.75,29.499,3.2443,,,,,,0.383,WPP_573_Samudera_Hindia_Selatan,NOAA_ERDDAP
2023-03,-5.25,106.25,29.003,1.5623,0.2857,-1.1523,0.0211,,,0.37,WPP_573_Samudera_Hindia_Selatan,NOAA_ERDDAP
2023-03,-5.25,106.75,29.099,0.8768,-0.0048,-0.2166,0.0364,,,0.3528,WPP_573_Samudera_Hindia_Selatan,NOAA_ERDDAP
2023-03,-5.25,107.25,29.014,0.7586,-0.0298,-0.217,0.0714,,,0.3539,WPP_573_Samudera_Hindia_Selatan,NOAA_ERDDAP
2023-03,-5.25,107.75,28.637,0.566,0.2254,0.4466,0.0613,,,0.3652,WPP_573_Samudera_Hindia_Selatan,NOAA_ERDDAP
2023-03,-5.25,108.25,29.05,0.2225,0.2349,-0.0197,0.0277,,,0.342,WPP_573_Samudera_Hindia_Selatan,NOAA_ERDDAP
2023-03,-5.25,108.75,29.821,0.1892,-0.0398,-0.4165,0.0494,,,0.3105,WPP_573_Samudera_Hindia_Selatan,NOAA_ERDDAP
2023-03,-5.25,109.25,28.657,0.1926,0.1464,-0.3422,0.0863,,,0.3571,WPP_573_Samudera_Hindia_Selatan,NOAA_ERDDAP
2023-03,-5.25,109.75,28.562,0.1527,0.1168,-0.0999,0.1033,,,0.3602,WPP_573_Samudera_Hindia_Selatan,NOAA_ERDDAP
2023-03,-5.25,110.25,29.841,0.1198,0.3473,-0.083,0.123,,,0.3084,WPP_573_Samudera_Hindia_Selatan,NOAA_ERDDAP
2023-03,-5.25,110.75,30.649,0.1209,0.2757,0.0716,0.1063,,,0.2761,WPP_573_Samudera_Hindia_Selatan,NOAA_ERDDAP
2023-03,-5.25,111.25,29.916,0.1309,0.2685,0.2747,0.0832,,,0.3056,WPP_573_Samudera_Hindia_Selatan,NOAA_ERDDAP
2023-03,-5.25,111.75,29.806,0.1275,0.2486,-0.1578,0.0907,,,0.3099,WPP_573_Samudera_Hindia_Selatan,NOAA_ERDDAP
2023-03,-5.25,112.25,29.646,0.1445,0.4385,-0.2226,0.103,,,0.3166,WPP_573_Samudera_Hindia_Selatan,NOAA_ERDDAP
2023-03,-5.25,112.75,30.283,0.2313,0.3731,-0.4301,0.1339,,,0.2929,WPP_573_Samudera_Hindia_Selatan,NOAA_ERDDAP
2023-03,-5.25,113.25,30.333,0.2095,0.1052,-0.2536,0.1549,,,0.2904,WPP_573_Samudera_Hindia_Selatan,NOAA_ERDDAP
2023-03,-5.25,113.75,30.288,0.1686,0.0156,-0.1279,0.1713,,,0.2914,WPP_573_Samudera_Hindia_Selatan,NOAA_ERDDAP
2023-03,-5.25,114.25,30.716,0.1579,0.1,0.0658,0.1779,,,0.2741,WPP_573_Samudera_Hindia_Selatan,NOAA_ERDDAP
2023-03,-5.25,114.75,30.922,0.1831,0.0473,0.1116,0.1824,,,0.2664,WPP_573_Samudera_Hindia_Selatan,NOAA_ERDDAP
2023-01,0.25,105.25,28.589,0.502,0.0528,-0.2524,0.2749,,,0.3659,WPP_711_Laut_Natuna,NOAA_ERDDAP
2023-01,0.25,105.75,28.429,0.3629,0.1024,-0.2617,0.2515,,,0.3696,WPP_711_Laut_Natuna,NOAA_ERDDAP
2023-01,0.25,106.25,28.833,0.2923,0.1669,-0.2494,0.2436,,,0.3521,WPP_711_Laut_Natuna,NOAA_ERDDAP
2023-01,0.25,106.75,28.696,0.2241,0.2419,-0.2304,0.2451,,,0.3562,WPP_711_Laut_Natuna,NOAA_ERDDAP
2023-01,0.25,107.25,28.658,0.3096,0.3294,-0.2039,0.2517,,,0.3594,WPP_711_Laut_Natuna,NOAA_ERDDAP
2023-01,0.25,107.75,28.928,0.4539,0.4309,-0.1697,0.239,,,0.3514,WPP_711_Laut_Natuna,NOAA_ERDDAP
2023-01,0.25,108.25,28.659,0.3735,0.5478,-0.1327,0.2359,,,0.3606,WPP_711_Laut_Natuna,NOAA_ERDDAP
2023-01,0.25,108.75,29.372,2.1867,0.6776,-0.106,0.2454,,,0.3675,WPP_711_Laut_Natuna,NOAA_ERDDAP
2023-01,0.75,105.25,28.456,0.5431,0.0968,-0.4153,0.2995,,,0.372,WPP_711_Laut_Natuna,NOAA_ERDDAP
2023-01,0.75,105.75,28.111,0.2937,0.1477,-0.4377,0.2724,,,0.381,WPP_711_Laut_Natuna,NOAA_ERDDAP
2023-01,0.75,106.25,28.368,0.2401,0.2318,-0.336,0.2413,,,0.3696,WPP_711_Laut_Natuna,NOAA_ERDDAP
2023-01,0.75,106.75,28.949,0.2115,0.2949,-0.304,0.2376,,,0.3458,WPP_711_Laut_Natuna,NOAA_ERDDAP
2023-01,0.75,107.25,28.691,0.315,0.334,-0.2842,0.2333,,,0.3582,WPP_711_Laut_Natuna,NOAA_ERDDAP
2023-01,0.75,107.75,28.928,0.3276,0.3722,-0.2728,0.2308,,,0.3489,WPP_711_Laut_Natuna,NOAA_ERDDAP
2023-01,0.75,108.25,28.64,0.4535,0.4299,-0.2491,0.2341,,,0.3629,WPP_711_Laut_Natuna,NOAA_ERDDAP
2023-01,0.75,108.75,28.902,1.1511,0.527,-0.1946,0.2168,,,0.366,WPP_711_Laut_Natuna,NOAA_ERDDAP
2023-01,1.25,105.25,28.224,0.499,0.2422,-0.552,0.3013,,,0.3804,WPP_711_Laut_Natuna,NOAA_ERDDAP
2023-01,1.25,105.75,28.096,0.2508,0.1995,-0.5704,0.2928,,,0.3807,WPP_711_Laut_Natuna,NOAA_ERDDAP
2023-01,1.25,106.25,28.374,0.2214,0.2636,-0.4667,0.2436,,,0.369,WPP_711_Laut_Natuna,NOAA_ERDDAP
2023-01,1.25,106.75,28.604,0.2543,0.3135,-0.3414,0.2351,,,0.3605,WPP_711_Laut_Natuna,NOAA_ERDDAP
2023-01,1.25,107.25,28.773,0.1791,0.321,-0.2899,0.2349,,,0.3522,WPP_711_Laut_Natuna,NOAA_ERDDAP
2023-01,1.25,107.75,28.891,0.1893,0.2966,-0.267,0.2304,,,0.3477,WPP_711_Laut_Natuna,NOAA_ERDDAP
2023-01,1.25,108.25,28.603,0.2505,0.3035,-0.2908,0.2238,,,0.3604,WPP_711_Laut_Natuna,NOAA_ERDDAP
2023-01,1.25,108.75,29.162,2.2427,0.3136,-0.2527,0.2114,,,0.3769,WPP_711_Laut_Natuna,NOAA_ERDDAP
2023-01,1.75,105.25,28.614,0.2258,0.2821,-0.5896,0.3164,,,0.3595,WPP_711_Laut_Natuna,NOAA_ERDDAP
2023-01,1.75,105.75,28.567,0.1389,0.3259,-0.6136,0.28,,,0.3597,WPP_711_Laut_Natuna,NOAA_ERDDAP
2023-01,1.75,106.25,28.188,0.1656,0.206,-0.6394,0.2514,,,0.3754,WPP_711_Laut_Natuna,NOAA_ERDDAP
2023-01,1.75,106.75,28.272,0.0884,0.3294,-0.3218,0.2338,,,0.3705,WPP_711_Laut_Natuna,NOAA_ERDDAP
2023-01,1.75,107.25,28.023,0.1176,0.2491,-0.1734,0.2323,,,0.381,WPP_711_Laut_Natuna,NOAA_ERDDAP
2023-01,1.75,107.75,28.515,0.1381,0.1511,-0.233,0.2269,,,0.3618,WPP_711_Laut_Natuna,NOAA_ERDDAP
2023-01,1.75,108.25,28.796,0.207,0.1186,-0.2954,0.2184,,,0.3519,WPP_711_Laut_Natuna,NOAA_ERDDAP
2023-01,1.75,108.75,28.762,0.6335,0.1737,-0.3616,0.216,,,0.3615,WPP_711_Laut_Natuna,NOAA_ERDDAP
2023-01,1.75,109.25,29.087,1.8195,0.2559,-0.2953,0.1775,,,0.3717,WPP_711_Laut_Natuna,NOAA_ERDDAP
2023-01,1.75,109.75,29.015,4.9278,,,,,,0.4352,WPP_711_Laut_Natuna,NOAA_ERDDAP
2023-01,2.25,104.25,28.147,0.8722,0.4493,-0.1004,0.4019,,,0.3908,WPP_711_Laut_Natuna,NOAA_ERDDAP
2023-01,2.25,104.75,28.324,0.2879,0.1667,-0.6313,0.3585,,,0.3723,WPP_711_Laut_Natuna,NOAA_ERDDAP
2023-01,2.25,105.25,28.632,0.2873,0.2937,-0.6905,0.3134,,,0.36,WPP_711_Laut_Natuna,NOAA_ERDDAP
2023-01,2.25,105.75,28.171,0.1519,0.3284,-0.7034,0.2793,,,0.3758,WPP_711_Laut_Natuna,NOAA_ERDDAP
2023-01,2.25,106.25,27.926,0.2001,0.4432,-0.7319,0.2625,,,0.3865,WPP_711_Laut_Natuna,NOAA_ERDDAP
2023-01,2.25,106.75,28.312,0.1084,0.3009,-0.1357,0.2365,,,0.3693,WPP_711_Laut_Natuna,NOAA_ERDDAP
2023-01,2.25,107.25,27.539,0.1486,0.1575,-0.0539,0.2405,,,0.401,WPP_711_Laut_Natuna,NOAA_ERDDAP
2023-01,2.25,107.75,27.658,0.1872,0.1229,-0.2339,0.2394,,,0.397,WPP_711_Laut_Natuna,NOAA_ERDDAP
2023-01,2.25,108.25,28.484,0.1788,0.1203,-0.2975,0.2324,,,0.3638,WPP_711_Laut_Natuna,NOAA_ERDDAP
2023-01,2.25,108.75,28.315,0.3627,0.2545,-0.4696,0.1965,,,0.3741,WPP_711_Laut_Natuna,NOAA_ERDDAP
2023-01,2.25,109.25,28.627,0.4258,0.0791,-0.2945,0.1837,,,0.3629,WPP_711_Laut_Natuna,NOAA_ERDDAP
2023-01,2.25,109.75,27.89,0.6217,-0.0053,0.2011,0.1699,,,0.3962,WPP_711_Laut_Natuna,NOAA_ERDDAP
2023-01,2.75,104.25,28.328,0.5535,0.4894,-0.1075,0.365,,,0.3773,WPP_711_Laut_Natuna,NOAA_ERDDAP
2023-01,2.75,104.75,28.929,0.1453,0.4499,-0.6647,0.3529,,,0.3453,WPP_711_Laut_Natuna,NOAA_ERDDAP
2023-01,2.75,105.25,29.132,0.1495,0.3476,-0.6811,0.3059,,,0.3373,WPP_711_Laut_Natuna,NOAA_ERDDAP
2023-01,2.75,105.75,28.509,0.1212,0.2903,-0.7429,0.2715,,,0.3617,WPP_711_Laut_Natuna,NOAA_ERDDAP
2023-01,2.75,106.25,28.7,0.2027,0.3296,-0.921,0.2457,,,0.3556,WPP_711_Laut_Natuna,NOAA_ERDDAP
2023-01,2.75,106.75,28.47,0.1566,0.5428,0.0043,0.2179,,,0.3639,WPP_711_Laut_Natuna,NOAA_ERDDAP
2023-01,2.75,107.25,28.314,0.174,0.4508,-0.0201,0.2259,,,0.3705,WPP_711_Laut_Natuna,NOAA_ERDDAP
2023-01,2.75,107.75,27.572,0.1801,0.3845,-0.0913,0.2318,,,0.4003,WPP_711_Laut_Natuna,NOAA_ERDDAP
2023-01,2.75,108.25,27.767,0.1325,0.3349,-0.2208,0.2181,,,0.3916,WPP_711_Laut_Natuna,NOAA_ERDDAP
2023-01,2.75,108.75,28.198,0.2949,0.2273,-0.3933,0.1819,,,0.3775,WPP_711_Laut_Natuna,NOAA_ERDDAP
2023-01,2.75,109.25,28.351,0.1679,0.1197,-0.1958,0.1805,,,0.3689,WPP_711_Laut_Natuna,NOAA_ERDDAP
2023-01,2.75,109.75,28.531,0.2056,-0.1124,0.2048,0.1966,,,0.3624,WPP_711_Laut_Natuna,NOAA_ERDDAP
2023-01,3.25,104.25,28.589,0.5466,0.6452,-0.0384,0.3328,,,0.3668,WPP_711_Laut_Natuna,NOAA_ERDDAP
2023-01,3.25,104.75,28.654,0.172,0.5819,-0.4893,0.3259,,,0.3569,WPP_711_Laut_Natuna,NOAA_ERDDAP
2023-01,3.25,105.25,28.191,0.0845,0.3063,-0.6389,0.2959,,,0.3737,WPP_711_Laut_Natuna,NOAA_ERDDAP
2023-01,3.25,105.75,28.471,0.1344,0.2432,-0.6389,0.2639,,,0.3634,WPP_711_Laut_Natuna,NOAA_ERDDAP
2023-01,3.25,106.25,27.646,0.2073,0.2694,-0.7348,0.2295,,,0.3979,WPP_711_Laut_Natuna,NOAA_ERDDAP
2023-01,3.25,106.75,27.974,0.1206,0.3684,-0.4082,0.1902,,,0.3831,WPP_711_Laut_Natuna,NOAA_ERDDAP
2023-01,3.25,107.25,27.856,0.1065,0.529,0.0038,0.2013,,,0.3875,WPP_711_Laut_Natuna,NOAA_ERDDAP
2023-01,3.25,107.75,27.707,0.2204,0.4159,0.1596,0.2072,,,0.3957,WPP_711_Laut_Natuna,NOAA_ERDDAP
2023-01,3.25,108.25,27.887,0.1621,0.2792,-0.1868,0.1992,,,0.3873,WPP_711_Laut_Natuna,NOAA_ERDDAP
2023-01,3.25,108.75,27.923,0.1894,0.1188,-0.2946,0.181,,,0.3864,WPP_711_Laut_Natuna,NOAA_ERDDAP
2023-01,3.25,109.25,28.001,0.1377,0.1855,-0.1159,0.1822,,,0.3823,WPP_711_Laut_Natuna,NOAA_ERDDAP
2023-01,3.25,109.75,28.465,0.1937,0.191,0.1246,0.1977,,,0.3648,WPP_711_Laut_Natuna,NOAA_ERDDAP
2023-01,3.75,104.25,27.778,0.4959,0.737,0.0084,0.2896,,,0.3982,WPP_711_Laut_Natuna,NOAA_ERDDAP
2023-01,3.75,104.75,27.784,0.1037,0.5373,-0.2745,0.2924,,,0.3903,WPP_711_Laut_Natuna,NOAA_ERDDAP
2023-01,3.75,105.25,27.611,0.0859,0.3214,-0.292,0.2819,,,0.3969,WPP_711_Laut_Natuna,NOAA_ERDDAP
2023-01,3.75,105.75,27.936,0.0959,0.1698,-0.7036,0.2622,,,0.3841,WPP_711_Laut_Natuna,NOAA_ERDDAP
2023-01,3.75,106.25,28.163,0.0951,0.2638,-0.4817,0.2305,,,0.375,WPP_711_Laut_Natuna,NOAA_ERDDAP
2023-01,3.75,106.75,28.19,0.1096,0.4064,-0.7858,0.1639,,,0.3742,WPP_711_Laut_Natuna,NOAA_ERDDAP
2023-01,3.75,107.25,28.376,0.0869,0.3208,0.0921,0.1796,,,0.3663,WPP_711_Laut_Natuna,NOAA_ERDDAP
2023-01,3.75,107.75,27.774,0.159,0.201,0.2754,0.1975,,,0.3918,WPP_711_Laut_Natuna,NOAA_ERDDAP
2023-01,3.75,108.25,27.778,0.1982,0.1084,-0.1253,0.1893,,,0.3924,WPP_711_Laut_Natuna,NOAA_ERDDAP
2023-01,3.75,108.75,27.679,0.1234,0.1872,-0.2632,0.1813,,,0.3949,WPP_711_Laut_Natuna,NOAA_ERDDAP
2023-01,3.75,109.25,27.778,0.1269,0.3672,-0.161,0.1676,,,0.391,WPP_711_Laut_Natuna,NOAA_ERDDAP
2023-01,3.75,109.75,27.615,0.1485,0.3688,0.0885,0.1876,,,0.398,WPP_711_Laut_Natuna,NOAA_ERDDAP
2023-01,4.25,104.25,27.62,0.1284,0.6356,0.0874,0.2475,,,0.3974,WPP_711_Laut_Natuna,NOAA_ERDDAP
2023-01,4.25,104.75,27.762,0.0899,0.3775,-0.0548,0.2608,,,0.3909,WPP_711_Laut_Natuna,NOAA_ERDDAP
2023-01,4.25,105.25,28.497,0.1167,0.299,-0.1517,0.2559,,,0.3621,WPP_711_Laut_Natuna,NOAA_ERDDAP
2023-01,4.25,105.75,28.639,0.1138,0.0871,-0.5212,0.2454,,,0.3563,WPP_711_Laut_Natuna,NOAA_ERDDAP
2023-01,4.25,106.25,27.462,0.0912,0.0645,-0.7437,0.2135,,,0.3999,WPP_711_Laut_Natuna,NOAA_ERDDAP
2023-01,4.25,106.75,29.1,0.0936,-0.1014,-0.4682,0.1693,,,0.3375,WPP_711_Laut_Natuna,NOAA_ERDDAP
2023-01,4.25,107.25,29.303,0.1008,0.0764,0.2625,0.1668,,,0.3295,WPP_711_Laut_Natuna,NOAA_ERDDAP
2023-01,4.25,107.75,27.372,0.2256,0.0734,0.0558,0.179,,,0.3989,WPP_711_Laut_Natuna,NOAA_ERDDAP
2023-01,4.25,108.25,26.959,0.1889,0.1746,-0.1946,0.1846,,,0.3817,WPP_711_Laut_Natuna,NOAA_ERDDAP
2023-01,4.25,108.75,27.187,0.101,0.0034,-0.1599,0.1854,,,0.3891,WPP_711_Laut_Natuna,NOAA_ERDDAP
2023-01,4.25,109.25,27.409,0.0941,0.2366,-0.129,0.1555,,,0.3979,WPP_711_Laut_Natuna,NOAA_ERDDAP
2023-01,4.25,109.75,27.378,0.0925,0.4765,-0.2348,0.1587,,,0.3966,WPP_711_Laut_Natuna,NOAA_ERDDAP
2023-01,4.75,104.25,27.829,0.1318,0.1122,-0.2208,0.2152,,,0.3891,WPP_711_Laut_Natuna,NOAA_ERDDAP
2023-01,4.75,104.75,28.007,0.1091,0.3999,0.225,0.2371,,,0.3815,WPP_711_Laut_Natuna,NOAA_ERDDAP
2023-01,4.75,105.25,28.701,0.0793,0.2459,-0.227,0.2355,,,0.3532,WPP_711_Laut_Natuna,NOAA_ERDDAP
2023-01,4.75,105.75,28.202,0.1036,0.1224,-0.2542,0.2389,,,0.3736,WPP_711_Laut_Natuna,NOAA_ERDDAP
2023-01,4.75,106.25,27.009,0.0978,-0.0564,-0.5089,0.2116,,,0.3819,WPP_711_Laut_Natuna,NOAA_ERDDAP
2023-01,4.75,106.75,27.896,0.1035,-0.1233,-0.4692,0.17,,,0.3858,WPP_711_Laut_Natuna,NOAA_ERDDAP
2023-01,4.75,107.25,27.862,0.1093,-0.0685,0.0505,0.1654,,,0.3873,WPP_711_Laut_Natuna,NOAA_ERDDAP
2023-01,4.75,107.75,26.922,0.1457,0.2595,0.1678,0.1697,,,0.3794,WPP_711_Laut_Natuna,NOAA_ERDDAP
2023-01,4.75,108.25,26.754,0.1056,0.0599,-0.1949,0.1832,,,0.3719,WPP_711_Laut_Natuna,NOAA_ERDDAP
2023-01,4.75,108.75,26.757,0.1052,0.101,-0.4102,0.1816,,,0.372,WPP_711_Laut_Natuna,NOAA_ERDDAP
2023-01,4.75,109.25,26.849,0.1011,0.0331,-0.1642,0.1498,,,0.3756,WPP_711_Laut_Natuna,NOAA_ERDDAP
2023-01,4.75,109.75,26.701,0.0989,0.6315,-0.4668,0.1259,,,0.3696,WPP_711_Laut_Natuna,NOAA_ERDDAP
2023-01,5.25,104.25,27.989,0.1093,-0.0955,-0.5542,0.2128,,,0.3822,WPP_711_Laut_Natuna,NOAA_ERDDAP
2023-01,5.25,104.75,28.604,0.0884,0.3511,0.4202,0.2108,,,0.3572,WPP_711_Laut_Natuna,NOAA_ERDDAP
2023-01,5.25,105.25,28.613,0.095,0.3057,-0.2076,0.2189,,,0.357,WPP_711_Laut_Natuna,NOAA_ERDDAP
2023-01,5.25,105.75,28.647,0.1003,0.2936,-0.0469,0.2274,,,0.3557,WPP_711_Laut_Natuna,NOAA_ERDDAP
2023-01,5.25,106.25,28.024,0.1052,-0.0097,-0.3664,0.2134,,,0.3808,WPP_711_Laut_Natuna,NOAA_ERDDAP
2023-01,5.25,106.75,27.847,0.11,-0.3953,-0.5762,0.2001,,,0.3879,WPP_711_Laut_Natuna,NOAA_ERDDAP
2023-01,5.25,107.25,26.806,0.1202,0.0685,0.2432,0.1716,,,0.3743,WPP_711_Laut_Natuna,NOAA_ERDDAP
2023-01,5.25,107.75,27.136,0.1131,-0.1642,-0.0347,0.1711,,,0.3873,WPP_711_Laut_Natuna,NOAA_ERDDAP
2023-01,5.25,108.25,26.939,0.109,0.0277,-0.1472,0.1863,,,0.3794,WPP_711_Laut_Natuna,NOAA_ERDDAP
2023-01,5.25,108.75,27.047,0.1229,0.2576,-0.3851,0.1678,,,0.3839,WPP_711_Laut_Natuna,NOAA_ERDDAP
2023-01,5.25,109.25,27.144,0.1148,0.4249,-0.6149,0.1365,,,0.3877,WPP_711_Laut_Natuna,NOAA_ERDDAP
2023-01,5.25,109.75,27.031,0.1054,0.526,-0.4655,0.0845,,,0.383,WPP_711_Laut_Natuna,NOAA_ERDDAP
2023-01,5.75,104.25,27.699,0.1123,-0.0154,-0.4808,0.2232,,,0.3939,WPP_711_Laut_Natuna,NOAA_ERDDAP
2023-01,5.75,104.75,28.266,0.0939,-0.1996,-0.177,0.206,,,0.3709,WPP_711_Laut_Natuna,NOAA_ERDDAP
2023-01,5.75,105.25,27.888,0.1011,0.0545,0.0899,0.2042,,,0.3861,WPP_711_Laut_Natuna,NOAA_ERDDAP
2023-01,5.75,105.75,26.615,0.1186,0.022,0.0003,0.2079,,,0.3666,WPP_711_Laut_Natuna,NOAA_ERDDAP
2023-01,5.75,106.25,26.232,0.1251,-0.0667,0.0054,0.2193,,,0.3514,WPP_711_Laut_Natuna,NOAA_ERDDAP
2023-01,5.75,106.75,26.162,0.1242,-0.2722,-0.0816,0.2361,,,0.3486,WPP_711_Laut_Natuna,NOAA_ERDDAP
2023-01,5.75,107.25,26.855,0.1234,-0.0541,-0.6247,0.1747,,,0.3763,WPP_711_Laut_Natuna,NOAA_ERDDAP
2023-01,5.75,107.75,27.122,0.1085,0.0476,0.0181,0.1724,,,0.3867,WPP_711_Laut_Natuna,NOAA_ERDDAP
2023-01,5.75,108.25,27.104,0.1639,0.3017,-0.3368,0.1648,,,0.387,WPP_711_Laut_Natuna,NOAA_ERDDAP
2023-01,5.75,108.75,27.209,0.135,0.4579,-0.4172,0.1382,,,0.3907,WPP_711_Laut_Natuna,NOAA_ERDDAP
2023-01,5.75,109.25,27.754,0.1343,0.4297,-0.5476,0.1092,,,0.3921,WPP_711_Laut_Natuna,NOAA_ERDDAP
2023-01,5.75,109.75,27.807,0.1016,0.3017,-0.5546,0.0525,,,0.3894,WPP_711_Laut_Natuna,NOAA_ERDDAP
2023-02,0.25,105.75,27.627,0.2627,-0.0039,-0.0568,0.2693,,,0.3997,WPP_711_Laut_Natuna,NOAA_ERDDAP
2023-02,0.25,106.25,27.243,0.1995,0.1463,-0.0909,0.2328,,,0.3933,WPP_711_Laut_Natuna,NOAA_ERDDAP
2023-02,0.25,106.75,27.214,0.1073,0.29,-0.1165,0.2349,,,0.3903,WPP_711_Laut_Natuna,NOAA_ERDDAP
2023-02,0.25,107.25,27.414,0.1937,0.4135,-0.1288,0.2131,,,0.4,WPP_711_Laut_Natuna,NOAA_ERDDAP
2023-02,0.25,107.75,27.611,0.3562,0.5253,-0.1402,0.2107,,,0.4022,WPP_711_Laut_Natuna,NOAA_ERDDAP
2023-02,0.25,108.25,28.109,0.4524,0.6347,-0.1657,0.2296,,,0.3841,WPP_711_Laut_Natuna,NOAA_ERDDAP
2023-02,0.25,108.75,28.824,1.515,0.7513,-0.2168,0.2336,,,0.3763,WPP_711_Laut_Natuna,NOAA_ERDDAP
2023-02,0.25,109.25,30.54,9.793,0.9017,-0.2823,0.2323,,,0.4692,WPP_711_Laut_Natuna,NOAA_ERDDAP
2023-02,0.75,105.25,27.564,0.3445,0.0143,-0.1179,0.2834,,,0.4038,WPP_711_Laut_Natuna,NOAA_ERDDAP
2023-02,0.75,105.75,27.337,0.3076,0.1175,-0.2227,0.2826,,,0.3991,WPP_711_Laut_Natuna,NOAA_ERDDAP
2023-02,0.75,106.25,27.201,0.1662,0.1973,-0.3461,0.2531,,,0.3909,WPP_711_Laut_Natuna,NOAA_ERDDAP
2023-02,0.75,106.75,27.322,0.1514,0.3084,-0.3652,0.2322,,,0.3955,WPP_711_Laut_Natuna,NOAA_ERDDAP
2023-02,0.75,107.25,27.409,0.269,0.3988,-0.2781,0.2063,,,0.4013,WPP_711_Laut_Natuna,NOAA_ERDDAP
2023-02,0.75,107.75,27.646,0.1696,0.4718,-0.23,0.204,,,0.3971,WPP_711_Laut_Natuna,NOAA_ERDDAP
2023-02,0.75,108.25,28.074,0.3827,0.5456,-0.1827,0.1908,,,0.3842,WPP_711_Laut_Natuna,NOAA_ERDDAP
2023-02,0.75,108.75,28.779,2.3403,0.5741,-0.2429,0.2151,,,0.3942,WPP_711_Laut_Natuna,NOAA_ERDDAP
2023-02,1.25,105.25,27.219,0.2204,0.2893,-0.2488,0.2592,,,0.3927,WPP_711_Laut_Natuna,NOAA_ERDDAP
2023-02,1.25,105.75,27.207,0.1528,0.3449,-0.2568,0.2855,,,0.3909,WPP_711_Laut_Natuna,NOAA_ERDDAP
2023-02,1.25,106.25,27.323,0.1353,0.3404,-0.4925,0.2686,,,0.3952,WPP_711_Laut_Natuna,NOAA_ERDDAP
2023-02,1.25,106.75,27.032,0.1715,0.398,-0.5631,0.2295,,,0.3843,WPP_711_Laut_Natuna,NOAA_ERDDAP
2023-02,1.25,107.25,27.426,0.2052,0.3733,-0.3444,0.2102,,,0.4007,WPP_711_Laut_Natuna,NOAA_ERDDAP
2023-02,1.25,107.75,27.553,0.1811,0.3277,-0.2457,0.2039,,,0.4011,WPP_711_Laut_Natuna,NOAA_ERDDAP
2023-02,1.25,108.25,28.186,0.1774,0.2972,-0.1545,0.1897,,,0.3757,WPP_711_Laut_Natuna,NOAA_ERDDAP
2023-02,1.25,108.75,28.756,1.5635,0.3476,-0.2142,0.1991,,,0.3799,WPP_711_Laut_Natuna,NOAA_ERDDAP
2023-02,1.75,105.25,27.339,0.1828,0.3924,-0.3871,0.2632,,,0.3968,WPP_711_Laut_Natuna,NOAA_ERDDAP
2023-02,1.75,105.75,27.172,0.1572,0.5341,-0.2786,0.2664,,,0.3896,WPP_711_Laut_Natuna,NOAA_ERDDAP
2023-02,1.75,106.25,27.066,0.1443,0.4642,-0.4974,0.2714,,,0.3851,WPP_711_Laut_Natuna,NOAA_ERDDAP
2023-02,1.75,106.75,26.927,0.1438,0.5064,-0.6168,0.2155,,,0.3796,WPP_711_Laut_Natuna,NOAA_ERDDAP
2023-02,1.75,107.25,27.298,0.0953,0.3793,-0.2821,0.2037,,,0.3934,WPP_711_Laut_Natuna,NOAA_ERDDAP
2023-02,1.75,107.75,27.401,0.0685,0.1883,-0.0743,0.2008,,,0.397,WPP_711_Laut_Natuna,NOAA_ERDDAP
2023-02,1.75,108.25,27.747,0.3169,0.0171,-0.1194,0.1943,,,0.396,WPP_711_Laut_Natuna,NOAA_ERDDAP
2023-02,1.75,108.75,28.523,1.032,0.1078,-0.2774,0.1879,,,0.3789,WPP_711_Laut_Natuna,NOAA_ERDDAP
2023-02,2.25,104.25,27.715,1.0014,0.4668,-0.2923,0.3656,,,0.4106,WPP_711_Laut_Natuna,NOAA_ERDDAP
2023-02,2.25,104.75,27.36,0.2861,0.5112,-0.9907,0.2843,,,0.3996,WPP_711_Laut_Natuna,NOAA_ERDDAP
2023-02,2.25,105.25,27.298,0.1948,0.4468,-0.6556,0.2585,,,0.3954,WPP_711_Laut_Natuna,NOAA_ERDDAP
2023-02,2.25,105.75,27.239,0.1289,0.6322,-0.2938,0.2552,,,0.3917,WPP_711_Laut_Natuna,NOAA_ERDDAP
2023-02,2.25,106.25,27.043,0.111,0.5691,-0.5373,0.2456,,,0.3836,WPP_711_Laut_Natuna,NOAA_ERDDAP
2023-02,2.25,106.75,26.943,0.1232,0.5845,-0.5526,0.2027,,,0.3798,WPP_711_Laut_Natuna,NOAA_ERDDAP
2023-02,2.25,107.25,27.379,0.0927,0.4171,-0.0554,0.1958,,,0.3966,WPP_711_Laut_Natuna,NOAA_ERDDAP
2023-02,2.25,107.75,27.545,0.0661,0.251,0.157,0.1997,,,0.3992,WPP_711_Laut_Natuna,NOAA_ERDDAP
2023-02,2.25,108.25,27.556,0.1594,-0.0208,-0.1606,0.2143,,,0.4005,WPP_711_Laut_Natuna,NOAA_ERDDAP
2023-02,2.25,108.75,28.121,0.5187,0.1363,-0.3237,0.1795,,,0.3849,WPP_711_Laut_Natuna,NOAA_ERDDAP
2023-02,2.25,109.25,28.242,0.8639,0.1341,-0.2457,0.1618,,,0.3868,WPP_711_Laut_Natuna,NOAA_ERDDAP
2023-02,2.25,109.75,28.511,0.4451,-0.2163,-0.2898,0.1606,,,0.3679,WPP_711_Laut_Natuna,NOAA_ERDDAP
2023-02,2.75,104.25,27.37,0.6365,0.2713,-0.6473,0.3266,,,0.4069,WPP_711_Laut_Natuna,NOAA_ERDDAP
2023-02,2.75,104.75,27.252,0.1155,0.2928,-1.0093,0.2767,,,0.392,WPP_711_Laut_Natuna,NOAA_ERDDAP
2023-02,2.75,105.25,27.064,0.1171,0.5163,-0.7692,0.2348,,,0.3845,WPP_711_Laut_Natuna,NOAA_ERDDAP
2023-02,2.75,105.75,26.946,0.1266,0.5829,-0.2249,0.2227,,,0.38,WPP_711_Laut_Natuna,NOAA_ERDDAP
2023-02,2.75,106.25,26.989,0.1345,0.8315,-0.602,0.2072,,,0.3819,WPP_711_Laut_Natuna,NOAA_ERDDAP
2023-02,2.75,106.75,27.146,0.1173,0.5644,-0.4424,0.1839,,,0.3878,WPP_711_Laut_Natuna,NOAA_ERDDAP
2023-02,2.75,107.25,27.364,0.0989,0.6126,0.0554,0.1532,,,0.3962,WPP_711_Laut_Natuna,NOAA_ERDDAP
2023-02,2.75,107.75,27.404,0.0729,0.3462,0.3001,0.1866,,,0.3972,WPP_711_Laut_Natuna,NOAA_ERDDAP
2023-02,2.75,108.25,27.497,0.0998,0.2404,-0.0488,0.2178,,,0.4015,WPP_711_Laut_Natuna,NOAA_ERDDAP
2023-02,2.75,108.75,27.821,0.3632,0.2808,-0.4338,0.1717,,,0.3939,WPP_711_Laut_Natuna,NOAA_ERDDAP
2023-02,2.75,109.25,27.771,0.1757,0.1088,-0.1956,0.1548,,,0.3923,WPP_711_Laut_Natuna,NOAA_ERDDAP
2023-02,2.75,109.75,28.076,0.1639,-0.0498,0.1308,0.167,,,0.3798,WPP_711_Laut_Natuna,NOAA_ERDDAP
2023-02,3.25,104.75,26.884,0.1231,0.3462,-1.0315,0.2633,,,0.3774,WPP_711_Laut_Natuna,NOAA_ERDDAP
2023-02,3.25,105.25,26.558,0.1317,0.5301,-0.8334,0.2054,,,0.3646,WPP_711_Laut_Natuna,NOAA_ERDDAP
2023-02,3.25,105.75,26.762,0.1004,0.561,-0.4516,0.1939,,,0.3721,WPP_711_Laut_Natuna,NOAA_ERDDAP
2023-02,3.25,106.25,27.044,0.1958,0.2635,-0.4016,0.1858,,,0.3852,WPP_711_Laut_Natuna,NOAA_ERDDAP
2023-02,3.25,106.75,27.088,0.0768,0.3189,-0.3494,0.1557,,,0.3847,WPP_711_Laut_Natuna,NOAA_ERDDAP
2023-02,3.25,107.25,27.126,0.0828,0.4235,0.302,0.143,,,0.3863,WPP_711_Laut_Natuna,NOAA_ERDDAP
2023-02,3.25,107.75,27.306,0.1137,0.3762,0.4718,0.1718,,,0.3941,WPP_711_Laut_Natuna,NOAA_ERDDAP
2023-02,3.25,108.25,27.304,0.074,0.5903,-0.2121,0.1922,,,0.3933,WPP_711_Laut_Natuna,NOAA_ERDDAP
2023-02,3.25,108.75,27.381,0.1521,0.2401,-0.458,0.1638,,,0.3979,WPP_711_Laut_Natuna,NOAA_ERDDAP
2023-02,3.25,109.25,27.678,0.1716,0.2394,0.1062,0.154,,,0.3959,WPP_711_Laut_Natuna,NOAA_ERDDAP
2023-02,3.25,109.75,27.902,0.2072,0.0277,0.1421,0.1688,,,0.3876,WPP_711_Laut_Natuna,NOAA_ERDDAP
2023-02,3.75,104.25,27.015,0.1655,0.2174,-0.6596,0.2874,,,0.3835,WPP_711_Laut_Natuna,NOAA_ERDDAP
2023-02,3.75,104.75,26.476,0.1181,0.3841,-1.0656,0.2419,,,0.361,WPP_711_Laut_Natuna,NOAA_ERDDAP
2023-02,3.75,105.25,26.687,0.0831,0.2522,-0.6609,0.1889,,,0.3688,WPP_711_Laut_Natuna,NOAA_ERDDAP
2023-02,3.75,105.75,26.797,0.0757,0.2857,-0.1143,0.1697,,,0.373,WPP_711_Laut_Natuna,NOAA_ERDDAP
2023-02,3.75,106.25,27.043,0.0782,0.6031,-0.5549,0.1573,,,0.3829,WPP_711_Laut_Natuna,NOAA_ERDDAP
2023-02,3.75,106.75,27.016,0.0867,0.3502,-0.3256,0.1329,,,0.382,WPP_711_Laut_Natuna,NOAA_ERDDAP
2023-02,3.75,107.25,26.906,0.0887,0.2543,0.0415,0.1306,,,0.3776,WPP_711_Laut_Natuna,NOAA_ERDDAP
2023-02,3.75,107.75,26.915,0.2249,0.404,0.4385,0.1482,,,0.3807,WPP_711_Laut_Natuna,NOAA_ERDDAP
2023-02,3.75,108.25,26.951,0.1672,0.4109,-0.2569,0.1572,,,0.381,WPP_711_Laut_Natuna,NOAA_ERDDAP
2023-02,3.75,108.75,27.089,0.1373,0.361,-0.2742,0.1567,,,0.3859,WPP_711_Laut_Natuna,NOAA_ERDDAP
2023-02,3.75,109.25,27.437,0.1032,0.3069,0.0536,0.1461,,,0.3992,WPP_711_Laut_Natuna,NOAA_ERDDAP
2023-02,3.75,109.75,27.832,0.4108,0.3434,0.2862,0.1671,,,0.3944,WPP_711_Laut_Natuna,NOAA_ERDDAP
2023-02,4.25,104.25,26.857,0.0734,0.2933,-0.594,0.2712,,,0.3754,WPP_711_Laut_Natuna,NOAA_ERDDAP
2023-02,4.25,104.75,26.632,0.0745,0.245,-1.1957,0.218,,,0.3664,WPP_711_Laut_Natuna,NOAA_ERDDAP
2023-02,4.25,105.25,26.621,0.073,0.2327,-0.2512,0.1697,,,0.3659,WPP_711_Laut_Natuna,NOAA_ERDDAP
2023-02,4.25,105.75,26.766,0.0797,0.0416,-0.307,0.1577,,,0.3719,WPP_711_Laut_Natuna,NOAA_ERDDAP
2023-02,4.25,106.25,26.864,0.0734,0.0472,-0.2086,0.1501,,,0.3757,WPP_711_Laut_Natuna,NOAA_ERDDAP
2023-02,4.25,106.75,26.632,0.0839,-0.0291,-0.4176,0.1446,,,0.3666,WPP_711_Laut_Natuna,NOAA_ERDDAP
2023-02,4.25,107.25,26.682,0.1061,-0.0495,-0.0779,0.1305,,,0.369,WPP_711_Laut_Natuna,NOAA_ERDDAP
2023-02,4.25,107.75,26.763,0.2967,0.2933,0.2994,0.1233,,,0.376,WPP_711_Laut_Natuna,NOAA_ERDDAP
2023-02,4.25,108.25,26.863,0.2485,0.3587,-0.2077,0.1375,,,0.379,WPP_711_Laut_Natuna,NOAA_ERDDAP
2023-02,4.25,108.75,26.689,0.1181,0.1428,-0.1214,0.1435,,,0.3695,WPP_711_Laut_Natuna,NOAA_ERDDAP
2023-02,4.25,109.25,26.788,0.0995,0.3109,-0.0669,0.1326,,,0.3731,WPP_711_Laut_Natuna,NOAA_ERDDAP
2023-02,4.25,109.75,27.003,0.2457,0.4068,0.2746,0.1436,,,0.3846,WPP_711_Laut_Natuna,NOAA_ERDDAP
2023-02,4.75,104.25,26.743,0.0715,0.4018,-0.7538,0.2487,,,0.3708,WPP_711_Laut_Natuna,NOAA_ERDDAP
2023-02,4.75,104.75,26.54,0.0733,0.2693,-0.9031,0.2062,,,0.3627,WPP_711_Laut_Natuna,NOAA_ERDDAP
2023-02,4.75,105.25,26.734,0.0635,-0.053,-0.2426,0.1678,,,0.3703,WPP_711_Laut_Natuna,NOAA_ERDDAP
2023-02,4.75,105.75,26.717,0.0767,-0.2415,-0.5625,0.158,,,0.3698,WPP_711_Laut_Natuna,NOAA_ERDDAP
2023-02,4.75,106.25,26.56,0.0902,-0.0577,0.1805,0.1283,,,0.3638,WPP_711_Laut_Natuna,NOAA_ERDDAP
2023-02,4.75,106.75,26.493,0.0942,0.0578,-0.5563,0.135,,,0.3612,WPP_711_Laut_Natuna,NOAA_ERDDAP
2023-02,4.75,107.25,26.651,0.0876,0.0484,0.0688,0.1317,,,0.3674,WPP_711_Laut_Natuna,NOAA_ERDDAP
2023-02,4.75,107.75,26.814,0.2113,0.2777,0.1634,0.1075,,,0.3763,WPP_711_Laut_Natuna,NOAA_ERDDAP
2023-02,4.75,108.25,26.418,0.12,0.4124,0.0467,0.1167,,,0.3587,WPP_711_Laut_Natuna,NOAA_ERDDAP
2023-02,4.75,108.75,26.203,0.1196,0.4546,-0.2685,0.1298,,,0.3501,WPP_711_Laut_Natuna,NOAA_ERDDAP
2023-02,4.75,109.25,26.106,0.1355,0.4554,-0.1781,0.1142,,,0.3466,WPP_711_Laut_Natuna,NOAA_ERDDAP
2023-02,4.75,109.75,26.879,0.1364,0.434,0.1785,0.1183,,,0.3775,WPP_711_Laut_Natuna,NOAA_ERDDAP
2023-02,5.25,104.25,26.919,0.0703,0.1308,-0.6712,0.2208,,,0.3778,WPP_711_Laut_Natuna,NOAA_ERDDAP
2023-02,5.25,104.75,26.622,0.0689,0.1228,-0.7127,0.1843,,,0.3659,WPP_711_Laut_Natuna,NOAA_ERDDAP
2023-02,5.25,105.25,26.618,0.0782,0.249,0.0483,0.1586,,,0.3659,WPP_711_Laut_Natuna,NOAA_ERDDAP
2023-02,5.25,105.75,26.535,0.07,0.1838,-0.8505,0.1854,,,0.3624,WPP_711_Laut_Natuna,NOAA_ERDDAP
2023-02,5.25,106.25,26.469,0.0965,0.1077,0.3068,0.143,,,0.3603,WPP_711_Laut_Natuna,NOAA_ERDDAP
2023-02,5.25,106.75,26.567,0.095,0.1146,-0.0629,0.1288,,,0.3642,WPP_711_Laut_Natuna,NOAA_ERDDAP
2023-02,5.25,107.25,26.641,0.0947,0.0474,-0.2052,0.1304,,,0.3672,WPP_711_Laut_Natuna,NOAA_ERDDAP
2023-02,5.25,107.75,26.717,0.1015,0.2638,-0.2983,0.0949,,,0.3703,WPP_711_Laut_Natuna,NOAA_ERDDAP
2023-02,5.25,108.25,26.354,0.0893,0.299,-0.0312,0.0862,,,0.3556,WPP_711_Laut_Natuna,NOAA_ERDDAP
2023-02,5.25,108.75,26.102,0.1057,0.4153,-0.1251,0.0986,,,0.3458,WPP_711_Laut_Natuna,NOAA_ERDDAP
2023-02,5.25,109.25,26.302,0.1036,0.3454,-0.1337,0.0871,,,0.3538,WPP_711_Laut_Natuna,NOAA_ERDDAP
2023-02,5.25,109.75,27.178,0.1142,0.6398,0.0044,0.0778,,,0.389,WPP_711_Laut_Natuna,NOAA_ERDDAP
2023-02,5.75,104.25,26.84,0.0683,-0.0804,-0.5055,0.221,,,0.3746,WPP_711_Laut_Natuna,NOAA_ERDDAP
2023-02,5.75,104.75,26.762,0.0713,0.0536,-0.7301,0.1762,,,0.3715,WPP_711_Laut_Natuna,NOAA_ERDDAP
2023-02,5.75,105.25,26.683,0.0751,0.1196,-0.0275,0.1488,,,0.3685,WPP_711_Laut_Natuna,NOAA_ERDDAP
2023-02,5.75,105.75,26.484,0.0772,-0.2056,-0.3635,0.1705,,,0.3605,WPP_711_Laut_Natuna,NOAA_ERDDAP
2023-02,5.75,106.25,26.304,0.0867,-0.1099,-0.0079,0.1474,,,0.3535,WPP_711_Laut_Natuna,NOAA_ERDDAP
2023-02,5.75,106.75,26.347,0.0822,0.0034,-0.0911,0.1323,,,0.3552,WPP_711_Laut_Natuna,NOAA_ERDDAP
2023-02,5.75,107.25,26.659,0.091,0.0525,0.0197,0.1282,,,0.3678,WPP_711_Laut_Natuna,NOAA_ERDDAP
2023-02,5.75,107.75,26.468,0.0964,0.0786,-0.5656,0.0882,,,0.3603,WPP_711_Laut_Natuna,NOAA_ERDDAP
2023-02,5.75,108.25,26.199,0.1122,0.1347,-0.1892,0.0609,,,0.3498,WPP_711_Laut_Natuna,NOAA_ERDDAP
2023-02,5.75,108.75,26.218,0.0991,0.1841,-0.0808,0.0746,,,0.3503,WPP_711_Laut_Natuna,NOAA_ERDDAP
2023-02,5.75,109.25,26.516,0.0887,0.1609,-0.3119,0.0624,,,0.362,WPP_711_Laut_Natuna,NOAA_ERDDAP
2023-02,5.75,109.75,27.388,0.0953,0.1678,0.0192,0.0458,,,0.397,WPP_711_Laut_Natuna,NOAA_ERDDAP
2023-03,0.25,105.25,27.883,0.1796,-0.1188,0.1096,0.2668,,,0.3879,WPP_711_Laut_Natuna,NOAA_ERDDAP
2023-03,0.25,105.75,28.334,0.1021,-0.0536,0.0565,0.2081,,,0.3683,WPP_711_Laut_Natuna,NOAA_ERDDAP
2023-03,0.25,106.25,27.869,0.0799,0.0249,0.0397,0.1571,,,0.3865,WPP_711_Laut_Natuna,NOAA_ERDDAP
2023-03,0.25,106.75,28.348,0.105,0.1064,0.0401,0.1469,,,0.3678,WPP_711_Laut_Natuna,NOAA_ERDDAP
2023-03,0.25,107.25,28.798,0.1432,0.1853,-0.0191,0.1849,,,0.3505,WPP_711_Laut_Natuna,NOAA_ERDDAP
2023-03,0.25,107.75,28.563,0.2195,0.2478,-0.1046,0.1851,,,0.3614,WPP_711_Laut_Natuna,NOAA_ERDDAP
2023-03,0.25,108.25,28.689,0.2989,0.2897,-0.1792,0.169,,,0.3579,WPP_711_Laut_Natuna,NOAA_ERDDAP
2023-03,0.25,108.75,29.877,3.0073,0.3284,-0.2339,0.1649,,,0.3633,WPP_711_Laut_Natuna,NOAA_ERDDAP
2023-03,0.75,105.25,28.912,0.2117,-0.044,-0.0036,0.2307,,,0.3473,WPP_711_Laut_Natuna,NOAA_ERDDAP
2023-03,0.75,105.75,28.849,0.1055,-0.0127,-0.2139,0.2176,,,0.3478,WPP_711_Laut_Natuna,NOAA_ERDDAP
2023-03,0.75,106.25,28.778,0.1011,0.0028,-0.1634,0.1653,,,0.3505,WPP_711_Laut_Natuna,NOAA_ERDDAP
2023-03,0.75,106.75,28.744,0.1086,0.0713,-0.0026,0.1726,,,0.352,WPP_711_Laut_Natuna,NOAA_ERDDAP
2023-03,0.75,107.25,28.757,0.1843,0.1761,-0.0608,0.1853,,,0.353,WPP_711_Laut_Natuna,NOAA_ERDDAP
2023-03,0.75,107.75,28.832,0.2959,0.2312,-0.1636,0.1823,,,0.3522,WPP_711_Laut_Natuna,NOAA_ERDDAP
2023-03,0.75,108.25,28.906,0.7781,0.2365,-0.2755,0.1862,,,0.3586,WPP_711_Laut_Natuna,NOAA_ERDDAP
2023-03,0.75,108.75,29.158,2.6258,0.2504,-0.3219,0.1448,,,0.3846,WPP_711_Laut_Natuna,NOAA_ERDDAP
2023-03,1.25,105.25,28.847,0.1666,0.0731,-0.1801,0.2219,,,0.349,WPP_711_Laut_Natuna,NOAA_ERDDAP
2023-03,1.25,105.75,28.619,0.0929,0.0927,-0.2993,0.2131,,,0.3567,WPP_711_Laut_Natuna,NOAA_ERDDAP
2023-03,1.25,106.25,29.215,0.1106,0.0585,-0.2856,0.1786,,,0.3332,WPP_711_Laut_Natuna,NOAA_ERDDAP
2023-03,1.25,106.75,29.142,0.1506,0.1286,-0.0836,0.1821,,,0.3369,WPP_711_Laut_Natuna,NOAA_ERDDAP
2023-03,1.25,107.25,28.861,0.294,0.2039,-0.1124,0.1868,,,0.351,WPP_711_Laut_Natuna,NOAA_ERDDAP
2023-03,1.25,107.75,29.283,0.2861,0.2338,-0.1681,0.1786,,,0.3339,WPP_711_Laut_Natuna,NOAA_ERDDAP
2023-03,1.25,108.25,29.16,0.4427,0.2108,-0.3535,0.1841,,,0.3419,WPP_711_Laut_Natuna,NOAA_ERDDAP
2023-03,1.25,108.75,29.387,2.3979,0.2376,-0.3939,0.1432,,,0.371,WPP_711_Laut_Natuna,NOAA_ERDDAP
2023-03,1.75,105.25,28.486,0.0944,0.1003,-0.3116,0.2151,,,0.3621,WPP_711_Laut_Natuna,NOAA_ERDDAP
2023-03,1.75,105.75,28.084,0.0852,0.1029,-0.2759,0.209,,,0.378,WPP_711_Laut_Natuna,NOAA_ERDDAP
2023-03,1.75,106.25,27.889,0.1126,0.0212,-0.3309,0.1795,,,0.3863,WPP_711_Laut_Natuna,NOAA_ERDDAP
2023-03,1.75,106.75,28.891,0.1597,0.2461,-0.18,0.1812,,,0.3471,WPP_711_Laut_Natuna,NOAA_ERDDAP
2023-03,1.75,107.25,29.102,0.2521,0.2883,-0.1703,0.1775,,,0.3405,WPP_711_Laut_Natuna,NOAA_ERDDAP
2023-03,1.75,107.75,29.566,0.2827,0.2071,-0.1242,0.1757,,,0.3225,WPP_711_Laut_Natuna,NOAA_ERDDAP
2023-03,1.75,108.25,29.492,0.5132,0.1668,-0.4161,0.181,,,0.33,WPP_711_Laut_Natuna,NOAA_ERDDAP
2023-03,1.75,108.75,29.099,1.7053,0.1691,-0.4,0.133,,,0.369,WPP_711_Laut_Natuna,NOAA_ERDDAP
2023-03,1.75,109.25,29.74,2.7019,0.084,-0.033,0.1192,,,0.3628,WPP_711_Laut_Natuna,NOAA_ERDDAP
2023-03,1.75,109.75,29.498,3.7382,,,,,,0.3927,WPP_711_Laut_Natuna,NOAA_ERDDAP
2023-03,2.25,104.25,28.757,1.077,0.0938,-0.1256,0.2531,,,0.3704,WPP_711_Laut_Natuna,NOAA_ERDDAP
2023-03,2.25,104.75,28.608,0.1052,0.2022,-0.2901,0.2296,,,0.3574,WPP_711_Laut_Natuna,NOAA_ERDDAP
2023-03,2.25,105.25,28.035,0.0749,0.1154,-0.2932,0.2156,,,0.3797,WPP_711_Laut_Natuna,NOAA_ERDDAP
2023-03,2.25,105.75,27.804,0.0895,0.0459,-0.3197,0.2128,,,0.3893,WPP_711_Laut_Natuna,NOAA_ERDDAP
2023-03,2.25,106.25,27.592,0.1268,0.0453,-0.3236,0.2125,,,0.3985,WPP_711_Laut_Natuna,NOAA_ERDDAP
2023-03,2.25,106.75,28.16,0.1516,0.1732,-0.5598,0.186,,,0.3762,WPP_711_Laut_Natuna,NOAA_ERDDAP
2023-03,2.25,107.25,29.459,0.2134,0.3744,0.0046,0.1712,,,0.3255,WPP_711_Laut_Natuna,NOAA_ERDDAP
2023-03,2.25,107.75,28.812,0.2614,0.1334,0.0604,0.1725,,,0.3523,WPP_711_Laut_Natuna,NOAA_ERDDAP
2023-03,2.25,108.25,28.721,0.4296,0.0768,-0.4392,0.177,,,0.3592,WPP_711_Laut_Natuna,NOAA_ERDDAP
2023-03,2.25,108.75,28.519,0.7145,0.0191,-0.3879,0.1328,,,0.3728,WPP_711_Laut_Natuna,NOAA_ERDDAP
2023-03,2.25,109.25,28.548,1.4037,0.0452,0.0517,0.1215,,,0.3851,WPP_711_Laut_Natuna,NOAA_ERDDAP
2023-03,2.25,109.75,28.813,1.372,-0.1739,0.4321,0.1753,,,0.3739,WPP_711_Laut_Natuna,NOAA_ERDDAP
2023-03,2.75,104.25,28.934,0.1932,0.2702,-0.5091,0.2435,,,0.3461,WPP_711_Laut_Natuna,NOAA_ERDDAP
2023-03,2.75,104.75,28.006,0.0838,0.2699,-0.2369,0.2184,,,0.3811,WPP_711_Laut_Natuna,NOAA_ERDDAP
2023-03,2.75,105.25,28.113,0.0804,0.1675,-0.1553,0.2134,,,0.3767,WPP_711_Laut_Natuna,NOAA_ERDDAP
2023-03,2.75,105.75,27.689,0.0859,0.2254,-0.3985,0.2146,,,0.3938,WPP_711_Laut_Natuna,NOAA_ERDDAP
2023-03,2.75,106.25,27.853,0.09,0.3531,-0.4112,0.2013,,,0.3873,WPP_711_Laut_Natuna,NOAA_ERDDAP
2023-03,2.75,106.75,28.194,0.1061,0.4996,-0.7312,0.1738,,,0.374,WPP_711_Laut_Natuna,NOAA_ERDDAP
2023-03,2.75,107.25,29.317,0.1402,0.4054,0.005,0.1349,,,0.3297,WPP_711_Laut_Natuna,NOAA_ERDDAP
2023-03,2.75,107.75,29.134,0.1706,0.2488,0.3908,0.1686,,,0.3376,WPP_711_Laut_Natuna,NOAA_ERDDAP
2023-03,2.75,108.25,28.528,0.2461,0.1459,-0.2624,0.1709,,,0.3633,WPP_711_Laut_Natuna,NOAA_ERDDAP
2023-03,2.75,108.75,27.657,0.5567,0.0912,-0.588,0.1328,,,0.4042,WPP_711_Laut_Natuna,NOAA_ERDDAP
2023-03,2.75,109.25,27.812,0.3192,0.0529,0.2051,0.1166,,,0.3934,WPP_711_Laut_Natuna,NOAA_ERDDAP
2023-03,2.75,109.75,28.019,0.5028,0.176,0.2574,0.1649,,,0.3887,WPP_711_Laut_Natuna,NOAA_ERDDAP
2023-03,3.25,104.25,29.046,0.0946,0.2505,-0.6022,0.2188,,,0.3397,WPP_711_Laut_Natuna,NOAA_ERDDAP
2023-03,3.25,104.75,28.542,0.0681,0.2018,-0.1065,0.2088,,,0.3593,WPP_711_Laut_Natuna,NOAA_ERDDAP
2023-03,3.25,105.25,28.24,0.0703,0.0618,-0.1817,0.2159,,,0.3714,WPP_711_Laut_Natuna,NOAA_ERDDAP
2023-03,3.25,105.75,27.812,0.0856,0.2663,-0.5066,0.2035,,,0.3889,WPP_711_Laut_Natuna,NOAA_ERDDAP
2023-03,3.25,106.25,29.054,0.1107,0.459,-0.3145,0.1724,,,0.3397,WPP_711_Laut_Natuna,NOAA_ERDDAP
2023-03,3.25,106.75,28.281,0.0871,0.1503,-0.6106,0.1262,,,0.3701,WPP_711_Laut_Natuna,NOAA_ERDDAP
2023-03,3.25,107.25,28.323,0.1097,0.0294,0.2574,0.1164,,,0.3689,WPP_711_Laut_Natuna,NOAA_ERDDAP
2023-03,3.25,107.75,29.063,0.1669,-0.0539,0.3712,0.1757,,,0.3404,WPP_711_Laut_Natuna,NOAA_ERDDAP
2023-03,3.25,108.25,28.097,0.1748,-0.1795,-0.3616,0.1786,,,0.3792,WPP_711_Laut_Natuna,NOAA_ERDDAP
2023-03,3.25,108.75,27.412,0.2832,-0.1533,-0.3764,0.1496,,,0.4017,WPP_711_Laut_Natuna,NOAA_ERDDAP
2023-03,3.25,109.25,27.778,0.2075,0.1281,-0.1954,0.1296,,,0.3926,WPP_711_Laut_Natuna,NOAA_ERDDAP
2023-03,3.25,109.75,27.778,0.16,0.291,0.2105,0.1508,,,0.3917,WPP_711_Laut_Natuna,NOAA_ERDDAP
2023-03,3.75,104.25,28.646,0.0901,0.3618,-0.1808,0.197,,,0.3556,WPP_711_Laut_Natuna,NOAA_ERDDAP
2023-03,3.75,104.75,27.855,0.0762,0.1473,-0.1009,0.195,,,0.387,WPP_711_Laut_Natuna,NOAA_ERDDAP
2023-03,3.75,105.25,27.567,0.069,0.0305,-0.0257,0.215,,,0.3983,WPP_711_Laut_Natuna,NOAA_ERDDAP
2023-03,3.75,105.75,27.857,0.0755,0.1328,-0.5991,0.1839,,,0.3869,WPP_711_Laut_Natuna,NOAA_ERDDAP
2023-03,3.75,106.25,28.26,0.0874,0.1785,-0.6635,0.1669,,,0.371,WPP_711_Laut_Natuna,NOAA_ERDDAP
2023-03,3.75,106.75,28.194,0.0871,0.3145,-0.3682,0.1355,,,0.3736,WPP_711_Laut_Natuna,NOAA_ERDDAP
2023-03,3.75,107.25,27.6,0.1016,0.1562,0.4888,0.1378,,,0.3976,WPP_711_Laut_Natuna,NOAA_ERDDAP
2023-03,3.75,107.75,27.942,0.1344,0.2111,0.2279,0.1684,,,0.3846,WPP_711_Laut_Natuna,NOAA_ERDDAP
2023-03,3.75,108.25,27.722,0.206,0.3038,-0.2638,0.1755,,,0.3948,WPP_711_Laut_Natuna,NOAA_ERDDAP
2023-03,3.75,108.75,27.539,0.1543,0.3428,-0.445,0.1581,,,0.4011,WPP_711_Laut_Natuna,NOAA_ERDDAP
2023-03,3.75,109.25,27.77,0.1248,0.1879,-0.2212,0.1263,,,0.3913,WPP_711_Laut_Natuna,NOAA_ERDDAP
2023-03,3.75,109.75,27.708,0.1169,0.4575,0.1766,0.133,,,0.3936,WPP_711_Laut_Natuna,NOAA_ERDDAP
2023-03,4.25,104.25,27.613,0.1123,0.1433,0.0776,0.1844,,,0.3973,WPP_711_Laut_Natuna,NOAA_ERDDAP
2023-03,4.25,104.75,27.548,0.074,0.0468,-0.208,0.1971,,,0.3992,WPP_711_Laut_Natuna,NOAA_ERDDAP
2023-03,4.25,105.25,26.874,0.0728,0.0552,-0.0246,0.2183,,,0.376,WPP_711_Laut_Natuna,NOAA_ERDDAP
2023-03,4.25,105.75,27.564,0.0751,-0.0595,-0.5637,0.1876,,,0.3986,WPP_711_Laut_Natuna,NOAA_ERDDAP
2023-03,4.25,106.25,27.673,0.0716,0.1797,-0.4766,0.1517,,,0.3941,WPP_711_Laut_Natuna,NOAA_ERDDAP
2023-03,4.25,106.75,28.274,0.0791,0.1688,-0.3567,0.1334,,,0.3702,WPP_711_Laut_Natuna,NOAA_ERDDAP
2023-03,4.25,107.25,27.866,0.0856,0.1865,0.2965,0.1254,,,0.3867,WPP_711_Laut_Natuna,NOAA_ERDDAP
2023-03,4.25,107.75,27.512,0.2004,0.4778,0.0818,0.1462,,,0.4031,WPP_711_Laut_Natuna,NOAA_ERDDAP
2023-03,4.25,108.25,27.298,0.2116,0.4522,-0.091,0.1449,,,0.3957,WPP_711_Laut_Natuna,NOAA_ERDDAP
2023-03,4.25,108.75,27.11,0.1177,0.1034,-0.1648,0.1444,,,0.3864,WPP_711_Laut_Natuna,NOAA_ERDDAP
2023-03,4.25,109.25,27.489,0.119,0.087,-0.4116,0.1256,,,0.4015,WPP_711_Laut_Natuna,NOAA_ERDDAP
2023-03,4.25,109.75,27.751,0.1022,0.3314,-0.0263,0.1125,,,0.3916,WPP_711_Laut_Natuna,NOAA_ERDDAP
2023-03,4.75,104.25,27.921,0.0904,0.2194,0.2675,0.1747,,,0.3846,WPP_711_Laut_Natuna,NOAA_ERDDAP
2023-03,4.75,104.75,27.756,0.0664,0.0839,-0.0605,0.1891,,,0.3907,WPP_711_Laut_Natuna,NOAA_ERDDAP
2023-03,4.75,105.25,27.438,0.0678,0.1496,0.1076,0.2025,,,0.3985,WPP_711_Laut_Natuna,NOAA_ERDDAP
2023-03,4.75,105.75,27.455,0.0759,0.3713,-0.5896,0.1717,,,0.3993,WPP_711_Laut_Natuna,NOAA_ERDDAP
2023-03,4.75,106.25,27.652,0.0628,0.1876,-0.677,0.1395,,,0.3948,WPP_711_Laut_Natuna,NOAA_ERDDAP
2023-03,4.75,106.75,27.611,0.0695,0.011,-0.1716,0.1288,,,0.3966,WPP_711_Laut_Natuna,NOAA_ERDDAP
2023-03,4.75,107.25,27.643,0.0801,0.3777,-0.1294,0.1173,,,0.3955,WPP_711_Laut_Natuna,NOAA_ERDDAP
2023-03,4.75,107.75,27.669,0.1518,0.2556,0.228,0.131,,,0.3959,WPP_711_Laut_Natuna,NOAA_ERDDAP
2023-03,4.75,108.25,26.807,0.1019,0.4067,-0.0135,0.1113,,,0.3739,WPP_711_Laut_Natuna,NOAA_ERDDAP
2023-03,4.75,108.75,26.881,0.0975,0.2693,-0.0462,0.1373,,,0.3768,WPP_711_Laut_Natuna,NOAA_ERDDAP
2023-03,4.75,109.25,27.324,0.0878,0.254,-0.4889,0.1201,,,0.3943,WPP_711_Laut_Natuna,NOAA_ERDDAP
2023-03,4.75,109.75,27.33,0.0904,0.3916,-0.0907,0.0874,,,0.3946,WPP_711_Laut_Natuna,NOAA_ERDDAP
2023-03,5.25,104.25,27.913,0.064,0.4502,0.1171,0.1461,,,0.3844,WPP_711_Laut_Natuna,NOAA_ERDDAP
2023-03,5.25,104.75,27.533,0.0544,0.2082,0.1795,0.1677,,,0.3994,WPP_711_Laut_Natuna,NOAA_ERDDAP
2023-03,5.25,105.25,27.363,0.0578,-0.0242,-0.0353,0.2009,,,0.3953,WPP_711_Laut_Natuna,NOAA_ERDDAP
2023-03,5.25,105.75,27.744,0.0589,0.0525,-0.4211,0.1595,,,0.3911,WPP_711_Laut_Natuna,NOAA_ERDDAP
2023-03,5.25,106.25,27.681,0.0615,0.099,-0.6165,0.1317,,,0.3936,WPP_711_Laut_Natuna,NOAA_ERDDAP
2023-03,5.25,106.75,27.302,0.0702,-0.0101,-0.0415,0.1208,,,0.3931,WPP_711_Laut_Natuna,NOAA_ERDDAP
2023-03,5.25,107.25,27.754,0.0797,0.0847,-0.1922,0.0935,,,0.3911,WPP_711_Laut_Natuna,NOAA_ERDDAP
2023-03,5.25,107.75,27.272,0.071,-0.0513,-0.0232,0.11,,,0.3919,WPP_711_Laut_Natuna,NOAA_ERDDAP
2023-03,5.25,108.25,26.616,0.0804,0.2311,-0.0757,0.1059,,,0.3659,WPP_711_Laut_Natuna,NOAA_ERDDAP
2023-03,5.25,108.75,26.679,0.0903,0.2778,0.0851,0.1174,,,0.3686,WPP_711_Laut_Natuna,NOAA_ERDDAP
2023-03,5.25,109.25,26.836,0.0995,0.4188,-0.522,0.104,,,0.375,WPP_711_Laut_Natuna,NOAA_ERDDAP
2023-03,5.25,109.75,26.861,0.1078,0.2805,-0.1334,0.0695,,,0.3762,WPP_711_Laut_Natuna,NOAA_ERDDAP
2023-03,5.75,104.25,27.623,0.0993,-0.1051,0.0914,0.133,,,0.3967,WPP_711_Laut_Natuna,NOAA_ERDDAP
2023-03,5.75,104.75,26.992,0.0785,0.0208,0.2145,0.1541,,,0.3809,WPP_711_Laut_Natuna,NOAA_ERDDAP
2023-03,5.75,105.25,27.679,0.0717,0.2923,-0.1287,0.1788,,,0.3939,WPP_711_Laut_Natuna,NOAA_ERDDAP
2023-03,5.75,105.75,27.906,0.0577,-0.1398,-0.391,0.164,,,0.3846,WPP_711_Laut_Natuna,NOAA_ERDDAP
2023-03,5.75,106.25,27.712,0.0666,-0.2454,-0.1906,0.1412,,,0.3925,WPP_711_Laut_Natuna,NOAA_ERDDAP
2023-03,5.75,106.75,27.02,0.0775,-0.0313,-0.2753,0.1236,,,0.382,WPP_711_Laut_Natuna,NOAA_ERDDAP
2023-03,5.75,107.25,27.137,0.0781,-0.0263,-0.4518,0.0934,,,0.3867,WPP_711_Laut_Natuna,NOAA_ERDDAP
2023-03,5.75,107.75,26.408,0.0996,0.5785,-0.1946,0.1028,,,0.3579,WPP_711_Laut_Natuna,NOAA_ERDDAP
2023-03,5.75,108.25,26.433,0.1172,0.3098,0.0453,0.0763,,,0.3593,WPP_711_Laut_Natuna,NOAA_ERDDAP
2023-03,5.75,108.75,26.478,0.1085,0.4416,-0.0101,0.087,,,0.3609,WPP_711_Laut_Natuna,NOAA_ERDDAP
2023-03,5.75,109.25,26.922,0.0865,0.4534,-0.4425,0.0626,,,0.3782,WPP_711_Laut_Natuna,NOAA_ERDDAP
2023-03,5.75,109.75,26.916,0.0989,0.3887,-0.1868,0.0425,,,0.3782,WPP_711_Laut_Natuna,NOAA_ERDDAP
2023-01,-7.75,115.25,29.589,0.3729,-0.4614,0.0881,0.1943,,,0.3234,WPP_712_Laut_Jawa,NOAA_ERDDAP
2023-01,-7.75,115.75,28.892,0.3381,-0.2922,0.1207,0.1684,,,0.3506,WPP_712_Laut_Jawa,NOAA_ERDDAP
2023-01,-7.25,115.25,29.147,0.3061,0.395,-0.16,0.1648,,,0.3398,WPP_712_Laut_Jawa,NOAA_ERDDAP
2023-01,-7.25,115.75,29.112,0.2655,0.377,0.26,0.1518,,,0.3404,WPP_712_Laut_Jawa,NOAA_ERDDAP
2023-01,-6.75,115.25,28.887,0.2691,0.6586,0.0189,0.2041,,,0.3494,WPP_712_Laut_Jawa,NOAA_ERDDAP
2023-01,-6.75,115.75,29.301,0.5821,0.6024,0.0843,0.1852,,,0.339,WPP_712_Laut_Jawa,NOAA_ERDDAP
2023-01,-6.25,115.25,29.184,0.4484,0.5193,0.1342,0.2065,,,0.3411,WPP_712_Laut_Jawa,NOAA_ERDDAP
2023-01,-6.25,115.75,29.994,0.2084,0.5606,0.1236,0.2109,,,0.304,WPP_712_Laut_Jawa,NOAA_ERDDAP
2023-01,-5.75,115.25,28.86,0.3273,0.6509,0.058,0.2398,,,0.3517,WPP_712_Laut_Jawa,NOAA_ERDDAP
2023-01,-5.75,115.75,29.367,0.2243,0.488,0.0807,0.239,,,0.3294,WPP_712_Laut_Jawa,NOAA_ERDDAP
2023-01,-5.25,115.75,29.426,0.2139,0.2137,0.2263,0.2545,,,0.3268,WPP_712_Laut_Jawa,NOAA_ERDDAP
2023-01,-4.75,106.25,29.093,1.8158,0.2379,0.7323,0.1065,,,0.3714,WPP_712_Laut_Jawa,NOAA_ERDDAP
2023-01,-4.75,106.75,28.656,1.0977,0.2982,0.3624,0.0672,,,0.3748,WPP_712_Laut_Jawa,NOAA_ERDDAP
2023-01,-4.75,107.25,28.565,1.2186,0.3897,0.1113,0.04,,,0.3808,WPP_712_Laut_Jawa,NOAA_ERDDAP
2023-01,-4.75,107.75,28.47,0.5093,0.2107,-0.3783,0.0639,,,0.3708,WPP_712_Laut_Jawa,NOAA_ERDDAP
2023-01,-4.75,108.25,28.885,0.4851,0.328,-0.8124,0.0983,,,0.3537,WPP_712_Laut_Jawa,NOAA_ERDDAP
2023-01,-4.75,108.75,28.551,0.5031,0.0416,-0.1941,0.1384,,,0.3674,WPP_712_Laut_Jawa,NOAA_ERDDAP
2023-01,-4.75,109.25,28.569,0.4429,0.1193,-0.0931,0.1457,,,0.3655,WPP_712_Laut_Jawa,NOAA_ERDDAP
2023-01,-4.75,109.75,28.49,0.627,0.1007,0.0016,0.1505,,,0.3723,WPP_712_Laut_Jawa,NOAA_ERDDAP
2023-01,-4.75,110.25,28.787,0.114,0.0561,0.1826,0.1568,,,0.3504,WPP_712_Laut_Jawa,NOAA_ERDDAP
2023-01,-4.75,110.75,28.47,0.133,0.1145,-0.0832,0.1416,,,0.3635,WPP_712_Laut_Jawa,NOAA_ERDDAP
2023-01,-4.75,112.75,28.924,0.2446,0.2584,-0.511,0.2388,,,0.3475,WPP_712_Laut_Jawa,NOAA_ERDDAP
2023-01,-4.75,113.25,29.092,0.3604,0.2034,0.1345,0.2442,,,0.343,WPP_712_Laut_Jawa,NOAA_ERDDAP
2023-01,-4.75,113.75,28.425,0.5396,0.2331,-0.0493,0.2378,,,0.3732,WPP_712_Laut_Jawa,NOAA_ERDDAP
2023-01,-4.75,114.25,28.78,0.5049,0.1989,0.1462,0.2431,,,0.3583,WPP_712_Laut_Jawa,NOAA_ERDDAP
2023-01,-4.75,114.75,28.567,0.6878,0.0692,0.0401,0.2541,,,0.3704,WPP_712_Laut_Jawa,NOAA_ERDDAP
2023-01,-4.75,115.25,27.932,0.3417,0.0658,0.2027,0.2468,,,0.3891,WPP_712_Laut_Jawa,NOAA_ERDDAP
2023-01,-4.75,115.75,28.344,0.4257,0.1575,0.0971,0.2691,,,0.3742,WPP_712_Laut_Jawa,NOAA_ERDDAP
2023-01,-4.25,106.25,29.311,2.3233,0.6781,1.1238,0.1295,,,0.3726,WPP_712_Laut_Jawa,NOAA_ERDDAP
2023-01,-4.25,106.75,29.142,1.056,0.1518,0.1869,0.0806,,,0.3546,WPP_712_Laut_Jawa,NOAA_ERDDAP
2023-01,-4.25,107.25,29.035,0.5905,0.2442,-0.2481,0.072,,,0.3498,WPP_712_Laut_Jawa,NOAA_ERDDAP
2023-01,-4.25,107.75,28.693,0.4727,0.1724,-0.1049,0.065,,,0.3612,WPP_712_Laut_Jawa,NOAA_ERDDAP
2023-01,-4.25,108.25,28.868,0.5264,0.1067,-0.597,0.1041,,,0.3552,WPP_712_Laut_Jawa,NOAA_ERDDAP
2023-01,-4.25,108.75,28.404,0.5417,0.1036,-0.261,0.1331,,,0.3741,WPP_712_Laut_Jawa,NOAA_ERDDAP
2023-01,-4.25,109.25,28.578,0.5348,0.0376,-0.092,0.1497,,,0.367,WPP_712_Laut_Jawa,NOAA_ERDDAP
2023-01,-4.25,109.75,28.771,0.7037,0.0605,-0.0022,0.1446,,,0.3626,WPP_712_Laut_Jawa,NOAA_ERDDAP
2023-01,-4.25,110.25,28.929,0.9361,0.1926,0.0989,0.1555,,,0.3608,WPP_712_Laut_Jawa,NOAA_ERDDAP
2023-01,-4.25,110.75,28.616,0.9632,0.3062,-0.2502,0.154,,,0.3738,WPP_712_Laut_Jawa,NOAA_ERDDAP
2023-01,-4.25,111.75,28.717,0.5973,0.3644,-0.3756,0.1789,,,0.3626,WPP_712_Laut_Jawa,NOAA_ERDDAP
2023-01,-4.25,113.25,28.88,0.5728,-0.1801,-0.0257,0.2479,,,0.3556,WPP_712_Laut_Jawa,NOAA_ERDDAP
2023-01,-4.25,113.75,28.843,0.7787,0.0872,-0.3137,0.2718,,,0.3611,WPP_712_Laut_Jawa,NOAA_ERDDAP
2023-01,-4.25,115.25,29.154,0.603,0.7827,0.2052,0.2732,,,0.3453,WPP_712_Laut_Jawa,NOAA_ERDDAP
2023-01,-4.25,115.75,28.7,0.4494,0.5265,-0.0453,0.2972,,,0.3604,WPP_712_Laut_Jawa,NOAA_ERDDAP
2023-01,-3.75,106.25,29.791,2.967,0.4321,0.4044,0.1449,,,0.3659,WPP_712_Laut_Jawa,NOAA_ERDDAP
2023-01,-3.75,106.75,29.163,1.341,0.6921,0.5097,0.0801,,,0.3593,WPP_712_Laut_Jawa,NOAA_ERDDAP
2023-01,-3.75,107.25,28.747,0.449,0.7228,-0.3144,0.0877,,,0.3585,WPP_712_Laut_Jawa,NOAA_ERDDAP
2023-01,-3.75,107.75,28.855,0.2893,0.6025,-0.1523,0.0907,,,0.3511,WPP_712_Laut_Jawa,NOAA_ERDDAP
2023-01,-3.75,108.25,28.964,0.3679,0.507,-0.3428,0.1284,,,0.3483,WPP_712_Laut_Jawa,NOAA_ERDDAP
2023-01,-3.75,108.75,28.794,0.2641,0.2275,-0.2846,0.1322,,,0.3531,WPP_712_Laut_Jawa,NOAA_ERDDAP
2023-01,-3.75,109.25,28.689,0.5956,0.125,-0.1685,0.1475,,,0.3637,WPP_712_Laut_Jawa,NOAA_ERDDAP
2023-01,-3.75,109.75,28.471,0.8354,0.0938,-0.0614,0.1506,,,0.3771,WPP_712_Laut_Jawa,NOAA_ERDDAP
2023-01,-3.75,110.25,28.739,1.3421,0.1048,-0.1404,0.1478,,,0.3763,WPP_712_Laut_Jawa,NOAA_ERDDAP
2023-01,-3.75,110.75,28.516,1.2905,0.3106,-0.237,0.1602,,,0.3842,WPP_712_Laut_Jawa,NOAA_ERDDAP
2023-01,-3.75,112.75,29.182,1.4171,0.3374,-0.1416,0.2141,,,0.36,WPP_712_Laut_Jawa,NOAA_ERDDAP
2023-01,-3.75,113.25,29.681,1.1894,0.1311,-0.3721,0.23,,,0.3356,WPP_712_Laut_Jawa,NOAA_ERDDAP
2023-01,-3.75,113.75,28.999,1.702,0.1671,-0.37,0.2463,,,0.3729,WPP_712_Laut_Jawa,NOAA_ERDDAP
2023-01,-3.75,114.25,29.372,1.2795,0.127,-0.4102,0.2694,,,0.3498,WPP_712_Laut_Jawa,NOAA_ERDDAP
2023-01,-3.75,115.25,29.348,3.2689,,,,,,0.3895,WPP_712_Laut_Jawa,NOAA_ERDDAP
2023-01,-3.75,115.75,30.045,1.1395,0.3083,0.1514,0.36,,,0.3201,WPP_712_Laut_Jawa,NOAA_ERDDAP
2023-01,-3.25,106.25,29.881,4.1252,0.832,0.673,0.1509,,,0.3849,WPP_712_Laut_Jawa,NOAA_ERDDAP
2023-01,-3.25,106.75,28.615,1.1738,1.3237,0.099,0.1132,,,0.378,WPP_712_Laut_Jawa,NOAA_ERDDAP
2023-01,-3.25,107.25,28.105,0.7718,1.5183,-0.2349,0.1188,,,0.3905,WPP_712_Laut_Jawa,NOAA_ERDDAP
2023-01,-3.25,107.75,28.942,0.7148,1.2385,-0.0231,0.1497,,,0.3559,WPP_712_Laut_Jawa,NOAA_ERDDAP
2023-01,-3.25,108.25,29.427,0.4412,0.895,-0.0592,0.15,,,0.3312,WPP_712_Laut_Jawa,NOAA_ERDDAP
2023-01,-3.25,108.75,28.862,0.3177,0.5532,-0.158,0.1474,,,0.3514,WPP_712_Laut_Jawa,NOAA_ERDDAP
2023-01,-3.25,109.25,28.489,0.1487,0.3847,-0.1358,0.1528,,,0.363,WPP_712_Laut_Jawa,NOAA_ERDDAP
2023-01,-2.75,107.25,28.288,0.6813,1.6805,-0.0647,0.1823,,,0.3814,WPP_712_Laut_Jawa,NOAA_ERDDAP
2023-01,-2.75,108.25,28.728,0.62,,,,,,0.3626,WPP_712_Laut_Jawa,NOAA_ERDDAP
2023-01,-2.75,108.75,28.51,0.4998,1.0198,0.2866,0.1724,,,0.369,WPP_712_Laut_Jawa,NOAA_ERDDAP
2023-01,-2.75,109.25,28.876,0.1917,0.8186,-0.1232,0.1688,,,0.3484,WPP_712_Laut_Jawa,NOAA_ERDDAP
2023-01,-2.25,106.25,28.7,0.7532,,,,,,0.3664,WPP_712_Laut_Jawa,NOAA_ERDDAP
2023-01,-2.25,106.75,28.737,0.7397,1.5048,-0.0156,0.2188,,,0.3646,WPP_712_Laut_Jawa,NOAA_ERDDAP
2023-01,-2.25,107.75,28.805,0.2885,1.0631,0.3355,0.1976,,,0.3531,WPP_712_Laut_Jawa,NOAA_ERDDAP
2023-01,-2.25,108.25,28.431,0.3371,0.9001,0.0743,0.205,,,0.369,WPP_712_Laut_Jawa,NOAA_ERDDAP
2023-01,-2.25,108.75,29.698,0.4641,1.0944,0.4896,0.2269,,,0.3208,WPP_712_Laut_Jawa,NOAA_ERDDAP
2023-01,-2.25,109.25,29.795,0.6082,0.9727,-0.0113,0.1995,,,0.3197,WPP_712_Laut_Jawa,NOAA_ERDDAP
2023-02,-7.75,115.25,28.543,0.109,-0.3312,-0.0097,0.1504,,,0.3601,WPP_712_Laut_Jawa,NOAA_ERDDAP
2023-02,-7.75,115.75,28.85,0.1294,-0.5032,0.1618,0.1432,,,0.3482,WPP_712_Laut_Jawa,NOAA_ERDDAP
2023-02,-7.25,115.25,28.447,0.1451,0.2981,-0.0872,0.1314,,,0.3646,WPP_712_Laut_Jawa,NOAA_ERDDAP
2023-02,-6.75,115.25,28.452,0.2802,0.7891,-0.1096,0.1574,,,0.3671,WPP_712_Laut_Jawa,NOAA_ERDDAP
2023-02,-6.75,115.75,28.178,0.3787,0.7381,-0.0634,0.1633,,,0.3799,WPP_712_Laut_Jawa,NOAA_ERDDAP
2023-02,-6.25,115.25,28.008,0.1814,0.8724,-0.211,0.1996,,,0.3829,WPP_712_Laut_Jawa,NOAA_ERDDAP
2023-02,-6.25,115.75,27.895,0.1941,0.8365,0.1251,0.2075,,,0.3877,WPP_712_Laut_Jawa,NOAA_ERDDAP
2023-02,-5.75,115.25,28.084,0.348,0.6573,-0.2981,0.2494,,,0.3831,WPP_712_Laut_Jawa,NOAA_ERDDAP
2023-02,-5.75,115.75,27.999,0.2186,0.3438,0.2233,0.2487,,,0.384,WPP_712_Laut_Jawa,NOAA_ERDDAP
2023-02,-5.25,115.25,28.399,0.2265,0.1421,-0.0867,0.2675,,,0.3681,WPP_712_Laut_Jawa,NOAA_ERDDAP
2023-02,-5.25,115.75,28.18,0.2299,0.4168,0.0936,0.2763,,,0.377,WPP_712_Laut_Jawa,NOAA_ERDDAP
2023-02,-4.75,106.25,28.366,2.2279,-0.4668,-0.2858,-0.0156,,,0.4085,WPP_712_Laut_Jawa,NOAA_ERDDAP
2023-02,-4.75,106.75,28.672,1.1081,-0.2707,-0.6354,0.0146,,,0.3744,WPP_712_Laut_Jawa,NOAA_ERDDAP
2023-02,-4.75,107.25,28.419,0.6769,-0.0963,-0.342,0.0379,,,0.3761,WPP_712_Laut_Jawa,NOAA_ERDDAP
2023-02,-4.75,107.75,27.604,0.5137,0.1859,-0.3902,0.0689,,,0.4055,WPP_712_Laut_Jawa,NOAA_ERDDAP
2023-02,-4.75,108.75,28.434,0.4939,0.1179,-0.2592,0.126,,,0.3719,WPP_712_Laut_Jawa,NOAA_ERDDAP
2023-02,-4.75,110.25,28.953,0.246,0.3197,0.0157,0.1595,,,0.3463,WPP_712_Laut_Jawa,NOAA_ERDDAP
2023-02,-4.75,110.75,28.534,0.3052,0.2373,0.3038,0.1511,,,0.3643,WPP_712_Laut_Jawa,NOAA_ERDDAP
2023-02,-4.75,111.25,28.32,0.3391,0.4657,-0.0521,0.1591,,,0.3735,WPP_712_Laut_Jawa,NOAA_ERDDAP
2023-02,-4.75,111.75,28.497,0.2881,0.0565,0.1753,0.1357,,,0.3654,WPP_712_Laut_Jawa,NOAA_ERDDAP
2023-02,-4.75,112.25,28.36,0.2849,0.1763,-0.0994,0.124,,,0.3708,WPP_712_Laut_Jawa,NOAA_ERDDAP
2023-02,-4.75,112.75,28.5,0.2183,0.0197,-0.4077,0.1369,,,0.3639,WPP_712_Laut_Jawa,NOAA_ERDDAP
2023-02,-4.75,113.25,28.815,0.2649,0.335,-0.487,0.1785,,,0.3522,WPP_712_Laut_Jawa,NOAA_ERDDAP
2023-02,-4.75,113.75,29.028,0.3561,0.4499,-0.4881,0.2098,,,0.3455,WPP_712_Laut_Jawa,NOAA_ERDDAP
2023-02,-4.75,114.25,28.682,0.4385,0.1879,-0.0205,0.2451,,,0.3609,WPP_712_Laut_Jawa,NOAA_ERDDAP
2023-02,-4.75,114.75,28.508,0.3481,-0.0741,-0.1966,0.2622,,,0.3661,WPP_712_Laut_Jawa,NOAA_ERDDAP
2023-02,-4.75,115.25,28.574,0.4564,0.0898,-0.0452,0.2816,,,0.3656,WPP_712_Laut_Jawa,NOAA_ERDDAP
2023-02,-4.75,115.75,28.568,0.6006,0.2271,0.0328,0.2801,,,0.3687,WPP_712_Laut_Jawa,NOAA_ERDDAP
2023-02,-4.25,106.25,29.102,2.802,1.0211,0.6539,0.0039,,,0.3903,WPP_712_Laut_Jawa,NOAA_ERDDAP
2023-02,-4.25,106.75,28.854,0.9754,0.0506,-0.6692,-0.0052,,,0.3645,WPP_712_Laut_Jawa,NOAA_ERDDAP
2023-02,-4.25,107.25,28.434,0.5567,0.0079,-0.4957,0.0293,,,0.3732,WPP_712_Laut_Jawa,NOAA_ERDDAP
2023-02,-4.25,107.75,28.564,0.2793,0.0006,-0.6043,0.0812,,,0.3626,WPP_712_Laut_Jawa,NOAA_ERDDAP
2023-02,-4.25,108.25,28.714,0.3792,0.2127,-0.5303,0.117,,,0.3585,WPP_712_Laut_Jawa,NOAA_ERDDAP
2023-02,-4.25,108.75,28.318,0.4485,-0.0643,-0.2139,0.1128,,,0.3757,WPP_712_Laut_Jawa,NOAA_ERDDAP
2023-02,-4.25,109.25,28.539,0.3449,-0.0639,-0.5094,0.1527,,,0.3648,WPP_712_Laut_Jawa,NOAA_ERDDAP
2023-02,-4.25,109.75,28.31,0.2552,0.0342,0.0372,0.1727,,,0.3722,WPP_712_Laut_Jawa,NOAA_ERDDAP
2023-02,-4.25,110.25,28.333,0.3874,0.2068,-0.0112,0.1753,,,0.3739,WPP_712_Laut_Jawa,NOAA_ERDDAP
2023-02,-4.25,110.75,28.348,0.2927,0.4087,-0.2665,0.173,,,0.3715,WPP_712_Laut_Jawa,NOAA_ERDDAP
2023-02,-4.25,111.25,28.399,0.2863,0.3322,0.1172,0.1853,,,0.3693,WPP_712_Laut_Jawa,NOAA_ERDDAP
2023-02,-4.25,111.75,28.502,0.4128,0.5393,0.473,0.1349,,,0.3676,WPP_712_Laut_Jawa,NOAA_ERDDAP
2023-02,-4.25,112.25,28.339,0.4129,0.3085,0.1845,0.1418,,,0.3742,WPP_712_Laut_Jawa,NOAA_ERDDAP
2023-02,-4.25,112.75,28.717,0.4929,0.2554,-0.8829,0.1414,,,0.3606,WPP_712_Laut_Jawa,NOAA_ERDDAP
2023-02,-4.25,113.25,28.443,0.4611,0.0841,-0.5046,0.2012,,,0.3709,WPP_712_Laut_Jawa,NOAA_ERDDAP
2023-02,-4.25,113.75,28.972,0.802,-0.1757,-0.2057,0.2214,,,0.3564,WPP_712_Laut_Jawa,NOAA_ERDDAP
2023-02,-4.25,114.25,28.869,0.9706,-0.3245,0.0601,0.2144,,,0.3638,WPP_712_Laut_Jawa,NOAA_ERDDAP
2023-02,-4.25,114.75,29.578,2.4576,-0.282,-0.2527,0.2475,,,0.3645,WPP_712_Laut_Jawa,NOAA_ERDDAP
2023-02,-4.25,115.25,29.346,1.0539,0.513,-0.3349,0.2984,,,0.3464,WPP_712_Laut_Jawa,NOAA_ERDDAP
2023-02,-4.25,115.75,28.756,0.8856,0.3069,0.2354,0.3259,,,0.3667,WPP_712_Laut_Jawa,NOAA_ERDDAP
2023-02,-3.75,106.25,29.067,2.6088,1.4084,0.5311,0.0636,,,0.3879,WPP_712_Laut_Jawa,NOAA_ERDDAP
2023-02,-3.75,106.75,28.694,1.3133,1.1112,0.0443,0.028,,,0.3775,WPP_712_Laut_Jawa,NOAA_ERDDAP
2023-02,-3.75,107.25,28.311,0.5729,0.4515,-0.5814,0.0363,,,0.3784,WPP_712_Laut_Jawa,NOAA_ERDDAP
2023-02,-3.75,107.75,28.248,0.4811,0.3897,-0.8716,0.0835,,,0.3791,WPP_712_Laut_Jawa,NOAA_ERDDAP
2023-02,-3.75,108.25,28.754,0.4242,0.1946,-0.0839,0.118,,,0.3578,WPP_712_Laut_Jawa,NOAA_ERDDAP
2023-02,-3.75,108.75,28.357,0.6054,0.3101,-0.2476,0.1013,,,0.3772,WPP_712_Laut_Jawa,NOAA_ERDDAP
2023-02,-3.75,109.25,28.202,0.437,0.1006,-0.4903,0.1432,,,0.3801,WPP_712_Laut_Jawa,NOAA_ERDDAP
2023-02,-3.75,109.75,28.416,1.8125,-0.0817,-0.1434,0.162,,,0.3984,WPP_712_Laut_Jawa,NOAA_ERDDAP
2023-02,-3.75,110.25,28.643,0.4466,0.0033,-0.1314,0.1603,,,0.3627,WPP_712_Laut_Jawa,NOAA_ERDDAP
2023-02,-3.75,110.75,28.685,1.851,0.1575,-0.32,0.1839,,,0.3884,WPP_712_Laut_Jawa,NOAA_ERDDAP
2023-02,-3.75,111.25,28.974,0.4791,0.2486,0.0632,0.1885,,,0.3501,WPP_712_Laut_Jawa,NOAA_ERDDAP
2023-02,-3.75,111.75,28.588,1.9119,0.4357,0.3536,0.1823,,,0.3935,WPP_712_Laut_Jawa,NOAA_ERDDAP
2023-02,-3.75,112.25,28.937,2.0551,0.6909,-0.1671,0.1586,,,0.3823,WPP_712_Laut_Jawa,NOAA_ERDDAP
2023-02,-3.75,112.75,29.062,1.3781,0.9233,-0.6627,0.1681,,,0.3641,WPP_712_Laut_Jawa,NOAA_ERDDAP
2023-02,-3.75,113.25,28.856,1.4865,0.5543,0.2356,0.213,,,0.3744,WPP_712_Laut_Jawa,NOAA_ERDDAP
2023-02,-3.75,113.75,29.064,3.2845,-0.4638,0.3616,0.1855,,,0.4012,WPP_712_Laut_Jawa,NOAA_ERDDAP
2023-02,-3.75,115.25,29.075,3.8947,,,,,,0.4127,WPP_712_Laut_Jawa,NOAA_ERDDAP
2023-02,-3.75,115.75,29.631,1.539,0.0133,0.3603,0.3565,,,0.3445,WPP_712_Laut_Jawa,NOAA_ERDDAP
2023-02,-3.25,106.25,29.432,3.2287,1.6845,1.5433,0.1206,,,0.3854,WPP_712_Laut_Jawa,NOAA_ERDDAP
2023-02,-3.25,106.75,28.646,0.9789,1.3172,0.3961,0.0669,,,0.3729,WPP_712_Laut_Jawa,NOAA_ERDDAP
2023-02,-3.25,107.25,28.295,0.7038,1.1801,-0.2694,0.0557,,,0.3816,WPP_712_Laut_Jawa,NOAA_ERDDAP
2023-02,-3.25,107.75,28.701,0.6496,1.0024,-1.0295,0.1193,,,0.3643,WPP_712_Laut_Jawa,NOAA_ERDDAP
2023-02,-3.25,108.25,28.699,0.5378,1.0813,-0.0696,0.1432,,,0.3622,WPP_712_Laut_Jawa,NOAA_ERDDAP
2023-02,-3.25,108.75,28.029,0.7082,0.8688,-0.2555,0.1389,,,0.3923,WPP_712_Laut_Jawa,NOAA_ERDDAP
2023-02,-3.25,109.25,28.127,0.5854,0.667,-0.083,0.1429,,,0.386,WPP_712_Laut_Jawa,NOAA_ERDDAP
2023-02,-3.25,109.75,28.948,0.8097,0.2448,-0.0032,0.1543,,,0.3575,WPP_712_Laut_Jawa,NOAA_ERDDAP
2023-02,-3.25,110.75,29.293,3.5755,0.1844,-0.8173,0.1819,,,0.3977,WPP_712_Laut_Jawa,NOAA_ERDDAP
2023-02,-3.25,111.25,29.192,3.1219,0.4069,0.0762,0.2038,,,0.3929,WPP_712_Laut_Jawa,NOAA_ERDDAP
2023-02,-3.25,111.75,29.434,4.7857,0.9968,-0.2805,0.2192,,,0.4157,WPP_712_Laut_Jawa,NOAA_ERDDAP
2023-02,-3.25,112.25,29.694,3.1396,0.5161,-0.0474,0.2378,,,0.3732,WPP_712_Laut_Jawa,NOAA_ERDDAP
2023-02,-3.25,112.75,29.338,3.7439,0.2673,-0.485,0.2681,,,0.3992,WPP_712_Laut_Jawa,NOAA_ERDDAP
2023-02,-3.25,113.25,29.421,3.1598,0.6299,0.6278,0.2491,,,0.3845,WPP_712_Laut_Jawa,NOAA_ERDDAP
2023-02,-2.75,106.75,28.412,1.0697,,,,,,0.3841,WPP_712_Laut_Jawa,NOAA_ERDDAP
2023-02,-2.75,107.25,28.169,0.6495,1.7133,-0.3533,0.0997,,,0.3856,WPP_712_Laut_Jawa,NOAA_ERDDAP
2023-02,-2.75,108.25,28.194,0.6596,,,,,,0.3848,WPP_712_Laut_Jawa,NOAA_ERDDAP
2023-02,-2.75,108.75,28.15,0.636,1.2272,0.1424,0.1852,,,0.3861,WPP_712_Laut_Jawa,NOAA_ERDDAP
2023-02,-2.75,109.25,28.483,0.6536,0.766,0.057,0.1953,,,0.3731,WPP_712_Laut_Jawa,NOAA_ERDDAP
2023-02,-2.75,109.75,28.859,2.0881,0.9399,0.0692,0.1792,,,0.3861,WPP_712_Laut_Jawa,NOAA_ERDDAP
2023-02,-2.75,110.25,29.269,5.8776,0.801,-0.0499,0.1773,,,0.4436,WPP_712_Laut_Jawa,NOAA_ERDDAP
2023-02,-2.25,106.25,28.263,0.8494,,,,,,0.3857,WPP_712_Laut_Jawa,NOAA_ERDDAP
2023-02,-2.25,106.75,28.072,0.6613,1.388,0.2663,0.1342,,,0.3897,WPP_712_Laut_Jawa,NOAA_ERDDAP
2023-02,-2.25,107.25,28.038,0.4868,1.3574,-0.336,0.146,,,0.3876,WPP_712_Laut_Jawa,NOAA_ERDDAP
2023-02,-2.25,107.75,27.969,0.3434,0.9736,-0.689,0.2109,,,0.3876,WPP_712_Laut_Jawa,NOAA_ERDDAP
2023-02,-2.25,108.25,27.858,0.5195,0.9049,-0.0951,0.2345,,,0.3955,WPP_712_Laut_Jawa,NOAA_ERDDAP
2023-02,-2.25,108.75,28.144,0.555,0.9753,0.1888,0.2256,,,0.3847,WPP_712_Laut_Jawa,NOAA_ERDDAP
2023-02,-2.25,109.25,28.68,0.8573,1.1004,0.0355,0.2105,,,0.3692,WPP_712_Laut_Jawa,NOAA_ERDDAP
2023-02,-2.25,109.75,29.581,2.8595,1.0056,0.0732,0.2251,,,0.3722,WPP_712_Laut_Jawa,NOAA_ERDDAP
2023-02,-2.25,110.25,30.628,7.8787,1.0387,0.1202,0.2228,,,0.4283,WPP_712_Laut_Jawa,NOAA_ERDDAP
2023-03,-7.75,115.25,30.006,0.1593,0.284,-0.265,0.0793,,,0.3025,WPP_712_Laut_Jawa,NOAA_ERDDAP
2023-03,-7.75,115.75,30.03,0.1803,0.3063,-0.2246,0.0985,,,0.302,WPP_712_Laut_Jawa,NOAA_ERDDAP
2023-03,-7.25,115.25,30.223,0.2622,0.4687,-0.2428,0.0988,,,0.2959,WPP_712_Laut_Jawa,NOAA_ERDDAP
2023-03,-7.25,115.75,30.123,0.4278,0.3642,-0.2235,0.1236,,,0.3031,WPP_712_Laut_Jawa,NOAA_ERDDAP
2023-03,-6.75,115.25,29.986,0.3009,0.7563,-0.246,0.119,,,0.3061,WPP_712_Laut_Jawa,NOAA_ERDDAP
2023-03,-6.75,115.75,30.036,0.2594,0.56,-0.1404,0.1422,,,0.3033,WPP_712_Laut_Jawa,NOAA_ERDDAP
2023-03,-6.25,115.25,30.817,0.148,0.8689,-0.1102,0.1536,,,0.2699,WPP_712_Laut_Jawa,NOAA_ERDDAP
2023-03,-6.25,115.75,30.524,0.1836,0.6708,-0.025,0.1635,,,0.2823,WPP_712_Laut_Jawa,NOAA_ERDDAP
2023-03,-5.75,115.25,30.933,0.1702,0.183,-0.0961,0.1811,,,0.2657,WPP_712_Laut_Jawa,NOAA_ERDDAP
2023-03,-5.75,115.75,30.775,0.2427,0.3781,-0.0035,0.207,,,0.2734,WPP_712_Laut_Jawa,NOAA_ERDDAP
2023-03,-5.25,115.25,30.854,0.1765,0.0648,-0.1851,0.1935,,,0.269,WPP_712_Laut_Jawa,NOAA_ERDDAP
2023-03,-5.25,115.75,31.123,0.2796,0.2042,-0.1077,0.2229,,,0.2602,WPP_712_Laut_Jawa,NOAA_ERDDAP
2023-03,-4.75,106.25,28.992,2.1549,0.5154,-0.2534,0.0347,,,0.382,WPP_712_Laut_Jawa,NOAA_ERDDAP
2023-03,-4.75,106.75,28.719,0.8391,0.1262,-0.0561,0.0182,,,0.3673,WPP_712_Laut_Jawa,NOAA_ERDDAP
2023-03,-4.75,107.25,29.191,0.4674,-0.2739,-0.2932,0.0514,,,0.3411,WPP_712_Laut_Jawa,NOAA_ERDDAP
2023-03,-4.75,107.75,29.462,0.2554,-0.1016,0.2867,0.0624,,,0.3262,WPP_712_Laut_Jawa,NOAA_ERDDAP
2023-03,-4.75,108.25,29.021,0.2723,0.0648,0.0648,0.0369,,,0.3441,WPP_712_Laut_Jawa,NOAA_ERDDAP
2023-03,-4.75,108.75,29.208,0.1381,0.1821,-0.5056,0.0495,,,0.334,WPP_712_Laut_Jawa,NOAA_ERDDAP
2023-03,-4.75,109.25,28.998,0.1305,0.1524,-0.3247,0.093,,,0.3423,WPP_712_Laut_Jawa,NOAA_ERDDAP
2023-03,-4.75,109.75,28.557,0.1594,0.2425,-0.3969,0.1035,,,0.3605,WPP_712_Laut_Jawa,NOAA_ERDDAP
2023-03,-4.75,110.25,29.206,0.1273,0.2468,0.047,0.1288,,,0.3339,WPP_712_Laut_Jawa,NOAA_ERDDAP
2023-03,-4.75,110.75,30.471,0.1007,0.2834,0.0748,0.1197,,,0.2828,WPP_712_Laut_Jawa,NOAA_ERDDAP
2023-03,-4.75,111.25,30.436,0.1015,0.6989,0.1921,0.1185,,,0.2842,WPP_712_Laut_Jawa,NOAA_ERDDAP
2023-03,-4.75,111.75,29.235,0.1645,0.5575,-0.1079,0.1066,,,0.3335,WPP_712_Laut_Jawa,NOAA_ERDDAP
2023-03,-4.75,112.25,29.719,0.2543,0.3748,-0.4328,0.1288,,,0.3159,WPP_712_Laut_Jawa,NOAA_ERDDAP
2023-03,-4.75,112.75,30.222,0.3226,0.2451,-0.2555,0.1519,,,0.2971,WPP_712_Laut_Jawa,NOAA_ERDDAP
2023-03,-4.75,113.25,30.209,0.2229,0.0526,-0.0994,0.1486,,,0.2957,WPP_712_Laut_Jawa,NOAA_ERDDAP
2023-03,-4.75,113.75,30.2,0.1952,0.254,-0.1719,0.1706,,,0.2955,WPP_712_Laut_Jawa,NOAA_ERDDAP
2023-03,-4.75,114.25,30.07,0.2184,-0.1907,0.3176,0.1728,,,0.3011,WPP_712_Laut_Jawa,NOAA_ERDDAP
2023-03,-4.75,114.75,30.652,0.2069,-0.1462,0.0162,0.1757,,,0.2776,WPP_712_Laut_Jawa,NOAA_ERDDAP
2023-03,-4.75,115.25,30.878,0.2379,0.412,-0.5831,0.201,,,0.2692,WPP_712_Laut_Jawa,NOAA_ERDDAP
2023-03,-4.75,115.75,30.8,0.3091,0.2146,-0.1354,0.2373,,,0.2737,WPP_712_Laut_Jawa,NOAA_ERDDAP
2023-03,-4.25,106.25,28.834,1.824,0.3533,0.0417,0.0392,,,0.3819,WPP_712_Laut_Jawa,NOAA_ERDDAP
2023-03,-4.25,106.75,28.435,0.6236,0.0221,0.2242,0.0342,,,0.3744,WPP_712_Laut_Jawa,NOAA_ERDDAP
2023-03,-4.25,107.25,29.025,0.3876,-0.1098,-0.3589,0.0433,,,0.3462,WPP_712_Laut_Jawa,NOAA_ERDDAP
2023-03,-4.25,107.75,29.159,0.2289,-0.1097,0.1289,0.0482,,,0.3378,WPP_712_Laut_Jawa,NOAA_ERDDAP
2023-03,-4.25,108.25,29.02,0.2232,0.0976,-0.1883,0.0337,,,0.3432,WPP_712_Laut_Jawa,NOAA_ERDDAP
2023-03,-4.25,108.75,28.692,0.1518,0.215,-0.5323,0.0572,,,0.3549,WPP_712_Laut_Jawa,NOAA_ERDDAP
2023-03,-4.25,109.25,28.602,0.2241,0.1248,-0.4857,0.1014,,,0.36,WPP_712_Laut_Jawa,NOAA_ERDDAP
2023-03,-4.25,109.75,28.793,0.3294,0.3,-0.3389,0.1215,,,0.3544,WPP_712_Laut_Jawa,NOAA_ERDDAP
2023-03,-4.25,110.25,29.826,0.2671,0.088,0.0867,0.1315,,,0.3118,WPP_712_Laut_Jawa,NOAA_ERDDAP
2023-03,-4.25,110.75,29.876,0.2224,0.1934,0.1182,0.1242,,,0.309,WPP_712_Laut_Jawa,NOAA_ERDDAP
2023-03,-4.25,111.25,29.128,0.2499,0.304,-0.1102,0.1406,,,0.3394,WPP_712_Laut_Jawa,NOAA_ERDDAP
2023-03,-4.25,111.75,29.355,0.3316,0.2747,-0.1707,0.1208,,,0.3319,WPP_712_Laut_Jawa,NOAA_ERDDAP
2023-03,-4.25,112.25,29.623,0.3538,0.2638,-0.222,0.1362,,,0.3217,WPP_712_Laut_Jawa,NOAA_ERDDAP
2023-03,-4.25,112.75,30.075,0.3852,0.1169,-0.2082,0.1509,,,0.3042,WPP_712_Laut_Jawa,NOAA_ERDDAP
2023-03,-4.25,113.25,30.147,0.3252,0.319,-0.2334,0.1545,,,0.3001,WPP_712_Laut_Jawa,NOAA_ERDDAP
2023-03,-4.25,113.75,29.895,0.5198,0.3274,-0.1052,0.2075,,,0.314,WPP_712_Laut_Jawa,NOAA_ERDDAP
2023-03,-4.25,114.25,30.218,0.4661,0.1446,0.8792,0.1636,,,0.3,WPP_712_Laut_Jawa,NOAA_ERDDAP
2023-03,-4.25,114.75,30.698,1.1326,-0.0761,-0.4167,0.1501,,,0.2938,WPP_712_Laut_Jawa,NOAA_ERDDAP
2023-03,-4.25,115.25,30.737,0.3899,0.1607,-0.663,0.2128,,,0.2778,WPP_712_Laut_Jawa,NOAA_ERDDAP
2023-03,-4.25,115.75,30.732,0.3764,0.2798,-0.0277,0.2509,,,0.2777,WPP_712_Laut_Jawa,NOAA_ERDDAP
2023-03,-3.75,106.25,29.385,2.2566,0.9242,0.4067,0.0622,,,0.3683,WPP_712_Laut_Jawa,NOAA_ERDDAP
2023-03,-3.75,106.75,29.124,0.6072,0.7586,-0.1707,0.0584,,,0.3466,WPP_712_Laut_Jawa,NOAA_ERDDAP
2023-03,-3.75,107.25,29.387,0.3694,0.7456,0.1936,0.0368,,,0.3314,WPP_712_Laut_Jawa,NOAA_ERDDAP
2023-03,-3.75,107.75,28.854,0.3291,0.2709,-0.0318,0.0442,,,0.3519,WPP_712_Laut_Jawa,NOAA_ERDDAP
2023-03,-3.75,108.25,28.948,0.2941,0.4249,-0.1396,0.0352,,,0.3475,WPP_712_Laut_Jawa,NOAA_ERDDAP
2023-03,-3.75,108.75,28.624,0.3268,0.3754,-0.6569,0.0709,,,0.3611,WPP_712_Laut_Jawa,NOAA_ERDDAP
2023-03,-3.75,109.25,28.798,0.3883,0.318,-0.4442,0.1022,,,0.3553,WPP_712_Laut_Jawa,NOAA_ERDDAP
2023-03,-3.75,109.75,28.712,0.535,0.1329,-0.2566,0.1279,,,0.3616,WPP_712_Laut_Jawa,NOAA_ERDDAP
2023-03,-3.75,110.25,29.506,0.982,0.0767,0.1094,0.1315,,,0.3386,WPP_712_Laut_Jawa,NOAA_ERDDAP
2023-03,-3.75,110.75,29.474,0.6728,0.168,-0.0334,0.1259,,,0.3338,WPP_712_Laut_Jawa,NOAA_ERDDAP
2023-03,-3.75,111.25,29.391,0.7239,-0.1721,-0.3488,0.1299,,,0.3382,WPP_712_Laut_Jawa,NOAA_ERDDAP
2023-03,-3.75,111.75,29.703,1.1361,0.1058,0.0792,0.1349,,,0.3337,WPP_712_Laut_Jawa,NOAA_ERDDAP
2023-03,-3.75,112.25,29.814,0.6242,0.1146,-0.3072,0.1481,,,0.3193,WPP_712_Laut_Jawa,NOAA_ERDDAP
2023-03,-3.75,112.75,30.473,0.5578,0.2596,-0.2204,0.1574,,,0.2916,WPP_712_Laut_Jawa,NOAA_ERDDAP
2023-03,-3.75,113.25,30.772,0.5955,0.8289,-0.6529,0.2014,,,0.2804,WPP_712_Laut_Jawa,NOAA_ERDDAP
2023-03,-3.75,113.75,30.269,1.2632,0.2628,0.5003,0.2016,,,0.3136,WPP_712_Laut_Jawa,NOAA_ERDDAP
2023-03,-3.75,114.25,31.029,0.6912,0.1919,0.5525,0.151,,,0.272,WPP_712_Laut_Jawa,NOAA_ERDDAP
2023-03,-3.75,115.25,30.666,2.3783,,,,,,0.3194,WPP_712_Laut_Jawa,NOAA_ERDDAP
2023-03,-3.75,115.75,30.588,3.1253,0.0817,0.0691,0.2939,,,0.3371,WPP_712_Laut_Jawa,NOAA_ERDDAP
2023-03,-3.25,106.25,30.566,3.269,1.3914,1.4271,0.1176,,,0.3408,WPP_712_Laut_Jawa,NOAA_ERDDAP
2023-03,-3.25,106.75,29.11,0.6114,0.9569,0.0732,0.0685,,,0.3472,WPP_712_Laut_Jawa,NOAA_ERDDAP
2023-03,-3.25,107.25,29.054,0.4507,1.0279,0.1643,0.0746,,,0.3463,WPP_712_Laut_Jawa,NOAA_ERDDAP
2023-03,-3.25,107.75,29.208,0.6079,1.1101,0.0407,0.061,,,0.3432,WPP_712_Laut_Jawa,NOAA_ERDDAP
2023-03,-3.25,108.25,29.223,0.5035,0.82,-0.2286,0.0599,,,0.3406,WPP_712_Laut_Jawa,NOAA_ERDDAP
2023-03,-3.25,108.75,28.219,0.3111,0.7753,-0.4856,0.0942,,,0.377,WPP_712_Laut_Jawa,NOAA_ERDDAP
2023-03,-3.25,109.25,28.329,0.3189,0.5431,-0.4625,0.1101,,,0.3727,WPP_712_Laut_Jawa,NOAA_ERDDAP
2023-03,-3.25,109.75,29.312,0.6522,0.5129,-0.1043,0.1349,,,0.3399,WPP_712_Laut_Jawa,NOAA_ERDDAP
2023-03,-3.25,110.25,29.704,2.5151,0.5256,-0.0091,0.1385,,,0.3606,WPP_712_Laut_Jawa,NOAA_ERDDAP
2023-03,-3.25,110.75,30.163,3.6769,0.2091,0.1569,0.1286,,,0.3649,WPP_712_Laut_Jawa,NOAA_ERDDAP
2023-03,-3.25,111.25,30.154,2.1765,0.1426,-0.3662,0.1269,,,0.336,WPP_712_Laut_Jawa,NOAA_ERDDAP
2023-03,-3.25,111.75,30.547,3.6232,0.0528,-0.0135,0.1366,,,0.3485,WPP_712_Laut_Jawa,NOAA_ERDDAP
2023-03,-3.25,112.25,30.13,4.3462,0.0769,-0.3125,0.1574,,,0.3793,WPP_712_Laut_Jawa,NOAA_ERDDAP
2023-03,-3.25,112.75,30.882,1.2189,0.3489,-1.194,0.2261,,,0.2882,WPP_712_Laut_Jawa,NOAA_ERDDAP
2023-03,-3.25,113.25,31.804,0.5912,0.5552,0.1083,0.2229,,,0.239,WPP_712_Laut_Jawa,NOAA_ERDDAP
2023-03,-3.25,113.75,30.915,9.1111,0.1067,0.5379,0.2054,,,0.4409,WPP_712_Laut_Jawa,NOAA_ERDDAP
2023-03,-3.25,114.25,31.823,11.9092,0.3917,0.503,0.1562,,,0.4591,WPP_712_Laut_Jawa,NOAA_ERDDAP
2023-03,-2.75,106.25,29.72,4.0836,1.5246,1.8407,0.1659,,,0.3906,WPP_712_Laut_Jawa,NOAA_ERDDAP
2023-03,-2.75,106.75,29.12,0.4279,,,,,,0.3432,WPP_712_Laut_Jawa,NOAA_ERDDAP
2023-03,-2.75,107.25,28.333,0.2203,1.4297,-0.2078,0.1149,,,0.3706,WPP_712_Laut_Jawa,NOAA_ERDDAP
2023-03,-2.75,108.25,28.584,0.3346,,,,,,0.3628,WPP_712_Laut_Jawa,NOAA_ERDDAP
2023-03,-2.75,108.75,28.243,0.1814,1.0941,-0.3758,0.1284,,,0.3735,WPP_712_Laut_Jawa,NOAA_ERDDAP
2023-03,-2.75,109.25,28.532,0.2553,0.9489,-0.4109,0.1431,,,0.3634,WPP_712_Laut_Jawa,NOAA_ERDDAP
2023-03,-2.75,109.75,29.414,1.4688,1.1143,-0.2577,0.1714,,,0.3518,WPP_712_Laut_Jawa,NOAA_ERDDAP
2023-03,-2.75,110.25,30.471,4.1382,1.1497,0.2369,0.1753,,,0.3616,WPP_712_Laut_Jawa,NOAA_ERDDAP
2023-03,-2.75,111.25,31.655,6.4529,,,,,,0.3594,WPP_712_Laut_Jawa,NOAA_ERDDAP
2023-03,-2.75,111.75,31.908,7.8933,,,,,,0.3774,WPP_712_Laut_Jawa,NOAA_ERDDAP
2023-03,-2.25,106.25,29.514,0.9821,,,,,,0.3383,WPP_712_Laut_Jawa,NOAA_ERDDAP
2023-03,-2.25,106.75,28.915,0.2626,1.048,0.1093,0.1178,,,0.3482,WPP_712_Laut_Jawa,NOAA_ERDDAP
2023-03,-2.25,107.25,28.523,0.138,1.12,-0.1496,0.1463,,,0.3614,WPP_712_Laut_Jawa,NOAA_ERDDAP
2023-03,-2.25,107.75,28.587,0.1474,1.0618,0.1195,0.1612,,,0.3591,WPP_712_Laut_Jawa,NOAA_ERDDAP
2023-03,-2.25,108.25,27.898,0.1164,1.2549,0.2049,0.146,,,0.386,WPP_712_Laut_Jawa,NOAA_ERDDAP
2023-03,-2.25,108.75,28.424,0.1458,1.0489,-0.2135,0.166,,,0.3656,WPP_712_Laut_Jawa,NOAA_ERDDAP
2023-03,-2.25,109.25,29.114,0.3875,1.2754,-0.5901,0.1859,,,0.3427,WPP_712_Laut_Jawa,NOAA_ERDDAP
2023-03,-2.25,109.75,29.992,1.3898,1.2591,-0.4368,0.2457,,,0.3271,WPP_712_Laut_Jawa,NOAA_ERDDAP
2023-03,-2.25,110.25,31.963,30.765,1.589,0.1255,0.2566,,,0.8215,WPP_712_Laut_Jawa,NOAA_ERDDAP
2023-01,-7.75,116.25,28.469,0.3503,-0.2947,0.2651,0.1013,,,0.3677,WPP_713_Selat_Makassar,NOAA_ERDDAP
2023-01,-7.75,116.75,28.468,0.3934,-0.4872,-0.2637,0.1037,,,0.3686,WPP_713_Selat_Makassar,NOAA_ERDDAP
2023-01,-7.75,117.25,28.342,0.2627,-0.0934,-0.1412,0.1118,,,0.3711,WPP_713_Selat_Makassar,NOAA_ERDDAP
2023-01,-7.75,117.75,28.547,0.3079,-0.2019,-0.0647,0.1303,,,0.3638,WPP_713_Selat_Makassar,NOAA_ERDDAP
2023-01,-7.75,118.25,28.595,0.2772,-0.4197,-0.5549,0.1509,,,0.3613,WPP_713_Selat_Makassar,NOAA_ERDDAP
2023-01,-7.75,118.75,28.611,0.2244,0.0726,0.0249,0.172,,,0.3596,WPP_713_Selat_Makassar,NOAA_ERDDAP
2023-01,-7.75,119.25,29.151,0.4673,0.0779,-0.0634,0.1642,,,0.3427,WPP_713_Selat_Makassar,NOAA_ERDDAP
2023-01,-7.75,119.75,28.702,0.7533,0.0365,0.2669,0.1547,,,0.3663,WPP_713_Selat_Makassar,NOAA_ERDDAP
2023-01,-7.75,120.25,28.437,0.5204,-0.7503,0.3879,0.1481,,,0.3723,WPP_713_Selat_Makassar,NOAA_ERDDAP
2023-01,-7.75,120.75,28.687,0.3168,-0.1424,0.0893,0.1138,,,0.3584,WPP_713_Selat_Makassar,NOAA_ERDDAP
2023-01,-7.75,121.25,28.924,0.2031,-0.0655,-0.2889,0.1446,,,0.3467,WPP_713_Selat_Makassar,NOAA_ERDDAP
2023-01,-7.75,121.75,28.673,0.1607,-0.5894,-0.5802,0.1614,,,0.3559,WPP_713_Selat_Makassar,NOAA_ERDDAP
2023-01,-7.25,116.25,28.694,0.3111,0.4442,0.1743,0.1199,,,0.358,WPP_713_Selat_Makassar,NOAA_ERDDAP
2023-01,-7.25,116.75,28.673,0.3074,0.5333,-0.0136,0.0978,,,0.3587,WPP_713_Selat_Makassar,NOAA_ERDDAP
2023-01,-7.25,117.25,28.704,0.305,0.2658,-0.0766,0.0974,,,0.3575,WPP_713_Selat_Makassar,NOAA_ERDDAP
2023-01,-7.25,117.75,28.733,0.2915,0.0529,-0.1724,0.0872,,,0.356,WPP_713_Selat_Makassar,NOAA_ERDDAP
2023-01,-7.25,118.25,28.76,0.3897,0.2717,-0.5702,0.1401,,,0.3569,WPP_713_Selat_Makassar,NOAA_ERDDAP
2023-01,-7.25,118.75,28.866,0.292,-0.1346,-0.3663,0.1667,,,0.3507,WPP_713_Selat_Makassar,NOAA_ERDDAP
2023-01,-7.25,119.25,29.218,0.3076,0.29,-0.0957,0.1753,,,0.3369,WPP_713_Selat_Makassar,NOAA_ERDDAP
2023-01,-7.25,119.75,28.999,0.32,-0.035,0.3143,0.163,,,0.346,WPP_713_Selat_Makassar,NOAA_ERDDAP
2023-01,-7.25,120.25,29.304,0.2148,0.8061,0.3383,0.1524,,,0.3317,WPP_713_Selat_Makassar,NOAA_ERDDAP
2023-01,-7.25,120.75,29.198,0.1703,0.9996,0.1017,0.1574,,,0.3351,WPP_713_Selat_Makassar,NOAA_ERDDAP
2023-01,-7.25,121.25,28.886,0.1722,0.6374,0.0441,0.1525,,,0.3476,WPP_713_Selat_Makassar,NOAA_ERDDAP
2023-01,-7.25,121.75,28.444,0.1801,0.3769,0.0826,0.1514,,,0.3654,WPP_713_Selat_Makassar,NOAA_ERDDAP
2023-01,-6.75,116.25,29.046,0.2244,0.8739,0.1573,0.1564,,,0.3422,WPP_713_Selat_Makassar,NOAA_ERDDAP
2023-01,-6.75,116.75,28.991,0.2302,0.8104,0.1274,0.1427,,,0.3445,WPP_713_Selat_Makassar,NOAA_ERDDAP
2023-01,-6.75,117.25,28.854,0.2799,0.7572,-0.0453,0.1392,,,0.351,WPP_713_Selat_Makassar,NOAA_ERDDAP
2023-01,-6.75,117.75,28.901,0.4316,1.03,-0.0898,0.1253,,,0.352,WPP_713_Selat_Makassar,NOAA_ERDDAP
2023-01,-6.75,118.25,28.767,0.3626,0.3852,-0.1398,0.1369,,,0.3561,WPP_713_Selat_Makassar,NOAA_ERDDAP
2023-01,-6.75,118.75,28.639,0.4355,0.3441,-0.2298,0.1611,,,0.3626,WPP_713_Selat_Makassar,NOAA_ERDDAP
2023-01,-6.75,119.25,29.119,0.2069,-0.0844,-0.0996,0.1796,,,0.3389,WPP_713_Selat_Makassar,NOAA_ERDDAP
2023-01,-6.75,119.75,29.177,0.2008,-0.0832,0.2533,0.1591,,,0.3365,WPP_713_Selat_Makassar,NOAA_ERDDAP
2023-01,-6.75,120.25,28.934,0.1976,0.2844,-0.441,0.1834,,,0.3462,WPP_713_Selat_Makassar,NOAA_ERDDAP
2023-01,-6.75,120.75,29.271,0.1794,0.8064,-0.4282,0.2445,,,0.3323,WPP_713_Selat_Makassar,NOAA_ERDDAP
2023-01,-6.75,121.25,29.056,0.246,1.5573,0.8376,0.2318,,,0.3422,WPP_713_Selat_Makassar,NOAA_ERDDAP
2023-01,-6.75,121.75,28.606,0.1198,0.5534,0.0146,0.1755,,,0.3578,WPP_713_Selat_Makassar,NOAA_ERDDAP
2023-01,-6.25,116.25,28.969,0.1682,0.6673,0.0695,0.206,,,0.3442,WPP_713_Selat_Makassar,NOAA_ERDDAP
2023-01,-6.25,116.75,29.104,0.4764,0.773,-0.0506,0.1932,,,0.3448,WPP_713_Selat_Makassar,NOAA_ERDDAP
2023-01,-6.25,117.25,28.564,0.4037,0.9984,-0.1273,0.2023,,,0.365,WPP_713_Selat_Makassar,NOAA_ERDDAP
2023-01,-6.25,117.75,28.731,0.1658,0.7003,0.1312,0.1952,,,0.3537,WPP_713_Selat_Makassar,NOAA_ERDDAP
2023-01,-6.25,118.25,28.957,0.2107,0.4696,0.1592,0.1768,,,0.3455,WPP_713_Selat_Makassar,NOAA_ERDDAP
2023-01,-6.25,118.75,28.446,0.347,0.1382,0.0206,0.1862,,,0.3686,WPP_713_Selat_Makassar,NOAA_ERDDAP
2023-01,-6.25,119.25,28.722,0.4366,-0.2298,0.3439,0.1626,,,0.3593,WPP_713_Selat_Makassar,NOAA_ERDDAP
2023-01,-6.25,119.75,28.817,0.2798,0.0375,-0.129,0.1209,,,0.3524,WPP_713_Selat_Makassar,NOAA_ERDDAP
2023-01,-6.25,120.25,29.061,0.2053,-0.7694,-0.5672,0.1812,,,0.3412,WPP_713_Selat_Makassar,NOAA_ERDDAP
2023-01,-6.25,120.75,29.328,0.1624,0.02,-0.6717,0.2467,,,0.3297,WPP_713_Selat_Makassar,NOAA_ERDDAP
2023-01,-6.25,121.25,29.147,0.1486,0.2454,0.0518,0.2691,,,0.3367,WPP_713_Selat_Makassar,NOAA_ERDDAP
2023-01,-6.25,121.75,29.498,0.1205,0.7716,0.6673,0.2423,,,0.3221,WPP_713_Selat_Makassar,NOAA_ERDDAP
2023-01,-5.75,116.25,29.478,0.1546,0.2943,0.0494,0.2301,,,0.3236,WPP_713_Selat_Makassar,NOAA_ERDDAP
2023-01,-5.75,116.75,29.402,0.4075,0.423,-0.1024,0.2215,,,0.3315,WPP_713_Selat_Makassar,NOAA_ERDDAP
2023-01,-5.75,117.25,28.79,0.4537,0.4248,-0.3017,0.2454,,,0.3569,WPP_713_Selat_Makassar,NOAA_ERDDAP
2023-01,-5.75,117.75,28.758,0.5776,0.6315,0.2871,0.2517,,,0.3606,WPP_713_Selat_Makassar,NOAA_ERDDAP
2023-01,-5.75,118.25,28.493,0.4324,0.5188,0.5303,0.219,,,0.3684,WPP_713_Selat_Makassar,NOAA_ERDDAP
2023-01,-5.75,118.75,28.388,0.2207,0.4138,0.1815,0.1878,,,0.3685,WPP_713_Selat_Makassar,NOAA_ERDDAP
2023-01,-5.75,119.25,28.874,0.4633,0.0705,0.9234,0.1345,,,0.3537,WPP_713_Selat_Makassar,NOAA_ERDDAP
2023-01,-5.75,119.75,28.761,0.2076,0.128,-0.22,0.1027,,,0.3533,WPP_713_Selat_Makassar,NOAA_ERDDAP
2023-01,-5.75,120.25,28.941,0.3436,0.908,-0.754,0.1344,,,0.3487,WPP_713_Selat_Makassar,NOAA_ERDDAP
2023-01,-5.75,120.75,30.168,0.2215,-0.0453,-0.7289,0.198,,,0.2973,WPP_713_Selat_Makassar,NOAA_ERDDAP
2023-01,-5.75,121.25,30.273,0.1524,-0.1289,-0.3244,0.2461,,,0.2917,WPP_713_Selat_Makassar,NOAA_ERDDAP
2023-01,-5.75,121.75,30.596,0.1198,0.2107,0.5643,0.2428,,,0.2782,WPP_713_Selat_Makassar,NOAA_ERDDAP
2023-01,-5.25,116.25,28.892,0.1685,0.1176,0.1657,0.2408,,,0.3473,WPP_713_Selat_Makassar,NOAA_ERDDAP
2023-01,-5.25,116.75,29.365,0.3132,0.0525,-0.1901,0.2384,,,0.3312,WPP_713_Selat_Makassar,NOAA_ERDDAP
2023-01,-5.25,117.25,29.296,0.2784,0.0348,-0.0996,0.2617,,,0.3333,WPP_713_Selat_Makassar,NOAA_ERDDAP
2023-01,-5.25,117.75,28.978,0.4235,0.0127,0.0516,0.257,,,0.3488,WPP_713_Selat_Makassar,NOAA_ERDDAP
2023-01,-5.25,118.25,29.273,0.2866,0.2554,0.2267,0.2461,,,0.3343,WPP_713_Selat_Makassar,NOAA_ERDDAP
2023-01,-5.25,118.75,29.061,0.2045,0.4257,-0.0869,0.2252,,,0.3412,WPP_713_Selat_Makassar,NOAA_ERDDAP
2023-01,-5.25,120.25,31.191,0.2746,,,,,,0.2574,WPP_713_Selat_Makassar,NOAA_ERDDAP
2023-01,-5.25,120.75,30.947,0.1647,0.7959,0.1528,0.2381,,,0.265,WPP_713_Selat_Makassar,NOAA_ERDDAP
2023-01,-5.25,121.25,30.626,0.142,-0.1271,0.0566,0.2424,,,0.2774,WPP_713_Selat_Makassar,NOAA_ERDDAP
2023-01,-5.25,121.75,31.356,0.2751,-0.2502,-0.0027,0.2243,,,0.2508,WPP_713_Selat_Makassar,NOAA_ERDDAP
2023-01,-4.75,116.25,29.232,0.2227,0.4975,0.0404,0.256,,,0.3347,WPP_713_Selat_Makassar,NOAA_ERDDAP
2023-01,-4.75,116.75,29.627,0.3137,0.3446,0.0051,0.2505,,,0.3207,WPP_713_Selat_Makassar,NOAA_ERDDAP
2023-01,-4.75,117.25,30.274,0.2601,-0.1134,0.0725,0.2501,,,0.2938,WPP_713_Selat_Makassar,NOAA_ERDDAP
2023-01,-4.75,117.75,30.491,0.1886,-0.3682,0.0328,0.2407,,,0.2837,WPP_713_Selat_Makassar,NOAA_ERDDAP
2023-01,-4.75,118.25,29.883,0.1909,0.1682,0.2043,0.2423,,,0.3081,WPP_713_Selat_Makassar,NOAA_ERDDAP
2023-01,-4.75,118.75,29.126,0.1771,-0.0584,-0.4805,0.2305,,,0.3381,WPP_713_Selat_Makassar,NOAA_ERDDAP
2023-01,-4.75,119.25,29.531,0.5763,0.7438,0.1006,0.2825,,,0.3297,WPP_713_Selat_Makassar,NOAA_ERDDAP
2023-01,-4.75,120.25,29.911,1.2379,,,,,,0.3274,WPP_713_Selat_Makassar,NOAA_ERDDAP
2023-01,-4.75,120.75,29.788,0.2165,-0.5826,0.1718,0.419,,,0.3124,WPP_713_Selat_Makassar,NOAA_ERDDAP
2023-01,-4.75,121.25,30.836,0.2112,0.5885,1.3552,0.236,,,0.2703,WPP_713_Selat_Makassar,NOAA_ERDDAP
2023-01,-4.75,121.75,30.647,0.2121,0.2954,0.0431,0.1872,,,0.2779,WPP_713_Selat_Makassar,NOAA_ERDDAP
2023-01,-4.25,116.25,29.19,1.9219,0.4932,0.1193,0.2834,,,0.3696,WPP_713_Selat_Makassar,NOAA_ERDDAP
2023-01,-4.25,116.75,28.992,0.5296,0.2172,0.1927,0.2604,,,0.3503,WPP_713_Selat_Makassar,NOAA_ERDDAP
2023-01,-4.25,117.25,29.285,0.3087,0.0078,0.4968,0.2468,,,0.3343,WPP_713_Selat_Makassar,NOAA_ERDDAP
2023-01,-4.25,118.25,29.123,0.1718,-0.3427,-0.1891,0.2524,,,0.3381,WPP_713_Selat_Makassar,NOAA_ERDDAP
2023-01,-4.25,119.25,29.501,0.256,1.1485,0.3739,0.3317,,,0.3246,WPP_713_Selat_Makassar,NOAA_ERDDAP
2023-01,-4.25,120.25,31.303,0.355,,,,,,0.2545,WPP_713_Selat_Makassar,NOAA_ERDDAP
2023-01,-4.25,120.75,30.751,0.1296,-0.1574,0.372,0.4752,,,0.2722,WPP_713_Selat_Makassar,NOAA_ERDDAP
2023-01,-4.25,121.25,30.038,0.1611,0.336,-0.3788,0.2392,,,0.3013,WPP_713_Selat_Makassar,NOAA_ERDDAP
2023-01,-3.75,116.25,29.66,1.9423,0.2857,0.4566,0.3375,,,0.3512,WPP_713_Selat_Makassar,NOAA_ERDDAP
2023-01,-3.75,116.75,30.329,0.4594,0.4214,0.4659,0.2866,,,0.2955,WPP_713_Selat_Makassar,NOAA_ERDDAP
2023-01,-3.75,117.25,30.148,0.5621,0.4777,0.4069,0.2484,,,0.3047,WPP_713_Selat_Makassar,NOAA_ERDDAP
2023-01,-3.75,117.75,30.181,0.1654,0.3447,0.2384,0.243,,,0.2957,WPP_713_Selat_Makassar,NOAA_ERDDAP
2023-01,-3.75,118.25,29.752,0.155,0.6309,-0.172,0.2675,,,0.3126,WPP_713_Selat_Makassar,NOAA_ERDDAP
2023-01,-3.75,118.75,29.821,0.174,0.7009,-0.4633,0.259,,,0.3102,WPP_713_Selat_Makassar,NOAA_ERDDAP
2023-01,-3.75,119.25,29.837,0.4243,-0.8209,-0.2749,0.3248,,,0.3145,WPP_713_Selat_Makassar,NOAA_ERDDAP
2023-01,-3.75,120.25,29.952,0.1418,,,,,,0.3044,WPP_713_Selat_Makassar,NOAA_ERDDAP
2023-01,-3.75,120.75,30.166,0.1287,-0.6633,0.2571,0.4402,,,0.2955,WPP_713_Selat_Makassar,NOAA_ERDDAP
2023-01,-3.25,116.25,30.594,1.9091,,,,,,0.3132,WPP_713_Selat_Makassar,NOAA_ERDDAP
2023-01,-3.25,116.75,30.634,0.507,0.4441,1.05,0.3115,,,0.2842,WPP_713_Selat_Makassar,NOAA_ERDDAP
2023-01,-3.25,117.25,30.738,0.4986,0.4671,0.3497,0.2739,,,0.2799,WPP_713_Selat_Makassar,NOAA_ERDDAP
2023-01,-3.25,117.75,30.482,0.2853,0.3016,0.2104,0.2606,,,0.286,WPP_713_Selat_Makassar,NOAA_ERDDAP
2023-01,-3.25,118.25,30.092,0.204,0.0963,-0.1682,0.2703,,,0.3,WPP_713_Selat_Makassar,NOAA_ERDDAP
2023-01,-3.25,118.75,29.932,0.1958,0.098,-0.7603,0.2864,,,0.3062,WPP_713_Selat_Makassar,NOAA_ERDDAP
2023-01,-3.25,120.25,31.213,0.1895,,,,,,0.2548,WPP_713_Selat_Makassar,NOAA_ERDDAP
2023-01,-3.25,120.75,30.724,0.163,0.1187,1.161,0.4263,,,0.2739,WPP_713_Selat_Makassar,NOAA_ERDDAP
2023-01,-2.75,116.25,30.113,2.7145,,,,,,0.3481,WPP_713_Selat_Makassar,NOAA_ERDDAP
2023-01,-2.75,116.75,30.349,0.4988,0.6124,0.9745,0.3303,,,0.2954,WPP_713_Selat_Makassar,NOAA_ERDDAP
2023-01,-2.75,117.25,30.344,0.4812,0.0631,0.7914,0.2766,,,0.2953,WPP_713_Selat_Makassar,NOAA_ERDDAP
2023-01,-2.75,118.25,30.512,0.2857,-0.3362,-0.3608,0.2456,,,0.2848,WPP_713_Selat_Makassar,NOAA_ERDDAP
2023-01,-2.75,118.75,30.393,0.2057,-0.2052,-0.8388,0.2804,,,0.288,WPP_713_Selat_Makassar,NOAA_ERDDAP
2023-01,-2.75,120.75,32.046,0.3091,0.2292,0.4018,0.3952,,,0.2239,WPP_713_Selat_Makassar,NOAA_ERDDAP
2023-01,-2.75,121.25,30.1,0.3561,-1.5027,2.726,0.2998,,,0.3026,WPP_713_Selat_Makassar,NOAA_ERDDAP
2023-01,-2.25,116.75,30.533,0.262,0.043,0.6602,0.3523,,,0.2835,WPP_713_Selat_Makassar,NOAA_ERDDAP
2023-01,-2.25,117.25,30.679,1.2992,-0.065,1.1081,0.2732,,,0.2979,WPP_713_Selat_Makassar,NOAA_ERDDAP
2023-01,-2.25,117.75,30.403,0.5162,-0.146,0.3804,0.2221,,,0.2936,WPP_713_Selat_Makassar,NOAA_ERDDAP
2023-01,-2.25,118.25,30.192,0.2815,-0.0375,-0.2224,0.229,,,0.2975,WPP_713_Selat_Makassar,NOAA_ERDDAP
2023-01,-2.25,118.75,30.868,0.2997,-0.3366,-0.7748,0.2511,,,0.2708,WPP_713_Selat_Makassar,NOAA_ERDDAP
2023-01,-2.25,119.25,30.765,0.244,-0.166,-0.4613,0.3284,,,0.2738,WPP_713_Selat_Makassar,NOAA_ERDDAP
2023-01,-2.25,121.25,30.31,0.2418,,,,,,0.292,WPP_713_Selat_Makassar,NOAA_ERDDAP
2023-01,-2.25,121.75,31.416,0.2541,,,,,,0.248,WPP_713_Selat_Makassar,NOAA_ERDDAP
2023-01,-1.75,116.25,30.77,1.3027,,,,,,0.2943,WPP_713_Selat_Makassar,NOAA_ERDDAP
2023-01,-1.75,116.75,30.853,0.2896,-0.4074,0.6074,0.3479,,,0.2712,WPP_713_Selat_Makassar,NOAA_ERDDAP
2023-01,-1.75,117.25,30.218,0.3888,-0.2619,1.0059,0.2406,,,0.2985,WPP_713_Selat_Makassar,NOAA_ERDDAP
2023-01,-1.75,117.75,29.982,0.3368,-0.0306,0.2738,0.2044,,,0.307,WPP_713_Selat_Makassar,NOAA_ERDDAP
2023-01,-1.75,118.25,30.844,0.2605,-0.0541,-0.3323,0.2168,,,0.271,WPP_713_Selat_Makassar,NOAA_ERDDAP
2023-01,-1.75,118.75,31.549,0.2143,-0.0243,-0.4133,0.2346,,,0.2419,WPP_713_Selat_Makassar,NOAA_ERDDAP
2023-01,-1.75,119.25,30.957,0.2512,-0.2977,-1.0221,0.3029,,,0.2663,WPP_713_Selat_Makassar,NOAA_ERDDAP
2023-01,-1.75,120.75,30.99,1.7589,,,,,,0.2944,WPP_713_Selat_Makassar,NOAA_ERDDAP
2023-01,-1.75,121.25,32.343,1.4531,,,,,,0.2343,WPP_713_Selat_Makassar,NOAA_ERDDAP
2023-01,-1.75,121.75,31.169,0.3003,,,,,,0.2588,WPP_713_Selat_Makassar,NOAA_ERDDAP
2023-01,-1.25,116.75,30.491,1.0995,-0.4122,0.6296,0.3094,,,0.3015,WPP_713_Selat_Makassar,NOAA_ERDDAP
2023-01,-1.25,117.25,30.628,0.7556,-0.1841,0.5311,0.2356,,,0.2893,WPP_713_Selat_Makassar,NOAA_ERDDAP
2023-01,-1.25,117.75,30.77,0.437,0.0887,0.0582,0.2132,,,0.2774,WPP_713_Selat_Makassar,NOAA_ERDDAP
2023-01,-1.25,118.25,30.349,0.3322,0.1047,-0.3283,0.242,,,0.2922,WPP_713_Selat_Makassar,NOAA_ERDDAP
2023-01,-1.25,118.75,30.844,0.2969,-0.1206,-0.4187,0.2615,,,0.2717,WPP_713_Selat_Makassar,NOAA_ERDDAP
2023-01,-1.25,119.25,31.192,0.2896,-0.4572,-0.3987,0.3028,,,0.2576,WPP_713_Selat_Makassar,NOAA_ERDDAP
2023-01,-1.25,120.75,29.997,0.1798,-1.3637,0.4082,0.2355,,,0.3033,WPP_713_Selat_Makassar,NOAA_ERDDAP
2023-01,-1.25,121.25,30.945,0.2356,-1.7609,0.8404,0.2113,,,0.2665,WPP_713_Selat_Makassar,NOAA_ERDDAP
2023-01,-0.75,117.25,30.884,12.8406,,,,,,0.5149,WPP_713_Selat_Makassar,NOAA_ERDDAP
2023-01,-0.75,117.75,30.283,1.4715,-0.1073,-0.0683,0.2386,,,0.3171,WPP_713_Selat_Makassar,NOAA_ERDDAP
2023-01,-0.75,118.25,30.154,0.3861,-0.2891,-0.1017,0.2536,,,0.301,WPP_713_Selat_Makassar,NOAA_ERDDAP
2023-01,-0.75,118.75,30.463,0.3811,-0.6616,-0.0626,0.2202,,,0.2886,WPP_713_Selat_Makassar,NOAA_ERDDAP
2023-01,-0.75,119.25,30.323,0.2433,-1.159,0.0975,0.3072,,,0.2915,WPP_713_Selat_Makassar,NOAA_ERDDAP
2023-01,-0.75,119.75,29.43,0.204,,,,,,0.3264,WPP_713_Selat_Makassar,NOAA_ERDDAP
2023-01,-0.75,120.25,30.088,0.1602,,,,,,0.2993,WPP_713_Selat_Makassar,NOAA_ERDDAP
2023-01,-0.75,120.75,30.642,0.1271,-1.7498,0.6601,0.2153,,,0.2765,WPP_713_Selat_Makassar,NOAA_ERDDAP
2023-01,-0.75,121.25,30.158,0.1732,-2.0517,0.8685,0.1446,,,0.2967,WPP_713_Selat_Makassar,NOAA_ERDDAP
2023-01,-0.75,121.75,30.352,0.1597,-2.1964,0.3852,0.1345,,,0.2887,WPP_713_Selat_Makassar,NOAA_ERDDAP
2023-01,-0.25,117.75,30.486,1.3087,-0.6278,0.0716,0.2655,,,0.3058,WPP_713_Selat_Makassar,NOAA_ERDDAP
2023-01,-0.25,118.25,30.202,0.7965,-0.8575,0.1577,0.2406,,,0.3071,WPP_713_Selat_Makassar,NOAA_ERDDAP
2023-01,-0.25,118.75,29.809,0.3628,-1.151,0.2744,0.2238,,,0.3144,WPP_713_Selat_Makassar,NOAA_ERDDAP
2023-01,-0.25,119.25,30.191,0.2757,-1.4705,0.4312,0.2078,,,0.2974,WPP_713_Selat_Makassar,NOAA_ERDDAP
2023-01,-0.25,119.75,29.018,0.2338,-1.6995,0.576,0.1533,,,0.3435,WPP_713_Selat_Makassar,NOAA_ERDDAP
2023-01,-0.25,120.25,30.333,0.1339,-1.7522,0.5511,0.2045,,,0.289,WPP_713_Selat_Makassar,NOAA_ERDDAP
2023-01,-0.25,120.75,29.064,0.157,-1.7794,0.5868,0.1322,,,0.3402,WPP_713_Selat_Makassar,NOAA_ERDDAP
2023-01,-0.25,121.25,29.641,0.1636,-1.8921,0.571,0.1097,,,0.3172,WPP_713_Selat_Makassar,NOAA_ERDDAP
2023-01,-0.25,121.75,29.634,0.1703,-2.0555,0.2099,0.0918,,,0.3176,WPP_713_Selat_Makassar,NOAA_ERDDAP
2023-01,0.25,117.75,30.78,0.8076,-1.0867,0.1503,0.2974,,,0.2842,WPP_713_Selat_Makassar,NOAA_ERDDAP
2023-01,0.25,118.25,30.413,0.3568,-1.1629,0.1832,0.2549,,,0.2901,WPP_713_Selat_Makassar,NOAA_ERDDAP
2023-01,0.25,118.75,30.191,0.3847,-1.2423,0.2583,0.1601,,,0.2995,WPP_713_Selat_Makassar,NOAA_ERDDAP
2023-01,0.25,119.25,29.703,0.4447,-1.3162,0.3606,0.1278,,,0.3202,WPP_713_Selat_Makassar,NOAA_ERDDAP
2023-01,0.25,119.75,29.259,0.3062,-1.3673,0.4729,0.0889,,,0.3353,WPP_713_Selat_Makassar,NOAA_ERDDAP
2023-01,0.25,120.25,30.114,0.2062,-1.4039,0.5689,0.0583,,,0.2991,WPP_713_Selat_Makassar,NOAA_ERDDAP
2023-01,0.25,120.75,29.754,0.2715,-1.4774,0.4698,0.1371,,,0.3148,WPP_713_Selat_Makassar,NOAA_ERDDAP
2023-01,0.25,121.25,29.814,0.1692,-1.609,0.2248,0.1651,,,0.3104,WPP_713_Selat_Makassar,NOAA_ERDDAP
2023-01,0.25,121.75,29.949,0.1617,-1.7858,0.0115,0.0932,,,0.3049,WPP_713_Selat_Makassar,NOAA_ERDDAP
2023-01,0.75,117.75,29.854,0.5695,,,,,,0.3166,WPP_713_Selat_Makassar,NOAA_ERDDAP
2023-01,0.75,118.25,30.109,2.0871,-1.041,0.0236,0.2181,,,0.336,WPP_713_Selat_Makassar,NOAA_ERDDAP
2023-01,0.75,118.75,29.808,0.3323,-1.142,0.1212,0.1811,,,0.3138,WPP_713_Selat_Makassar,NOAA_ERDDAP
2023-01,0.75,119.25,29.677,0.3314,-1.2278,0.23,0.1396,,,0.3191,WPP_713_Selat_Makassar,NOAA_ERDDAP
2023-01,0.75,119.75,29.581,0.3293,-1.26,0.3303,0.123,,,0.3229,WPP_713_Selat_Makassar,NOAA_ERDDAP
2023-01,0.75,120.25,29.67,0.2539,,,,,,0.3178,WPP_713_Selat_Makassar,NOAA_ERDDAP
2023-01,0.75,121.75,32.628,0.2851,,,,,,0.2001,WPP_713_Selat_Makassar,NOAA_ERDDAP
2023-01,1.25,118.75,29.812,0.4459,,,,,,0.3159,WPP_713_Selat_Makassar,NOAA_ERDDAP
2023-01,1.25,119.25,29.462,0.1757,-0.8923,0.1737,0.2018,,,0.3246,WPP_713_Selat_Makassar,NOAA_ERDDAP
2023-01,1.25,119.75,29.121,0.1529,-0.7614,0.1576,0.2124,,,0.3378,WPP_713_Selat_Makassar,NOAA_ERDDAP
2023-01,1.25,120.25,29.347,0.2005,-0.3622,0.1475,0.2032,,,0.3297,WPP_713_Selat_Makassar,NOAA_ERDDAP
2023-01,1.25,120.75,29.29,0.3074,0.1874,-0.0066,0.2288,,,0.3341,WPP_713_Selat_Makassar,NOAA_ERDDAP
2023-01,1.25,121.25,29.666,0.2827,,,,,,0.3185,WPP_713_Selat_Makassar,NOAA_ERDDAP
2023-01,1.25,121.75,29.942,0.2631,0.7037,0.4007,0.36,,,0.3071,WPP_713_Selat_Makassar,NOAA_ERDDAP
2023-01,1.75,117.75,30.23,5.1666,,,,,,0.3913,WPP_713_Selat_Makassar,NOAA_ERDDAP
2023-01,1.75,118.25,29.869,1.1558,-0.4165,-0.2926,0.236,,,0.3275,WPP_713_Selat_Makassar,NOAA_ERDDAP
2023-01,1.75,118.75,29.193,0.2258,-0.2272,-0.0379,0.2246,,,0.3364,WPP_713_Selat_Makassar,NOAA_ERDDAP
2023-01,1.75,119.25,29.35,0.1913,-0.4059,0.0993,0.2397,,,0.3294,WPP_713_Selat_Makassar,NOAA_ERDDAP
2023-01,1.75,119.75,29.545,0.237,-0.2971,-0.1031,0.2809,,,0.3225,WPP_713_Selat_Makassar,NOAA_ERDDAP
2023-01,1.75,120.25,29.938,0.2375,0.0456,-0.4991,0.2773,,,0.3068,WPP_713_Selat_Makassar,NOAA_ERDDAP
2023-01,1.75,120.75,30.014,0.3613,0.6257,-0.7503,0.2348,,,0.3062,WPP_713_Selat_Makassar,NOAA_ERDDAP
2023-01,1.75,121.25,29.989,0.251,0.8113,-0.3753,0.1868,,,0.305,WPP_713_Selat_Makassar,NOAA_ERDDAP
2023-01,1.75,121.75,30.125,0.2535,0.8674,0.1244,0.1579,,,0.2996,WPP_713_Selat_Makassar,NOAA_ERDDAP
2023-02,-7.75,116.25,28.799,0.1365,-0.5277,-0.3382,0.1116,,,0.3504,WPP_713_Selat_Makassar,NOAA_ERDDAP
2023-02,-7.75,116.75,28.708,0.1289,-0.3745,-0.2002,0.1113,,,0.3539,WPP_713_Selat_Makassar,NOAA_ERDDAP
2023-02,-7.75,117.25,28.298,0.1158,0.1259,0.1794,0.133,,,0.37,WPP_713_Selat_Makassar,NOAA_ERDDAP
2023-02,-7.75,117.75,28.149,0.1363,-0.3547,-0.5104,0.1393,,,0.3764,WPP_713_Selat_Makassar,NOAA_ERDDAP
2023-02,-7.75,118.75,27.859,0.167,-0.0643,0.5718,0.2014,,,0.3886,WPP_713_Selat_Makassar,NOAA_ERDDAP
2023-02,-7.75,119.75,27.792,0.1822,-0.3678,0.0432,0.1856,,,0.3915,WPP_713_Selat_Makassar,NOAA_ERDDAP
2023-02,-7.75,120.25,28.202,0.1407,-0.7081,0.4361,0.171,,,0.3743,WPP_713_Selat_Makassar,NOAA_ERDDAP
2023-02,-7.75,120.75,28.526,0.1388,0.0704,0.1246,0.167,,,0.3613,WPP_713_Selat_Makassar,NOAA_ERDDAP
2023-02,-7.75,121.25,28.346,0.1467,0.2307,0.0236,0.171,,,0.3687,WPP_713_Selat_Makassar,NOAA_ERDDAP
2023-02,-7.75,121.75,28.188,0.1337,0.3348,0.0842,0.1415,,,0.3748,WPP_713_Selat_Makassar,NOAA_ERDDAP
2023-02,-7.25,120.75,28.101,0.0986,0.5608,-0.1446,0.2099,,,0.3776,WPP_713_Selat_Makassar,NOAA_ERDDAP
2023-02,-7.25,121.25,27.906,0.1132,0.3264,0.5273,0.1798,,,0.3856,WPP_713_Selat_Makassar,NOAA_ERDDAP
2023-02,-7.25,121.75,28.258,0.1277,0.3061,-0.0894,0.1801,,,0.3718,WPP_713_Selat_Makassar,NOAA_ERDDAP
2023-02,-6.75,116.25,28.249,0.4075,0.7524,-0.0336,0.1468,,,0.3777,WPP_713_Selat_Makassar,NOAA_ERDDAP
2023-02,-6.75,117.75,27.911,0.1466,0.2655,0.166,0.1658,,,0.3861,WPP_713_Selat_Makassar,NOAA_ERDDAP
2023-02,-6.75,118.75,27.969,0.2761,0.233,0.042,0.1646,,,0.3863,WPP_713_Selat_Makassar,NOAA_ERDDAP
2023-02,-6.75,120.75,28.263,0.186,0.3878,0.1663,0.2227,,,0.3728,WPP_713_Selat_Makassar,NOAA_ERDDAP
2023-02,-6.75,121.25,28.329,0.099,0.581,0.2887,0.22,,,0.3684,WPP_713_Selat_Makassar,NOAA_ERDDAP
2023-02,-6.75,121.75,28.605,0.0951,0.6863,0.1182,0.2015,,,0.3573,WPP_713_Selat_Makassar,NOAA_ERDDAP
2023-02,-6.25,116.25,28.242,0.1879,0.8083,0.1089,0.1903,,,0.3737,WPP_713_Selat_Makassar,NOAA_ERDDAP
2023-02,-6.25,116.75,28.249,0.1801,0.8238,-0.1216,0.2,,,0.3732,WPP_713_Selat_Makassar,NOAA_ERDDAP
2023-02,-6.25,117.25,28.345,0.1526,0.3599,-0.0236,0.2073,,,0.3688,WPP_713_Selat_Makassar,NOAA_ERDDAP
2023-02,-6.25,117.75,28.076,0.1478,0.6129,-0.0879,0.1847,,,0.3795,WPP_713_Selat_Makassar,NOAA_ERDDAP
2023-02,-6.25,119.25,28.234,0.1125,-0.03,0.3933,0.1595,,,0.3725,WPP_713_Selat_Makassar,NOAA_ERDDAP
2023-02,-6.25,119.75,28.389,0.1126,0.0218,-0.0303,0.165,,,0.3663,WPP_713_Selat_Makassar,NOAA_ERDDAP
2023-02,-6.25,120.75,28.794,0.1506,0.0841,-0.006,0.2348,,,0.3508,WPP_713_Selat_Makassar,NOAA_ERDDAP
2023-02,-6.25,121.25,28.816,0.1365,0.1006,-0.0375,0.215,,,0.3497,WPP_713_Selat_Makassar,NOAA_ERDDAP
2023-02,-6.25,121.75,28.871,0.0977,0.4068,-0.046,0.2107,,,0.3467,WPP_713_Selat_Makassar,NOAA_ERDDAP
2023-02,-5.75,116.25,28.053,0.1686,0.5569,0.035,0.2429,,,0.3808,WPP_713_Selat_Makassar,NOAA_ERDDAP
2023-02,-5.75,116.75,28.103,0.1498,0.253,0.1124,0.2208,,,0.3785,WPP_713_Selat_Makassar,NOAA_ERDDAP
2023-02,-5.75,117.25,27.969,0.1668,0.4013,0.0714,0.2135,,,0.3842,WPP_713_Selat_Makassar,NOAA_ERDDAP
2023-02,-5.75,118.25,28.356,0.1473,0.3677,-0.3136,0.2553,,,0.3683,WPP_713_Selat_Makassar,NOAA_ERDDAP
2023-02,-5.75,120.75,29.203,0.1558,-0.4232,-0.0401,0.1965,,,0.3346,WPP_713_Selat_Makassar,NOAA_ERDDAP
2023-02,-5.75,121.25,29.159,0.0995,0.1837,-0.2798,0.2073,,,0.3352,WPP_713_Selat_Makassar,NOAA_ERDDAP
2023-02,-5.75,121.75,29.174,0.1076,0.0557,-0.085,0.2202,,,0.3348,WPP_713_Selat_Makassar,NOAA_ERDDAP
2023-02,-5.25,116.25,28.181,0.2559,0.1394,0.1932,0.2639,,,0.3774,WPP_713_Selat_Makassar,NOAA_ERDDAP
2023-02,-5.25,117.25,28.469,0.1637,0.1837,0.2904,0.2406,,,0.3641,WPP_713_Selat_Makassar,NOAA_ERDDAP
2023-02,-5.25,117.75,28.646,0.1783,0.2324,-0.1901,0.2553,,,0.3573,WPP_713_Selat_Makassar,NOAA_ERDDAP
2023-02,-5.25,118.25,28.573,0.1576,-0.001,-0.0728,0.2621,,,0.3598,WPP_713_Selat_Makassar,NOAA_ERDDAP
2023-02,-5.25,118.75,28.386,0.1369,-0.0933,0.0779,0.2604,,,0.3669,WPP_713_Selat_Makassar,NOAA_ERDDAP
2023-02,-5.25,119.25,28.584,0.1777,0.2955,1.0652,0.2258,,,0.3598,WPP_713_Selat_Makassar,NOAA_ERDDAP
2023-02,-5.25,120.25,30.069,0.1704,,,,,,0.3002,WPP_713_Selat_Makassar,NOAA_ERDDAP
2023-02,-5.25,120.75,29.755,0.111,1.1503,0.107,0.1919,,,0.3116,WPP_713_Selat_Makassar,NOAA_ERDDAP
2023-02,-5.25,121.25,29.393,0.1042,0.5441,-0.8134,0.1944,,,0.326,WPP_713_Selat_Makassar,NOAA_ERDDAP
2023-02,-5.25,121.75,29.548,0.2454,0.499,0.2605,0.2018,,,0.3225,WPP_713_Selat_Makassar,NOAA_ERDDAP
2023-02,-4.75,116.25,28.841,0.4622,0.1398,0.1879,0.2774,,,0.355,WPP_713_Selat_Makassar,NOAA_ERDDAP
2023-02,-4.75,116.75,28.767,0.2667,0.346,0.1159,0.2583,,,0.3542,WPP_713_Selat_Makassar,NOAA_ERDDAP
2023-02,-4.75,117.25,28.912,0.3316,0.1857,0.13,0.2569,,,0.3497,WPP_713_Selat_Makassar,NOAA_ERDDAP
2023-02,-4.75,117.75,28.668,0.1674,0.2939,-0.1094,0.2684,,,0.3562,WPP_713_Selat_Makassar,NOAA_ERDDAP
2023-02,-4.75,118.25,28.857,0.1373,0.2508,-0.0439,0.2759,,,0.3481,WPP_713_Selat_Makassar,NOAA_ERDDAP
2023-02,-4.75,119.25,29.038,0.6877,0.294,-0.244,0.2405,,,0.3516,WPP_713_Selat_Makassar,NOAA_ERDDAP
2023-02,-4.75,120.25,29.618,0.3776,,,,,,0.3223,WPP_713_Selat_Makassar,NOAA_ERDDAP
2023-02,-4.75,120.75,29.702,0.1108,0.9318,0.9066,0.3042,,,0.3137,WPP_713_Selat_Makassar,NOAA_ERDDAP
2023-02,-4.75,121.25,29.127,0.1091,0.3995,0.1681,0.267,,,0.3367,WPP_713_Selat_Makassar,NOAA_ERDDAP
2023-02,-4.75,121.75,30.088,0.1315,0.2054,0.5292,0.2228,,,0.2987,WPP_713_Selat_Makassar,NOAA_ERDDAP
2023-02,-4.25,116.25,29.114,0.659,0.4143,0.3461,0.2782,,,0.348,WPP_713_Selat_Makassar,NOAA_ERDDAP
2023-02,-4.25,116.75,29.076,0.3774,-0.005,0.0188,0.2622,,,0.344,WPP_713_Selat_Makassar,NOAA_ERDDAP
2023-02,-4.25,117.25,28.891,0.2714,0.4501,-0.1417,0.2696,,,0.3493,WPP_713_Selat_Makassar,NOAA_ERDDAP
2023-02,-4.25,117.75,28.913,0.1495,0.2959,0.0544,0.2741,,,0.3461,WPP_713_Selat_Makassar,NOAA_ERDDAP
2023-02,-4.25,118.25,28.946,0.1367,0.062,0.1764,0.272,,,0.3445,WPP_713_Selat_Makassar,NOAA_ERDDAP
2023-02,-4.25,118.75,29.027,0.1202,-0.2082,0.1554,0.2725,,,0.3409,WPP_713_Selat_Makassar,NOAA_ERDDAP
2023-02,-4.25,119.25,29.207,0.4375,0.1663,-0.1987,0.2683,,,0.3399,WPP_713_Selat_Makassar,NOAA_ERDDAP
2023-02,-4.25,120.25,28.973,0.2287,,,,,,0.3452,WPP_713_Selat_Makassar,NOAA_ERDDAP
2023-02,-4.25,120.75,29.752,0.0854,0.1385,0.3424,0.297,,,0.3113,WPP_713_Selat_Makassar,NOAA_ERDDAP
2023-02,-3.75,116.75,28.82,0.3592,0.4582,0.1503,0.269,,,0.3539,WPP_713_Selat_Makassar,NOAA_ERDDAP
2023-02,-3.75,117.25,29.053,0.3179,0.2635,-0.2845,0.295,,,0.3437,WPP_713_Selat_Makassar,NOAA_ERDDAP
2023-02,-3.75,117.75,29.358,0.2432,0.331,0.2901,0.2889,,,0.3301,WPP_713_Selat_Makassar,NOAA_ERDDAP
2023-02,-3.75,118.25,29.499,0.1999,0.2448,0.3425,0.2699,,,0.3236,WPP_713_Selat_Makassar,NOAA_ERDDAP
2023-02,-3.75,118.75,29.636,0.1685,0.2865,0.1897,0.267,,,0.3175,WPP_713_Selat_Makassar,NOAA_ERDDAP
2023-02,-3.75,119.25,29.745,0.1704,0.1354,-0.0806,0.2359,,,0.3132,WPP_713_Selat_Makassar,NOAA_ERDDAP
2023-02,-3.75,120.75,30.409,0.106,0.5112,0.4146,0.3378,,,0.2854,WPP_713_Selat_Makassar,NOAA_ERDDAP
2023-02,-3.25,116.25,29.599,0.9549,,,,,,0.3343,WPP_713_Selat_Makassar,NOAA_ERDDAP
2023-02,-3.25,116.75,30.099,0.2962,0.7388,0.4446,0.3093,,,0.3015,WPP_713_Selat_Makassar,NOAA_ERDDAP
2023-02,-3.25,117.25,30.123,0.2527,0.5571,0.0311,0.3034,,,0.2997,WPP_713_Selat_Makassar,NOAA_ERDDAP
2023-02,-3.25,117.75,30.234,0.2675,-0.0116,0.3744,0.3035,,,0.2955,WPP_713_Selat_Makassar,NOAA_ERDDAP
2023-02,-3.25,118.25,29.935,0.2223,0.1428,0.2998,0.2821,,,0.3066,WPP_713_Selat_Makassar,NOAA_ERDDAP
2023-02,-3.25,118.75,30.227,0.185,0.2125,0.1992,0.2675,,,0.2942,WPP_713_Selat_Makassar,NOAA_ERDDAP
2023-02,-3.25,120.25,30.905,0.1619,,,,,,0.2666,WPP_713_Selat_Makassar,NOAA_ERDDAP
2023-02,-3.25,120.75,31.361,0.1453,2.5335,0.174,0.4268,,,0.2481,WPP_713_Selat_Makassar,NOAA_ERDDAP
2023-02,-2.75,116.25,30.266,0.7413,,,,,,0.3035,WPP_713_Selat_Makassar,NOAA_ERDDAP
2023-02,-2.75,116.75,30.157,0.4338,0.2428,0.4471,0.3377,,,0.3019,WPP_713_Selat_Makassar,NOAA_ERDDAP
2023-02,-2.75,117.25,30.251,0.3083,-0.1879,0.4732,0.313,,,0.2956,WPP_713_Selat_Makassar,NOAA_ERDDAP
2023-02,-2.75,117.75,29.699,0.2796,-0.2062,0.2868,0.2983,,,0.3172,WPP_713_Selat_Makassar,NOAA_ERDDAP
2023-02,-2.75,118.25,29.487,0.231,-0.0986,0.3669,0.2861,,,0.3247,WPP_713_Selat_Makassar,NOAA_ERDDAP
2023-02,-2.75,118.75,30.18,0.1877,-0.0074,-0.0953,0.2675,,,0.2961,WPP_713_Selat_Makassar,NOAA_ERDDAP
2023-02,-2.75,120.75,32.397,0.5565,0.1478,0.2084,0.5841,,,0.2146,WPP_713_Selat_Makassar,NOAA_ERDDAP
2023-02,-2.75,121.25,30.548,0.3185,-0.5854,2.1923,0.5397,,,0.284,WPP_713_Selat_Makassar,NOAA_ERDDAP
2023-02,-2.25,116.75,29.441,0.8203,-0.4326,0.2664,0.3205,,,0.338,WPP_713_Selat_Makassar,NOAA_ERDDAP
2023-02,-2.25,117.25,29.711,0.4179,-0.4687,0.5204,0.2794,,,0.3194,WPP_713_Selat_Makassar,NOAA_ERDDAP
2023-02,-2.25,117.75,29.821,0.294,-0.3989,0.3241,0.2612,,,0.3126,WPP_713_Selat_Makassar,NOAA_ERDDAP
2023-02,-2.25,118.75,28.924,0.2005,-0.5584,0.1375,0.2473,,,0.3466,WPP_713_Selat_Makassar,NOAA_ERDDAP
2023-02,-2.25,121.75,31.112,0.2017,,,,,,0.2591,WPP_713_Selat_Makassar,NOAA_ERDDAP
2023-02,-1.75,116.25,30.09,5.2263,,,,,,0.398,WPP_713_Selat_Makassar,NOAA_ERDDAP
2023-02,-1.75,116.75,29.694,0.6495,-0.643,0.2458,0.2679,,,0.3246,WPP_713_Selat_Makassar,NOAA_ERDDAP
2023-02,-1.75,117.25,29.435,0.3166,-0.3934,0.3614,0.2459,,,0.3284,WPP_713_Selat_Makassar,NOAA_ERDDAP
2023-02,-1.75,117.75,29.729,0.2863,-0.3375,0.2887,0.2488,,,0.3161,WPP_713_Selat_Makassar,NOAA_ERDDAP
2023-02,-1.75,118.25,29.869,0.122,-0.4093,0.399,0.2359,,,0.3073,WPP_713_Selat_Makassar,NOAA_ERDDAP
2023-02,-1.75,118.75,29.359,0.1543,-0.612,0.2461,0.2224,,,0.3283,WPP_713_Selat_Makassar,NOAA_ERDDAP
2023-02,-1.75,119.25,29.838,0.2058,-1.0328,-0.2337,0.2071,,,0.3102,WPP_713_Selat_Makassar,NOAA_ERDDAP
2023-02,-1.75,120.75,30.045,0.9063,,,,,,0.3156,WPP_713_Selat_Makassar,NOAA_ERDDAP
2023-02,-1.75,121.25,31.502,3.8954,,,,,,0.3156,WPP_713_Selat_Makassar,NOAA_ERDDAP
2023-02,-1.75,121.75,31.103,0.2133,,,,,,0.2597,WPP_713_Selat_Makassar,NOAA_ERDDAP
2023-02,-1.25,116.75,29.744,0.2158,-0.3933,0.2171,0.2331,,,0.3141,WPP_713_Selat_Makassar,NOAA_ERDDAP
2023-02,-1.25,117.25,29.419,0.3295,-0.4705,0.2372,0.2342,,,0.3293,WPP_713_Selat_Makassar,NOAA_ERDDAP
2023-02,-1.25,117.75,29.058,0.2426,-0.3845,0.2779,0.2342,,,0.3421,WPP_713_Selat_Makassar,NOAA_ERDDAP
2023-02,-1.25,118.25,29.102,0.1862,-0.2921,0.3476,0.2336,,,0.3392,WPP_713_Selat_Makassar,NOAA_ERDDAP
2023-02,-1.25,118.75,29.382,0.1884,-0.2216,0.3373,0.2161,,,0.3281,WPP_713_Selat_Makassar,NOAA_ERDDAP
2023-02,-1.25,119.25,29.815,0.3874,-0.1348,-0.0546,0.2327,,,0.3146,WPP_713_Selat_Makassar,NOAA_ERDDAP
2023-02,-1.25,120.75,30.201,0.0875,-0.426,1.0601,0.2632,,,0.2933,WPP_713_Selat_Makassar,NOAA_ERDDAP
2023-02,-1.25,121.25,31.06,0.1097,-1.4199,0.9564,0.2346,,,0.2594,WPP_713_Selat_Makassar,NOAA_ERDDAP
2023-02,-0.75,117.25,29.55,0.6413,,,,,,0.3302,WPP_713_Selat_Makassar,NOAA_ERDDAP
2023-02,-0.75,117.75,29.104,0.5153,-0.2508,0.1729,0.2363,,,0.3456,WPP_713_Selat_Makassar,NOAA_ERDDAP
2023-02,-0.75,118.25,29.448,0.2359,-0.2777,0.3025,0.2227,,,0.3263,WPP_713_Selat_Makassar,NOAA_ERDDAP
2023-02,-0.75,118.75,29.891,0.2344,-0.4276,0.3722,0.2903,,,0.3086,WPP_713_Selat_Makassar,NOAA_ERDDAP
2023-02,-0.75,119.25,29.863,0.2378,-0.3797,-0.1106,0.2151,,,0.3098,WPP_713_Selat_Makassar,NOAA_ERDDAP
2023-02,-0.75,119.75,30.165,0.2399,,,,,,0.2977,WPP_713_Selat_Makassar,NOAA_ERDDAP
2023-02,-0.75,120.25,30.8,0.1172,,,,,,0.27,WPP_713_Selat_Makassar,NOAA_ERDDAP
2023-02,-0.75,120.75,30.518,0.099,0.0472,1.3999,0.3139,,,0.2809,WPP_713_Selat_Makassar,NOAA_ERDDAP
2023-02,-0.75,121.25,30.597,0.1021,-0.5331,1.3407,0.157,,,0.2778,WPP_713_Selat_Makassar,NOAA_ERDDAP
2023-02,-0.75,121.75,30.567,0.1062,-1.0586,0.7559,0.0934,,,0.2791,WPP_713_Selat_Makassar,NOAA_ERDDAP
2023-02,-0.25,117.25,30.422,6.5458,,,,,,0.4105,WPP_713_Selat_Makassar,NOAA_ERDDAP
2023-02,-0.25,117.75,29.614,1.257,-0.3255,0.2015,0.2708,,,0.3396,WPP_713_Selat_Makassar,NOAA_ERDDAP
2023-02,-0.25,118.25,29.624,0.3154,-0.385,0.3266,0.2724,,,0.3209,WPP_713_Selat_Makassar,NOAA_ERDDAP
2023-02,-0.25,118.75,29.717,0.2392,-0.412,0.3104,0.1607,,,0.3157,WPP_713_Selat_Makassar,NOAA_ERDDAP
2023-02,-0.25,119.25,29.652,0.2172,-0.3439,0.0159,0.2125,,,0.3178,WPP_713_Selat_Makassar,NOAA_ERDDAP
2023-02,-0.25,119.75,29.964,0.2082,-0.2878,-0.1899,0.3583,,,0.3052,WPP_713_Selat_Makassar,NOAA_ERDDAP
2023-02,-0.25,120.25,30.791,0.0874,-0.2431,0.2789,0.4559,,,0.2697,WPP_713_Selat_Makassar,NOAA_ERDDAP
2023-02,-0.25,120.75,30.929,0.1078,-0.1709,0.8906,0.4394,,,0.2646,WPP_713_Selat_Makassar,NOAA_ERDDAP
2023-02,-0.25,121.25,30.776,0.0979,-0.3195,0.9119,0.2508,,,0.2705,WPP_713_Selat_Makassar,NOAA_ERDDAP
2023-02,-0.25,121.75,30.977,0.1201,-0.6047,0.4516,0.1817,,,0.2629,WPP_713_Selat_Makassar,NOAA_ERDDAP
2023-02,0.25,117.75,30.296,0.2676,-0.4462,0.0545,0.3218,,,0.293,WPP_713_Selat_Makassar,NOAA_ERDDAP
2023-02,0.25,118.25,30.348,0.2801,-0.3587,0.0305,0.2138,,,0.2912,WPP_713_Selat_Makassar,NOAA_ERDDAP
2023-02,0.25,118.75,30.564,0.2535,-0.2663,0.0864,0.1041,,,0.2821,WPP_713_Selat_Makassar,NOAA_ERDDAP
2023-02,0.25,119.25,29.685,0.1863,-0.1565,0.2612,0.1535,,,0.3159,WPP_713_Selat_Makassar,NOAA_ERDDAP
2023-02,0.25,119.75,29.493,0.1685,-0.0284,0.4414,0.3074,,,0.3232,WPP_713_Selat_Makassar,NOAA_ERDDAP
2023-02,0.25,120.25,30.216,0.0843,0.0272,0.5216,0.4018,,,0.2927,WPP_713_Selat_Makassar,NOAA_ERDDAP
2023-02,0.25,120.75,30.563,0.1785,-0.1015,0.4001,0.3607,,,0.2806,WPP_713_Selat_Makassar,NOAA_ERDDAP
2023-02,0.25,121.25,30.337,0.1613,-0.333,0.2788,0.3278,,,0.2893,WPP_713_Selat_Makassar,NOAA_ERDDAP
2023-02,0.25,121.75,30.831,0.0956,-0.6585,0.1491,0.2729,,,0.2683,WPP_713_Selat_Makassar,NOAA_ERDDAP
2023-02,0.75,117.75,30.221,0.2848,,,,,,0.2964,WPP_713_Selat_Makassar,NOAA_ERDDAP
2023-02,0.75,118.25,30.496,1.1662,-0.5279,-0.3145,0.2564,,,0.3026,WPP_713_Selat_Makassar,NOAA_ERDDAP
2023-02,0.75,118.75,30.19,0.2784,-0.5056,-0.1856,0.1669,,,0.2975,WPP_713_Selat_Makassar,NOAA_ERDDAP
2023-02,0.75,119.25,29.348,0.1934,-0.2816,0.2052,0.127,,,0.3295,WPP_713_Selat_Makassar,NOAA_ERDDAP
2023-02,0.75,119.75,29.792,0.1796,0.1292,0.5595,0.1427,,,0.3115,WPP_713_Selat_Makassar,NOAA_ERDDAP
2023-02,0.75,120.25,28.94,0.342,,,,,,0.3487,WPP_713_Selat_Makassar,NOAA_ERDDAP
2023-02,1.25,119.25,28.951,0.2841,-0.7758,-0.0817,0.189,,,0.3472,WPP_713_Selat_Makassar,NOAA_ERDDAP
2023-02,1.25,119.75,29.225,0.239,-0.4543,0.2755,0.1782,,,0.3353,WPP_713_Selat_Makassar,NOAA_ERDDAP
2023-02,1.25,120.25,30.128,0.2546,0.0598,0.5092,0.2299,,,0.2995,WPP_713_Selat_Makassar,NOAA_ERDDAP
2023-02,1.25,120.75,30.303,0.3226,0.6205,0.2948,0.2804,,,0.2938,WPP_713_Selat_Makassar,NOAA_ERDDAP
2023-02,1.25,121.25,29.779,0.4978,,,,,,0.3182,WPP_713_Selat_Makassar,NOAA_ERDDAP
2023-02,1.25,121.75,29.762,0.2766,0.6015,0.3096,0.3181,,,0.3146,WPP_713_Selat_Makassar,NOAA_ERDDAP
2023-02,1.75,118.75,28.433,0.2178,-0.2904,-0.3456,0.2245,,,0.3666,WPP_713_Selat_Makassar,NOAA_ERDDAP
2023-02,1.75,119.25,29.202,0.2697,-0.6157,-0.0042,0.2168,,,0.3368,WPP_713_Selat_Makassar,NOAA_ERDDAP
2023-02,1.75,119.75,29.612,0.2049,-0.716,0.0309,0.2464,,,0.3192,WPP_713_Selat_Makassar,NOAA_ERDDAP
2023-02,1.75,120.25,29.816,0.1751,-0.3425,-0.0872,0.2511,,,0.3104,WPP_713_Selat_Makassar,NOAA_ERDDAP
2023-02,1.75,120.75,30.107,0.1808,0.2014,-0.1727,0.248,,,0.2989,WPP_713_Selat_Makassar,NOAA_ERDDAP
2023-02,1.75,121.25,30.081,0.1859,0.3168,-0.2044,0.2331,,,0.3001,WPP_713_Selat_Makassar,NOAA_ERDDAP
2023-02,1.75,121.75,30.223,0.1813,0.5813,0.1207,0.2055,,,0.2943,WPP_713_Selat_Makassar,NOAA_ERDDAP
2023-03,-7.75,116.25,30.113,0.1808,0.4467,-0.0791,0.1027,,,0.2987,WPP_713_Selat_Makassar,NOAA_ERDDAP
2023-03,-7.75,116.75,30.211,0.1795,0.4527,-0.7202,0.152,,,0.2947,WPP_713_Selat_Makassar,NOAA_ERDDAP
2023-03,-7.75,117.25,30.188,0.1819,0.2212,-0.2364,0.1952,,,0.2957,WPP_713_Selat_Makassar,NOAA_ERDDAP
2023-03,-7.75,117.75,29.876,0.1817,0.0303,-0.2966,0.223,,,0.3082,WPP_713_Selat_Makassar,NOAA_ERDDAP
2023-03,-7.75,118.25,29.669,0.1758,-0.1841,0.1226,0.2226,,,0.3163,WPP_713_Selat_Makassar,NOAA_ERDDAP
2023-03,-7.75,118.75,29.796,0.1714,0.1,-0.1618,0.2021,,,0.3112,WPP_713_Selat_Makassar,NOAA_ERDDAP
2023-03,-7.75,119.25,30.25,0.1512,0.0177,-0.235,0.201,,,0.2926,WPP_713_Selat_Makassar,NOAA_ERDDAP
2023-03,-7.75,119.75,29.947,0.1408,-0.5258,0.4634,0.1956,,,0.3045,WPP_713_Selat_Makassar,NOAA_ERDDAP
2023-03,-7.75,120.25,29.854,0.1411,-0.8441,0.5817,0.1522,,,0.3083,WPP_713_Selat_Makassar,NOAA_ERDDAP
2023-03,-7.75,120.75,29.833,0.1262,-0.4183,0.5511,0.1183,,,0.3088,WPP_713_Selat_Makassar,NOAA_ERDDAP
2023-03,-7.75,121.25,30.072,0.1402,0.0861,0.0005,0.0959,,,0.2995,WPP_713_Selat_Makassar,NOAA_ERDDAP
2023-03,-7.75,121.75,29.948,0.1494,0.3581,-0.3759,0.1071,,,0.3047,WPP_713_Selat_Makassar,NOAA_ERDDAP
2023-03,-7.25,116.25,30.328,0.2144,0.3978,-0.3012,0.1305,,,0.2907,WPP_713_Selat_Makassar,NOAA_ERDDAP
2023-03,-7.25,116.75,30.493,0.198,0.2103,-0.2508,0.1572,,,0.2838,WPP_713_Selat_Makassar,NOAA_ERDDAP
2023-03,-7.25,117.25,30.479,0.2136,0.1202,-0.3116,0.1893,,,0.2847,WPP_713_Selat_Makassar,NOAA_ERDDAP
2023-03,-7.25,117.75,29.863,0.1891,-0.0183,-0.0362,0.1895,,,0.3088,WPP_713_Selat_Makassar,NOAA_ERDDAP
2023-03,-7.25,118.25,29.877,0.2871,-0.025,-0.1032,0.1831,,,0.3102,WPP_713_Selat_Makassar,NOAA_ERDDAP
2023-03,-7.25,118.75,30.085,0.1656,-0.0851,-0.0931,0.186,,,0.2995,WPP_713_Selat_Makassar,NOAA_ERDDAP
2023-03,-7.25,119.25,30.032,0.1597,0.0031,0.2213,0.1955,,,0.3015,WPP_713_Selat_Makassar,NOAA_ERDDAP
2023-03,-7.25,119.75,29.776,0.1421,0.246,0.3351,0.1695,,,0.3114,WPP_713_Selat_Makassar,NOAA_ERDDAP
2023-03,-7.25,120.25,29.562,0.1335,0.6451,0.199,0.1401,,,0.3198,WPP_713_Selat_Makassar,NOAA_ERDDAP
2023-03,-7.25,120.75,29.447,0.1272,0.7052,0.171,0.1335,,,0.3243,WPP_713_Selat_Makassar,NOAA_ERDDAP
2023-03,-7.25,121.25,29.622,0.1631,0.925,-0.2441,0.1128,,,0.318,WPP_713_Selat_Makassar,NOAA_ERDDAP
2023-03,-7.25,121.75,29.606,0.1871,0.6587,-0.0311,0.1579,,,0.3191,WPP_713_Selat_Makassar,NOAA_ERDDAP
2023-03,-6.75,116.25,30.433,0.1968,0.4055,-0.185,0.1555,,,0.2862,WPP_713_Selat_Makassar,NOAA_ERDDAP
2023-03,-6.75,116.75,30.615,0.1669,0.3567,-0.2365,0.1651,,,0.2783,WPP_713_Selat_Makassar,NOAA_ERDDAP
2023-03,-6.75,117.25,30.447,0.1515,0.0992,-0.1764,0.1634,,,0.2847,WPP_713_Selat_Makassar,NOAA_ERDDAP
2023-03,-6.75,117.75,30.868,0.1674,0.3253,-0.1191,0.1839,,,0.2682,WPP_713_Selat_Makassar,NOAA_ERDDAP
2023-03,-6.75,118.25,30.607,0.1946,0.2761,0.0076,0.1793,,,0.2792,WPP_713_Selat_Makassar,NOAA_ERDDAP
2023-03,-6.75,118.75,29.901,0.2173,-0.0242,-0.0048,0.1673,,,0.3079,WPP_713_Selat_Makassar,NOAA_ERDDAP
2023-03,-6.75,119.25,29.763,0.2637,-0.0558,0.4714,0.1689,,,0.3143,WPP_713_Selat_Makassar,NOAA_ERDDAP
2023-03,-6.75,119.75,29.409,0.1437,-0.0097,-0.3141,0.1567,,,0.3261,WPP_713_Selat_Makassar,NOAA_ERDDAP
2023-03,-6.75,120.25,29.205,0.1607,0.41,-0.0165,0.1906,,,0.3346,WPP_713_Selat_Makassar,NOAA_ERDDAP
2023-03,-6.75,120.75,29.345,0.1319,1.017,0.0059,0.1917,,,0.3284,WPP_713_Selat_Makassar,NOAA_ERDDAP
2023-03,-6.75,121.25,29.315,0.3901,0.8302,-0.0297,0.1987,,,0.3347,WPP_713_Selat_Makassar,NOAA_ERDDAP
2023-03,-6.75,121.75,29.856,0.1319,0.7882,-0.0625,0.1942,,,0.308,WPP_713_Selat_Makassar,NOAA_ERDDAP
2023-03,-6.25,116.25,30.486,0.2043,0.4366,-0.2184,0.168,,,0.2842,WPP_713_Selat_Makassar,NOAA_ERDDAP
2023-03,-6.25,116.75,30.583,0.2177,0.5813,-0.1425,0.1837,,,0.2806,WPP_713_Selat_Makassar,NOAA_ERDDAP
2023-03,-6.25,117.25,30.717,0.1587,0.5664,0.056,0.1868,,,0.2741,WPP_713_Selat_Makassar,NOAA_ERDDAP
2023-03,-6.25,117.75,30.864,0.1662,0.4082,-0.192,0.1919,,,0.2683,WPP_713_Selat_Makassar,NOAA_ERDDAP
2023-03,-6.25,118.25,30.899,0.1355,0.1682,0.3299,0.19,,,0.2664,WPP_713_Selat_Makassar,NOAA_ERDDAP
2023-03,-6.25,118.75,30.162,0.1308,-0.0167,0.1558,0.1476,,,0.2957,WPP_713_Selat_Makassar,NOAA_ERDDAP
2023-03,-6.25,119.25,29.952,0.1343,-1.0754,0.2369,0.108,,,0.3042,WPP_713_Selat_Makassar,NOAA_ERDDAP
2023-03,-6.25,119.75,29.784,0.144,-0.2407,-0.3535,0.1407,,,0.3111,WPP_713_Selat_Makassar,NOAA_ERDDAP
2023-03,-6.25,120.25,29.652,0.364,0.1246,-0.6566,0.2034,,,0.3207,WPP_713_Selat_Makassar,NOAA_ERDDAP
2023-03,-6.25,120.75,29.835,0.0955,0.0983,-0.105,0.2373,,,0.3081,WPP_713_Selat_Makassar,NOAA_ERDDAP
2023-03,-6.25,121.25,29.498,0.1528,0.6077,-0.0452,0.2333,,,0.3227,WPP_713_Selat_Makassar,NOAA_ERDDAP
2023-03,-6.25,121.75,29.322,0.0971,0.6455,0.2623,0.2212,,,0.3287,WPP_713_Selat_Makassar,NOAA_ERDDAP
2023-03,-5.75,116.25,30.853,0.2651,0.6046,-0.0492,0.2066,,,0.2707,WPP_713_Selat_Makassar,NOAA_ERDDAP
2023-03,-5.75,116.75,30.483,0.2487,0.5495,-0.156,0.212,,,0.2852,WPP_713_Selat_Makassar,NOAA_ERDDAP
2023-03,-5.75,117.25,30.577,0.1706,0.4304,-0.1746,0.2047,,,0.2799,WPP_713_Selat_Makassar,NOAA_ERDDAP
2023-03,-5.75,117.75,30.829,0.1425,0.3912,0.034,0.2113,,,0.2693,WPP_713_Selat_Makassar,NOAA_ERDDAP
2023-03,-5.75,118.25,30.886,0.1524,0.0006,0.3481,0.1891,,,0.2672,WPP_713_Selat_Makassar,NOAA_ERDDAP
2023-03,-5.75,118.75,30.578,0.1183,0.6009,1.0263,0.1575,,,0.2789,WPP_713_Selat_Makassar,NOAA_ERDDAP
2023-03,-5.75,119.25,30.196,0.2551,0.8694,0.2546,0.0889,,,0.2968,WPP_713_Selat_Makassar,NOAA_ERDDAP
2023-03,-5.75,119.75,29.771,0.2243,0.4678,-0.866,0.1205,,,0.3132,WPP_713_Selat_Makassar,NOAA_ERDDAP
2023-03,-5.75,120.25,29.532,0.1608,0.2172,-0.6891,0.1767,,,0.3215,WPP_713_Selat_Makassar,NOAA_ERDDAP
2023-03,-5.75,120.75,30.374,0.1018,-0.0797,-0.1402,0.2181,,,0.2867,WPP_713_Selat_Makassar,NOAA_ERDDAP
2023-03,-5.75,121.25,30.005,0.0873,-0.4859,0.1995,0.2056,,,0.3012,WPP_713_Selat_Makassar,NOAA_ERDDAP
2023-03,-5.75,121.75,29.561,0.0885,-0.5212,-0.1331,0.2166,,,0.319,WPP_713_Selat_Makassar,NOAA_ERDDAP
2023-03,-5.25,116.25,31.044,0.387,0.2003,-0.147,0.219,,,0.2655,WPP_713_Selat_Makassar,NOAA_ERDDAP
2023-03,-5.25,116.75,30.597,0.2932,-0.0036,-0.3065,0.233,,,0.2815,WPP_713_Selat_Makassar,NOAA_ERDDAP
2023-03,-5.25,117.25,30.783,0.207,0.0698,0.1872,0.2377,,,0.2724,WPP_713_Selat_Makassar,NOAA_ERDDAP
2023-03,-5.25,117.75,30.348,0.1741,-0.1165,0.1275,0.232,,,0.2891,WPP_713_Selat_Makassar,NOAA_ERDDAP
2023-03,-5.25,118.25,31.12,0.1808,0.1214,0.4621,0.1959,,,0.2584,WPP_713_Selat_Makassar,NOAA_ERDDAP
2023-03,-5.25,118.75,31.008,0.1616,-0.1169,0.0801,0.2022,,,0.2625,WPP_713_Selat_Makassar,NOAA_ERDDAP
2023-03,-5.25,119.25,31.098,0.3785,1.1541,-0.737,0.2196,,,0.2631,WPP_713_Selat_Makassar,NOAA_ERDDAP
2023-03,-5.25,120.25,30.499,0.2305,,,,,,0.2842,WPP_713_Selat_Makassar,NOAA_ERDDAP
2023-03,-5.25,120.75,30.067,0.1038,0.8869,0.6857,0.2129,,,0.299,WPP_713_Selat_Makassar,NOAA_ERDDAP
2023-03,-5.25,121.25,30.372,0.0907,0.2523,0.8849,0.1592,,,0.2866,WPP_713_Selat_Makassar,NOAA_ERDDAP
2023-03,-5.25,121.75,30.003,0.2486,-0.3014,-0.0299,0.1414,,,0.3044,WPP_713_Selat_Makassar,NOAA_ERDDAP
2023-03,-4.75,116.25,30.699,0.3507,-0.0481,0.1917,0.2182,,,0.2785,WPP_713_Selat_Makassar,NOAA_ERDDAP
2023-03,-4.75,116.75,30.578,0.2908,-0.089,0.1344,0.2293,,,0.2822,WPP_713_Selat_Makassar,NOAA_ERDDAP
2023-03,-4.75,117.25,30.339,0.2513,-0.1399,-0.0464,0.2413,,,0.291,WPP_713_Selat_Makassar,NOAA_ERDDAP
2023-03,-4.75,117.75,29.966,0.1572,0.0018,0.1913,0.2224,,,0.3041,WPP_713_Selat_Makassar,NOAA_ERDDAP
2023-03,-4.75,118.25,30.456,0.1377,0.2862,0.379,0.2107,,,0.2841,WPP_713_Selat_Makassar,NOAA_ERDDAP
2023-03,-4.75,118.75,30.66,0.1987,0.1307,-0.3477,0.1925,,,0.2771,WPP_713_Selat_Makassar,NOAA_ERDDAP
2023-03,-4.75,119.25,30.663,1.0337,0.207,-1.315,0.2597,,,0.2933,WPP_713_Selat_Makassar,NOAA_ERDDAP
2023-03,-4.75,120.25,30.377,0.6152,,,,,,0.2966,WPP_713_Selat_Makassar,NOAA_ERDDAP
2023-03,-4.75,120.75,30.161,0.1662,0.524,1.1563,0.2801,,,0.2965,WPP_713_Selat_Makassar,NOAA_ERDDAP
2023-03,-4.75,121.25,30.301,0.1213,0.4659,0.9687,0.2102,,,0.29,WPP_713_Selat_Makassar,NOAA_ERDDAP
2023-03,-4.75,121.75,29.93,0.1264,0.7388,0.2998,0.1658,,,0.3049,WPP_713_Selat_Makassar,NOAA_ERDDAP
2023-03,-4.25,116.25,30.423,0.3752,0.4655,0.3843,0.2318,,,0.2901,WPP_713_Selat_Makassar,NOAA_ERDDAP
2023-03,-4.25,116.75,30.333,0.2524,0.262,-0.2354,0.2262,,,0.2913,WPP_713_Selat_Makassar,NOAA_ERDDAP
2023-03,-4.25,117.25,30.206,0.2506,0.1301,0.0438,0.2289,,,0.2963,WPP_713_Selat_Makassar,NOAA_ERDDAP
2023-03,-4.25,117.75,29.957,0.1854,-0.0104,0.336,0.2116,,,0.305,WPP_713_Selat_Makassar,NOAA_ERDDAP
2023-03,-4.25,118.25,30.298,0.1781,0.1293,0.1629,0.2231,,,0.2912,WPP_713_Selat_Makassar,NOAA_ERDDAP
2023-03,-4.25,118.75,30.626,0.2451,0.3477,-0.1896,0.1985,,,0.2794,WPP_713_Selat_Makassar,NOAA_ERDDAP
2023-03,-4.25,119.25,30.953,0.3912,-0.1746,-0.6628,0.2459,,,0.2692,WPP_713_Selat_Makassar,NOAA_ERDDAP
2023-03,-4.25,120.25,32.164,0.4193,,,,,,0.2213,WPP_713_Selat_Makassar,NOAA_ERDDAP
2023-03,-4.25,120.75,30.423,0.1272,0.4699,1.0374,0.3007,,,0.2852,WPP_713_Selat_Makassar,NOAA_ERDDAP
2023-03,-4.25,121.25,30.39,0.1669,0.1054,1.1223,0.2368,,,0.2873,WPP_713_Selat_Makassar,NOAA_ERDDAP
2023-03,-3.75,116.25,30.402,1.4647,0.0897,0.4535,0.2671,,,0.3122,WPP_713_Selat_Makassar,NOAA_ERDDAP
2023-03,-3.75,116.75,30.511,0.2922,0.2292,0.1006,0.2221,,,0.2849,WPP_713_Selat_Makassar,NOAA_ERDDAP
2023-03,-3.75,117.25,30.41,0.2418,0.2193,-0.0536,0.2233,,,0.288,WPP_713_Selat_Makassar,NOAA_ERDDAP
2023-03,-3.75,117.75,30.099,0.2272,0.3469,0.1374,0.2295,,,0.3001,WPP_713_Selat_Makassar,NOAA_ERDDAP
2023-03,-3.75,118.25,30.962,0.2576,0.5475,-0.1316,0.2319,,,0.2662,WPP_713_Selat_Makassar,NOAA_ERDDAP
2023-03,-3.75,118.75,30.848,0.3549,0.7965,-0.1015,0.2431,,,0.2727,WPP_713_Selat_Makassar,NOAA_ERDDAP
2023-03,-3.75,119.25,31.402,1.3076,0.3457,-0.0805,0.2254,,,0.2691,WPP_713_Selat_Makassar,NOAA_ERDDAP
2023-03,-3.75,120.25,31.564,0.4227,,,,,,0.2454,WPP_713_Selat_Makassar,NOAA_ERDDAP
2023-03,-3.75,120.75,30.962,0.1441,0.6285,0.6617,0.3321,,,0.264,WPP_713_Selat_Makassar,NOAA_ERDDAP
2023-03,-3.75,121.25,30.793,0.1651,1.306,1.1644,0.2853,,,0.2712,WPP_713_Selat_Makassar,NOAA_ERDDAP
2023-03,-3.25,116.25,30.846,1.5732,,,,,,0.2965,WPP_713_Selat_Makassar,NOAA_ERDDAP
2023-03,-3.25,116.75,30.396,0.4131,0.2363,0.4999,0.2432,,,0.2919,WPP_713_Selat_Makassar,NOAA_ERDDAP
2023-03,-3.25,117.25,30.456,0.2269,0.1198,-0.0863,0.2324,,,0.2859,WPP_713_Selat_Makassar,NOAA_ERDDAP
2023-03,-3.25,117.75,30.296,0.1884,0.1687,-0.0652,0.247,,,0.2915,WPP_713_Selat_Makassar,NOAA_ERDDAP
2023-03,-3.25,118.25,31.788,0.23,0.4838,-0.177,0.2576,,,0.2326,WPP_713_Selat_Makassar,NOAA_ERDDAP
2023-03,-3.25,118.75,30.928,0.2475,0.4497,-0.175,0.2733,,,0.2674,WPP_713_Selat_Makassar,NOAA_ERDDAP
2023-03,-3.25,119.25,31.208,3.6958,,,,,,0.3235,WPP_713_Selat_Makassar,NOAA_ERDDAP
2023-03,-3.25,120.25,31.152,0.511,,,,,,0.2636,WPP_713_Selat_Makassar,NOAA_ERDDAP
2023-03,-3.25,120.75,31.363,0.2311,1.4216,0.401,0.41,,,0.2497,WPP_713_Selat_Makassar,NOAA_ERDDAP
2023-03,-2.75,116.25,30.822,3.5635,,,,,,0.3363,WPP_713_Selat_Makassar,NOAA_ERDDAP
2023-03,-2.75,116.75,30.403,0.531,0.456,0.5163,0.2499,,,0.2939,WPP_713_Selat_Makassar,NOAA_ERDDAP
2023-03,-2.75,117.25,30.649,0.236,0.3804,0.0706,0.2343,,,0.2783,WPP_713_Selat_Makassar,NOAA_ERDDAP
2023-03,-2.75,117.75,30.586,0.1767,0.1347,-0.077,0.2508,,,0.2797,WPP_713_Selat_Makassar,NOAA_ERDDAP
2023-03,-2.75,118.25,32.119,0.2088,-0.0381,-0.2631,0.2634,,,0.219,WPP_713_Selat_Makassar,NOAA_ERDDAP
2023-03,-2.75,118.75,30.996,0.9678,0.0551,-0.7042,0.2955,,,0.2787,WPP_713_Selat_Makassar,NOAA_ERDDAP
2023-03,-2.75,120.25,32.128,1.1386,,,,,,0.2368,WPP_713_Selat_Makassar,NOAA_ERDDAP
2023-03,-2.75,120.75,32.138,1.2599,0.271,0.399,0.4612,,,0.2387,WPP_713_Selat_Makassar,NOAA_ERDDAP
2023-03,-2.75,121.25,30.555,0.2365,-1.3947,2.8204,0.3565,,,0.2821,WPP_713_Selat_Makassar,NOAA_ERDDAP
2023-03,-2.25,116.75,30.081,1.6196,0.6963,0.1601,0.2774,,,0.328,WPP_713_Selat_Makassar,NOAA_ERDDAP
2023-03,-2.25,117.25,30.489,0.4951,0.4971,0.2929,0.2367,,,0.2898,WPP_713_Selat_Makassar,NOAA_ERDDAP
2023-03,-2.25,117.75,31.064,0.2184,0.0967,0.1714,0.2366,,,0.2614,WPP_713_Selat_Makassar,NOAA_ERDDAP
2023-03,-2.25,118.25,31.548,0.1964,-0.2449,-0.1768,0.2467,,,0.2416,WPP_713_Selat_Makassar,NOAA_ERDDAP
2023-03,-2.25,118.75,31.479,0.4903,-0.2993,-0.655,0.2567,,,0.2501,WPP_713_Selat_Makassar,NOAA_ERDDAP
2023-03,-2.25,119.25,32.837,2.9095,-0.0112,-0.2399,0.3469,,,0.243,WPP_713_Selat_Makassar,NOAA_ERDDAP
2023-03,-2.25,121.75,30.849,0.3459,,,,,,0.2725,WPP_713_Selat_Makassar,NOAA_ERDDAP
2023-03,-1.75,116.25,32.451,8.7388,,,,,,0.3722,WPP_713_Selat_Makassar,NOAA_ERDDAP
2023-03,-1.75,116.75,30.547,0.742,0.3079,0.1297,0.3003,,,0.2923,WPP_713_Selat_Makassar,NOAA_ERDDAP
2023-03,-1.75,117.25,30.214,0.2871,0.2317,0.4956,0.2626,,,0.2967,WPP_713_Selat_Makassar,NOAA_ERDDAP
2023-03,-1.75,117.75,30.88,0.23,0.088,0.3949,0.2363,,,0.269,WPP_713_Selat_Makassar,NOAA_ERDDAP
2023-03,-1.75,118.25,31.538,0.2063,-0.3021,0.0371,0.2156,,,0.2422,WPP_713_Selat_Makassar,NOAA_ERDDAP
2023-03,-1.75,118.75,31.964,0.2367,-0.5604,-0.3991,0.2336,,,0.2257,WPP_713_Selat_Makassar,NOAA_ERDDAP
2023-03,-1.75,119.25,31.356,0.6796,-0.9995,-0.7022,0.2692,,,0.2587,WPP_713_Selat_Makassar,NOAA_ERDDAP
2023-03,-1.75,121.25,31.89,2.5772,,,,,,0.2744,WPP_713_Selat_Makassar,NOAA_ERDDAP
2023-03,-1.75,121.75,31.42,0.6394,,,,,,0.2553,WPP_713_Selat_Makassar,NOAA_ERDDAP
2023-03,-1.25,116.75,30.762,2.2619,-0.0131,0.2776,0.2858,,,0.3133,WPP_713_Selat_Makassar,NOAA_ERDDAP
2023-03,-1.25,117.25,30.246,1.2957,-0.1735,0.4783,0.2535,,,0.3151,WPP_713_Selat_Makassar,NOAA_ERDDAP
2023-03,-1.25,117.75,30.084,0.2467,-0.3106,0.5066,0.2312,,,0.3011,WPP_713_Selat_Makassar,NOAA_ERDDAP
2023-03,-1.25,118.25,30.784,0.1501,-0.2666,0.0763,0.2012,,,0.2712,WPP_713_Selat_Makassar,NOAA_ERDDAP
2023-03,-1.25,118.75,31.131,0.2209,-0.4657,-0.1364,0.2115,,,0.2587,WPP_713_Selat_Makassar,NOAA_ERDDAP
2023-03,-1.25,119.25,30.756,1.1199,-0.743,-0.1954,0.2221,,,0.2913,WPP_713_Selat_Makassar,NOAA_ERDDAP
2023-03,-1.25,120.75,30.952,0.1225,-0.779,0.6923,0.2124,,,0.264,WPP_713_Selat_Makassar,NOAA_ERDDAP
2023-03,-1.25,121.25,31.017,0.1312,-1.106,0.7154,0.15,,,0.2615,WPP_713_Selat_Makassar,NOAA_ERDDAP
2023-03,-0.75,117.25,30.905,4.6876,,,,,,0.3549,WPP_713_Selat_Makassar,NOAA_ERDDAP
2023-03,-0.75,117.75,30.149,1.2613,-0.4744,0.242,0.1815,,,0.3183,WPP_713_Selat_Makassar,NOAA_ERDDAP
2023-03,-0.75,118.25,30.384,0.1755,-0.3834,0.0793,0.1926,,,0.2877,WPP_713_Selat_Makassar,NOAA_ERDDAP
2023-03,-0.75,118.75,30.343,0.1804,-0.4607,0.0722,0.207,,,0.2895,WPP_713_Selat_Makassar,NOAA_ERDDAP
2023-03,-0.75,119.25,30.431,0.2342,-0.7,0.1642,0.2257,,,0.287,WPP_713_Selat_Makassar,NOAA_ERDDAP
2023-03,-0.75,119.75,31.102,0.5126,,,,,,0.2656,WPP_713_Selat_Makassar,NOAA_ERDDAP
2023-03,-0.75,120.25,30.829,0.1182,,,,,,0.2688,WPP_713_Selat_Makassar,NOAA_ERDDAP
2023-03,-0.75,120.75,31.422,0.0801,-0.804,0.7642,0.2336,,,0.2443,WPP_713_Selat_Makassar,NOAA_ERDDAP
2023-03,-0.75,121.25,31.121,0.0815,-1.1085,0.9681,0.2073,,,0.2564,WPP_713_Selat_Makassar,NOAA_ERDDAP
2023-03,-0.75,121.75,31.061,0.083,-1.4306,0.8159,0.1525,,,0.2588,WPP_713_Selat_Makassar,NOAA_ERDDAP
2023-03,-0.25,117.25,31.575,8.6423,,,,,,0.4053,WPP_713_Selat_Makassar,NOAA_ERDDAP
2023-03,-0.25,117.75,30.161,1.5624,-0.6006,0.1517,0.1916,,,0.3237,WPP_713_Selat_Makassar,NOAA_ERDDAP
2023-03,-0.25,118.25,30.204,0.2655,-0.6256,0.1355,0.1853,,,0.2967,WPP_713_Selat_Makassar,NOAA_ERDDAP
2023-03,-0.25,118.75,30.433,0.1539,-0.6745,0.217,0.2053,,,0.2853,WPP_713_Selat_Makassar,NOAA_ERDDAP
2023-03,-0.25,119.25,30.769,0.1757,-0.7531,0.3552,0.2095,,,0.2723,WPP_713_Selat_Makassar,NOAA_ERDDAP
2023-03,-0.25,119.75,30.815,0.278,-0.8119,0.4316,0.2014,,,0.2725,WPP_713_Selat_Makassar,NOAA_ERDDAP
2023-03,-0.25,120.25,31.191,0.0771,-0.7863,0.4604,0.2279,,,0.2535,WPP_713_Selat_Makassar,NOAA_ERDDAP
2023-03,-0.25,120.75,31.493,0.0802,-0.7244,0.6085,0.22,,,0.2415,WPP_713_Selat_Makassar,NOAA_ERDDAP
2023-03,-0.25,121.25,31.387,0.0827,-0.7311,0.7004,0.2086,,,0.2458,WPP_713_Selat_Makassar,NOAA_ERDDAP
2023-03,-0.25,121.75,31.339,0.123,-0.774,0.4421,0.1262,,,0.2485,WPP_713_Selat_Makassar,NOAA_ERDDAP
2023-03,0.25,117.75,30.668,0.4213,-0.7723,0.1557,0.2325,,,0.2812,WPP_713_Selat_Makassar,NOAA_ERDDAP
2023-03,0.25,118.25,30.827,0.2144,-0.7106,0.1673,0.2024,,,0.2708,WPP_713_Selat_Makassar,NOAA_ERDDAP
2023-03,0.25,118.75,30.221,0.1898,-0.6396,0.1863,0.1961,,,0.2945,WPP_713_Selat_Makassar,NOAA_ERDDAP
2023-03,0.25,119.25,29.727,0.1616,-0.5582,0.233,0.1867,,,0.3137,WPP_713_Selat_Makassar,NOAA_ERDDAP
2023-03,0.25,119.75,30.162,0.1992,-0.4579,0.3465,0.1588,,,0.2971,WPP_713_Selat_Makassar,NOAA_ERDDAP
2023-03,0.25,120.25,31.204,0.1259,-0.3517,0.4824,0.1543,,,0.254,WPP_713_Selat_Makassar,NOAA_ERDDAP
2023-03,0.25,120.75,31.474,0.1769,-0.3097,0.4876,0.2038,,,0.2442,WPP_713_Selat_Makassar,NOAA_ERDDAP
2023-03,0.25,121.25,31.376,0.1458,-0.3859,0.3716,0.2308,,,0.2475,WPP_713_Selat_Makassar,NOAA_ERDDAP
2023-03,0.25,121.75,31.461,0.111,-0.5902,0.2012,0.294,,,0.2434,WPP_713_Selat_Makassar,NOAA_ERDDAP
2023-03,0.75,117.75,30.849,0.9707,,,,,,0.2846,WPP_713_Selat_Makassar,NOAA_ERDDAP
2023-03,0.75,118.25,30.92,1.1122,-0.6146,0.0774,0.1955,,,0.2846,WPP_713_Selat_Makassar,NOAA_ERDDAP
2023-03,0.75,118.75,30.245,0.2607,-0.5327,0.0658,0.1729,,,0.295,WPP_713_Selat_Makassar,NOAA_ERDDAP
2023-03,0.75,119.25,30.21,0.2346,-0.44,0.0203,0.1738,,,0.2958,WPP_713_Selat_Makassar,NOAA_ERDDAP
2023-03,0.75,119.75,30.241,0.2133,-0.3057,0.1198,0.1523,,,0.2942,WPP_713_Selat_Makassar,NOAA_ERDDAP
2023-03,0.75,120.25,30.456,0.176,,,,,,0.2849,WPP_713_Selat_Makassar,NOAA_ERDDAP
2023-03,0.75,120.75,31.075,0.1847,,,,,,0.2603,WPP_713_Selat_Makassar,NOAA_ERDDAP
2023-03,0.75,121.75,34.592,0.55,,,,,,0.1267,WPP_713_Selat_Makassar,NOAA_ERDDAP
2023-03,1.25,118.75,29.959,0.9088,,,,,,0.319,WPP_713_Selat_Makassar,NOAA_ERDDAP
2023-03,1.25,119.25,30.351,0.3049,-0.4933,-0.2062,0.1808,,,0.2916,WPP_713_Selat_Makassar,NOAA_ERDDAP
2023-03,1.25,119.75,30.104,0.1713,-0.3515,-0.1198,0.1777,,,0.2988,WPP_713_Selat_Makassar,NOAA_ERDDAP
2023-03,1.25,120.25,29.777,0.1819,-0.0897,-0.0271,0.173,,,0.3121,WPP_713_Selat_Makassar,NOAA_ERDDAP
2023-03,1.25,120.75,29.544,0.2518,0.4098,0.0401,0.1721,,,0.3228,WPP_713_Selat_Makassar,NOAA_ERDDAP
2023-03,1.25,121.25,29.711,0.3598,,,,,,0.3182,WPP_713_Selat_Makassar,NOAA_ERDDAP
2023-03,1.25,121.75,29.911,0.1752,1.5417,0.7636,0.3659,,,0.3066,WPP_713_Selat_Makassar,NOAA_ERDDAP
2023-03,1.75,117.75,31.42,13.4703,,,,,,0.5057,WPP_713_Selat_Makassar,NOAA_ERDDAP
2023-03,1.75,118.25,30.274,2.2353,-0.3806,-0.234,0.2648,,,0.3323,WPP_713_Selat_Makassar,NOAA_ERDDAP
2023-03,1.75,118.75,29.903,0.4156,-0.3201,-0.3785,0.2317,,,0.3117,WPP_713_Selat_Makassar,NOAA_ERDDAP
2023-03,1.75,119.25,30.202,0.1998,-0.2552,-0.2841,0.2088,,,0.2955,WPP_713_Selat_Makassar,NOAA_ERDDAP
2023-03,1.75,119.75,29.591,0.1626,-0.2675,-0.379,0.2048,,,0.3192,WPP_713_Selat_Makassar,NOAA_ERDDAP
2023-03,1.75,120.25,29.782,0.1506,-0.4907,-0.2091,0.1907,,,0.3113,WPP_713_Selat_Makassar,NOAA_ERDDAP
2023-03,1.75,120.75,29.683,0.1599,-0.4206,-0.4604,0.1788,,,0.3155,WPP_713_Selat_Makassar,NOAA_ERDDAP
2023-03,1.75,121.25,30.163,0.1721,-0.071,-0.1375,0.1367,,,0.2965,WPP_713_Selat_Makassar,NOAA_ERDDAP
2023-03,1.75,121.75,30.331,0.1369,0.6039,0.0483,0.119,,,0.2891,WPP_713_Selat_Makassar,NOAA_ERDDAP
2023-01,-7.75,122.25,28.438,0.1654,0.0806,-0.1325,0.2071,,,0.3654,WPP_714_Laut_Banda,NOAA_ERDDAP
2023-01,-7.75,122.75,28.823,0.2212,-0.3346,-0.0484,0.255,,,0.3511,WPP_714_Laut_Banda,NOAA_ERDDAP
2023-01,-7.75,123.25,29.061,0.2439,-0.095,0.1645,0.2551,,,0.342,WPP_714_Laut_Banda,NOAA_ERDDAP
2023-01,-7.75,123.75,29.054,0.1946,-1.2197,-0.7194,0.2503,,,0.3413,WPP_714_Laut_Banda,NOAA_ERDDAP
2023-01,-7.75,124.25,28.638,0.5472,-1.168,-0.5418,0.2958,,,0.3648,WPP_714_Laut_Banda,NOAA_ERDDAP
2023-01,-7.75,124.75,28.693,0.2848,-0.3795,0.8156,0.2569,,,0.3575,WPP_714_Laut_Banda,NOAA_ERDDAP
2023-01,-7.75,125.25,29.078,0.2604,0.8957,0.6406,0.1957,,,0.3416,WPP_714_Laut_Banda,NOAA_ERDDAP
2023-01,-7.75,125.75,28.944,0.1887,1.9729,0.361,0.1531,,,0.3456,WPP_714_Laut_Banda,NOAA_ERDDAP
2023-01,-7.75,126.25,29.268,0.1985,1.9834,0.1395,0.1288,,,0.3328,WPP_714_Laut_Banda,NOAA_ERDDAP
2023-01,-7.75,126.75,29.961,0.1607,1.4371,-0.5608,0.1124,,,0.3044,WPP_714_Laut_Banda,NOAA_ERDDAP
2023-01,-7.75,127.25,29.973,0.1639,0.6005,-0.2627,0.1733,,,0.3039,WPP_714_Laut_Banda,NOAA_ERDDAP
2023-01,-7.75,127.75,29.938,0.1588,0.2056,-0.4897,0.2002,,,0.3052,WPP_714_Laut_Banda,NOAA_ERDDAP
2023-01,-7.75,128.25,29.465,0.1554,0.1064,-0.1127,0.1972,,,0.3241,WPP_714_Laut_Banda,NOAA_ERDDAP
2023-01,-7.75,128.75,29.881,0.1586,-0.0781,-0.1032,0.2017,,,0.3075,WPP_714_Laut_Banda,NOAA_ERDDAP
2023-01,-7.75,129.25,29.734,0.111,-0.0542,0.0297,0.2017,,,0.3125,WPP_714_Laut_Banda,NOAA_ERDDAP
2023-01,-7.75,129.75,30.178,0.1189,-0.228,0.0692,0.1979,,,0.2949,WPP_714_Laut_Banda,NOAA_ERDDAP
2023-01,-7.75,130.25,29.8,0.0921,0.0215,-0.1399,0.212,,,0.3095,WPP_714_Laut_Banda,NOAA_ERDDAP
2023-01,-7.75,130.75,29.65,0.073,-0.0828,-0.1048,0.228,,,0.3151,WPP_714_Laut_Banda,NOAA_ERDDAP
2023-01,-7.75,131.25,29.961,0.0949,-0.0799,-0.192,0.2364,,,0.3031,WPP_714_Laut_Banda,NOAA_ERDDAP
2023-01,-7.75,131.75,29.968,0.0892,-0.115,-0.1811,0.2557,,,0.3027,WPP_714_Laut_Banda,NOAA_ERDDAP
2023-01,-7.25,122.25,28.726,0.1359,-0.1854,-0.5686,0.1862,,,0.3533,WPP_714_Laut_Banda,NOAA_ERDDAP
2023-01,-7.25,122.75,28.307,0.1725,-0.0796,0.2281,0.186,,,0.3708,WPP_714_Laut_Banda,NOAA_ERDDAP
2023-01,-7.25,123.25,28.298,0.2021,-0.0518,0.2279,0.1911,,,0.3717,WPP_714_Laut_Banda,NOAA_ERDDAP
2023-01,-7.25,123.75,28.662,0.1242,-0.4491,-0.279,0.1261,,,0.3556,WPP_714_Laut_Banda,NOAA_ERDDAP
2023-01,-7.25,124.25,28.676,0.1794,-0.7059,-0.37,0.1622,,,0.3561,WPP_714_Laut_Banda,NOAA_ERDDAP
2023-01,-7.25,124.75,28.892,0.2169,-0.782,-0.2659,0.1982,,,0.3482,WPP_714_Laut_Banda,NOAA_ERDDAP
2023-01,-7.25,125.25,29.043,0.144,-0.7339,0.3943,0.1862,,,0.3408,WPP_714_Laut_Banda,NOAA_ERDDAP
2023-01,-7.25,125.75,28.909,0.1454,-0.5738,0.0048,0.139,,,0.3461,WPP_714_Laut_Banda,NOAA_ERDDAP
2023-01,-7.25,126.25,29.297,0.0899,0.0179,-0.4475,0.1893,,,0.3295,WPP_714_Laut_Banda,NOAA_ERDDAP
2023-01,-7.25,126.75,29.556,0.0993,0.1781,-0.029,0.2107,,,0.3194,WPP_714_Laut_Banda,NOAA_ERDDAP
2023-01,-7.25,127.25,30.06,0.0956,0.3951,-0.1712,0.2142,,,0.2991,WPP_714_Laut_Banda,NOAA_ERDDAP
2023-01,-7.25,127.75,29.922,0.1386,0.2024,-0.1936,0.2152,,,0.3055,WPP_714_Laut_Banda,NOAA_ERDDAP
2023-01,-7.25,128.25,29.804,0.1369,0.2352,-0.08,0.2094,,,0.3102,WPP_714_Laut_Banda,NOAA_ERDDAP
2023-01,-7.25,128.75,29.63,0.0997,0.1175,0.1768,0.203,,,0.3164,WPP_714_Laut_Banda,NOAA_ERDDAP
2023-01,-7.25,129.25,30.136,0.0965,-0.0623,0.2741,0.1886,,,0.2961,WPP_714_Laut_Banda,NOAA_ERDDAP
2023-01,-7.25,129.75,30.596,0.1091,-0.1861,-0.2207,0.1945,,,0.278,WPP_714_Laut_Banda,NOAA_ERDDAP
2023-01,-7.25,130.25,30.343,0.1017,-0.2957,-0.1128,0.209,,,0.2879,WPP_714_Laut_Banda,NOAA_ERDDAP
2023-01,-7.25,130.75,30.178,0.1068,-0.16,-0.1201,0.2211,,,0.2946,WPP_714_Laut_Banda,NOAA_ERDDAP
2023-01,-7.25,131.25,30.116,0.252,-0.1719,-0.134,0.2294,,,0.2999,WPP_714_Laut_Banda,NOAA_ERDDAP
2023-01,-7.25,131.75,29.956,0.0715,,,,,,0.3028,WPP_714_Laut_Banda,NOAA_ERDDAP
2023-01,-6.75,122.25,28.966,0.103,0.4701,-0.1089,0.1744,,,0.343,WPP_714_Laut_Banda,NOAA_ERDDAP
2023-01,-6.75,122.75,28.804,0.119,0.5568,-0.0542,0.1831,,,0.3498,WPP_714_Laut_Banda,NOAA_ERDDAP
2023-01,-6.75,123.25,28.567,0.1393,0.849,0.1544,0.1728,,,0.3597,WPP_714_Laut_Banda,NOAA_ERDDAP
2023-01,-6.75,123.75,28.979,0.1402,0.9864,-0.0415,0.1454,,,0.3432,WPP_714_Laut_Banda,NOAA_ERDDAP
2023-01,-6.75,124.25,28.998,0.1474,0.6221,-0.0102,0.1369,,,0.3426,WPP_714_Laut_Banda,NOAA_ERDDAP
2023-01,-6.75,124.75,28.874,0.1513,0.1045,0.2812,0.107,,,0.3477,WPP_714_Laut_Banda,NOAA_ERDDAP
2023-01,-6.75,125.25,29.193,0.1078,0.1964,0.0094,0.1001,,,0.334,WPP_714_Laut_Banda,NOAA_ERDDAP
2023-01,-6.75,125.75,29.228,0.1021,0.0092,-0.5173,0.1209,,,0.3325,WPP_714_Laut_Banda,NOAA_ERDDAP
2023-01,-6.75,126.25,29.356,0.109,0.2802,-0.2976,0.1787,,,0.3276,WPP_714_Laut_Banda,NOAA_ERDDAP
2023-01,-6.75,126.75,29.447,0.0932,0.3182,-0.2439,0.2003,,,0.3236,WPP_714_Laut_Banda,NOAA_ERDDAP
2023-01,-6.75,127.25,29.741,0.0854,0.2676,-0.4813,0.221,,,0.3117,WPP_714_Laut_Banda,NOAA_ERDDAP
2023-01,-6.75,127.75,29.525,0.0951,0.3218,0.0013,0.2416,,,0.3205,WPP_714_Laut_Banda,NOAA_ERDDAP
2023-01,-6.75,128.25,29.289,0.0853,0.1449,0.0658,0.232,,,0.3298,WPP_714_Laut_Banda,NOAA_ERDDAP
2023-01,-6.75,128.75,29.376,0.0834,0.1169,0.0735,0.2155,,,0.3263,WPP_714_Laut_Banda,NOAA_ERDDAP
2023-01,-6.75,129.25,30.558,0.0984,0.3135,0.1817,0.2041,,,0.2793,WPP_714_Laut_Banda,NOAA_ERDDAP
2023-01,-6.75,129.75,31.092,0.1042,0.5203,0.118,0.2077,,,0.258,WPP_714_Laut_Banda,NOAA_ERDDAP
2023-01,-6.75,130.25,30.587,0.105,0.4924,0.0304,0.2084,,,0.2782,WPP_714_Laut_Banda,NOAA_ERDDAP
2023-01,-6.75,130.75,30.685,0.0966,0.0885,-0.0164,0.2018,,,0.2742,WPP_714_Laut_Banda,NOAA_ERDDAP
2023-01,-6.75,131.25,30.411,0.0915,-0.1675,-0.0963,0.204,,,0.285,WPP_714_Laut_Banda,NOAA_ERDDAP
2023-01,-6.75,131.75,30.045,0.1126,-0.0249,-0.3054,0.2335,,,0.3001,WPP_714_Laut_Banda,NOAA_ERDDAP
2023-01,-6.25,122.25,29.382,0.1051,0.6014,-0.1546,0.2132,,,0.3264,WPP_714_Laut_Banda,NOAA_ERDDAP
2023-01,-6.25,122.75,29.327,0.0961,0.6921,-0.1737,0.2216,,,0.3285,WPP_714_Laut_Banda,NOAA_ERDDAP
2023-01,-6.25,123.25,28.957,0.118,0.7979,0.1455,0.2294,,,0.3437,WPP_714_Laut_Banda,NOAA_ERDDAP
2023-01,-6.25,123.75,29.103,0.1494,0.775,0.0079,0.1934,,,0.3385,WPP_714_Laut_Banda,NOAA_ERDDAP
2023-01,-6.25,124.25,29.059,0.1717,0.4363,0.1938,0.1676,,,0.3407,WPP_714_Laut_Banda,NOAA_ERDDAP
2023-01,-6.25,124.75,29.091,0.1571,0.2814,0.3797,0.1394,,,0.3391,WPP_714_Laut_Banda,NOAA_ERDDAP
2023-01,-6.25,125.25,29.119,0.1274,0.1946,0.2655,0.1141,,,0.3374,WPP_714_Laut_Banda,NOAA_ERDDAP
2023-01,-6.25,125.75,29.209,0.1411,0.1047,-0.3783,0.11,,,0.3341,WPP_714_Laut_Banda,NOAA_ERDDAP
2023-01,-6.25,126.25,29.217,0.1195,-0.0439,-0.2961,0.1686,,,0.3333,WPP_714_Laut_Banda,NOAA_ERDDAP
2023-01,-6.25,126.75,29.502,0.0888,-0.1708,-0.4767,0.2056,,,0.3213,WPP_714_Laut_Banda,NOAA_ERDDAP
2023-01,-6.25,127.25,29.133,0.063,0.0065,-0.2383,0.23,,,0.3356,WPP_714_Laut_Banda,NOAA_ERDDAP
2023-01,-6.25,127.75,29.199,0.0803,-0.0866,-0.0368,0.2431,,,0.3333,WPP_714_Laut_Banda,NOAA_ERDDAP
2023-01,-6.25,128.25,29.669,0.0814,-0.3574,0.0668,0.2446,,,0.3145,WPP_714_Laut_Banda,NOAA_ERDDAP
2023-01,-6.25,128.75,30.081,0.0821,-0.102,0.1741,0.2213,,,0.298,WPP_714_Laut_Banda,NOAA_ERDDAP
2023-01,-6.25,129.25,30.707,0.0905,0.0552,-0.1334,0.2291,,,0.2732,WPP_714_Laut_Banda,NOAA_ERDDAP
2023-01,-6.25,129.75,30.81,0.1003,0.3224,-0.3044,0.2428,,,0.2692,WPP_714_Laut_Banda,NOAA_ERDDAP
2023-01,-6.25,130.25,30.417,0.0939,0.6028,0.0937,0.2511,,,0.2848,WPP_714_Laut_Banda,NOAA_ERDDAP
2023-01,-6.25,130.75,30.368,0.0871,0.4033,0.4788,0.2271,,,0.2866,WPP_714_Laut_Banda,NOAA_ERDDAP
2023-01,-6.25,131.25,30.019,0.0868,0.4351,-0.1237,0.229,,,0.3006,WPP_714_Laut_Banda,NOAA_ERDDAP
2023-01,-6.25,131.75,29.566,0.0985,0.1939,-0.2018,0.2398,,,0.3189,WPP_714_Laut_Banda,NOAA_ERDDAP
2023-01,-5.75,122.25,30.116,0.1162,0.3785,-0.2864,0.2297,,,0.2973,WPP_714_Laut_Banda,NOAA_ERDDAP
2023-01,-5.75,122.75,29.777,0.1036,0.0197,-0.1349,0.254,,,0.3106,WPP_714_Laut_Banda,NOAA_ERDDAP
2023-01,-5.75,123.25,29.767,0.1059,0.127,-0.0222,0.2656,,,0.3111,WPP_714_Laut_Banda,NOAA_ERDDAP
2023-01,-5.75,123.75,29.587,0.4149,0.0757,0.22,0.2352,,,0.3243,WPP_714_Laut_Banda,NOAA_ERDDAP
2023-01,-5.75,124.25,29.173,0.1605,0.4949,0.2443,0.1901,,,0.3359,WPP_714_Laut_Banda,NOAA_ERDDAP
2023-01,-5.75,124.75,29.278,0.1856,0.4076,0.4937,0.1555,,,0.3322,WPP_714_Laut_Banda,NOAA_ERDDAP
2023-01,-5.75,125.25,29.459,0.118,0.4694,0.2272,0.1438,,,0.3236,WPP_714_Laut_Banda,NOAA_ERDDAP
2023-01,-5.75,125.75,29.155,0.1253,0.5658,-0.1647,0.1389,,,0.3359,WPP_714_Laut_Banda,NOAA_ERDDAP
2023-01,-5.75,126.25,29.205,0.1577,0.0808,-0.263,0.1639,,,0.3345,WPP_714_Laut_Banda,NOAA_ERDDAP
2023-01,-5.75,126.75,29.412,0.1046,-0.2981,-0.163,0.1964,,,0.3252,WPP_714_Laut_Banda,NOAA_ERDDAP
2023-01,-5.75,127.25,29.599,0.0867,-0.3507,-0.4287,0.2144,,,0.3174,WPP_714_Laut_Banda,NOAA_ERDDAP
2023-01,-5.75,127.75,29.793,0.0874,-0.4723,0.2498,0.2268,,,0.3097,WPP_714_Laut_Banda,NOAA_ERDDAP
2023-01,-5.75,128.25,29.627,0.0855,-0.1893,0.0603,0.2239,,,0.3163,WPP_714_Laut_Banda,NOAA_ERDDAP
2023-01,-5.75,128.75,30.013,0.0806,-0.3129,-0.1825,0.2148,,,0.3007,WPP_714_Laut_Banda,NOAA_ERDDAP
2023-01,-5.75,129.25,30.43,0.0745,-0.0309,-0.5283,0.2411,,,0.2839,WPP_714_Laut_Banda,NOAA_ERDDAP
2023-01,-5.75,129.75,30.568,0.0961,0.3079,-0.3995,0.2735,,,0.2788,WPP_714_Laut_Banda,NOAA_ERDDAP
2023-01,-5.75,130.25,29.867,0.0916,0.0285,0.0514,0.2787,,,0.3068,WPP_714_Laut_Banda,NOAA_ERDDAP
2023-01,-5.75,130.75,29.737,0.0842,0.5012,0.4295,0.2725,,,0.3118,WPP_714_Laut_Banda,NOAA_ERDDAP
2023-01,-5.75,131.25,29.801,0.051,0.6467,-0.023,0.2749,,,0.3086,WPP_714_Laut_Banda,NOAA_ERDDAP
2023-01,-5.75,131.75,30.013,0.0657,0.5005,-0.0736,0.2773,,,0.3004,WPP_714_Laut_Banda,NOAA_ERDDAP
2023-01,-5.25,122.25,30.656,0.1524,-0.348,-0.2513,0.255,,,0.2764,WPP_714_Laut_Banda,NOAA_ERDDAP
2023-01,-5.25,123.25,29.48,0.156,-0.2466,-0.124,0.2253,,,0.3235,WPP_714_Laut_Banda,NOAA_ERDDAP
2023-01,-5.25,123.75,29.831,0.1496,-0.2466,0.2717,0.1911,,,0.3093,WPP_714_Laut_Banda,NOAA_ERDDAP
2023-01,-5.25,124.25,29.528,0.1883,-0.3124,0.079,0.1886,,,0.3222,WPP_714_Laut_Banda,NOAA_ERDDAP
2023-01,-5.25,124.75,29.198,0.1856,0.3468,0.2835,0.2031,,,0.3354,WPP_714_Laut_Banda,NOAA_ERDDAP
2023-01,-5.25,125.25,29.097,0.1891,0.4316,0.2415,0.2064,,,0.3395,WPP_714_Laut_Banda,NOAA_ERDDAP
2023-01,-5.25,125.75,29.551,0.1299,0.1255,0.0322,0.1948,,,0.3202,WPP_714_Laut_Banda,NOAA_ERDDAP
2023-01,-5.25,126.25,29.441,0.134,0.0888,0.047,0.1876,,,0.3246,WPP_714_Laut_Banda,NOAA_ERDDAP
2023-01,-5.25,126.75,29.746,0.1053,0.0006,-0.0911,0.1908,,,0.3119,WPP_714_Laut_Banda,NOAA_ERDDAP
2023-01,-5.25,127.25,29.711,0.0986,-0.0575,-0.3102,0.2156,,,0.3132,WPP_714_Laut_Banda,NOAA_ERDDAP
2023-01,-5.25,127.75,29.654,0.1171,-0.1315,0.0303,0.2212,,,0.3158,WPP_714_Laut_Banda,NOAA_ERDDAP
2023-01,-5.25,128.25,29.426,0.1049,-0.016,-0.1319,0.2126,,,0.3247,WPP_714_Laut_Banda,NOAA_ERDDAP
2023-01,-5.25,128.75,30.099,0.0927,0.2684,-0.3828,0.2137,,,0.2975,WPP_714_Laut_Banda,NOAA_ERDDAP
2023-01,-5.25,129.25,29.998,0.0812,0.3691,-0.6044,0.2602,,,0.3013,WPP_714_Laut_Banda,NOAA_ERDDAP
2023-01,-5.25,129.75,29.841,0.0882,0.1689,-0.2352,0.2984,,,0.3077,WPP_714_Laut_Banda,NOAA_ERDDAP
2023-01,-5.25,130.25,29.708,0.092,0.1584,-0.0194,0.2983,,,0.3131,WPP_714_Laut_Banda,NOAA_ERDDAP
2023-01,-5.25,130.75,29.933,0.09,0.0508,0.2886,0.2989,,,0.3041,WPP_714_Laut_Banda,NOAA_ERDDAP
2023-01,-5.25,131.25,30.102,0.0957,-0.0009,-0.0574,0.2945,,,0.2975,WPP_714_Laut_Banda,NOAA_ERDDAP
2023-01,-5.25,131.75,29.702,0.1131,0.2278,-0.114,0.299,,,0.3138,WPP_714_Laut_Banda,NOAA_ERDDAP
2023-01,-4.75,122.25,30.744,0.971,-0.5955,-0.4579,0.2028,,,0.2889,WPP_714_Laut_Banda,NOAA_ERDDAP
2023-01,-4.75,122.75,30.677,0.191,,,,,,0.2763,WPP_714_Laut_Banda,NOAA_ERDDAP
2023-01,-4.75,123.25,30.301,0.12,-0.2129,0.3282,0.207,,,0.29,WPP_714_Laut_Banda,NOAA_ERDDAP
2023-01,-4.75,123.75,30.137,0.1093,-0.2376,0.0462,0.1943,,,0.2963,WPP_714_Laut_Banda,NOAA_ERDDAP
2023-01,-4.75,124.25,29.614,0.1006,0.11,-0.015,0.1869,,,0.3171,WPP_714_Laut_Banda,NOAA_ERDDAP
2023-01,-4.75,124.75,29.582,0.1184,0.1508,-0.3901,0.2099,,,0.3187,WPP_714_Laut_Banda,NOAA_ERDDAP
2023-01,-4.75,125.25,29.559,0.1519,-0.0103,0.3795,0.2195,,,0.3203,WPP_714_Laut_Banda,NOAA_ERDDAP
2023-01,-4.75,125.75,29.531,0.1468,0.1846,0.2667,0.2187,,,0.3213,WPP_714_Laut_Banda,NOAA_ERDDAP
2023-01,-4.75,126.25,29.662,0.1199,-0.0448,0.1172,0.207,,,0.3155,WPP_714_Laut_Banda,NOAA_ERDDAP
2023-01,-4.75,126.75,29.494,0.1062,0.1018,-0.0801,0.2169,,,0.322,WPP_714_Laut_Banda,NOAA_ERDDAP
2023-01,-4.75,127.25,29.954,0.1016,-0.2964,-0.1246,0.2225,,,0.3035,WPP_714_Laut_Banda,NOAA_ERDDAP
2023-01,-4.75,127.75,30.184,0.0949,-0.163,-0.0193,0.2196,,,0.2942,WPP_714_Laut_Banda,NOAA_ERDDAP
2023-01,-4.75,128.25,29.638,0.0931,-0.2487,-0.0147,0.2246,,,0.316,WPP_714_Laut_Banda,NOAA_ERDDAP
2023-01,-4.75,128.75,30.122,0.0902,-0.0298,-0.7139,0.2596,,,0.2965,WPP_714_Laut_Banda,NOAA_ERDDAP
2023-01,-4.75,129.25,29.807,0.0799,-0.2631,-0.5549,0.2705,,,0.3089,WPP_714_Laut_Banda,NOAA_ERDDAP
2023-01,-4.75,129.75,29.844,0.1011,-0.1885,-0.3091,0.3024,,,0.3079,WPP_714_Laut_Banda,NOAA_ERDDAP
2023-01,-4.75,130.25,29.943,0.08,-0.0525,-0.1127,0.2987,,,0.3035,WPP_714_Laut_Banda,NOAA_ERDDAP
2023-01,-4.75,130.75,30.211,0.0778,0.0692,0.152,0.3036,,,0.2927,WPP_714_Laut_Banda,NOAA_ERDDAP
2023-01,-4.75,131.25,30.559,0.0785,0.1437,-0.0521,0.3047,,,0.2788,WPP_714_Laut_Banda,NOAA_ERDDAP
2023-01,-4.75,131.75,29.971,0.1004,-0.1291,0.0577,0.2896,,,0.3028,WPP_714_Laut_Banda,NOAA_ERDDAP
2023-01,-4.25,123.25,30.07,0.1369,-0.0872,-0.0341,0.2145,,,0.2995,WPP_714_Laut_Banda,NOAA_ERDDAP
2023-01,-4.25,123.75,29.854,0.1009,0.0274,0.1415,0.2107,,,0.3075,WPP_714_Laut_Banda,NOAA_ERDDAP
2023-01,-4.25,124.25,29.859,0.1086,0.2693,-0.203,0.2052,,,0.3074,WPP_714_Laut_Banda,NOAA_ERDDAP
2023-01,-4.25,124.75,29.674,0.0918,-0.0152,-0.2879,0.2441,,,0.3145,WPP_714_Laut_Banda,NOAA_ERDDAP
2023-01,-4.25,125.25,30.045,0.0998,0.3547,0.3897,0.2449,,,0.2998,WPP_714_Laut_Banda,NOAA_ERDDAP
2023-01,-4.25,125.75,30.005,0.1051,0.3835,0.3647,0.2389,,,0.3015,WPP_714_Laut_Banda,NOAA_ERDDAP
2023-01,-4.25,126.25,29.925,0.0964,0.3818,-0.0008,0.2289,,,0.3045,WPP_714_Laut_Banda,NOAA_ERDDAP
2023-01,-4.25,126.75,29.903,0.0798,0.2252,0.1364,0.216,,,0.3051,WPP_714_Laut_Banda,NOAA_ERDDAP
2023-01,-4.25,127.25,30.642,0.0753,0.1011,0.1169,0.2253,,,0.2755,WPP_714_Laut_Banda,NOAA_ERDDAP
2023-01,-4.25,127.75,30.188,0.0811,0.2262,-0.1391,0.2144,,,0.2937,WPP_714_Laut_Banda,NOAA_ERDDAP
2023-01,-4.25,128.25,30.358,0.0844,0.2025,-0.1103,0.2225,,,0.287,WPP_714_Laut_Banda,NOAA_ERDDAP
2023-01,-4.25,128.75,30.442,0.0875,-0.0131,-0.6693,0.2486,,,0.2837,WPP_714_Laut_Banda,NOAA_ERDDAP
2023-01,-4.25,129.25,30.441,0.104,-0.1954,-0.6502,0.3057,,,0.2841,WPP_714_Laut_Banda,NOAA_ERDDAP
2023-01,-4.25,129.75,30.122,0.0986,-0.3604,-0.3563,0.3025,,,0.2967,WPP_714_Laut_Banda,NOAA_ERDDAP
2023-01,-4.25,130.25,30.206,0.0819,-0.1557,-0.1318,0.3092,,,0.293,WPP_714_Laut_Banda,NOAA_ERDDAP
2023-01,-4.25,130.75,30.194,0.0786,-0.1395,0.002,0.3131,,,0.2934,WPP_714_Laut_Banda,NOAA_ERDDAP
2023-01,-4.25,131.25,30.454,0.0883,-0.0428,0.126,0.307,,,0.2832,WPP_714_Laut_Banda,NOAA_ERDDAP
2023-01,-4.25,131.75,29.85,0.0872,-0.1628,0.1122,0.2892,,,0.3074,WPP_714_Laut_Banda,NOAA_ERDDAP
2023-01,-3.75,122.25,30.738,0.4478,,,,,,0.2789,WPP_714_Laut_Banda,NOAA_ERDDAP
2023-01,-3.75,122.75,30.336,0.3426,-0.0578,-0.1221,0.2154,,,0.2929,WPP_714_Laut_Banda,NOAA_ERDDAP
2023-01,-3.75,123.25,30.595,0.1133,-0.0106,-0.137,0.2257,,,0.2781,WPP_714_Laut_Banda,NOAA_ERDDAP
2023-01,-3.75,123.75,30.064,0.0666,0.2391,0.0002,0.2133,,,0.2984,WPP_714_Laut_Banda,NOAA_ERDDAP
2023-01,-3.75,124.25,29.808,0.0915,-0.0739,-0.1461,0.2203,,,0.3091,WPP_714_Laut_Banda,NOAA_ERDDAP
2023-01,-3.75,124.75,29.882,0.1006,-0.2629,-0.0312,0.2475,,,0.3063,WPP_714_Laut_Banda,NOAA_ERDDAP
2023-01,-3.75,125.25,29.826,0.1126,-0.0997,-0.0096,0.2585,,,0.3088,WPP_714_Laut_Banda,NOAA_ERDDAP
2023-01,-3.75,125.75,29.954,0.1019,0.1171,0.2457,0.2469,,,0.3035,WPP_714_Laut_Banda,NOAA_ERDDAP
2023-01,-3.75,126.25,30.458,0.1003,0.4605,0.0003,0.2471,,,0.2833,WPP_714_Laut_Banda,NOAA_ERDDAP
2023-01,-3.75,126.75,29.787,0.0795,0.2169,0.3503,0.2522,,,0.3097,WPP_714_Laut_Banda,NOAA_ERDDAP
2023-01,-3.75,127.25,29.828,0.098,0.7477,-0.14,0.2589,,,0.3085,WPP_714_Laut_Banda,NOAA_ERDDAP
2023-01,-3.75,127.75,29.839,0.1285,0.2729,0.2232,0.2758,,,0.3086,WPP_714_Laut_Banda,NOAA_ERDDAP
2023-01,-3.75,128.25,30.334,0.1188,0.2133,-0.3102,0.282,,,0.2886,WPP_714_Laut_Banda,NOAA_ERDDAP
2023-01,-3.75,128.75,30.46,0.1052,-0.3045,-0.0987,0.2379,,,0.2833,WPP_714_Laut_Banda,NOAA_ERDDAP
2023-01,-3.75,129.25,30.453,0.0881,-0.4462,-0.6343,0.2868,,,0.2833,WPP_714_Laut_Banda,NOAA_ERDDAP
2023-01,-3.75,129.75,30.647,0.0799,-0.1919,-0.6008,0.2981,,,0.2753,WPP_714_Laut_Banda,NOAA_ERDDAP
2023-01,-3.75,130.25,30.851,0.0987,-0.1968,-0.1036,0.3044,,,0.2676,WPP_714_Laut_Banda,NOAA_ERDDAP
2023-01,-3.75,130.75,30.407,0.12,-0.472,-0.0929,0.3093,,,0.2857,WPP_714_Laut_Banda,NOAA_ERDDAP
2023-01,-3.75,131.25,30.501,0.1222,-0.3463,0.1151,0.3067,,,0.282,WPP_714_Laut_Banda,NOAA_ERDDAP
2023-01,-3.75,131.75,29.81,0.0917,-0.228,0.0495,0.2781,,,0.3091,WPP_714_Laut_Banda,NOAA_ERDDAP
2023-01,-3.25,122.25,30.526,0.2771,,,,,,0.284,WPP_714_Laut_Banda,NOAA_ERDDAP
2023-01,-3.25,122.75,30.619,0.2805,-0.2973,0.0735,0.1813,,,0.2804,WPP_714_Laut_Banda,NOAA_ERDDAP
2023-01,-3.25,123.25,30.336,0.101,-0.0282,-0.4781,0.2195,,,0.2882,WPP_714_Laut_Banda,NOAA_ERDDAP
2023-01,-3.25,123.75,30.297,0.0698,0.2669,-0.2425,0.2408,,,0.2891,WPP_714_Laut_Banda,NOAA_ERDDAP
2023-01,-3.25,124.25,29.953,0.067,0.3673,-0.0316,0.2454,,,0.3029,WPP_714_Laut_Banda,NOAA_ERDDAP
2023-01,-3.25,124.75,29.736,0.0771,0.3577,0.1752,0.2472,,,0.3117,WPP_714_Laut_Banda,NOAA_ERDDAP
2023-01,-3.25,125.25,29.608,0.0871,-0.2146,0.1525,0.2563,,,0.317,WPP_714_Laut_Banda,NOAA_ERDDAP
2023-01,-3.25,125.75,29.749,0.1593,-0.3161,0.1161,0.2616,,,0.3128,WPP_714_Laut_Banda,NOAA_ERDDAP
2023-01,-3.25,126.25,29.875,0.1696,,,,,,0.308,WPP_714_Laut_Banda,NOAA_ERDDAP
2023-01,-3.25,127.25,29.819,0.1929,,,,,,0.3107,WPP_714_Laut_Banda,NOAA_ERDDAP
2023-01,-3.25,127.75,30.05,0.1761,-0.3656,0.2563,0.3072,,,0.3011,WPP_714_Laut_Banda,NOAA_ERDDAP
2023-01,-3.25,128.25,30.351,0.2714,-0.3974,0.3633,0.2847,,,0.2909,WPP_714_Laut_Banda,NOAA_ERDDAP
2023-01,-3.25,128.75,30.765,0.1254,,,,,,0.2715,WPP_714_Laut_Banda,NOAA_ERDDAP
2023-01,-3.25,129.25,30.488,0.1219,-0.3894,-0.4978,0.2569,,,0.2825,WPP_714_Laut_Banda,NOAA_ERDDAP
2023-01,-3.25,129.75,30.357,0.1232,-0.9079,-0.4698,0.2789,,,0.2878,WPP_714_Laut_Banda,NOAA_ERDDAP
2023-01,-3.25,130.75,31.022,0.5587,-0.872,-0.069,0.2774,,,0.2697,WPP_714_Laut_Banda,NOAA_ERDDAP
2023-01,-3.25,131.25,31.697,0.1262,-0.8899,-0.0284,0.2705,,,0.2342,WPP_714_Laut_Banda,NOAA_ERDDAP
2023-01,-3.25,131.75,31.514,0.1378,-0.0709,-0.2758,0.2623,,,0.2418,WPP_714_Laut_Banda,NOAA_ERDDAP
2023-01,-2.75,122.25,30.764,0.1503,,,,,,0.272,WPP_714_Laut_Banda,NOAA_ERDDAP
2023-01,-2.75,122.75,30.794,0.1046,-0.3391,-0.2856,0.1832,,,0.2699,WPP_714_Laut_Banda,NOAA_ERDDAP
2023-01,-2.75,123.25,30.526,0.0823,-0.0864,-0.632,0.2438,,,0.2802,WPP_714_Laut_Banda,NOAA_ERDDAP
2023-01,-2.75,123.75,30.55,0.0723,-0.0394,-0.5168,0.267,,,0.2791,WPP_714_Laut_Banda,NOAA_ERDDAP
2023-01,-2.75,124.25,29.964,0.0718,0.3323,-0.0192,0.2746,,,0.3025,WPP_714_Laut_Banda,NOAA_ERDDAP
2023-01,-2.75,124.75,30.068,0.0806,0.3557,0.4016,0.2627,,,0.2985,WPP_714_Laut_Banda,NOAA_ERDDAP
2023-01,-2.75,125.25,29.645,0.0907,0.1577,0.574,0.2621,,,0.3156,WPP_714_Laut_Banda,NOAA_ERDDAP
2023-01,-2.75,125.75,30.152,0.0969,-0.4202,0.4253,0.2593,,,0.2955,WPP_714_Laut_Banda,NOAA_ERDDAP
2023-01,-2.75,126.25,30.252,0.1532,-0.7629,0.3799,0.2431,,,0.2926,WPP_714_Laut_Banda,NOAA_ERDDAP
2023-01,-2.75,126.75,30.214,0.1644,-0.665,0.0131,0.2225,,,0.2943,WPP_714_Laut_Banda,NOAA_ERDDAP
2023-01,-2.75,127.25,30.353,0.1644,-0.7799,-0.1294,0.1991,,,0.2888,WPP_714_Laut_Banda,NOAA_ERDDAP
2023-01,-2.75,127.75,30.286,0.1792,-0.6477,-0.2894,0.2236,,,0.2917,WPP_714_Laut_Banda,NOAA_ERDDAP
2023-01,-2.75,128.25,30.391,0.1769,-0.4389,-0.0255,0.2537,,,0.2875,WPP_714_Laut_Banda,NOAA_ERDDAP
2023-01,-2.75,128.75,30.317,0.2157,-0.3959,0.0153,0.261,,,0.2912,WPP_714_Laut_Banda,NOAA_ERDDAP
2023-01,-2.75,129.25,30.711,0.1784,-0.6664,0.2216,0.2697,,,0.2747,WPP_714_Laut_Banda,NOAA_ERDDAP
2023-01,-2.75,129.75,30.838,0.2113,,,,,,0.2703,WPP_714_Laut_Banda,NOAA_ERDDAP
2023-01,-2.75,130.25,30.764,0.1753,-1.0553,-0.4458,0.2202,,,0.2725,WPP_714_Laut_Banda,NOAA_ERDDAP
2023-01,-2.75,130.75,31.164,0.1756,-0.7735,-0.2775,0.229,,,0.2565,WPP_714_Laut_Banda,NOAA_ERDDAP
2023-01,-2.75,131.25,31.302,0.2087,-0.62,-0.4296,0.2372,,,0.2517,WPP_714_Laut_Banda,NOAA_ERDDAP
2023-01,-2.75,131.75,30.78,0.3686,-0.8982,-0.2506,0.2527,,,0.2757,WPP_714_Laut_Banda,NOAA_ERDDAP
2023-01,-2.25,122.25,31.53,0.111,-0.4348,-0.2067,0.169,,,0.2406,WPP_714_Laut_Banda,NOAA_ERDDAP
2023-01,-2.25,122.75,30.833,0.1751,-0.3352,-0.5917,0.1835,,,0.2698,WPP_714_Laut_Banda,NOAA_ERDDAP
2023-01,-2.25,123.25,30.314,0.335,-0.2804,-0.589,0.2425,,,0.2936,WPP_714_Laut_Banda,NOAA_ERDDAP
2023-01,-2.25,123.75,30.338,0.0873,-0.2876,-0.5313,0.2751,,,0.2878,WPP_714_Laut_Banda,NOAA_ERDDAP
2023-01,-2.25,124.25,30.028,0.1036,-0.3347,-0.0301,0.2944,,,0.3006,WPP_714_Laut_Banda,NOAA_ERDDAP
2023-01,-2.25,124.75,30.297,0.0753,-0.1147,0.3213,0.2968,,,0.2893,WPP_714_Laut_Banda,NOAA_ERDDAP
2023-01,-2.25,125.25,30.305,0.0653,0.0869,0.8111,0.2827,,,0.2887,WPP_714_Laut_Banda,NOAA_ERDDAP
2023-01,-2.25,125.75,30.122,0.0998,-0.0131,0.767,0.234,,,0.2967,WPP_714_Laut_Banda,NOAA_ERDDAP
2023-01,-2.25,126.25,30.024,0.1473,-0.0737,0.5124,0.2156,,,0.3016,WPP_714_Laut_Banda,NOAA_ERDDAP
2023-01,-2.25,126.75,30.462,0.1506,0.0884,-0.2511,0.2057,,,0.2841,WPP_714_Laut_Banda,NOAA_ERDDAP
2023-01,-2.25,127.25,30.568,0.1604,0.1564,-0.163,0.2059,,,0.2801,WPP_714_Laut_Banda,NOAA_ERDDAP
2023-01,-2.25,127.75,30.479,0.17,0.2174,-0.2197,0.2234,,,0.2838,WPP_714_Laut_Banda,NOAA_ERDDAP
2023-01,-2.25,128.25,30.291,0.1872,-0.1222,0.1112,0.2512,,,0.2917,WPP_714_Laut_Banda,NOAA_ERDDAP
2023-01,-2.25,128.75,30.357,0.196,-0.4673,0.2361,0.2478,,,0.2892,WPP_714_Laut_Banda,NOAA_ERDDAP
2023-01,-2.25,129.25,30.547,0.1714,-0.5293,0.1116,0.236,,,0.2811,WPP_714_Laut_Banda,NOAA_ERDDAP
2023-01,-2.25,129.75,30.749,0.1767,-0.6776,-0.2417,0.1962,,,0.2732,WPP_714_Laut_Banda,NOAA_ERDDAP
2023-01,-2.25,130.25,30.601,0.1826,-0.4613,-0.5031,0.2035,,,0.2792,WPP_714_Laut_Banda,NOAA_ERDDAP
2023-01,-2.25,130.75,30.703,0.1521,-0.4718,-0.3392,0.2227,,,0.2745,WPP_714_Laut_Banda,NOAA_ERDDAP
2023-01,-2.25,131.25,30.775,0.2295,-0.5695,-0.3381,0.2336,,,0.2731,WPP_714_Laut_Banda,NOAA_ERDDAP
2023-01,-2.25,131.75,31.22,1.1166,-0.6743,-0.0844,0.2648,,,0.2727,WPP_714_Laut_Banda,NOAA_ERDDAP
2023-02,-7.75,122.25,28.23,0.1396,-0.0653,-0.752,0.2193,,,0.3732,WPP_714_Laut_Banda,NOAA_ERDDAP
2023-02,-7.75,122.75,28.248,0.1389,-0.453,-0.0833,0.2437,,,0.3725,WPP_714_Laut_Banda,NOAA_ERDDAP
2023-02,-7.75,123.25,28.372,0.1265,-1.4423,0.1462,0.2586,,,0.3673,WPP_714_Laut_Banda,NOAA_ERDDAP
2023-02,-7.75,123.75,28.189,0.1563,-1.6883,0.19,0.2239,,,0.3752,WPP_714_Laut_Banda,NOAA_ERDDAP
2023-02,-7.75,124.25,28.538,0.1383,-0.6547,0.0896,0.1724,,,0.3608,WPP_714_Laut_Banda,NOAA_ERDDAP
2023-02,-7.75,124.75,28.881,0.0961,-0.6438,-0.347,0.2146,,,0.3463,WPP_714_Laut_Banda,NOAA_ERDDAP
2023-02,-7.75,125.25,28.558,0.1228,0.6216,0.3465,0.2016,,,0.3597,WPP_714_Laut_Banda,NOAA_ERDDAP
2023-02,-7.75,125.75,28.614,0.1036,1.2468,0.2732,0.1712,,,0.3571,WPP_714_Laut_Banda,NOAA_ERDDAP
2023-02,-7.75,126.25,28.619,0.088,0.9973,-0.0185,0.1596,,,0.3566,WPP_714_Laut_Banda,NOAA_ERDDAP
2023-02,-7.75,126.75,29.925,0.0823,0.6229,-0.4384,0.1732,,,0.3043,WPP_714_Laut_Banda,NOAA_ERDDAP
2023-02,-7.75,127.25,30.086,0.1005,-0.1593,-0.1192,0.1824,,,0.2982,WPP_714_Laut_Banda,NOAA_ERDDAP
2023-02,-7.75,128.75,28.578,0.0624,-0.0958,-0.0907,0.1473,,,0.3578,WPP_714_Laut_Banda,NOAA_ERDDAP
2023-02,-7.25,122.25,28.433,0.121,0.3505,-0.1323,0.1766,,,0.3647,WPP_714_Laut_Banda,NOAA_ERDDAP
2023-02,-7.25,122.75,28.788,0.135,0.2643,-0.1163,0.1972,,,0.3508,WPP_714_Laut_Banda,NOAA_ERDDAP
2023-02,-7.25,123.25,28.163,0.1276,0.2984,-0.0237,0.1837,,,0.3756,WPP_714_Laut_Banda,NOAA_ERDDAP
2023-02,-7.25,123.75,28.278,0.1326,0.489,0.7136,0.1521,,,0.3711,WPP_714_Laut_Banda,NOAA_ERDDAP
2023-02,-7.25,124.25,28.714,0.1308,0.6745,-0.1842,0.1346,,,0.3537,WPP_714_Laut_Banda,NOAA_ERDDAP
2023-02,-7.25,124.75,28.835,0.1174,0.2987,-0.6516,0.1348,,,0.3486,WPP_714_Laut_Banda,NOAA_ERDDAP
2023-02,-7.25,125.25,28.951,0.1215,-0.7631,-0.195,0.1885,,,0.344,WPP_714_Laut_Banda,NOAA_ERDDAP
2023-02,-7.25,125.75,28.501,0.1155,-0.5967,0.3436,0.1754,,,0.3619,WPP_714_Laut_Banda,NOAA_ERDDAP
2023-02,-7.25,126.25,29.296,0.0698,-0.2814,0.1034,0.165,,,0.3292,WPP_714_Laut_Banda,NOAA_ERDDAP
2023-02,-7.25,128.25,29.352,0.1213,0.4149,0.0167,0.16,,,0.328,WPP_714_Laut_Banda,NOAA_ERDDAP
2023-02,-7.25,128.75,28.592,0.085,0.252,0.1846,0.1461,,,0.3576,WPP_714_Laut_Banda,NOAA_ERDDAP
2023-02,-7.25,129.25,28.498,0.0918,0.0291,-0.161,0.1478,,,0.3615,WPP_714_Laut_Banda,NOAA_ERDDAP
2023-02,-7.25,129.75,28.594,0.0841,-0.0642,-0.15,0.162,,,0.3575,WPP_714_Laut_Banda,NOAA_ERDDAP
2023-02,-6.75,122.25,28.643,0.1061,0.3563,0.0792,0.2035,,,0.356,WPP_714_Laut_Banda,NOAA_ERDDAP
2023-02,-6.75,122.75,28.633,0.1088,0.349,-0.3278,0.1859,,,0.3565,WPP_714_Laut_Banda,NOAA_ERDDAP
2023-02,-6.75,123.25,28.862,0.123,0.4222,-0.0896,0.2066,,,0.3476,WPP_714_Laut_Banda,NOAA_ERDDAP
2023-02,-6.75,123.75,28.783,0.1396,1.0669,0.0401,0.1947,,,0.3511,WPP_714_Laut_Banda,NOAA_ERDDAP
2023-02,-6.75,124.25,28.766,0.1292,0.9409,-0.0788,0.1919,,,0.3515,WPP_714_Laut_Banda,NOAA_ERDDAP
2023-02,-6.75,124.75,28.742,0.1107,0.8165,0.216,0.1661,,,0.3521,WPP_714_Laut_Banda,NOAA_ERDDAP
2023-02,-6.75,125.25,28.672,0.0977,0.7693,0.1259,0.1423,,,0.3547,WPP_714_Laut_Banda,NOAA_ERDDAP
2023-02,-6.75,125.75,28.839,0.0793,0.359,0.3956,0.0948,,,0.3477,WPP_714_Laut_Banda,NOAA_ERDDAP
2023-02,-6.75,126.25,28.64,0.099,0.5001,-0.2684,0.1105,,,0.356,WPP_714_Laut_Banda,NOAA_ERDDAP
2023-02,-6.75,129.25,28.233,0.1058,0.4759,0.0673,0.1851,,,0.3724,WPP_714_Laut_Banda,NOAA_ERDDAP
2023-02,-6.75,130.75,28.889,0.083,0.0476,0.1346,0.157,,,0.3457,WPP_714_Laut_Banda,NOAA_ERDDAP
2023-02,-6.75,131.25,29.096,0.0957,-0.178,-0.0715,0.174,,,0.3377,WPP_714_Laut_Banda,NOAA_ERDDAP
2023-02,-6.75,131.75,28.94,0.1625,-0.0333,-0.1623,0.1871,,,0.3452,WPP_714_Laut_Banda,NOAA_ERDDAP
2023-02,-6.25,122.25,29.043,0.1032,0.4327,0.043,0.2213,,,0.34,WPP_714_Laut_Banda,NOAA_ERDDAP
2023-02,-6.25,122.75,29.371,0.1115,0.3588,0.0745,0.2106,,,0.327,WPP_714_Laut_Banda,NOAA_ERDDAP
2023-02,-6.25,123.25,28.993,0.1106,0.4418,-0.4961,0.2229,,,0.3421,WPP_714_Laut_Banda,NOAA_ERDDAP
2023-02,-6.25,123.75,28.692,0.1133,0.4001,-0.2776,0.2459,,,0.3542,WPP_714_Laut_Banda,NOAA_ERDDAP
2023-02,-6.25,124.25,28.825,0.1049,0.5217,0.2923,0.2502,,,0.3487,WPP_714_Laut_Banda,NOAA_ERDDAP
2023-02,-6.25,124.75,28.643,0.0861,0.1977,0.3508,0.2001,,,0.3556,WPP_714_Laut_Banda,NOAA_ERDDAP
2023-02,-6.25,125.25,28.645,0.065,0.3087,0.5012,0.1854,,,0.3551,WPP_714_Laut_Banda,NOAA_ERDDAP
2023-02,-6.25,125.75,28.272,0.1346,0.5407,-0.0863,0.1632,,,0.3714,WPP_714_Laut_Banda,NOAA_ERDDAP
2023-02,-6.25,126.25,28.942,0.0805,0.7021,-0.3645,0.1793,,,0.3436,WPP_714_Laut_Banda,NOAA_ERDDAP
2023-02,-6.25,126.75,28.896,0.1016,0.714,-0.4104,0.2068,,,0.3458,WPP_714_Laut_Banda,NOAA_ERDDAP
2023-02,-6.25,127.25,29.441,0.0968,0.3996,-0.1648,0.2407,,,0.3239,WPP_714_Laut_Banda,NOAA_ERDDAP
2023-02,-6.25,127.75,29.572,0.085,0.2844,0.0082,0.2489,,,0.3184,WPP_714_Laut_Banda,NOAA_ERDDAP
2023-02,-6.25,129.25,28.722,0.0748,0.4345,0.2572,0.2232,,,0.3522,WPP_714_Laut_Banda,NOAA_ERDDAP
2023-02,-6.25,129.75,28.879,0.0769,0.3451,0.1304,0.2157,,,0.346,WPP_714_Laut_Banda,NOAA_ERDDAP
2023-02,-6.25,130.25,28.921,0.086,0.2677,0.1655,0.1896,,,0.3445,WPP_714_Laut_Banda,NOAA_ERDDAP
2023-02,-6.25,130.75,28.802,0.0851,0.1323,0.0458,0.1853,,,0.3492,WPP_714_Laut_Banda,NOAA_ERDDAP
2023-02,-6.25,131.25,28.932,0.0825,0.5175,0.0609,0.193,,,0.344,WPP_714_Laut_Banda,NOAA_ERDDAP
2023-02,-6.25,131.75,29.129,0.1096,0.1874,-0.2931,0.2036,,,0.3366,WPP_714_Laut_Banda,NOAA_ERDDAP
2023-02,-5.75,122.25,29.646,0.1236,0.2935,-0.1496,0.2253,,,0.3162,WPP_714_Laut_Banda,NOAA_ERDDAP
2023-02,-5.75,122.75,30.159,0.1198,0.2815,-0.0972,0.2399,,,0.2956,WPP_714_Laut_Banda,NOAA_ERDDAP
2023-02,-5.75,123.25,29.433,0.1203,-0.0384,-0.2709,0.2314,,,0.3247,WPP_714_Laut_Banda,NOAA_ERDDAP
2023-02,-5.75,123.75,28.86,0.6111,0.0558,-0.1433,0.2438,,,0.3572,WPP_714_Laut_Banda,NOAA_ERDDAP
2023-02,-5.75,124.25,28.452,0.0916,0.0051,0.2022,0.2513,,,0.3634,WPP_714_Laut_Banda,NOAA_ERDDAP
2023-02,-5.75,124.75,28.694,0.0999,0.4487,0.2606,0.2502,,,0.3539,WPP_714_Laut_Banda,NOAA_ERDDAP
2023-02,-5.75,125.25,28.09,0.1078,0.4582,0.1387,0.2137,,,0.3782,WPP_714_Laut_Banda,NOAA_ERDDAP
2023-02,-5.75,125.75,28.315,0.0843,0.4227,0.1736,0.2035,,,0.3687,WPP_714_Laut_Banda,NOAA_ERDDAP
2023-02,-5.75,126.25,28.75,0.1049,0.2458,-0.4184,0.23,,,0.3517,WPP_714_Laut_Banda,NOAA_ERDDAP
2023-02,-5.75,127.25,29.279,0.0772,0.1151,0.0244,0.2793,,,0.33,WPP_714_Laut_Banda,NOAA_ERDDAP
2023-02,-5.75,127.75,28.744,0.074,0.0417,-0.2119,0.2883,,,0.3514,WPP_714_Laut_Banda,NOAA_ERDDAP
2023-02,-5.75,128.25,28.922,0.0799,0.1492,0.2551,0.2731,,,0.3443,WPP_714_Laut_Banda,NOAA_ERDDAP
2023-02,-5.75,128.75,28.904,0.0846,0.0898,0.0852,0.2682,,,0.3452,WPP_714_Laut_Banda,NOAA_ERDDAP
2023-02,-5.75,129.25,28.747,0.0893,0.0978,0.2011,0.2426,,,0.3515,WPP_714_Laut_Banda,NOAA_ERDDAP
2023-02,-5.75,131.25,28.746,0.1115,0.113,-0.0832,0.2124,,,0.352,WPP_714_Laut_Banda,NOAA_ERDDAP
2023-02,-5.75,131.75,28.766,0.0726,0.3426,-0.2658,0.2232,,,0.3504,WPP_714_Laut_Banda,NOAA_ERDDAP
2023-02,-5.25,122.25,29.738,0.133,0.266,-0.0127,0.237,,,0.3127,WPP_714_Laut_Banda,NOAA_ERDDAP
2023-02,-5.25,123.25,29.182,0.1053,0.4856,-0.2368,0.2512,,,0.3344,WPP_714_Laut_Banda,NOAA_ERDDAP
2023-02,-5.25,123.75,29.52,0.0851,0.1183,-0.0936,0.2359,,,0.3205,WPP_714_Laut_Banda,NOAA_ERDDAP
2023-02,-5.25,124.25,29.421,0.0873,0.0991,0.0776,0.2597,,,0.3245,WPP_714_Laut_Banda,NOAA_ERDDAP
2023-02,-5.25,124.75,28.893,0.0902,-0.0256,-0.0171,0.263,,,0.3457,WPP_714_Laut_Banda,NOAA_ERDDAP
2023-02,-5.25,125.25,28.363,0.0942,0.3526,-0.0187,0.2872,,,0.367,WPP_714_Laut_Banda,NOAA_ERDDAP
2023-02,-5.25,125.75,29.0,0.0936,0.3188,0.303,0.2646,,,0.3415,WPP_714_Laut_Banda,NOAA_ERDDAP
2023-02,-5.25,126.25,28.676,0.0998,0.1703,-0.2182,0.2523,,,0.3546,WPP_714_Laut_Banda,NOAA_ERDDAP
2023-02,-5.25,126.75,28.619,0.1048,-0.0419,-0.1453,0.2803,,,0.357,WPP_714_Laut_Banda,NOAA_ERDDAP
2023-02,-5.25,127.25,28.639,0.0878,-0.0665,-0.0838,0.2915,,,0.3558,WPP_714_Laut_Banda,NOAA_ERDDAP
2023-02,-5.25,127.75,28.869,0.0596,-0.0379,-0.1717,0.2952,,,0.3461,WPP_714_Laut_Banda,NOAA_ERDDAP
2023-02,-5.25,128.25,28.602,0.073,-0.0029,0.1724,0.2913,,,0.357,WPP_714_Laut_Banda,NOAA_ERDDAP
2023-02,-5.25,128.75,28.454,0.0674,0.0849,0.0884,0.2755,,,0.3628,WPP_714_Laut_Banda,NOAA_ERDDAP
2023-02,-5.25,129.25,28.593,0.0746,0.0428,0.1536,0.2593,,,0.3574,WPP_714_Laut_Banda,NOAA_ERDDAP
2023-02,-5.25,130.75,28.705,0.1407,0.2073,0.3095,0.2272,,,0.3542,WPP_714_Laut_Banda,NOAA_ERDDAP
2023-02,-5.25,131.25,29.123,0.0631,0.1824,-0.102,0.2295,,,0.336,WPP_714_Laut_Banda,NOAA_ERDDAP
2023-02,-5.25,131.75,29.475,0.0667,0.3568,-0.5656,0.2363,,,0.322,WPP_714_Laut_Banda,NOAA_ERDDAP
2023-02,-4.75,123.25,29.642,0.0776,-0.1282,-0.285,0.2492,,,0.3155,WPP_714_Laut_Banda,NOAA_ERDDAP
2023-02,-4.75,123.75,30.324,0.0675,-0.0393,-0.1246,0.2543,,,0.288,WPP_714_Laut_Banda,NOAA_ERDDAP
2023-02,-4.75,124.25,29.784,0.0667,-0.296,0.0431,0.2652,,,0.3096,WPP_714_Laut_Banda,NOAA_ERDDAP
2023-02,-4.75,124.75,29.095,0.0839,0.2424,0.0067,0.2622,,,0.3375,WPP_714_Laut_Banda,NOAA_ERDDAP
2023-02,-4.75,125.25,29.504,0.0815,-0.1091,0.205,0.2664,,,0.3211,WPP_714_Laut_Banda,NOAA_ERDDAP
2023-02,-4.75,125.75,28.774,0.0918,-0.2605,0.1853,0.2732,,,0.3505,WPP_714_Laut_Banda,NOAA_ERDDAP
2023-02,-4.75,126.25,28.52,0.0992,-0.0733,0.1034,0.2772,,,0.3608,WPP_714_Laut_Banda,NOAA_ERDDAP
2023-02,-4.75,126.75,29.488,0.0747,-0.268,-0.2526,0.276,,,0.3216,WPP_714_Laut_Banda,NOAA_ERDDAP
2023-02,-4.75,127.25,28.89,0.061,-0.335,-0.0235,0.2907,,,0.3453,WPP_714_Laut_Banda,NOAA_ERDDAP
2023-02,-4.75,127.75,28.908,0.0674,-0.1095,-0.2176,0.3088,,,0.3447,WPP_714_Laut_Banda,NOAA_ERDDAP
2023-02,-4.75,128.25,28.83,0.0783,-0.363,-0.0074,0.3168,,,0.348,WPP_714_Laut_Banda,NOAA_ERDDAP
2023-02,-4.75,128.75,28.866,0.0916,-0.1688,0.1347,0.3014,,,0.3468,WPP_714_Laut_Banda,NOAA_ERDDAP
2023-02,-4.75,129.25,29.12,0.084,0.0285,0.0146,0.2715,,,0.3365,WPP_714_Laut_Banda,NOAA_ERDDAP
2023-02,-4.75,130.25,28.62,0.0633,0.005,0.3463,0.2486,,,0.3561,WPP_714_Laut_Banda,NOAA_ERDDAP
2023-02,-4.75,130.75,29.884,0.0654,0.1995,-0.0585,0.2228,,,0.3056,WPP_714_Laut_Banda,NOAA_ERDDAP
2023-02,-4.75,131.25,29.153,0.0695,0.1802,-0.1149,0.2375,,,0.3349,WPP_714_Laut_Banda,NOAA_ERDDAP
2023-02,-4.75,131.75,28.308,0.1084,0.1222,-0.3309,0.2534,,,0.3695,WPP_714_Laut_Banda,NOAA_ERDDAP
2023-02,-4.25,123.25,29.884,0.1064,-0.2751,-0.2376,0.234,,,0.3064,WPP_714_Laut_Banda,NOAA_ERDDAP
2023-02,-4.25,123.75,30.024,0.0607,-0.4421,-0.0696,0.2471,,,0.2999,WPP_714_Laut_Banda,NOAA_ERDDAP
2023-02,-4.25,124.25,29.891,0.0728,-0.0573,-0.3552,0.2643,,,0.3054,WPP_714_Laut_Banda,NOAA_ERDDAP
2023-02,-4.25,124.75,29.086,0.0792,0.1788,-0.1411,0.2861,,,0.3378,WPP_714_Laut_Banda,NOAA_ERDDAP
2023-02,-4.25,125.25,29.302,0.0766,0.3649,0.3697,0.2986,,,0.3291,WPP_714_Laut_Banda,NOAA_ERDDAP
2023-02,-4.25,125.75,29.579,0.0929,0.1227,0.2948,0.285,,,0.3183,WPP_714_Laut_Banda,NOAA_ERDDAP
2023-02,-4.25,126.25,29.239,0.0765,-0.6046,0.3075,0.2408,,,0.3316,WPP_714_Laut_Banda,NOAA_ERDDAP
2023-02,-4.25,126.75,29.337,0.0687,-0.8512,0.2291,0.2453,,,0.3275,WPP_714_Laut_Banda,NOAA_ERDDAP
2023-02,-4.25,127.25,30.318,0.064,-1.2011,-0.0206,0.2685,,,0.2882,WPP_714_Laut_Banda,NOAA_ERDDAP
2023-02,-4.25,127.75,29.562,0.0616,-0.9404,-0.4088,0.2982,,,0.3184,WPP_714_Laut_Banda,NOAA_ERDDAP
2023-02,-4.25,128.25,29.861,0.0825,-0.3516,-0.3493,0.3245,,,0.3068,WPP_714_Laut_Banda,NOAA_ERDDAP
2023-02,-4.25,128.75,29.552,0.0666,-0.2486,-0.049,0.3301,,,0.3189,WPP_714_Laut_Banda,NOAA_ERDDAP
2023-02,-4.25,129.25,29.627,0.0667,-0.0611,-0.0122,0.3021,,,0.3159,WPP_714_Laut_Banda,NOAA_ERDDAP
2023-02,-4.25,129.75,29.657,0.0771,-0.019,0.1367,0.2788,,,0.3149,WPP_714_Laut_Banda,NOAA_ERDDAP
2023-02,-4.25,130.25,29.5,0.0717,0.0287,0.1443,0.2694,,,0.3211,WPP_714_Laut_Banda,NOAA_ERDDAP
2023-02,-4.25,130.75,29.307,0.0718,0.0934,-0.1515,0.2634,,,0.3288,WPP_714_Laut_Banda,NOAA_ERDDAP
2023-02,-4.25,131.25,29.681,0.0809,0.2524,-0.0595,0.2633,,,0.314,WPP_714_Laut_Banda,NOAA_ERDDAP
2023-02,-4.25,131.75,29.215,0.0928,0.1557,-0.2003,0.2652,,,0.3329,WPP_714_Laut_Banda,NOAA_ERDDAP
2023-02,-3.75,122.75,30.344,0.114,-0.3312,-0.091,0.2015,,,0.2881,WPP_714_Laut_Banda,NOAA_ERDDAP
2023-02,-3.75,123.25,30.273,0.0646,-0.1493,-0.3624,0.2066,,,0.29,WPP_714_Laut_Banda,NOAA_ERDDAP
2023-02,-3.75,123.75,30.171,0.0698,0.0237,-0.3716,0.2294,,,0.2942,WPP_714_Laut_Banda,NOAA_ERDDAP
2023-02,-3.75,124.25,29.814,0.0691,0.0656,-0.4418,0.2621,,,0.3085,WPP_714_Laut_Banda,NOAA_ERDDAP
2023-02,-3.75,124.75,29.308,0.0759,-0.309,-0.0182,0.2936,,,0.3288,WPP_714_Laut_Banda,NOAA_ERDDAP
2023-02,-3.75,125.25,29.586,0.0668,-0.4417,0.3395,0.3126,,,0.3175,WPP_714_Laut_Banda,NOAA_ERDDAP
2023-02,-3.75,125.75,29.183,0.0766,0.2194,0.4855,0.2841,,,0.3338,WPP_714_Laut_Banda,NOAA_ERDDAP
2023-02,-3.75,126.25,29.418,0.0577,0.4711,0.7261,0.2311,,,0.3241,WPP_714_Laut_Banda,NOAA_ERDDAP
2023-02,-3.75,126.75,30.428,0.0711,0.1487,0.612,0.2083,,,0.2839,WPP_714_Laut_Banda,NOAA_ERDDAP
2023-02,-3.75,127.25,30.578,0.0895,-0.6113,0.1146,0.1831,,,0.2783,WPP_714_Laut_Banda,NOAA_ERDDAP
2023-02,-3.75,127.75,29.863,0.0874,-1.1422,-0.7845,0.2194,,,0.3069,WPP_714_Laut_Banda,NOAA_ERDDAP
2023-02,-3.75,128.25,30.252,0.0695,-0.7845,-0.324,0.2888,,,0.2909,WPP_714_Laut_Banda,NOAA_ERDDAP
2023-02,-3.75,128.75,30.196,0.0687,-0.9939,-0.4333,0.286,,,0.2932,WPP_714_Laut_Banda,NOAA_ERDDAP
2023-02,-3.75,129.25,30.447,0.0608,-1.0862,0.2458,0.2824,,,0.283,WPP_714_Laut_Banda,NOAA_ERDDAP
2023-02,-3.75,129.75,30.451,0.0671,-0.628,-0.3279,0.265,,,0.2829,WPP_714_Laut_Banda,NOAA_ERDDAP
2023-02,-3.75,130.25,30.668,0.0844,-0.3317,-0.0506,0.2641,,,0.2746,WPP_714_Laut_Banda,NOAA_ERDDAP
2023-02,-3.75,130.75,29.794,0.0771,-0.1584,-0.0648,0.2702,,,0.3094,WPP_714_Laut_Banda,NOAA_ERDDAP
2023-02,-3.75,131.25,29.868,0.0904,-0.0035,-0.366,0.2718,,,0.3067,WPP_714_Laut_Banda,NOAA_ERDDAP
2023-02,-3.75,131.75,29.353,0.0804,0.1486,-0.073,0.2795,,,0.3271,WPP_714_Laut_Banda,NOAA_ERDDAP
2023-02,-3.25,122.75,29.878,0.2744,0.0869,0.2613,0.1995,,,0.3099,WPP_714_Laut_Banda,NOAA_ERDDAP
2023-02,-3.25,123.25,29.949,0.0807,-0.2295,-0.6377,0.2277,,,0.3033,WPP_714_Laut_Banda,NOAA_ERDDAP
2023-02,-3.25,123.75,30.129,0.0809,-0.3633,-0.127,0.2519,,,0.2961,WPP_714_Laut_Banda,NOAA_ERDDAP
2023-02,-3.25,124.25,29.986,0.0677,-0.6462,0.2252,0.2696,,,0.3015,WPP_714_Laut_Banda,NOAA_ERDDAP
2023-02,-3.25,124.75,29.818,0.0663,-1.1679,-0.1155,0.2447,,,0.3082,WPP_714_Laut_Banda,NOAA_ERDDAP
2023-02,-3.25,125.25,29.729,0.0643,-0.8776,-0.033,0.2495,,,0.3118,WPP_714_Laut_Banda,NOAA_ERDDAP
2023-02,-3.25,125.75,29.538,0.084,-0.6206,-0.1639,0.2936,,,0.3198,WPP_714_Laut_Banda,NOAA_ERDDAP
2023-02,-3.25,127.25,29.106,0.0538,,,,,,0.3365,WPP_714_Laut_Banda,NOAA_ERDDAP
2023-02,-3.25,128.25,30.095,0.0736,-1.0066,-0.4186,0.225,,,0.2973,WPP_714_Laut_Banda,NOAA_ERDDAP
2023-02,-3.25,128.75,30.018,0.0667,,,,,,0.3002,WPP_714_Laut_Banda,NOAA_ERDDAP
2023-02,-3.25,129.25,30.89,0.0809,-0.9061,-0.2494,0.2132,,,0.2656,WPP_714_Laut_Banda,NOAA_ERDDAP
2023-02,-3.25,129.75,30.485,0.1059,-0.9941,-0.5608,0.2342,,,0.2823,WPP_714_Laut_Banda,NOAA_ERDDAP
2023-02,-3.25,131.25,30.007,0.0826,-0.0427,-0.347,0.2627,,,0.301,WPP_714_Laut_Banda,NOAA_ERDDAP
2023-02,-3.25,131.75,30.288,0.163,-0.0194,-0.3402,0.282,,,0.2913,WPP_714_Laut_Banda,NOAA_ERDDAP
2023-02,-2.75,122.25,30.708,0.1142,,,,,,0.2736,WPP_714_Laut_Banda,NOAA_ERDDAP
2023-02,-2.75,122.75,30.393,0.0671,-0.5654,0.5257,0.2263,,,0.2853,WPP_714_Laut_Banda,NOAA_ERDDAP
2023-02,-2.75,123.25,30.385,0.0754,-0.9263,-0.1773,0.2137,,,0.2857,WPP_714_Laut_Banda,NOAA_ERDDAP
2023-02,-2.75,123.75,30.61,0.0613,-1.1706,-0.0044,0.2309,,,0.2765,WPP_714_Laut_Banda,NOAA_ERDDAP
2023-02,-2.75,124.75,28.605,0.0804,-0.4428,0.0315,0.2096,,,0.357,WPP_714_Laut_Banda,NOAA_ERDDAP
2023-02,-2.75,125.25,29.532,0.09,-0.5596,0.0445,0.2425,,,0.3201,WPP_714_Laut_Banda,NOAA_ERDDAP
2023-02,-2.75,125.75,29.459,0.0914,-0.9069,-0.1477,0.2477,,,0.3231,WPP_714_Laut_Banda,NOAA_ERDDAP
2023-02,-2.75,126.25,29.791,0.0808,-1.381,0.3817,0.2922,,,0.3096,WPP_714_Laut_Banda,NOAA_ERDDAP
2023-02,-2.75,126.75,29.473,0.1077,-0.5402,0.6075,0.2484,,,0.3228,WPP_714_Laut_Banda,NOAA_ERDDAP
2023-02,-2.75,127.25,29.557,0.1151,-0.1499,0.6313,0.1819,,,0.3196,WPP_714_Laut_Banda,NOAA_ERDDAP
2023-02,-2.75,129.25,30.133,0.0896,-1.0336,-0.1485,0.187,,,0.2961,WPP_714_Laut_Banda,NOAA_ERDDAP
2023-02,-2.75,129.75,30.387,0.1592,,,,,,0.2873,WPP_714_Laut_Banda,NOAA_ERDDAP
2023-02,-2.75,130.25,30.281,0.6966,-0.7079,-0.804,0.2228,,,0.302,WPP_714_Laut_Banda,NOAA_ERDDAP
2023-02,-2.75,130.75,30.154,0.1019,-0.4102,-0.6117,0.2464,,,0.2955,WPP_714_Laut_Banda,NOAA_ERDDAP
2023-02,-2.75,131.25,30.433,0.1624,-0.2337,-0.5055,0.2666,,,0.2855,WPP_714_Laut_Banda,NOAA_ERDDAP
2023-02,-2.75,131.75,30.647,0.6122,0.8317,-1.7957,0.3592,,,0.2857,WPP_714_Laut_Banda,NOAA_ERDDAP
2023-02,-2.25,122.25,31.361,0.08,-1.2308,0.6828,0.2561,,,0.2468,WPP_714_Laut_Banda,NOAA_ERDDAP
2023-02,-2.25,122.75,31.039,0.1058,-0.682,0.5993,0.2048,,,0.2602,WPP_714_Laut_Banda,NOAA_ERDDAP
2023-02,-2.25,123.25,30.844,0.4786,-0.5977,0.0556,0.1753,,,0.2752,WPP_714_Laut_Banda,NOAA_ERDDAP
2023-02,-2.25,123.75,31.022,0.0956,-0.6338,-0.003,0.1881,,,0.2607,WPP_714_Laut_Banda,NOAA_ERDDAP
2023-02,-2.25,124.25,30.136,0.2353,-0.6239,-0.3694,0.1923,,,0.2988,WPP_714_Laut_Banda,NOAA_ERDDAP
2023-02,-2.25,124.75,30.364,0.0942,-0.5274,0.1266,0.1947,,,0.2869,WPP_714_Laut_Banda,NOAA_ERDDAP
2023-02,-2.25,125.25,29.802,0.0939,-0.7056,0.1277,0.2154,,,0.3094,WPP_714_Laut_Banda,NOAA_ERDDAP
2023-02,-2.25,125.75,29.635,0.1021,-0.7609,0.3904,0.2227,,,0.3163,WPP_714_Laut_Banda,NOAA_ERDDAP
2023-02,-2.25,126.25,29.636,0.129,-0.633,0.3109,0.2093,,,0.3167,WPP_714_Laut_Banda,NOAA_ERDDAP
2023-02,-2.25,126.75,29.542,0.1155,-0.1635,0.2212,0.2005,,,0.3202,WPP_714_Laut_Banda,NOAA_ERDDAP
2023-02,-2.25,127.25,29.095,0.1313,0.4101,0.0586,0.1634,,,0.3384,WPP_714_Laut_Banda,NOAA_ERDDAP
2023-02,-2.25,128.25,30.328,0.1051,0.4625,0.2459,0.2085,,,0.2886,WPP_714_Laut_Banda,NOAA_ERDDAP
2023-02,-2.25,128.75,30.362,0.0759,0.4592,0.513,0.2218,,,0.2867,WPP_714_Laut_Banda,NOAA_ERDDAP
2023-02,-2.25,129.25,30.208,0.102,0.1149,-0.0553,0.1804,,,0.2933,WPP_714_Laut_Banda,NOAA_ERDDAP
2023-02,-2.25,129.75,30.423,0.1017,0.0927,-0.6704,0.1839,,,0.2847,WPP_714_Laut_Banda,NOAA_ERDDAP
2023-02,-2.25,130.25,30.745,0.1412,-0.0527,-0.8795,0.2134,,,0.2726,WPP_714_Laut_Banda,NOAA_ERDDAP
2023-02,-2.25,130.75,30.684,0.139,-0.1192,-0.7318,0.234,,,0.275,WPP_714_Laut_Banda,NOAA_ERDDAP
2023-02,-2.25,131.25,30.612,0.1582,-0.0329,-1.4912,0.2497,,,0.2783,WPP_714_Laut_Banda,NOAA_ERDDAP
2023-02,-2.25,131.75,30.849,1.4679,0.1908,-1.435,0.3759,,,0.2944,WPP_714_Laut_Banda,NOAA_ERDDAP
2023-03,-7.75,122.25,29.902,0.1491,0.0699,-0.2762,0.171,,,0.3065,WPP_714_Laut_Banda,NOAA_ERDDAP
2023-03,-7.75,122.75,30.301,0.1362,-0.4432,-0.4059,0.2077,,,0.2903,WPP_714_Laut_Banda,NOAA_ERDDAP
2023-03,-7.75,123.25,29.847,0.1418,-1.9729,-0.5437,0.2534,,,0.3086,WPP_714_Laut_Banda,NOAA_ERDDAP
2023-03,-7.75,123.75,29.431,0.162,-1.3874,0.0917,0.2651,,,0.3256,WPP_714_Laut_Banda,NOAA_ERDDAP
2023-03,-7.75,124.25,29.347,0.1521,-0.0763,0.2795,0.2342,,,0.3288,WPP_714_Laut_Banda,NOAA_ERDDAP
2023-03,-7.75,124.75,29.666,0.1377,0.2487,0.4245,0.1924,,,0.3157,WPP_714_Laut_Banda,NOAA_ERDDAP
2023-03,-7.75,125.25,30.13,0.1394,0.8651,0.3752,0.1224,,,0.2972,WPP_714_Laut_Banda,NOAA_ERDDAP
2023-03,-7.75,125.75,29.639,0.1966,0.961,0.2881,0.0922,,,0.3179,WPP_714_Laut_Banda,NOAA_ERDDAP
2023-03,-7.75,126.25,29.868,0.1684,0.9031,-0.2813,0.1,,,0.3082,WPP_714_Laut_Banda,NOAA_ERDDAP
2023-03,-7.75,126.75,30.516,0.1319,0.4192,-0.6821,0.1495,,,0.2816,WPP_714_Laut_Banda,NOAA_ERDDAP
2023-03,-7.75,127.25,30.637,0.1218,-0.0922,-0.2472,0.1812,,,0.2766,WPP_714_Laut_Banda,NOAA_ERDDAP
2023-03,-7.75,127.75,30.461,0.1123,0.033,-0.112,0.1646,,,0.2834,WPP_714_Laut_Banda,NOAA_ERDDAP
2023-03,-7.75,128.25,30.168,0.1246,0.0895,-0.1042,0.1565,,,0.2954,WPP_714_Laut_Banda,NOAA_ERDDAP
2023-03,-7.75,128.75,29.954,0.1226,-0.1238,0.0169,0.1555,,,0.3039,WPP_714_Laut_Banda,NOAA_ERDDAP
2023-03,-7.75,129.25,30.144,0.106,0.0487,-0.0509,0.1681,,,0.296,WPP_714_Laut_Banda,NOAA_ERDDAP
2023-03,-7.75,129.75,30.203,0.1094,0.1344,-0.2903,0.1744,,,0.2937,WPP_714_Laut_Banda,NOAA_ERDDAP
2023-03,-7.75,130.25,30.705,0.0806,0.014,-0.1284,0.1992,,,0.273,WPP_714_Laut_Banda,NOAA_ERDDAP
2023-03,-7.75,130.75,29.97,0.1667,-0.1528,-0.1627,0.2193,,,0.3041,WPP_714_Laut_Banda,NOAA_ERDDAP
2023-03,-7.75,131.25,30.004,0.8049,-0.2942,-0.2872,0.2428,,,0.3152,WPP_714_Laut_Banda,NOAA_ERDDAP
2023-03,-7.75,131.75,30.363,0.1201,0.0797,0.0045,0.259,,,0.2875,WPP_714_Laut_Banda,NOAA_ERDDAP
2023-03,-7.25,122.25,30.53,0.1319,0.6317,-0.2889,0.1746,,,0.281,WPP_714_Laut_Banda,NOAA_ERDDAP
2023-03,-7.25,122.75,30.098,0.12,0.7512,-0.1529,0.1958,,,0.2981,WPP_714_Laut_Banda,NOAA_ERDDAP
2023-03,-7.25,123.25,29.627,0.1142,0.7136,0.1172,0.1944,,,0.3168,WPP_714_Laut_Banda,NOAA_ERDDAP
2023-03,-7.25,123.75,29.502,0.1176,0.3856,-0.1392,0.1928,,,0.3219,WPP_714_Laut_Banda,NOAA_ERDDAP
2023-03,-7.25,124.25,29.287,0.1201,0.2221,-0.3722,0.198,,,0.3305,WPP_714_Laut_Banda,NOAA_ERDDAP
2023-03,-7.25,124.75,29.418,0.1266,0.3315,0.3133,0.2,,,0.3254,WPP_714_Laut_Banda,NOAA_ERDDAP
2023-03,-7.25,125.25,29.734,0.1252,0.2737,0.3178,0.1492,,,0.3127,WPP_714_Laut_Banda,NOAA_ERDDAP
2023-03,-7.25,125.75,29.949,0.1291,0.2009,0.1058,0.1295,,,0.3042,WPP_714_Laut_Banda,NOAA_ERDDAP
2023-03,-7.25,126.25,29.904,0.1188,0.6726,-0.2918,0.1491,,,0.3058,WPP_714_Laut_Banda,NOAA_ERDDAP
2023-03,-7.25,126.75,30.122,0.1235,0.5977,-0.3636,0.1801,,,0.2972,WPP_714_Laut_Banda,NOAA_ERDDAP
2023-03,-7.25,127.25,30.243,0.1122,0.4512,0.0979,0.1796,,,0.2921,WPP_714_Laut_Banda,NOAA_ERDDAP
2023-03,-7.25,127.75,30.328,0.1201,0.2521,-0.1961,0.1585,,,0.2889,WPP_714_Laut_Banda,NOAA_ERDDAP
2023-03,-7.25,128.25,30.051,0.1451,0.3061,-0.1772,0.1711,,,0.3005,WPP_714_Laut_Banda,NOAA_ERDDAP
2023-03,-7.25,128.75,30.324,0.1251,0.3705,0.0349,0.1769,,,0.2891,WPP_714_Laut_Banda,NOAA_ERDDAP
2023-03,-7.25,129.25,30.44,0.0999,0.2154,-0.1447,0.1694,,,0.284,WPP_714_Laut_Banda,NOAA_ERDDAP
2023-03,-7.25,129.75,30.397,0.1136,0.3401,-0.2329,0.1989,,,0.286,WPP_714_Laut_Banda,NOAA_ERDDAP
2023-03,-7.25,130.25,30.572,0.0881,0.1319,-0.0816,0.2211,,,0.2785,WPP_714_Laut_Banda,NOAA_ERDDAP
2023-03,-7.25,130.75,30.131,0.0935,0.2103,0.0747,0.2223,,,0.2963,WPP_714_Laut_Banda,NOAA_ERDDAP
2023-03,-7.25,131.25,30.124,0.4178,-0.1582,-0.1481,0.2431,,,0.3029,WPP_714_Laut_Banda,NOAA_ERDDAP
2023-03,-7.25,131.75,30.731,0.109,,,,,,0.2726,WPP_714_Laut_Banda,NOAA_ERDDAP
2023-03,-6.75,122.25,29.957,0.1164,0.6962,-0.1175,0.206,,,0.3037,WPP_714_Laut_Banda,NOAA_ERDDAP
2023-03,-6.75,122.75,29.856,0.0907,0.598,-0.4508,0.2413,,,0.3072,WPP_714_Laut_Banda,NOAA_ERDDAP
2023-03,-6.75,123.25,29.365,0.0989,0.815,-0.0936,0.2602,,,0.327,WPP_714_Laut_Banda,NOAA_ERDDAP
2023-03,-6.75,123.75,29.227,0.0988,0.9153,-0.1017,0.2316,,,0.3325,WPP_714_Laut_Banda,NOAA_ERDDAP
2023-03,-6.75,124.25,29.266,0.1032,0.7325,0.0365,0.2285,,,0.331,WPP_714_Laut_Banda,NOAA_ERDDAP
2023-03,-6.75,124.75,29.318,0.1186,0.5505,0.1268,0.2126,,,0.3293,WPP_714_Laut_Banda,NOAA_ERDDAP
2023-03,-6.75,125.25,29.587,0.0997,0.6392,0.5268,0.1677,,,0.3181,WPP_714_Laut_Banda,NOAA_ERDDAP
2023-03,-6.75,125.75,29.706,0.0989,0.9165,-0.0496,0.1575,,,0.3134,WPP_714_Laut_Banda,NOAA_ERDDAP
2023-03,-6.75,126.25,29.596,0.1077,0.5752,-0.3806,0.1776,,,0.3179,WPP_714_Laut_Banda,NOAA_ERDDAP
2023-03,-6.75,126.75,29.989,0.1008,0.6125,-0.2141,0.2154,,,0.3021,WPP_714_Laut_Banda,NOAA_ERDDAP
2023-03,-6.75,127.25,30.141,0.1168,0.7203,-0.0291,0.2232,,,0.2963,WPP_714_Laut_Banda,NOAA_ERDDAP
2023-03,-6.75,127.75,30.275,0.1247,0.6514,-0.0504,0.2117,,,0.2911,WPP_714_Laut_Banda,NOAA_ERDDAP
2023-03,-6.75,128.25,29.993,0.1231,0.5813,-0.2127,0.2172,,,0.3023,WPP_714_Laut_Banda,NOAA_ERDDAP
2023-03,-6.75,128.75,30.235,0.116,0.4628,-0.0934,0.2253,,,0.2925,WPP_714_Laut_Banda,NOAA_ERDDAP
2023-03,-6.75,129.25,30.493,0.1111,0.5199,0.0887,0.2235,,,0.2821,WPP_714_Laut_Banda,NOAA_ERDDAP
2023-03,-6.75,129.75,30.243,0.0983,0.3719,-0.3098,0.2442,,,0.2919,WPP_714_Laut_Banda,NOAA_ERDDAP
2023-03,-6.75,130.25,30.291,0.0789,0.3964,0.2991,0.246,,,0.2896,WPP_714_Laut_Banda,NOAA_ERDDAP
2023-03,-6.75,130.75,30.234,0.081,-0.0842,0.0431,0.2326,,,0.2919,WPP_714_Laut_Banda,NOAA_ERDDAP
2023-03,-6.75,131.25,30.343,0.0904,0.0519,0.0565,0.2202,,,0.2877,WPP_714_Laut_Banda,NOAA_ERDDAP
2023-03,-6.75,131.75,30.191,0.1011,-0.0067,-0.0895,0.2291,,,0.294,WPP_714_Laut_Banda,NOAA_ERDDAP
2023-03,-6.25,122.25,29.347,0.0938,0.1264,-0.1729,0.2195,,,0.3276,WPP_714_Laut_Banda,NOAA_ERDDAP
2023-03,-6.25,122.75,29.779,0.0947,-0.2043,-0.2843,0.2312,,,0.3104,WPP_714_Laut_Banda,NOAA_ERDDAP
2023-03,-6.25,123.25,29.623,0.0937,-0.1599,-0.205,0.242,,,0.3166,WPP_714_Laut_Banda,NOAA_ERDDAP
2023-03,-6.25,123.75,29.435,0.106,0.3509,-0.1802,0.2625,,,0.3243,WPP_714_Laut_Banda,NOAA_ERDDAP
2023-03,-6.25,124.25,29.517,0.0918,0.4963,0.0409,0.2544,,,0.3208,WPP_714_Laut_Banda,NOAA_ERDDAP
2023-03,-6.25,124.75,29.598,0.087,0.5369,0.2705,0.2443,,,0.3174,WPP_714_Laut_Banda,NOAA_ERDDAP
2023-03,-6.25,125.25,29.792,0.0821,0.5408,0.0725,0.2327,,,0.3096,WPP_714_Laut_Banda,NOAA_ERDDAP
2023-03,-6.25,125.75,29.797,0.0856,0.8851,0.2055,0.2222,,,0.3095,WPP_714_Laut_Banda,NOAA_ERDDAP
2023-03,-6.25,126.25,29.714,0.1122,0.5494,-0.2229,0.2323,,,0.3133,WPP_714_Laut_Banda,NOAA_ERDDAP
2023-03,-6.25,126.75,29.898,0.0985,0.4331,-0.0607,0.2443,,,0.3057,WPP_714_Laut_Banda,NOAA_ERDDAP
2023-03,-6.25,127.25,29.746,0.1161,0.3725,-0.1914,0.2606,,,0.3121,WPP_714_Laut_Banda,NOAA_ERDDAP
2023-03,-6.25,127.75,29.928,0.137,0.7169,-0.2524,0.2757,,,0.3052,WPP_714_Laut_Banda,NOAA_ERDDAP
2023-03,-6.25,128.25,30.003,0.1217,0.4181,0.0108,0.2793,,,0.3019,WPP_714_Laut_Banda,NOAA_ERDDAP
2023-03,-6.25,128.75,30.139,0.1202,0.3463,0.0919,0.27,,,0.2965,WPP_714_Laut_Banda,NOAA_ERDDAP
2023-03,-6.25,129.25,30.253,0.1059,0.42,-0.1858,0.2678,,,0.2916,WPP_714_Laut_Banda,NOAA_ERDDAP
2023-03,-6.25,129.75,30.128,0.109,0.296,0.1453,0.2649,,,0.2967,WPP_714_Laut_Banda,NOAA_ERDDAP
2023-03,-6.25,130.25,30.148,0.0838,0.0712,0.2694,0.2561,,,0.2954,WPP_714_Laut_Banda,NOAA_ERDDAP
2023-03,-6.25,130.75,30.191,0.082,0.1765,0.1986,0.2455,,,0.2936,WPP_714_Laut_Banda,NOAA_ERDDAP
2023-03,-6.25,131.25,30.051,0.0746,-0.051,0.181,0.2336,,,0.2991,WPP_714_Laut_Banda,NOAA_ERDDAP
2023-03,-6.25,131.75,30.136,0.0788,0.0383,-0.0038,0.2271,,,0.2958,WPP_714_Laut_Banda,NOAA_ERDDAP
2023-03,-5.75,122.25,29.678,0.0945,-0.0927,0.0181,0.2247,,,0.3144,WPP_714_Laut_Banda,NOAA_ERDDAP
2023-03,-5.75,122.75,29.754,0.0856,0.1176,-0.2586,0.2204,,,0.3112,WPP_714_Laut_Banda,NOAA_ERDDAP
2023-03,-5.75,123.25,29.432,0.1068,-0.0401,-0.2308,0.2202,,,0.3245,WPP_714_Laut_Banda,NOAA_ERDDAP
2023-03,-5.75,123.75,29.606,0.319,-0.1095,-0.2364,0.2426,,,0.3217,WPP_714_Laut_Banda,NOAA_ERDDAP
2023-03,-5.75,124.25,29.847,0.0893,-0.0892,-0.1106,0.2623,,,0.3075,WPP_714_Laut_Banda,NOAA_ERDDAP
2023-03,-5.75,124.75,30.081,0.073,-0.0801,0.1457,0.2674,,,0.2979,WPP_714_Laut_Banda,NOAA_ERDDAP
2023-03,-5.75,125.25,29.952,0.0796,-0.0511,0.0831,0.2443,,,0.3031,WPP_714_Laut_Banda,NOAA_ERDDAP
2023-03,-5.75,125.75,29.857,0.088,-0.0793,0.01,0.2479,,,0.3071,WPP_714_Laut_Banda,NOAA_ERDDAP
2023-03,-5.75,126.25,29.649,0.1096,0.5517,-0.3225,0.2769,,,0.3158,WPP_714_Laut_Banda,NOAA_ERDDAP
2023-03,-5.75,126.75,29.749,0.1108,0.3975,-0.1369,0.2937,,,0.3119,WPP_714_Laut_Banda,NOAA_ERDDAP
2023-03,-5.75,127.25,29.817,0.1231,0.6469,-0.3174,0.3174,,,0.3094,WPP_714_Laut_Banda,NOAA_ERDDAP
2023-03,-5.75,127.75,29.894,0.1193,0.0533,0.1375,0.3247,,,0.3062,WPP_714_Laut_Banda,NOAA_ERDDAP
2023-03,-5.75,128.25,30.131,0.1074,0.0206,0.0846,0.3021,,,0.2965,WPP_714_Laut_Banda,NOAA_ERDDAP
2023-03,-5.75,128.75,30.273,0.1129,0.1064,0.2766,0.2827,,,0.2909,WPP_714_Laut_Banda,NOAA_ERDDAP
2023-03,-5.75,129.25,30.411,0.1121,0.0198,-0.2371,0.2823,,,0.2854,WPP_714_Laut_Banda,NOAA_ERDDAP
2023-03,-5.75,129.75,30.459,0.0971,-0.126,0.394,0.2745,,,0.2832,WPP_714_Laut_Banda,NOAA_ERDDAP
2023-03,-5.75,130.25,30.094,0.0926,-0.0893,0.1097,0.2676,,,0.2977,WPP_714_Laut_Banda,NOAA_ERDDAP
2023-03,-5.75,130.75,29.99,0.0768,0.0678,0.1589,0.2598,,,0.3016,WPP_714_Laut_Banda,NOAA_ERDDAP
2023-03,-5.75,131.25,30.006,0.0679,0.3272,0.211,0.2495,,,0.3008,WPP_714_Laut_Banda,NOAA_ERDDAP
2023-03,-5.75,131.75,29.894,0.0789,0.2526,-0.2795,0.237,,,0.3054,WPP_714_Laut_Banda,NOAA_ERDDAP
2023-03,-5.25,122.25,29.983,0.2539,-0.5391,-0.5996,0.2099,,,0.3053,WPP_714_Laut_Banda,NOAA_ERDDAP
2023-03,-5.25,122.75,30.604,0.1949,,,,,,0.2793,WPP_714_Laut_Banda,NOAA_ERDDAP
2023-03,-5.25,123.25,30.165,0.0827,0.309,-0.2575,0.2192,,,0.2947,WPP_714_Laut_Banda,NOAA_ERDDAP
2023-03,-5.25,123.75,30.101,0.0959,-0.0191,-0.2651,0.2567,,,0.2975,WPP_714_Laut_Banda,NOAA_ERDDAP
2023-03,-5.25,124.25,30.169,0.0802,-0.1159,0.0601,0.265,,,0.2945,WPP_714_Laut_Banda,NOAA_ERDDAP
2023-03,-5.25,124.75,30.372,0.0698,-0.1304,0.145,0.2649,,,0.2861,WPP_714_Laut_Banda,NOAA_ERDDAP
2023-03,-5.25,125.25,29.988,0.0741,0.0665,0.0311,0.2563,,,0.3016,WPP_714_Laut_Banda,NOAA_ERDDAP
2023-03,-5.25,125.75,30.113,0.0869,0.1265,-0.2753,0.2731,,,0.2968,WPP_714_Laut_Banda,NOAA_ERDDAP
2023-03,-5.25,126.25,29.729,0.0903,-0.1869,-0.1604,0.3084,,,0.3123,WPP_714_Laut_Banda,NOAA_ERDDAP
2023-03,-5.25,126.75,29.936,0.1064,0.0007,-0.4058,0.3211,,,0.3043,WPP_714_Laut_Banda,NOAA_ERDDAP
2023-03,-5.25,127.25,29.971,0.1157,-0.1871,-0.0006,0.347,,,0.3031,WPP_714_Laut_Banda,NOAA_ERDDAP
2023-03,-5.25,127.75,29.853,0.0933,0.065,0.0892,0.3417,,,0.3074,WPP_714_Laut_Banda,NOAA_ERDDAP
2023-03,-5.25,128.25,30.268,0.0914,0.0008,0.1102,0.3209,,,0.2907,WPP_714_Laut_Banda,NOAA_ERDDAP
2023-03,-5.25,128.75,30.329,0.0957,0.0436,0.1242,0.3063,,,0.2884,WPP_714_Laut_Banda,NOAA_ERDDAP
2023-03,-5.25,129.25,30.531,0.0988,0.174,0.0291,0.2926,,,0.2804,WPP_714_Laut_Banda,NOAA_ERDDAP
2023-03,-5.25,129.75,30.557,0.0973,-0.1007,0.4045,0.2617,,,0.2793,WPP_714_Laut_Banda,NOAA_ERDDAP
2023-03,-5.25,130.25,29.894,0.0885,0.163,0.0434,0.2524,,,0.3056,WPP_714_Laut_Banda,NOAA_ERDDAP
2023-03,-5.25,130.75,30.291,0.0835,-0.0009,-0.136,0.2613,,,0.2897,WPP_714_Laut_Banda,NOAA_ERDDAP
2023-03,-5.25,131.25,29.943,0.083,0.3564,-0.0709,0.2655,,,0.3036,WPP_714_Laut_Banda,NOAA_ERDDAP
2023-03,-5.25,131.75,29.977,0.0824,0.1758,0.0703,0.2551,,,0.3022,WPP_714_Laut_Banda,NOAA_ERDDAP
2023-03,-4.75,122.25,30.846,1.1693,0.8845,-1.1497,0.1588,,,0.2886,WPP_714_Laut_Banda,NOAA_ERDDAP
2023-03,-4.75,122.75,31.055,0.1593,,,,,,0.2606,WPP_714_Laut_Banda,NOAA_ERDDAP
2023-03,-4.75,123.25,30.58,0.108,-0.1672,-0.0788,0.2305,,,0.2786,WPP_714_Laut_Banda,NOAA_ERDDAP
2023-03,-4.75,123.75,30.442,0.0771,-0.4877,-0.0482,0.2294,,,0.2835,WPP_714_Laut_Banda,NOAA_ERDDAP
2023-03,-4.75,124.25,30.254,0.0727,-0.4335,-0.2648,0.2426,,,0.2909,WPP_714_Laut_Banda,NOAA_ERDDAP
2023-03,-4.75,124.75,30.232,0.0701,-0.129,0.0744,0.247,,,0.2918,WPP_714_Laut_Banda,NOAA_ERDDAP
2023-03,-4.75,125.25,30.115,0.0754,-0.0934,-0.0905,0.2663,,,0.2965,WPP_714_Laut_Banda,NOAA_ERDDAP
2023-03,-4.75,125.75,30.234,0.0776,-0.1818,-0.003,0.2863,,,0.2918,WPP_714_Laut_Banda,NOAA_ERDDAP
2023-03,-4.75,126.25,30.208,0.0834,-0.1408,-0.2682,0.2925,,,0.293,WPP_714_Laut_Banda,NOAA_ERDDAP
2023-03,-4.75,126.75,30.112,0.0936,-0.2883,-0.3459,0.3163,,,0.297,WPP_714_Laut_Banda,NOAA_ERDDAP
2023-03,-4.75,127.25,29.946,0.0851,-0.2904,-0.0385,0.3447,,,0.3035,WPP_714_Laut_Banda,NOAA_ERDDAP
2023-03,-4.75,127.75,29.887,0.0893,-0.3023,0.078,0.3522,,,0.3059,WPP_714_Laut_Banda,NOAA_ERDDAP
2023-03,-4.75,128.25,29.693,0.0815,-0.1296,0.1431,0.3343,,,0.3135,WPP_714_Laut_Banda,NOAA_ERDDAP
2023-03,-4.75,128.75,30.233,0.0721,-0.2228,0.003,0.3195,,,0.2918,WPP_714_Laut_Banda,NOAA_ERDDAP
2023-03,-4.75,129.25,30.483,0.0777,-0.1424,-0.1737,0.317,,,0.2819,WPP_714_Laut_Banda,NOAA_ERDDAP
2023-03,-4.75,129.75,30.791,0.0963,-0.0738,0.2673,0.2754,,,0.2699,WPP_714_Laut_Banda,NOAA_ERDDAP
2023-03,-4.75,130.25,30.588,0.0998,0.0988,0.0737,0.2744,,,0.2781,WPP_714_Laut_Banda,NOAA_ERDDAP
2023-03,-4.75,130.75,30.382,0.0927,0.3049,-0.0286,0.2684,,,0.2862,WPP_714_Laut_Banda,NOAA_ERDDAP
2023-03,-4.75,131.25,30.379,0.0814,0.2413,-0.0523,0.2791,,,0.2861,WPP_714_Laut_Banda,NOAA_ERDDAP
2023-03,-4.75,131.75,30.83,0.076,0.1605,0.0903,0.2683,,,0.2679,WPP_714_Laut_Banda,NOAA_ERDDAP
2023-03,-4.25,122.25,31.413,0.838,,,,,,0.2595,WPP_714_Laut_Banda,NOAA_ERDDAP
2023-03,-4.25,122.75,30.559,0.3079,-0.2448,-0.2936,0.2329,,,0.2833,WPP_714_Laut_Banda,NOAA_ERDDAP
2023-03,-4.25,123.25,30.439,0.0753,-0.1015,-0.0647,0.226,,,0.2836,WPP_714_Laut_Banda,NOAA_ERDDAP
2023-03,-4.25,123.75,30.473,0.0715,0.138,-0.101,0.2326,,,0.2821,WPP_714_Laut_Banda,NOAA_ERDDAP
2023-03,-4.25,124.25,30.413,0.0687,-0.1073,-0.0285,0.23,,,0.2845,WPP_714_Laut_Banda,NOAA_ERDDAP
2023-03,-4.25,124.75,30.387,0.0693,-0.0268,-0.1266,0.2436,,,0.2855,WPP_714_Laut_Banda,NOAA_ERDDAP
2023-03,-4.25,125.25,30.304,0.0702,-0.0635,-0.0561,0.2729,,,0.2889,WPP_714_Laut_Banda,NOAA_ERDDAP
2023-03,-4.25,125.75,30.386,0.0721,-0.3717,0.1267,0.2608,,,0.2856,WPP_714_Laut_Banda,NOAA_ERDDAP
2023-03,-4.25,126.25,30.441,0.0755,-0.9334,-0.0325,0.2701,,,0.2835,WPP_714_Laut_Banda,NOAA_ERDDAP
2023-03,-4.25,126.75,30.278,0.0717,-0.8607,-0.0847,0.2929,,,0.2899,WPP_714_Laut_Banda,NOAA_ERDDAP
2023-03,-4.25,127.25,30.559,0.067,-1.1312,-0.2661,0.3176,,,0.2786,WPP_714_Laut_Banda,NOAA_ERDDAP
2023-03,-4.25,127.75,30.754,0.0721,-1.139,0.2751,0.3203,,,0.2709,WPP_714_Laut_Banda,NOAA_ERDDAP
2023-03,-4.25,128.25,30.887,0.0714,-0.9138,-0.1415,0.3165,,,0.2656,WPP_714_Laut_Banda,NOAA_ERDDAP
2023-03,-4.25,128.75,30.594,0.0701,-0.4739,-0.0801,0.3093,,,0.2773,WPP_714_Laut_Banda,NOAA_ERDDAP
2023-03,-4.25,129.25,30.869,0.081,-0.3484,-0.3407,0.3246,,,0.2665,WPP_714_Laut_Banda,NOAA_ERDDAP
2023-03,-4.25,129.75,30.189,0.1072,0.1683,0.252,0.2979,,,0.2942,WPP_714_Laut_Banda,NOAA_ERDDAP
2023-03,-4.25,130.25,30.767,0.082,-0.0183,-0.1364,0.2857,,,0.2706,WPP_714_Laut_Banda,NOAA_ERDDAP
2023-03,-4.25,130.75,29.808,0.0786,0.3075,-0.1402,0.3018,,,0.3089,WPP_714_Laut_Banda,NOAA_ERDDAP
2023-03,-4.25,131.25,30.428,0.0781,0.1272,0.0896,0.3025,,,0.2841,WPP_714_Laut_Banda,NOAA_ERDDAP
2023-03,-4.25,131.75,31.286,0.0745,0.236,0.085,0.2956,,,0.2497,WPP_714_Laut_Banda,NOAA_ERDDAP
2023-03,-3.75,122.25,30.737,0.4577,,,,,,0.2791,WPP_714_Laut_Banda,NOAA_ERDDAP
2023-03,-3.75,122.75,30.762,0.2639,-0.0553,-0.4277,0.2584,,,0.2743,WPP_714_Laut_Banda,NOAA_ERDDAP
2023-03,-3.75,123.25,30.666,0.086,-0.1594,0.0822,0.2444,,,0.2747,WPP_714_Laut_Banda,NOAA_ERDDAP
2023-03,-3.75,123.75,30.55,0.0737,-0.23,-0.011,0.2372,,,0.2791,WPP_714_Laut_Banda,NOAA_ERDDAP
2023-03,-3.75,124.25,30.222,0.0677,-0.0526,0.0513,0.2268,,,0.2921,WPP_714_Laut_Banda,NOAA_ERDDAP
2023-03,-3.75,124.75,30.191,0.0758,-0.3659,-0.0471,0.2429,,,0.2935,WPP_714_Laut_Banda,NOAA_ERDDAP
2023-03,-3.75,125.25,30.508,0.0775,-0.614,0.2221,0.2476,,,0.2809,WPP_714_Laut_Banda,NOAA_ERDDAP
2023-03,-3.75,125.75,30.577,0.0899,-0.4466,0.2034,0.2424,,,0.2783,WPP_714_Laut_Banda,NOAA_ERDDAP
2023-03,-3.75,126.25,30.224,0.1031,-0.3555,-0.0202,0.2386,,,0.2927,WPP_714_Laut_Banda,NOAA_ERDDAP
2023-03,-3.75,126.75,30.257,0.1275,-0.3385,0.0141,0.247,,,0.2919,WPP_714_Laut_Banda,NOAA_ERDDAP
2023-03,-3.75,127.25,30.871,0.1001,-0.0745,-0.1837,0.2603,,,0.2668,WPP_714_Laut_Banda,NOAA_ERDDAP
2023-03,-3.75,127.75,30.285,0.0965,0.0078,-0.1345,0.272,,,0.2901,WPP_714_Laut_Banda,NOAA_ERDDAP
2023-03,-3.75,128.25,30.324,0.0787,-0.1623,-0.1184,0.2867,,,0.2882,WPP_714_Laut_Banda,NOAA_ERDDAP
2023-03,-3.75,128.75,30.546,0.0809,-0.1328,-0.3402,0.304,,,0.2794,WPP_714_Laut_Banda,NOAA_ERDDAP
2023-03,-3.75,129.25,30.446,0.0796,-0.5225,-0.1675,0.303,,,0.2834,WPP_714_Laut_Banda,NOAA_ERDDAP
2023-03,-3.75,129.75,30.344,0.0839,-0.5558,0.0033,0.2805,,,0.2875,WPP_714_Laut_Banda,NOAA_ERDDAP
2023-03,-3.75,130.25,30.652,0.0923,-0.4371,-0.2917,0.2887,,,0.2754,WPP_714_Laut_Banda,NOAA_ERDDAP
2023-03,-3.75,130.75,30.407,0.1103,-0.4844,-0.0815,0.2964,,,0.2855,WPP_714_Laut_Banda,NOAA_ERDDAP
2023-03,-3.75,131.25,31.143,0.1017,-0.3449,-0.0136,0.2973,,,0.2559,WPP_714_Laut_Banda,NOAA_ERDDAP
2023-03,-3.75,131.75,31.028,0.1445,-0.1198,0.0696,0.2941,,,0.2614,WPP_714_Laut_Banda,NOAA_ERDDAP
2023-03,-3.25,122.25,30.661,0.4045,,,,,,0.2811,WPP_714_Laut_Banda,NOAA_ERDDAP
2023-03,-3.25,122.75,30.642,0.2595,-0.6435,-0.2478,0.2115,,,0.2791,WPP_714_Laut_Banda,NOAA_ERDDAP
2023-03,-3.25,123.25,30.441,0.0879,-0.4722,-0.0777,0.2167,,,0.2837,WPP_714_Laut_Banda,NOAA_ERDDAP
2023-03,-3.25,123.75,30.608,0.0687,-0.361,-0.0982,0.2294,,,0.2767,WPP_714_Laut_Banda,NOAA_ERDDAP
2023-03,-3.25,124.25,30.783,0.0694,-0.3577,0.0059,0.2249,,,0.2697,WPP_714_Laut_Banda,NOAA_ERDDAP
2023-03,-3.25,124.75,30.651,0.07,-0.403,0.009,0.2417,,,0.275,WPP_714_Laut_Banda,NOAA_ERDDAP
2023-03,-3.25,125.25,30.797,0.0697,-0.4343,0.306,0.2208,,,0.2691,WPP_714_Laut_Banda,NOAA_ERDDAP
2023-03,-3.25,125.75,30.779,0.0825,-0.9034,0.3749,0.2327,,,0.2701,WPP_714_Laut_Banda,NOAA_ERDDAP
2023-03,-3.25,126.25,30.4,0.1718,,,,,,0.287,WPP_714_Laut_Banda,NOAA_ERDDAP
2023-03,-3.25,127.25,30.546,0.1976,,,,,,0.2817,WPP_714_Laut_Banda,NOAA_ERDDAP
2023-03,-3.25,127.75,30.703,0.119,-0.2418,-0.1375,0.2713,,,0.2739,WPP_714_Laut_Banda,NOAA_ERDDAP
2023-03,-3.25,128.25,30.314,0.1313,-0.4323,0.0992,0.3057,,,0.2897,WPP_714_Laut_Banda,NOAA_ERDDAP
2023-03,-3.25,128.75,30.702,0.1188,,,,,,0.2739,WPP_714_Laut_Banda,NOAA_ERDDAP
2023-03,-3.25,129.25,30.908,0.0682,-0.8158,-0.1586,0.2818,,,0.2647,WPP_714_Laut_Banda,NOAA_ERDDAP
2023-03,-3.25,129.75,31.414,0.0962,-0.8301,-0.146,0.2862,,,0.245,WPP_714_Laut_Banda,NOAA_ERDDAP
2023-03,-3.25,130.75,30.606,0.1005,-0.5969,-0.0715,0.2671,,,0.2774,WPP_714_Laut_Banda,NOAA_ERDDAP
2023-03,-3.25,131.25,31.292,0.0939,-0.5156,-0.0932,0.2687,,,0.2498,WPP_714_Laut_Banda,NOAA_ERDDAP
2023-03,-3.25,131.75,30.96,0.1928,-0.4472,-0.2758,0.2832,,,0.265,WPP_714_Laut_Banda,NOAA_ERDDAP
2023-03,-2.75,122.25,30.283,0.1394,,,,,,0.2911,WPP_714_Laut_Banda,NOAA_ERDDAP
2023-03,-2.75,122.75,30.55,0.1082,-0.7397,-0.5044,0.1709,,,0.2798,WPP_714_Laut_Banda,NOAA_ERDDAP
2023-03,-2.75,123.25,30.568,0.07,-0.6339,-0.159,0.2064,,,0.2783,WPP_714_Laut_Banda,NOAA_ERDDAP
2023-03,-2.75,123.75,30.508,0.0673,-0.4629,-0.2201,0.2058,,,0.2807,WPP_714_Laut_Banda,NOAA_ERDDAP
2023-03,-2.75,124.25,30.643,0.0737,-0.3582,-0.0927,0.2234,,,0.2754,WPP_714_Laut_Banda,NOAA_ERDDAP
2023-03,-2.75,124.75,30.776,0.0793,-0.1591,0.0558,0.2338,,,0.2702,WPP_714_Laut_Banda,NOAA_ERDDAP
2023-03,-2.75,125.25,31.033,0.0603,-0.1909,0.5127,0.2329,,,0.2595,WPP_714_Laut_Banda,NOAA_ERDDAP
2023-03,-2.75,125.75,31.089,0.068,-0.0999,0.4132,0.2096,,,0.2574,WPP_714_Laut_Banda,NOAA_ERDDAP
2023-03,-2.75,126.25,30.773,0.0835,-0.2546,0.2655,0.1925,,,0.2704,WPP_714_Laut_Banda,NOAA_ERDDAP
2023-03,-2.75,126.75,30.822,0.083,-0.4882,-0.5725,0.1981,,,0.2684,WPP_714_Laut_Banda,NOAA_ERDDAP
2023-03,-2.75,127.25,31.233,0.0881,-0.381,-0.5148,0.2286,,,0.2521,WPP_714_Laut_Banda,NOAA_ERDDAP
2023-03,-2.75,127.75,30.307,0.0971,-0.6448,-0.021,0.2547,,,0.2893,WPP_714_Laut_Banda,NOAA_ERDDAP
2023-03,-2.75,128.25,30.162,0.0993,-0.7232,0.2192,0.2734,,,0.2951,WPP_714_Laut_Banda,NOAA_ERDDAP
2023-03,-2.75,128.75,29.907,0.1659,-0.9911,0.2003,0.2534,,,0.3066,WPP_714_Laut_Banda,NOAA_ERDDAP
2023-03,-2.75,129.25,30.307,0.1252,-1.1742,-0.0541,0.2573,,,0.2898,WPP_714_Laut_Banda,NOAA_ERDDAP
2023-03,-2.75,129.75,30.012,0.1563,,,,,,0.3022,WPP_714_Laut_Banda,NOAA_ERDDAP
2023-03,-2.75,130.25,30.301,0.1193,-0.804,-0.2385,0.2437,,,0.29,WPP_714_Laut_Banda,NOAA_ERDDAP
2023-03,-2.75,130.75,30.232,0.0819,-0.695,-0.175,0.2401,,,0.292,WPP_714_Laut_Banda,NOAA_ERDDAP
2023-03,-2.75,131.25,30.515,0.1144,-0.347,-0.678,0.2546,,,0.2813,WPP_714_Laut_Banda,NOAA_ERDDAP
2023-03,-2.75,131.75,30.199,0.3157,0.0714,-0.149,0.2855,,,0.2979,WPP_714_Laut_Banda,NOAA_ERDDAP
2023-03,-2.25,122.25,31.042,0.0889,-0.9678,0.0707,0.1613,,,0.2597,WPP_714_Laut_Banda,NOAA_ERDDAP
2023-03,-2.25,122.75,31.005,0.0967,-0.692,-0.4907,0.1649,,,0.2614,WPP_714_Laut_Banda,NOAA_ERDDAP
2023-03,-2.25,123.25,30.825,0.1217,-0.3903,-0.4652,0.1826,,,0.269,WPP_714_Laut_Banda,NOAA_ERDDAP
2023-03,-2.25,123.75,30.662,0.106,-0.3146,-0.1774,0.2001,,,0.2753,WPP_714_Laut_Banda,NOAA_ERDDAP
2023-03,-2.25,124.25,30.689,0.1087,-0.4096,-0.2395,0.2169,,,0.2742,WPP_714_Laut_Banda,NOAA_ERDDAP
2023-03,-2.25,124.75,31.158,0.0998,-0.4666,0.0865,0.2336,,,0.2553,WPP_714_Laut_Banda,NOAA_ERDDAP
2023-03,-2.25,125.25,31.224,0.0769,-0.3501,0.4415,0.2239,,,0.2522,WPP_714_Laut_Banda,NOAA_ERDDAP
2023-03,-2.25,125.75,31.228,0.0694,-0.2179,0.4509,0.221,,,0.2519,WPP_714_Laut_Banda,NOAA_ERDDAP
2023-03,-2.25,126.25,30.764,0.0835,-0.0232,0.0966,0.2138,,,0.2707,WPP_714_Laut_Banda,NOAA_ERDDAP
2023-03,-2.25,126.75,30.296,0.0885,0.1528,-0.4545,0.2107,,,0.2896,WPP_714_Laut_Banda,NOAA_ERDDAP
2023-03,-2.25,127.25,30.687,0.0907,-0.1867,-0.4005,0.2437,,,0.274,WPP_714_Laut_Banda,NOAA_ERDDAP
2023-03,-2.25,127.75,30.751,0.0902,-0.1772,0.0543,0.2418,,,0.2714,WPP_714_Laut_Banda,NOAA_ERDDAP
2023-03,-2.25,128.25,31.029,0.0846,-0.1931,0.508,0.2289,,,0.2602,WPP_714_Laut_Banda,NOAA_ERDDAP
2023-03,-2.25,128.75,30.578,0.0742,-0.4448,0.4604,0.2256,,,0.278,WPP_714_Laut_Banda,NOAA_ERDDAP
2023-03,-2.25,129.25,30.224,0.0764,-0.4786,-0.082,0.2298,,,0.2922,WPP_714_Laut_Banda,NOAA_ERDDAP
2023-03,-2.25,129.75,30.413,0.0825,-0.5847,-0.4892,0.2141,,,0.2848,WPP_714_Laut_Banda,NOAA_ERDDAP
2023-03,-2.25,130.25,30.832,0.1031,-0.6942,-0.2374,0.2152,,,0.2684,WPP_714_Laut_Banda,NOAA_ERDDAP
2023-03,-2.25,130.75,30.941,0.0949,-0.8046,-0.3545,0.2252,,,0.2639,WPP_714_Laut_Banda,NOAA_ERDDAP
2023-03,-2.25,131.25,30.513,0.1839,-0.6389,-0.9986,0.2972,,,0.2827,WPP_714_Laut_Banda,NOAA_ERDDAP
2023-03,-2.25,131.75,30.881,1.0009,-0.4576,-0.3274,0.3166,,,0.284,WPP_714_Laut_Banda,NOAA_ERDDAP
2023-01,-1.75,124.25,30.062,0.1766,-1.0162,0.0562,0.2874,,,0.3006,WPP_715_Laut_Maluku,NOAA_ERDDAP
2023-01,-1.75,124.75,30.409,0.0774,-1.1002,0.3044,0.2904,,,0.2848,WPP_715_Laut_Maluku,NOAA_ERDDAP
2023-01,-1.75,125.25,29.713,0.1639,-0.9864,0.6529,0.2844,,,0.3143,WPP_715_Laut_Maluku,NOAA_ERDDAP
2023-01,-1.75,125.75,29.972,0.7056,-0.5372,0.6628,0.2411,,,0.3146,WPP_715_Laut_Maluku,NOAA_ERDDAP
2023-01,-1.75,126.25,30.226,0.1643,-0.102,0.2923,0.215,,,0.2938,WPP_715_Laut_Maluku,NOAA_ERDDAP
2023-01,-1.75,126.75,30.33,0.1631,0.0237,-0.1229,0.2311,,,0.2896,WPP_715_Laut_Maluku,NOAA_ERDDAP
2023-01,-1.75,127.25,30.377,0.1918,-0.2228,-0.1024,0.2629,,,0.2883,WPP_715_Laut_Maluku,NOAA_ERDDAP
2023-01,-1.75,127.75,30.234,0.195,-0.5615,0.1095,0.2911,,,0.2941,WPP_715_Laut_Maluku,NOAA_ERDDAP
2023-01,-1.75,128.25,29.986,0.2001,-0.9159,0.3288,0.2915,,,0.3041,WPP_715_Laut_Maluku,NOAA_ERDDAP
2023-01,-1.75,128.75,30.145,0.2217,-0.8438,0.0935,0.2536,,,0.2982,WPP_715_Laut_Maluku,NOAA_ERDDAP
2023-01,-1.75,129.25,30.368,0.1513,-0.5542,-0.1266,0.2314,,,0.2879,WPP_715_Laut_Maluku,NOAA_ERDDAP
2023-01,-1.75,129.75,30.297,0.3152,-0.1314,-0.3266,0.2091,,,0.2939,WPP_715_Laut_Maluku,NOAA_ERDDAP
2023-01,-1.75,130.25,30.942,1.0487,,,,,,0.2825,WPP_715_Laut_Maluku,NOAA_ERDDAP
2023-01,-1.75,130.75,31.032,0.2869,-0.4704,-0.3092,0.2348,,,0.264,WPP_715_Laut_Maluku,NOAA_ERDDAP
2023-01,-1.75,131.25,31.413,0.9307,-0.6449,-0.1706,0.237,,,0.2613,WPP_715_Laut_Maluku,NOAA_ERDDAP
2023-01,-1.75,131.75,32.0,6.6817,-0.7564,-0.1381,0.2313,,,0.35,WPP_715_Laut_Maluku,NOAA_ERDDAP
2023-01,-1.25,124.25,31.109,0.1164,-1.2763,0.1528,0.2381,,,0.2576,WPP_715_Laut_Maluku,NOAA_ERDDAP
2023-01,-1.25,124.75,30.449,0.1181,-1.0061,0.3007,0.2203,,,0.284,WPP_715_Laut_Maluku,NOAA_ERDDAP
2023-01,-1.25,125.25,30.669,0.1251,-0.7529,0.3984,0.2058,,,0.2753,WPP_715_Laut_Maluku,NOAA_ERDDAP
2023-01,-1.25,125.75,30.238,0.1685,-0.5383,0.3436,0.2088,,,0.2934,WPP_715_Laut_Maluku,NOAA_ERDDAP
2023-01,-1.25,126.25,30.379,0.1979,-0.3815,0.1904,0.2402,,,0.2884,WPP_715_Laut_Maluku,NOAA_ERDDAP
2023-01,-1.25,126.75,30.254,0.2098,-0.2571,0.1067,0.2617,,,0.2936,WPP_715_Laut_Maluku,NOAA_ERDDAP
2023-01,-1.25,127.25,30.133,0.2138,-0.2305,0.0614,0.3233,,,0.2985,WPP_715_Laut_Maluku,NOAA_ERDDAP
2023-01,-1.25,127.75,30.357,0.2392,,,,,,0.2901,WPP_715_Laut_Maluku,NOAA_ERDDAP
2023-01,-1.25,128.25,30.338,0.1854,-0.6063,0.3537,0.2362,,,0.2898,WPP_715_Laut_Maluku,NOAA_ERDDAP
2023-01,-1.25,128.75,29.973,0.1999,-0.8274,-0.1242,0.1578,,,0.3046,WPP_715_Laut_Maluku,NOAA_ERDDAP
2023-01,-1.25,129.25,30.112,0.1791,-0.5882,-0.5647,0.2382,,,0.2987,WPP_715_Laut_Maluku,NOAA_ERDDAP
2023-01,-1.25,129.75,30.374,0.1709,-0.3096,-0.4413,0.2472,,,0.288,WPP_715_Laut_Maluku,NOAA_ERDDAP
2023-01,-1.25,130.25,30.512,0.306,-0.2899,-0.2539,0.231,,,0.2852,WPP_715_Laut_Maluku,NOAA_ERDDAP
2023-01,-1.25,130.75,30.975,1.1156,-0.4915,-0.1548,0.2159,,,0.2824,WPP_715_Laut_Maluku,NOAA_ERDDAP
2023-01,-1.25,131.25,31.835,5.5741,,,,,,0.335,WPP_715_Laut_Maluku,NOAA_ERDDAP
2023-01,-0.75,124.25,29.427,0.0983,-1.3357,-0.0431,0.2463,,,0.3245,WPP_715_Laut_Maluku,NOAA_ERDDAP
2023-01,-0.75,124.75,29.831,0.1293,-0.9572,0.1937,0.2466,,,0.3089,WPP_715_Laut_Maluku,NOAA_ERDDAP
2023-01,-0.75,125.25,30.137,0.1287,-0.7186,0.3874,0.2459,,,0.2967,WPP_715_Laut_Maluku,NOAA_ERDDAP
2023-01,-0.75,125.75,29.895,0.1522,-0.5668,0.3856,0.2102,,,0.3068,WPP_715_Laut_Maluku,NOAA_ERDDAP
2023-01,-0.75,126.25,29.861,0.1907,-0.4708,0.2618,0.2175,,,0.3089,WPP_715_Laut_Maluku,NOAA_ERDDAP
2023-01,-0.75,126.75,29.866,0.2153,-0.3346,0.0669,0.241,,,0.3092,WPP_715_Laut_Maluku,NOAA_ERDDAP
2023-01,-0.75,127.25,30.17,0.3616,-0.0159,-0.0146,0.332,,,0.2999,WPP_715_Laut_Maluku,NOAA_ERDDAP
2023-01,-0.75,127.75,30.136,0.2421,0.2045,0.3004,0.3745,,,0.299,WPP_715_Laut_Maluku,NOAA_ERDDAP
2023-01,-0.75,128.25,30.317,0.2317,0.3377,0.4721,0.2767,,,0.2915,WPP_715_Laut_Maluku,NOAA_ERDDAP
2023-01,-0.75,128.75,30.222,0.1845,0.0788,0.0624,0.1508,,,0.2944,WPP_715_Laut_Maluku,NOAA_ERDDAP
2023-01,-0.75,129.25,29.968,0.2112,-0.2403,-0.4955,0.1954,,,0.3051,WPP_715_Laut_Maluku,NOAA_ERDDAP
2023-01,-0.75,129.75,30.038,0.203,-0.2829,-0.5369,0.2494,,,0.3021,WPP_715_Laut_Maluku,NOAA_ERDDAP
2023-01,-0.75,130.25,30.494,0.1928,-0.2532,-0.2686,0.2236,,,0.2837,WPP_715_Laut_Maluku,NOAA_ERDDAP
2023-01,-0.75,130.75,30.582,0.274,-0.2623,-0.1953,0.2008,,,0.2817,WPP_715_Laut_Maluku,NOAA_ERDDAP
2023-01,-0.75,131.25,30.299,0.3607,-0.3262,-0.2075,0.1909,,,0.2947,WPP_715_Laut_Maluku,NOAA_ERDDAP
2023-01,-0.75,131.75,30.462,0.198,,,,,,0.285,WPP_715_Laut_Maluku,NOAA_ERDDAP
2023-01,-0.25,124.25,30.166,0.1106,-1.488,-0.1348,0.2184,,,0.2952,WPP_715_Laut_Maluku,NOAA_ERDDAP
2023-01,-0.25,124.75,30.237,0.1064,-1.1224,0.0706,0.2472,,,0.2923,WPP_715_Laut_Maluku,NOAA_ERDDAP
2023-01,-0.25,125.25,30.253,0.1122,-0.7771,0.2254,0.2378,,,0.2917,WPP_715_Laut_Maluku,NOAA_ERDDAP
2023-01,-0.25,125.75,30.036,0.146,-0.4617,0.3076,0.2467,,,0.3011,WPP_715_Laut_Maluku,NOAA_ERDDAP
2023-01,-0.25,126.25,29.732,0.2032,-0.2284,0.2968,0.2325,,,0.3144,WPP_715_Laut_Maluku,NOAA_ERDDAP
2023-01,-0.25,126.75,29.598,0.2218,-0.0927,0.1729,0.2669,,,0.3201,WPP_715_Laut_Maluku,NOAA_ERDDAP
2023-01,-0.25,127.25,29.842,0.2513,-0.0199,0.0683,0.3798,,,0.3109,WPP_715_Laut_Maluku,NOAA_ERDDAP
2023-01,-0.25,127.75,30.241,0.249,,,,,,0.2949,WPP_715_Laut_Maluku,NOAA_ERDDAP
2023-01,-0.25,128.25,30.953,0.1452,0.0631,0.1707,0.3762,,,0.2644,WPP_715_Laut_Maluku,NOAA_ERDDAP
2023-01,-0.25,128.75,30.718,0.1562,0.1123,-0.0106,0.3,,,0.274,WPP_715_Laut_Maluku,NOAA_ERDDAP
2023-01,-0.25,129.25,30.238,0.1761,0.0916,-0.337,0.1961,,,0.2936,WPP_715_Laut_Maluku,NOAA_ERDDAP
2023-01,-0.25,129.75,30.097,0.1785,0.0404,-0.4392,0.2283,,,0.2993,WPP_715_Laut_Maluku,NOAA_ERDDAP
2023-01,-0.25,130.25,30.279,0.2297,0.0264,-0.3356,0.2083,,,0.293,WPP_715_Laut_Maluku,NOAA_ERDDAP
2023-01,-0.25,130.75,30.749,0.8089,,,,,,0.2855,WPP_715_Laut_Maluku,NOAA_ERDDAP
2023-01,-0.25,131.25,29.968,0.3312,-0.1214,-0.1738,0.1717,,,0.3074,WPP_715_Laut_Maluku,NOAA_ERDDAP
2023-01,-0.25,131.75,29.805,0.1683,-0.2447,-0.1141,0.1804,,,0.3108,WPP_715_Laut_Maluku,NOAA_ERDDAP
2023-01,0.25,124.25,30.237,0.1142,-1.232,-0.1685,0.2206,,,0.2924,WPP_715_Laut_Maluku,NOAA_ERDDAP
2023-01,0.25,124.75,31.015,0.1255,-0.8249,-0.1051,0.2439,,,0.2615,WPP_715_Laut_Maluku,NOAA_ERDDAP
2023-01,0.25,125.25,30.752,0.1474,-0.4352,0.0019,0.2323,,,0.2725,WPP_715_Laut_Maluku,NOAA_ERDDAP
2023-01,0.25,125.75,30.091,0.1597,-0.0975,0.1217,0.2625,,,0.2991,WPP_715_Laut_Maluku,NOAA_ERDDAP
2023-01,0.25,126.25,29.678,0.1764,0.1714,0.224,0.2532,,,0.316,WPP_715_Laut_Maluku,NOAA_ERDDAP
2023-01,0.25,126.75,29.571,0.1843,0.3619,0.2904,0.2492,,,0.3204,WPP_715_Laut_Maluku,NOAA_ERDDAP
2023-01,0.25,127.25,29.866,0.2338,0.4855,0.2468,0.2574,,,0.3096,WPP_715_Laut_Maluku,NOAA_ERDDAP
2023-01,0.25,127.75,30.382,0.1911,0.5524,0.0631,0.2868,,,0.2881,WPP_715_Laut_Maluku,NOAA_ERDDAP
2023-01,0.25,128.25,30.963,0.1318,0.5671,-0.1399,0.2469,,,0.2637,WPP_715_Laut_Maluku,NOAA_ERDDAP
2023-01,0.25,128.75,30.6,0.1401,0.5249,-0.2551,0.2316,,,0.2784,WPP_715_Laut_Maluku,NOAA_ERDDAP
2023-01,0.25,129.25,30.334,0.1683,0.4516,-0.2838,0.2114,,,0.2896,WPP_715_Laut_Maluku,NOAA_ERDDAP
2023-01,0.25,129.75,30.178,0.1782,0.3591,-0.2762,0.2048,,,0.296,WPP_715_Laut_Maluku,NOAA_ERDDAP
2023-01,0.25,130.25,30.189,0.2373,0.2394,-0.266,0.2096,,,0.2967,WPP_715_Laut_Maluku,NOAA_ERDDAP
2023-01,0.25,130.75,30.229,0.2044,0.103,-0.2407,0.1983,,,0.2945,WPP_715_Laut_Maluku,NOAA_ERDDAP
2023-01,0.25,131.25,30.325,0.1582,-0.0276,-0.1931,0.1728,,,0.2898,WPP_715_Laut_Maluku,NOAA_ERDDAP
2023-01,0.25,131.75,29.567,0.1291,-0.1309,-0.1412,0.1475,,,0.3195,WPP_715_Laut_Maluku,NOAA_ERDDAP
2023-01,0.75,124.75,30.607,0.1221,-0.1588,-0.3832,0.2383,,,0.2778,WPP_715_Laut_Maluku,NOAA_ERDDAP
2023-01,0.75,125.25,30.703,0.1251,0.1801,-0.2457,0.1933,,,0.274,WPP_715_Laut_Maluku,NOAA_ERDDAP
2023-01,0.75,125.75,30.029,0.1327,0.4787,-0.0264,0.2081,,,0.3011,WPP_715_Laut_Maluku,NOAA_ERDDAP
2023-01,0.75,126.25,29.624,0.1886,0.6987,0.2759,0.223,,,0.3184,WPP_715_Laut_Maluku,NOAA_ERDDAP
2023-01,0.75,126.75,29.543,0.2079,0.6197,0.676,0.316,,,0.322,WPP_715_Laut_Maluku,NOAA_ERDDAP
2023-01,0.75,127.25,29.591,0.2357,0.3181,0.6398,0.4193,,,0.3206,WPP_715_Laut_Maluku,NOAA_ERDDAP
2023-01,0.75,127.75,30.99,1.8913,,,,,,0.297,WPP_715_Laut_Maluku,NOAA_ERDDAP
2023-01,0.75,128.25,30.946,0.2482,,,,,,0.2667,WPP_715_Laut_Maluku,NOAA_ERDDAP
2023-01,0.75,128.75,30.506,0.1759,0.4213,-0.6873,0.2346,,,0.2829,WPP_715_Laut_Maluku,NOAA_ERDDAP
2023-01,0.75,129.25,30.45,0.1414,0.6172,-0.2478,0.2121,,,0.2844,WPP_715_Laut_Maluku,NOAA_ERDDAP
2023-01,0.75,129.75,30.252,0.1712,0.483,-0.0622,0.2048,,,0.2929,WPP_715_Laut_Maluku,NOAA_ERDDAP
2023-01,0.75,130.25,30.435,0.1543,0.3185,-0.0917,0.202,,,0.2853,WPP_715_Laut_Maluku,NOAA_ERDDAP
2023-01,0.75,130.75,29.813,0.1184,0.1529,-0.1759,0.1934,,,0.3095,WPP_715_Laut_Maluku,NOAA_ERDDAP
2023-01,0.75,131.25,30.132,0.1832,-0.01,-0.2061,0.1811,,,0.298,WPP_715_Laut_Maluku,NOAA_ERDDAP
2023-01,0.75,131.75,29.846,0.0863,-0.1524,-0.1653,0.1467,,,0.3075,WPP_715_Laut_Maluku,NOAA_ERDDAP
2023-01,1.25,124.25,30.359,0.3033,0.3665,-0.5923,0.2495,,,0.2912,WPP_715_Laut_Maluku,NOAA_ERDDAP
2023-01,1.25,124.75,30.485,0.1601,,,,,,0.2834,WPP_715_Laut_Maluku,NOAA_ERDDAP
2023-01,1.25,125.25,30.331,0.114,0.2901,-0.3781,0.2116,,,0.2887,WPP_715_Laut_Maluku,NOAA_ERDDAP
2023-01,1.25,125.75,29.857,0.1338,0.5894,-0.2374,0.2034,,,0.308,WPP_715_Laut_Maluku,NOAA_ERDDAP
2023-01,1.25,126.25,29.597,0.19,1.0763,0.3124,0.2353,,,0.3195,WPP_715_Laut_Maluku,NOAA_ERDDAP
2023-01,1.25,126.75,29.449,0.1953,1.5671,1.283,0.2765,,,0.3255,WPP_715_Laut_Maluku,NOAA_ERDDAP
2023-01,1.25,127.25,29.56,0.1794,1.3603,1.8747,0.5066,,,0.3208,WPP_715_Laut_Maluku,NOAA_ERDDAP
2023-01,1.25,127.75,31.146,2.7822,,,,,,0.3081,WPP_715_Laut_Maluku,NOAA_ERDDAP
2023-01,1.25,128.25,30.242,2.401,1.3178,-2.1176,0.722,,,0.3368,WPP_715_Laut_Maluku,NOAA_ERDDAP
2023-01,1.25,128.75,30.38,0.1531,,,,,,0.2875,WPP_715_Laut_Maluku,NOAA_ERDDAP
2023-01,1.25,129.25,30.713,0.1176,0.844,-0.2863,0.1986,,,0.2734,WPP_715_Laut_Maluku,NOAA_ERDDAP
2023-01,1.25,129.75,30.329,0.142,0.5238,0.1355,0.204,,,0.2893,WPP_715_Laut_Maluku,NOAA_ERDDAP
2023-01,1.25,130.25,30.064,0.1047,0.3747,0.0298,0.1982,,,0.2991,WPP_715_Laut_Maluku,NOAA_ERDDAP
2023-01,1.25,130.75,30.127,0.083,0.2497,-0.1095,0.1907,,,0.2962,WPP_715_Laut_Maluku,NOAA_ERDDAP
2023-01,1.25,131.25,29.757,0.0802,0.0944,-0.1971,0.1692,,,0.311,WPP_715_Laut_Maluku,NOAA_ERDDAP
2023-01,1.25,131.75,30.409,0.0656,-0.0891,-0.0649,0.1404,,,0.2846,WPP_715_Laut_Maluku,NOAA_ERDDAP
2023-01,1.75,124.25,29.754,0.204,0.2555,-0.4587,0.2331,,,0.3135,WPP_715_Laut_Maluku,NOAA_ERDDAP
2023-01,1.75,124.75,30.001,0.216,0.1935,-0.172,0.2449,,,0.3038,WPP_715_Laut_Maluku,NOAA_ERDDAP
2023-01,1.75,125.25,29.446,0.23,0.2003,-0.4313,0.2266,,,0.3263,WPP_715_Laut_Maluku,NOAA_ERDDAP
2023-01,1.75,125.75,29.957,0.2013,0.3335,-0.4426,0.2135,,,0.3053,WPP_715_Laut_Maluku,NOAA_ERDDAP
2023-01,1.75,126.25,29.483,0.2023,0.43,-0.1999,0.1686,,,0.3243,WPP_715_Laut_Maluku,NOAA_ERDDAP
2023-01,1.75,126.75,29.959,0.1825,1.1933,0.9851,0.1382,,,0.3049,WPP_715_Laut_Maluku,NOAA_ERDDAP
2023-01,1.75,127.25,29.722,0.2071,1.0627,1.2064,0.3093,,,0.3148,WPP_715_Laut_Maluku,NOAA_ERDDAP
2023-01,1.75,127.75,30.782,0.2255,,,,,,0.2728,WPP_715_Laut_Maluku,NOAA_ERDDAP
2023-01,1.75,128.25,30.436,0.1938,1.872,-0.7878,0.4326,,,0.286,WPP_715_Laut_Maluku,NOAA_ERDDAP
2023-01,1.75,128.75,30.778,0.16,1.8841,-0.8631,0.3082,,,0.2717,WPP_715_Laut_Maluku,NOAA_ERDDAP
2023-01,1.75,129.25,30.854,0.1129,0.6466,0.0608,0.1821,,,0.2677,WPP_715_Laut_Maluku,NOAA_ERDDAP
2023-01,1.75,129.75,30.962,0.1067,0.4423,0.2508,0.2037,,,0.2633,WPP_715_Laut_Maluku,NOAA_ERDDAP
2023-01,1.75,130.25,30.789,0.0871,0.3427,0.0341,0.1751,,,0.2698,WPP_715_Laut_Maluku,NOAA_ERDDAP
2023-01,1.75,130.75,30.287,0.084,0.2103,-0.0337,0.1607,,,0.2898,WPP_715_Laut_Maluku,NOAA_ERDDAP
2023-01,1.75,131.25,30.224,0.0993,-0.025,-0.0567,0.155,,,0.2926,WPP_715_Laut_Maluku,NOAA_ERDDAP
2023-01,1.75,131.75,29.978,0.0866,-0.1142,0.0657,0.1314,,,0.3022,WPP_715_Laut_Maluku,NOAA_ERDDAP
2023-01,2.25,124.25,29.461,0.2094,-0.04,-0.3133,0.269,,,0.3253,WPP_715_Laut_Maluku,NOAA_ERDDAP
2023-01,2.25,124.75,29.615,0.1903,0.192,-0.2489,0.2551,,,0.3188,WPP_715_Laut_Maluku,NOAA_ERDDAP
2023-01,2.25,125.25,29.711,0.2335,0.134,-0.2479,0.2397,,,0.3158,WPP_715_Laut_Maluku,NOAA_ERDDAP
2023-01,2.25,125.75,29.528,0.231,-0.0294,-0.2474,0.2239,,,0.3231,WPP_715_Laut_Maluku,NOAA_ERDDAP
2023-01,2.25,126.25,28.948,0.2036,0.0114,-0.1391,0.2075,,,0.3457,WPP_715_Laut_Maluku,NOAA_ERDDAP
2023-01,2.25,126.75,30.169,0.1463,0.0066,0.1703,0.1838,,,0.2958,WPP_715_Laut_Maluku,NOAA_ERDDAP
2023-01,2.25,127.25,30.42,0.1505,-0.0631,0.4938,0.1755,,,0.2858,WPP_715_Laut_Maluku,NOAA_ERDDAP
2023-01,2.25,127.75,30.163,0.1889,0.1209,0.0231,0.1916,,,0.2968,WPP_715_Laut_Maluku,NOAA_ERDDAP
2023-01,2.25,128.25,30.283,0.2203,-0.4158,0.1527,0.1805,,,0.2926,WPP_715_Laut_Maluku,NOAA_ERDDAP
2023-01,2.25,128.75,29.963,0.1694,-0.015,-0.5893,0.2086,,,0.3045,WPP_715_Laut_Maluku,NOAA_ERDDAP
2023-01,2.25,129.25,30.328,0.119,0.2481,0.2705,0.215,,,0.2889,WPP_715_Laut_Maluku,NOAA_ERDDAP
2023-01,2.25,129.75,30.572,0.1158,0.186,0.3627,0.1985,,,0.279,WPP_715_Laut_Maluku,NOAA_ERDDAP
2023-01,2.25,130.25,29.496,0.0823,0.0078,0.0544,0.172,,,0.3214,WPP_715_Laut_Maluku,NOAA_ERDDAP
2023-01,2.25,130.75,29.268,0.139,-0.1376,0.0713,0.1613,,,0.3317,WPP_715_Laut_Maluku,NOAA_ERDDAP
2023-01,2.25,131.25,29.844,0.1269,-0.1944,0.0045,0.1561,,,0.3084,WPP_715_Laut_Maluku,NOAA_ERDDAP
2023-01,2.25,131.75,28.977,0.1215,-0.1319,0.1353,0.1324,,,0.343,WPP_715_Laut_Maluku,NOAA_ERDDAP
2023-01,2.75,124.25,29.869,0.1651,0.4428,-0.0817,0.2435,,,0.3081,WPP_715_Laut_Maluku,NOAA_ERDDAP
2023-01,2.75,124.75,29.637,0.2046,0.2313,-0.3207,0.2276,,,0.3182,WPP_715_Laut_Maluku,NOAA_ERDDAP
2023-01,2.75,125.25,29.661,0.2021,0.3009,-0.1471,0.2312,,,0.3172,WPP_715_Laut_Maluku,NOAA_ERDDAP
2023-01,2.75,125.75,30.218,0.2028,0.2833,-0.1536,0.2269,,,0.2949,WPP_715_Laut_Maluku,NOAA_ERDDAP
2023-01,2.75,126.25,30.173,0.1765,0.1352,0.3073,0.2318,,,0.2962,WPP_715_Laut_Maluku,NOAA_ERDDAP
2023-01,2.75,126.75,30.248,0.1107,0.2571,0.3538,0.242,,,0.2919,WPP_715_Laut_Maluku,NOAA_ERDDAP
2023-01,2.75,127.25,30.209,0.1352,0.2663,0.31,0.2445,,,0.2939,WPP_715_Laut_Maluku,NOAA_ERDDAP
2023-01,2.75,127.75,29.756,0.1449,0.2338,0.5167,0.3164,,,0.3123,WPP_715_Laut_Maluku,NOAA_ERDDAP
2023-01,2.75,128.25,29.379,0.1669,0.5643,-0.339,0.3171,,,0.3278,WPP_715_Laut_Maluku,NOAA_ERDDAP
2023-01,2.75,128.75,29.242,0.1453,-0.0176,-0.9215,0.2635,,,0.3328,WPP_715_Laut_Maluku,NOAA_ERDDAP
2023-01,2.75,129.25,29.64,0.1287,0.198,0.1982,0.1998,,,0.3166,WPP_715_Laut_Maluku,NOAA_ERDDAP
2023-01,2.75,129.75,29.661,0.138,-0.05,0.3091,0.1935,,,0.3159,WPP_715_Laut_Maluku,NOAA_ERDDAP
2023-01,2.75,130.25,29.164,0.1001,-0.2254,0.3633,0.1745,,,0.3351,WPP_715_Laut_Maluku,NOAA_ERDDAP
2023-01,2.75,130.75,30.314,0.1345,-0.3545,0.1278,0.1789,,,0.2897,WPP_715_Laut_Maluku,NOAA_ERDDAP
2023-01,2.75,131.25,30.311,0.089,-0.281,-0.0482,0.1743,,,0.289,WPP_715_Laut_Maluku,NOAA_ERDDAP
2023-01,2.75,131.75,29.666,0.1074,-0.0751,-0.0678,0.1553,,,0.3151,WPP_715_Laut_Maluku,NOAA_ERDDAP
2023-01,3.25,124.25,30.017,0.0884,0.5502,-0.0029,0.2164,,,0.3007,WPP_715_Laut_Maluku,NOAA_ERDDAP
2023-01,3.25,124.75,29.974,0.1115,0.6142,-0.0571,0.242,,,0.3029,WPP_715_Laut_Maluku,NOAA_ERDDAP
2023-01,3.25,125.25,29.922,0.183,0.3905,0.0283,0.2057,,,0.3064,WPP_715_Laut_Maluku,NOAA_ERDDAP
2023-01,3.25,125.75,30.335,0.1494,0.3004,-0.2137,0.2006,,,0.2892,WPP_715_Laut_Maluku,NOAA_ERDDAP
2023-01,3.25,126.25,29.752,0.1124,0.6402,0.0245,0.2027,,,0.3118,WPP_715_Laut_Maluku,NOAA_ERDDAP
2023-01,3.25,126.75,30.421,0.0774,0.9218,-0.0685,0.199,,,0.2843,WPP_715_Laut_Maluku,NOAA_ERDDAP
2023-01,3.25,127.25,30.663,0.0779,2.0719,0.4852,0.231,,,0.2747,WPP_715_Laut_Maluku,NOAA_ERDDAP
2023-01,3.25,127.75,30.25,0.1175,1.2311,0.1823,0.2194,,,0.292,WPP_715_Laut_Maluku,NOAA_ERDDAP
2023-01,3.25,128.25,29.651,0.1219,0.8663,0.076,0.2478,,,0.316,WPP_715_Laut_Maluku,NOAA_ERDDAP
2023-01,3.25,128.75,29.939,0.1427,0.5682,-0.3528,0.2078,,,0.3049,WPP_715_Laut_Maluku,NOAA_ERDDAP
2023-01,3.25,129.25,29.891,0.1261,0.0034,0.217,0.1906,,,0.3065,WPP_715_Laut_Maluku,NOAA_ERDDAP
2023-01,3.25,129.75,30.367,0.117,0.239,0.3903,0.1876,,,0.2873,WPP_715_Laut_Maluku,NOAA_ERDDAP
2023-01,3.25,130.25,29.627,0.0878,0.1376,0.4776,0.1923,,,0.3163,WPP_715_Laut_Maluku,NOAA_ERDDAP
2023-01,3.25,130.75,29.493,0.104,0.0373,0.1237,0.1965,,,0.322,WPP_715_Laut_Maluku,NOAA_ERDDAP
2023-01,3.25,131.25,29.516,0.0939,0.2506,-0.3352,0.1897,,,0.3209,WPP_715_Laut_Maluku,NOAA_ERDDAP
2023-01,3.25,131.75,29.51,0.1036,0.2532,-0.178,0.1914,,,0.3213,WPP_715_Laut_Maluku,NOAA_ERDDAP
2023-01,3.75,124.25,30.072,0.0857,0.2293,0.0124,0.1935,,,0.2985,WPP_715_Laut_Maluku,NOAA_ERDDAP
2023-01,3.75,124.75,30.557,0.0936,-0.1158,0.0088,0.2018,,,0.2792,WPP_715_Laut_Maluku,NOAA_ERDDAP
2023-01,3.75,125.25,29.652,0.1443,0.2504,-0.147,0.2016,,,0.3164,WPP_715_Laut_Maluku,NOAA_ERDDAP
2023-01,3.75,125.75,29.386,0.1106,0.3116,-0.2522,0.2014,,,0.3264,WPP_715_Laut_Maluku,NOAA_ERDDAP
2023-01,3.75,126.25,30.576,0.0483,0.4061,-0.5222,0.179,,,0.2776,WPP_715_Laut_Maluku,NOAA_ERDDAP
2023-01,3.75,126.75,30.403,0.0406,1.0534,-0.5456,0.1462,,,0.2843,WPP_715_Laut_Maluku,NOAA_ERDDAP
2023-01,3.75,127.25,30.183,0.0463,0.1532,0.4774,0.1653,,,0.2932,WPP_715_Laut_Maluku,NOAA_ERDDAP
2023-01,3.75,127.75,29.831,0.0773,1.6343,0.8003,0.1819,,,0.3079,WPP_715_Laut_Maluku,NOAA_ERDDAP
2023-01,3.75,128.25,29.583,0.1112,0.881,0.3254,0.1905,,,0.3185,WPP_715_Laut_Maluku,NOAA_ERDDAP
2023-01,3.75,128.75,29.46,0.1224,0.3002,0.094,0.186,,,0.3237,WPP_715_Laut_Maluku,NOAA_ERDDAP
2023-01,3.75,129.25,30.042,0.1183,0.1572,0.0929,0.1683,,,0.3003,WPP_715_Laut_Maluku,NOAA_ERDDAP
2023-01,3.75,129.75,29.266,0.1109,0.0016,0.4368,0.1801,,,0.3312,WPP_715_Laut_Maluku,NOAA_ERDDAP
2023-01,3.75,130.25,29.577,0.0894,0.1796,0.27,0.1912,,,0.3183,WPP_715_Laut_Maluku,NOAA_ERDDAP
2023-01,3.75,130.75,29.333,0.0907,0.5856,-0.0644,0.1851,,,0.3281,WPP_715_Laut_Maluku,NOAA_ERDDAP
2023-01,3.75,131.25,29.222,0.0951,0.6457,-0.4996,0.1748,,,0.3326,WPP_715_Laut_Maluku,NOAA_ERDDAP
2023-01,3.75,131.75,29.281,0.1126,0.8635,-0.3632,0.1586,,,0.3306,WPP_715_Laut_Maluku,NOAA_ERDDAP
2023-02,-1.75,124.25,29.645,0.4523,-0.2772,0.0459,0.2263,,,0.3227,WPP_715_Laut_Maluku,NOAA_ERDDAP
2023-02,-1.75,124.75,29.698,0.1117,-0.5324,0.159,0.2257,,,0.3139,WPP_715_Laut_Maluku,NOAA_ERDDAP
2023-02,-1.75,125.25,29.392,0.1056,-0.5734,0.4909,0.2032,,,0.326,WPP_715_Laut_Maluku,NOAA_ERDDAP
2023-02,-1.75,125.75,30.075,0.2156,-0.6262,0.3901,0.173,,,0.3009,WPP_715_Laut_Maluku,NOAA_ERDDAP
2023-02,-1.75,126.25,29.602,0.1493,-0.5084,0.0001,0.2005,,,0.3185,WPP_715_Laut_Maluku,NOAA_ERDDAP
2023-02,-1.75,126.75,29.243,0.1153,0.048,-0.2965,0.2192,,,0.3322,WPP_715_Laut_Maluku,NOAA_ERDDAP
2023-02,-1.75,127.25,29.232,0.1071,0.876,-0.375,0.2901,,,0.3325,WPP_715_Laut_Maluku,NOAA_ERDDAP
2023-02,-1.75,127.75,29.13,0.1553,0.8527,0.0048,0.3428,,,0.3375,WPP_715_Laut_Maluku,NOAA_ERDDAP
2023-02,-1.75,128.25,29.473,0.1313,0.903,0.5435,0.3249,,,0.3233,WPP_715_Laut_Maluku,NOAA_ERDDAP
2023-02,-1.75,128.75,29.764,0.1131,0.5316,0.4734,0.2632,,,0.3113,WPP_715_Laut_Maluku,NOAA_ERDDAP
2023-02,-1.75,129.25,29.582,0.1071,0.6302,-0.0331,0.2281,,,0.3185,WPP_715_Laut_Maluku,NOAA_ERDDAP
2023-02,-1.75,129.75,29.553,0.2739,0.5331,-0.4775,0.2261,,,0.3229,WPP_715_Laut_Maluku,NOAA_ERDDAP
2023-02,-1.75,130.25,30.05,0.5295,,,,,,0.308,WPP_715_Laut_Maluku,NOAA_ERDDAP
2023-02,-1.75,130.75,30.411,0.2869,0.0873,-0.7231,0.2554,,,0.2888,WPP_715_Laut_Maluku,NOAA_ERDDAP
2023-02,-1.75,131.25,31.17,0.6994,0.0957,-1.4683,0.2712,,,0.2665,WPP_715_Laut_Maluku,NOAA_ERDDAP
2023-02,-1.75,131.75,31.803,3.5803,-0.0067,-1.4464,0.3707,,,0.2974,WPP_715_Laut_Maluku,NOAA_ERDDAP
2023-02,-1.25,124.25,30.183,0.1326,-0.614,0.2437,0.2339,,,0.2949,WPP_715_Laut_Maluku,NOAA_ERDDAP
2023-02,-1.25,124.75,29.701,0.1235,-0.6214,0.2398,0.2345,,,0.314,WPP_715_Laut_Maluku,NOAA_ERDDAP
2023-02,-1.25,125.25,29.568,0.1263,-0.5678,0.5217,0.2218,,,0.3194,WPP_715_Laut_Maluku,NOAA_ERDDAP
2023-02,-1.25,125.75,29.427,0.1239,-0.5566,0.5025,0.1857,,,0.325,WPP_715_Laut_Maluku,NOAA_ERDDAP
2023-02,-1.25,126.25,28.982,0.1146,-0.5472,-0.0757,0.1938,,,0.3426,WPP_715_Laut_Maluku,NOAA_ERDDAP
2023-02,-1.25,126.75,29.168,0.1252,-0.5037,-0.5855,0.2682,,,0.3354,WPP_715_Laut_Maluku,NOAA_ERDDAP
2023-02,-1.25,127.25,29.318,0.1533,-0.4618,-0.4993,0.3972,,,0.3299,WPP_715_Laut_Maluku,NOAA_ERDDAP
2023-02,-1.25,127.75,29.944,0.1851,,,,,,0.3055,WPP_715_Laut_Maluku,NOAA_ERDDAP
2023-02,-1.25,128.25,29.689,0.1387,-0.2729,0.6662,0.3957,,,0.3148,WPP_715_Laut_Maluku,NOAA_ERDDAP
2023-02,-1.25,128.75,29.683,0.1232,0.0255,0.3061,0.2996,,,0.3148,WPP_715_Laut_Maluku,NOAA_ERDDAP
2023-02,-1.25,129.25,29.112,0.1089,0.1613,-0.2672,0.283,,,0.3373,WPP_715_Laut_Maluku,NOAA_ERDDAP
2023-02,-1.25,129.75,29.528,0.1107,0.2516,-0.4157,0.2685,,,0.3207,WPP_715_Laut_Maluku,NOAA_ERDDAP
2023-02,-1.25,130.25,29.917,0.2091,0.0632,-0.5559,0.2569,,,0.3071,WPP_715_Laut_Maluku,NOAA_ERDDAP
2023-02,-1.25,130.75,29.795,0.6695,-0.1167,-0.689,0.2571,,,0.3209,WPP_715_Laut_Maluku,NOAA_ERDDAP
2023-02,-1.25,131.25,30.44,1.1228,,,,,,0.304,WPP_715_Laut_Maluku,NOAA_ERDDAP
2023-02,-0.75,124.25,30.028,0.1249,-1.1437,0.0578,0.281,,,0.301,WPP_715_Laut_Maluku,NOAA_ERDDAP
2023-02,-0.75,124.75,29.911,0.123,-0.9155,0.2536,0.253,,,0.3056,WPP_715_Laut_Maluku,NOAA_ERDDAP
2023-02,-0.75,125.25,29.977,0.1312,-0.7681,0.4545,0.2121,,,0.3031,WPP_715_Laut_Maluku,NOAA_ERDDAP
2023-02,-0.75,125.75,29.451,0.1395,-0.6515,0.5139,0.1735,,,0.3243,WPP_715_Laut_Maluku,NOAA_ERDDAP
2023-02,-0.75,126.25,29.231,0.1392,-0.6611,0.2278,0.1596,,,0.3331,WPP_715_Laut_Maluku,NOAA_ERDDAP
2023-02,-0.75,126.75,29.336,0.149,-0.7886,-0.1403,0.2025,,,0.3291,WPP_715_Laut_Maluku,NOAA_ERDDAP
2023-02,-0.75,127.25,29.979,0.1717,-0.8494,-0.2311,0.2822,,,0.3039,WPP_715_Laut_Maluku,NOAA_ERDDAP
2023-02,-0.75,127.75,29.803,0.1451,-0.5433,-0.0517,0.3356,,,0.3104,WPP_715_Laut_Maluku,NOAA_ERDDAP
2023-02,-0.75,128.25,30.107,0.1636,-0.158,0.1362,0.3232,,,0.2986,WPP_715_Laut_Maluku,NOAA_ERDDAP
2023-02,-0.75,128.75,30.335,0.122,0.1535,-0.0062,0.2713,,,0.2886,WPP_715_Laut_Maluku,NOAA_ERDDAP
2023-02,-0.75,129.25,30.089,0.1143,0.3046,-0.349,0.2645,,,0.2983,WPP_715_Laut_Maluku,NOAA_ERDDAP
2023-02,-0.75,129.75,29.847,0.1228,0.2633,-0.4426,0.268,,,0.3082,WPP_715_Laut_Maluku,NOAA_ERDDAP
2023-02,-0.75,130.25,30.071,0.1427,0.1201,-0.4813,0.2361,,,0.2996,WPP_715_Laut_Maluku,NOAA_ERDDAP
2023-02,-0.75,130.75,30.288,0.2299,-0.1543,-0.5198,0.2258,,,0.2926,WPP_715_Laut_Maluku,NOAA_ERDDAP
2023-02,-0.75,131.25,30.192,0.4076,-0.6232,-0.504,0.2236,,,0.2999,WPP_715_Laut_Maluku,NOAA_ERDDAP
2023-02,-0.75,131.75,30.57,0.2065,,,,,,0.2809,WPP_715_Laut_Maluku,NOAA_ERDDAP
2023-02,-0.25,124.25,30.133,0.1459,-1.3804,-0.1104,0.2423,,,0.2972,WPP_715_Laut_Maluku,NOAA_ERDDAP
2023-02,-0.25,124.75,30.741,0.1197,-1.1207,0.0958,0.2201,,,0.2724,WPP_715_Laut_Maluku,NOAA_ERDDAP
2023-02,-0.25,125.25,30.099,0.1184,-0.8633,0.2564,0.21,,,0.298,WPP_715_Laut_Maluku,NOAA_ERDDAP
2023-02,-0.25,125.75,29.423,0.1465,-0.6149,0.3569,0.1907,,,0.3256,WPP_715_Laut_Maluku,NOAA_ERDDAP
2023-02,-0.25,126.25,29.689,0.1287,-0.4129,0.3067,0.1513,,,0.3146,WPP_715_Laut_Maluku,NOAA_ERDDAP
2023-02,-0.25,126.75,29.073,0.1609,-0.2837,0.1378,0.1496,,,0.3399,WPP_715_Laut_Maluku,NOAA_ERDDAP
2023-02,-0.25,127.25,29.38,0.1789,-0.1816,-0.0233,0.2257,,,0.328,WPP_715_Laut_Maluku,NOAA_ERDDAP
2023-02,-0.25,127.75,30.052,0.186,,,,,,0.3012,WPP_715_Laut_Maluku,NOAA_ERDDAP
2023-02,-0.25,128.25,30.319,0.108,0.07,-0.142,0.3146,,,0.289,WPP_715_Laut_Maluku,NOAA_ERDDAP
2023-02,-0.25,128.75,29.744,0.1151,0.223,-0.251,0.3068,,,0.3122,WPP_715_Laut_Maluku,NOAA_ERDDAP
2023-02,-0.25,129.25,29.703,0.119,0.2769,-0.4026,0.2667,,,0.3139,WPP_715_Laut_Maluku,NOAA_ERDDAP
2023-02,-0.25,129.75,29.784,0.1178,0.2412,-0.4468,0.2746,,,0.3106,WPP_715_Laut_Maluku,NOAA_ERDDAP
2023-02,-0.25,130.25,30.237,0.1873,0.1261,-0.4111,0.2342,,,0.2938,WPP_715_Laut_Maluku,NOAA_ERDDAP
2023-02,-0.25,130.75,30.558,0.3182,,,,,,0.2836,WPP_715_Laut_Maluku,NOAA_ERDDAP
2023-02,-0.25,131.25,30.072,0.1827,-0.4342,-0.2626,0.1787,,,0.3004,WPP_715_Laut_Maluku,NOAA_ERDDAP
2023-02,-0.25,131.75,30.448,0.1125,-0.7333,-0.173,0.1691,,,0.2839,WPP_715_Laut_Maluku,NOAA_ERDDAP
2023-02,0.25,124.25,30.021,0.1056,-1.0908,-0.1248,0.1824,,,0.3009,WPP_715_Laut_Maluku,NOAA_ERDDAP
2023-02,0.25,124.75,30.838,0.1136,-0.8664,-0.0057,0.1758,,,0.2684,WPP_715_Laut_Maluku,NOAA_ERDDAP
2023-02,0.25,125.25,30.316,0.1278,-0.6276,0.1168,0.2047,,,0.2895,WPP_715_Laut_Maluku,NOAA_ERDDAP
2023-02,0.25,125.75,29.966,0.1395,-0.406,0.1905,0.219,,,0.3037,WPP_715_Laut_Maluku,NOAA_ERDDAP
2023-02,0.25,126.25,29.748,0.139,-0.2138,0.2256,0.2177,,,0.3125,WPP_715_Laut_Maluku,NOAA_ERDDAP
2023-02,0.25,126.75,29.271,0.165,-0.0539,0.2103,0.252,,,0.332,WPP_715_Laut_Maluku,NOAA_ERDDAP
2023-02,0.25,127.25,29.487,0.1939,0.0909,0.0979,0.2519,,,0.324,WPP_715_Laut_Maluku,NOAA_ERDDAP
2023-02,0.25,127.75,29.742,0.1648,0.2469,-0.0888,0.3095,,,0.3132,WPP_715_Laut_Maluku,NOAA_ERDDAP
2023-02,0.25,128.25,30.314,0.1121,0.3841,-0.2668,0.2784,,,0.2893,WPP_715_Laut_Maluku,NOAA_ERDDAP
2023-02,0.25,128.75,30.06,0.1279,0.4816,-0.3999,0.2648,,,0.2998,WPP_715_Laut_Maluku,NOAA_ERDDAP
2023-02,0.25,129.25,29.752,0.1538,0.5132,-0.4244,0.2442,,,0.3126,WPP_715_Laut_Maluku,NOAA_ERDDAP
2023-02,0.25,129.75,29.464,0.1328,0.433,-0.375,0.2314,,,0.3237,WPP_715_Laut_Maluku,NOAA_ERDDAP
2023-02,0.25,130.25,29.92,0.114,0.2457,-0.3101,0.2104,,,0.3051,WPP_715_Laut_Maluku,NOAA_ERDDAP
2023-02,0.25,130.75,30.173,0.1048,-0.0071,-0.2276,0.1906,,,0.2948,WPP_715_Laut_Maluku,NOAA_ERDDAP
2023-02,0.25,131.25,29.835,0.0891,-0.2772,-0.1152,0.168,,,0.308,WPP_715_Laut_Maluku,NOAA_ERDDAP
2023-02,0.25,131.75,29.75,0.0637,-0.4998,0.0027,0.1582,,,0.3109,WPP_715_Laut_Maluku,NOAA_ERDDAP
2023-02,0.75,124.75,30.729,0.0994,-0.3915,-0.0969,0.1464,,,0.2724,WPP_715_Laut_Maluku,NOAA_ERDDAP
2023-02,0.75,125.25,30.765,0.1118,-0.0835,0.0328,0.1674,,,0.2712,WPP_715_Laut_Maluku,NOAA_ERDDAP
2023-02,0.75,125.75,29.989,0.1435,0.1966,0.1055,0.1946,,,0.3029,WPP_715_Laut_Maluku,NOAA_ERDDAP
2023-02,0.75,126.25,29.575,0.1532,0.3645,0.3298,0.1856,,,0.3197,WPP_715_Laut_Maluku,NOAA_ERDDAP
2023-02,0.75,126.75,29.264,0.1815,0.2804,0.6045,0.2527,,,0.3326,WPP_715_Laut_Maluku,NOAA_ERDDAP
2023-02,0.75,127.25,29.124,0.2506,0.0554,0.4447,0.3692,,,0.3396,WPP_715_Laut_Maluku,NOAA_ERDDAP
2023-02,0.75,127.75,30.562,0.3856,,,,,,0.2847,WPP_715_Laut_Maluku,NOAA_ERDDAP
2023-02,0.75,128.25,29.84,0.2423,,,,,,0.3108,WPP_715_Laut_Maluku,NOAA_ERDDAP
2023-02,0.75,128.75,29.961,0.1521,0.6175,-0.8702,0.3959,,,0.3042,WPP_715_Laut_Maluku,NOAA_ERDDAP
2023-02,0.75,129.25,29.854,0.1496,0.7459,-0.5519,0.2066,,,0.3084,WPP_715_Laut_Maluku,NOAA_ERDDAP
2023-02,0.75,129.75,29.526,0.1112,0.5912,-0.2261,0.2035,,,0.3208,WPP_715_Laut_Maluku,NOAA_ERDDAP
2023-02,0.75,130.25,29.848,0.0829,0.3364,-0.0998,0.1925,,,0.3074,WPP_715_Laut_Maluku,NOAA_ERDDAP
2023-02,0.75,130.75,29.992,0.082,0.0628,-0.0543,0.1846,,,0.3016,WPP_715_Laut_Maluku,NOAA_ERDDAP
2023-02,0.75,131.25,30.244,0.0766,-0.1725,0.0194,0.1823,,,0.2914,WPP_715_Laut_Maluku,NOAA_ERDDAP
2023-02,0.75,131.75,30.565,0.0763,-0.3203,0.0767,0.1776,,,0.2786,WPP_715_Laut_Maluku,NOAA_ERDDAP
2023-02,1.25,124.25,29.756,0.3818,-0.3504,-0.4742,0.2054,,,0.3169,WPP_715_Laut_Maluku,NOAA_ERDDAP
2023-02,1.25,124.75,30.06,0.1259,,,,,,0.2997,WPP_715_Laut_Maluku,NOAA_ERDDAP
2023-02,1.25,125.25,30.317,0.1334,0.2193,-0.1267,0.1808,,,0.2896,WPP_715_Laut_Maluku,NOAA_ERDDAP
2023-02,1.25,125.75,29.327,0.1785,0.477,0.0112,0.1977,,,0.3301,WPP_715_Laut_Maluku,NOAA_ERDDAP
2023-02,1.25,126.25,29.377,0.1999,0.6771,0.5982,0.2094,,,0.3285,WPP_715_Laut_Maluku,NOAA_ERDDAP
2023-02,1.25,126.75,29.291,0.1458,0.8613,1.3198,0.2989,,,0.3309,WPP_715_Laut_Maluku,NOAA_ERDDAP
2023-02,1.25,127.25,29.116,0.1856,0.9176,1.2134,0.5278,,,0.3386,WPP_715_Laut_Maluku,NOAA_ERDDAP
2023-02,1.25,127.75,30.335,1.2992,,,,,,0.3116,WPP_715_Laut_Maluku,NOAA_ERDDAP
2023-02,1.25,128.25,30.81,0.8881,1.0286,-1.7327,0.5974,,,0.2846,WPP_715_Laut_Maluku,NOAA_ERDDAP
2023-02,1.25,128.75,29.928,0.1481,,,,,,0.3054,WPP_715_Laut_Maluku,NOAA_ERDDAP
2023-02,1.25,129.25,29.874,0.1204,0.8669,-0.5219,0.2001,,,0.3071,WPP_715_Laut_Maluku,NOAA_ERDDAP
2023-02,1.25,129.75,29.746,0.1005,0.577,0.0105,0.1792,,,0.3118,WPP_715_Laut_Maluku,NOAA_ERDDAP
2023-02,1.25,130.25,29.802,0.0876,0.275,0.1379,0.1853,,,0.3093,WPP_715_Laut_Maluku,NOAA_ERDDAP
2023-02,1.25,130.75,30.018,0.0793,0.0909,0.0962,0.1913,,,0.3005,WPP_715_Laut_Maluku,NOAA_ERDDAP
2023-02,1.25,131.25,30.726,0.0812,-0.0625,0.0879,0.183,,,0.2722,WPP_715_Laut_Maluku,NOAA_ERDDAP
2023-02,1.25,131.75,30.238,0.0591,-0.1972,0.1021,0.1715,,,0.2913,WPP_715_Laut_Maluku,NOAA_ERDDAP
2023-02,1.75,124.25,29.284,0.2087,-0.0284,-0.7217,0.242,,,0.3324,WPP_715_Laut_Maluku,NOAA_ERDDAP
2023-02,1.75,124.75,29.273,0.3064,0.1393,-0.4711,0.2037,,,0.3347,WPP_715_Laut_Maluku,NOAA_ERDDAP
2023-02,1.75,125.25,29.361,0.2371,0.3717,-0.1896,0.1806,,,0.3299,WPP_715_Laut_Maluku,NOAA_ERDDAP
2023-02,1.75,125.75,29.193,0.2016,0.4216,0.0371,0.2037,,,0.3359,WPP_715_Laut_Maluku,NOAA_ERDDAP
2023-02,1.75,126.25,29.237,0.1816,0.6233,0.5772,0.2381,,,0.3337,WPP_715_Laut_Maluku,NOAA_ERDDAP
2023-02,1.75,126.75,29.127,0.1482,1.5882,0.8837,0.2546,,,0.3375,WPP_715_Laut_Maluku,NOAA_ERDDAP
2023-02,1.75,127.25,29.041,0.1556,0.5484,1.0093,0.3166,,,0.3411,WPP_715_Laut_Maluku,NOAA_ERDDAP
2023-02,1.75,127.75,30.484,0.198,,,,,,0.2842,WPP_715_Laut_Maluku,NOAA_ERDDAP
2023-02,1.75,128.25,30.079,0.1844,0.7787,-0.6971,0.4206,,,0.3001,WPP_715_Laut_Maluku,NOAA_ERDDAP
2023-02,1.75,128.75,29.911,0.1405,1.3919,-1.6123,0.275,,,0.306,WPP_715_Laut_Maluku,NOAA_ERDDAP
2023-02,1.75,129.25,29.686,0.1142,0.9512,-0.287,0.2007,,,0.3145,WPP_715_Laut_Maluku,NOAA_ERDDAP
2023-02,1.75,129.75,29.631,0.0867,0.4897,0.3065,0.1906,,,0.3161,WPP_715_Laut_Maluku,NOAA_ERDDAP
2023-02,1.75,130.25,29.652,0.072,0.2831,0.2422,0.1726,,,0.315,WPP_715_Laut_Maluku,NOAA_ERDDAP
2023-02,1.75,130.75,29.895,0.059,0.1641,0.1407,0.1688,,,0.305,WPP_715_Laut_Maluku,NOAA_ERDDAP
2023-02,1.75,131.25,30.207,0.0825,0.0136,0.1506,0.1614,,,0.293,WPP_715_Laut_Maluku,NOAA_ERDDAP
2023-02,1.75,131.75,30.12,0.0593,-0.1031,0.1857,0.1505,,,0.296,WPP_715_Laut_Maluku,NOAA_ERDDAP
2023-02,2.25,124.25,29.078,0.1119,0.3079,-0.9091,0.247,,,0.3387,WPP_715_Laut_Maluku,NOAA_ERDDAP
2023-02,2.25,124.75,29.391,0.1758,0.4811,-0.6349,0.1838,,,0.3275,WPP_715_Laut_Maluku,NOAA_ERDDAP
2023-02,2.25,125.25,29.028,0.1894,0.1718,-0.0455,0.1725,,,0.3422,WPP_715_Laut_Maluku,NOAA_ERDDAP
2023-02,2.25,125.75,29.113,0.1795,0.1523,0.2533,0.1911,,,0.3386,WPP_715_Laut_Maluku,NOAA_ERDDAP
2023-02,2.25,126.25,28.912,0.1568,0.2887,0.4507,0.2187,,,0.3462,WPP_715_Laut_Maluku,NOAA_ERDDAP
2023-02,2.25,126.75,28.983,0.1559,0.5204,0.0533,0.215,,,0.3434,WPP_715_Laut_Maluku,NOAA_ERDDAP
2023-02,2.25,127.25,29.194,0.1167,1.052,0.4693,0.2078,,,0.3342,WPP_715_Laut_Maluku,NOAA_ERDDAP
2023-02,2.25,127.75,29.402,0.2064,1.5242,0.3218,0.2593,,,0.3276,WPP_715_Laut_Maluku,NOAA_ERDDAP
2023-02,2.25,128.25,29.475,0.2354,1.2158,-0.3938,0.2979,,,0.3253,WPP_715_Laut_Maluku,NOAA_ERDDAP
2023-02,2.25,128.75,29.722,0.1116,0.826,-1.1434,0.2544,,,0.313,WPP_715_Laut_Maluku,NOAA_ERDDAP
2023-02,2.25,129.25,29.892,0.0762,0.5754,0.0008,0.1819,,,0.3055,WPP_715_Laut_Maluku,NOAA_ERDDAP
2023-02,2.25,129.75,29.784,0.0763,0.3278,0.5381,0.1781,,,0.3098,WPP_715_Laut_Maluku,NOAA_ERDDAP
2023-02,2.25,130.25,29.518,0.0729,0.1547,0.2454,0.1546,,,0.3204,WPP_715_Laut_Maluku,NOAA_ERDDAP
2023-02,2.25,130.75,29.835,0.0656,0.0595,0.1895,0.1417,,,0.3075,WPP_715_Laut_Maluku,NOAA_ERDDAP
2023-02,2.25,131.25,29.926,0.0572,0.0006,0.2381,0.1414,,,0.3037,WPP_715_Laut_Maluku,NOAA_ERDDAP
2023-02,2.25,131.75,30.152,0.0652,-0.2296,0.3673,0.1468,,,0.2949,WPP_715_Laut_Maluku,NOAA_ERDDAP
2023-02,2.75,124.25,29.267,0.1108,-0.1036,-0.8207,0.2139,,,0.3311,WPP_715_Laut_Maluku,NOAA_ERDDAP
2023-02,2.75,124.75,29.188,0.1359,-0.0267,-0.5048,0.1779,,,0.3348,WPP_715_Laut_Maluku,NOAA_ERDDAP
2023-02,2.75,125.25,29.648,0.1643,0.0553,0.0308,0.1854,,,0.317,WPP_715_Laut_Maluku,NOAA_ERDDAP
2023-02,2.75,125.75,29.303,0.1674,0.2965,0.1834,0.1925,,,0.3308,WPP_715_Laut_Maluku,NOAA_ERDDAP
2023-02,2.75,126.25,29.332,0.1563,0.323,0.3164,0.2211,,,0.3294,WPP_715_Laut_Maluku,NOAA_ERDDAP
2023-02,2.75,126.75,29.163,0.1419,0.4822,0.2922,0.2452,,,0.3359,WPP_715_Laut_Maluku,NOAA_ERDDAP
2023-02,2.75,127.25,29.23,0.1091,0.614,0.1896,0.2293,,,0.3326,WPP_715_Laut_Maluku,NOAA_ERDDAP
2023-02,2.75,127.75,28.807,0.1094,0.8852,0.3602,0.2767,,,0.3495,WPP_715_Laut_Maluku,NOAA_ERDDAP
2023-02,2.75,128.25,29.274,0.1434,0.6772,-0.5351,0.2443,,,0.3315,WPP_715_Laut_Maluku,NOAA_ERDDAP
2023-02,2.75,128.75,29.339,0.1294,0.3429,-0.8127,0.2311,,,0.3286,WPP_715_Laut_Maluku,NOAA_ERDDAP
2023-02,2.75,129.25,29.505,0.0872,-0.1469,0.1459,0.1745,,,0.3212,WPP_715_Laut_Maluku,NOAA_ERDDAP
2023-02,2.75,129.75,29.442,0.0854,0.0627,0.4559,0.1634,,,0.3237,WPP_715_Laut_Maluku,NOAA_ERDDAP
2023-02,2.75,130.25,29.525,0.0789,-0.2655,0.4889,0.1503,,,0.3202,WPP_715_Laut_Maluku,NOAA_ERDDAP
2023-02,2.75,130.75,29.766,0.0833,-0.503,0.2161,0.15,,,0.3107,WPP_715_Laut_Maluku,NOAA_ERDDAP
2023-02,2.75,131.25,29.923,0.0789,-0.3831,0.1803,0.1522,,,0.3043,WPP_715_Laut_Maluku,NOAA_ERDDAP
2023-02,2.75,131.75,30.022,0.1173,-0.1361,0.2469,0.1623,,,0.3011,WPP_715_Laut_Maluku,NOAA_ERDDAP
2023-02,3.25,124.25,29.387,0.1216,-0.0744,-0.6326,0.216,,,0.3266,WPP_715_Laut_Maluku,NOAA_ERDDAP
2023-02,3.25,124.75,29.174,0.1327,-0.3026,-0.4307,0.199,,,0.3353,WPP_715_Laut_Maluku,NOAA_ERDDAP
2023-02,3.25,125.25,29.116,0.1636,-0.2237,-0.0824,0.1997,,,0.3382,WPP_715_Laut_Maluku,NOAA_ERDDAP
2023-02,3.25,125.75,29.188,0.1267,-0.3477,0.0088,0.1974,,,0.3346,WPP_715_Laut_Maluku,NOAA_ERDDAP
2023-02,3.25,126.25,29.301,0.0888,0.2042,0.294,0.2009,,,0.3294,WPP_715_Laut_Maluku,NOAA_ERDDAP
2023-02,3.25,126.75,29.181,0.0794,0.7995,-0.1451,0.1996,,,0.334,WPP_715_Laut_Maluku,NOAA_ERDDAP
2023-02,3.25,127.25,29.239,0.0705,0.6248,-0.0075,0.2252,,,0.3315,WPP_715_Laut_Maluku,NOAA_ERDDAP
2023-02,3.25,127.75,29.073,0.106,0.4429,0.4555,0.2113,,,0.3388,WPP_715_Laut_Maluku,NOAA_ERDDAP
2023-02,3.25,128.25,29.346,0.0818,0.8557,-0.1492,0.2242,,,0.3274,WPP_715_Laut_Maluku,NOAA_ERDDAP
2023-02,3.25,128.75,29.071,0.1194,0.0242,-0.0413,0.196,,,0.3392,WPP_715_Laut_Maluku,NOAA_ERDDAP
2023-02,3.25,129.25,29.221,0.0947,-0.084,0.0309,0.1552,,,0.3327,WPP_715_Laut_Maluku,NOAA_ERDDAP
2023-02,3.25,129.75,29.332,0.0817,-0.2261,0.3347,0.1509,,,0.328,WPP_715_Laut_Maluku,NOAA_ERDDAP
2023-02,3.25,130.25,29.768,0.0705,0.0005,0.3977,0.1564,,,0.3103,WPP_715_Laut_Maluku,NOAA_ERDDAP
2023-02,3.25,130.75,29.776,0.0739,0.0957,0.3728,0.1699,,,0.3101,WPP_715_Laut_Maluku,NOAA_ERDDAP
2023-02,3.25,131.25,29.654,0.083,0.0449,-0.0769,0.1764,,,0.3151,WPP_715_Laut_Maluku,NOAA_ERDDAP
2023-02,3.25,131.75,29.576,0.0755,0.1706,0.0112,0.1798,,,0.3181,WPP_715_Laut_Maluku,NOAA_ERDDAP
2023-02,3.75,124.25,29.54,0.0968,0.1421,-0.3116,0.2331,,,0.32,WPP_715_Laut_Maluku,NOAA_ERDDAP
2023-02,3.75,124.75,29.362,0.1047,-0.336,-0.4511,0.2018,,,0.3272,WPP_715_Laut_Maluku,NOAA_ERDDAP
2023-02,3.75,125.25,29.024,0.1347,-0.0494,-0.2838,0.1909,,,0.3413,WPP_715_Laut_Maluku,NOAA_ERDDAP
2023-02,3.75,125.75,28.686,0.0696,0.6188,-0.2184,0.1957,,,0.3536,WPP_715_Laut_Maluku,NOAA_ERDDAP
2023-02,3.75,126.25,28.811,0.0272,0.5228,-0.1105,0.1898,,,0.3478,WPP_715_Laut_Maluku,NOAA_ERDDAP
2023-02,3.75,126.75,29.187,0.0341,0.5106,-0.1108,0.1712,,,0.3329,WPP_715_Laut_Maluku,NOAA_ERDDAP
2023-02,3.75,127.25,29.349,0.0448,0.7426,0.5098,0.1904,,,0.3266,WPP_715_Laut_Maluku,NOAA_ERDDAP
2023-02,3.75,127.75,28.983,0.0689,0.7541,-0.1589,0.1761,,,0.3417,WPP_715_Laut_Maluku,NOAA_ERDDAP
2023-02,3.75,128.25,28.871,0.0775,0.0859,0.5824,0.1865,,,0.3463,WPP_715_Laut_Maluku,NOAA_ERDDAP
2023-02,3.75,128.75,29.002,0.1122,-0.1568,0.2157,0.1835,,,0.3418,WPP_715_Laut_Maluku,NOAA_ERDDAP
2023-02,3.75,129.25,29.024,0.1024,-0.3456,0.0043,0.1759,,,0.3407,WPP_715_Laut_Maluku,NOAA_ERDDAP
2023-02,3.75,129.75,29.578,0.0789,-0.2643,0.219,0.1683,,,0.3181,WPP_715_Laut_Maluku,NOAA_ERDDAP
2023-02,3.75,130.25,29.852,0.0776,-0.1086,0.1993,0.171,,,0.3071,WPP_715_Laut_Maluku,NOAA_ERDDAP
2023-02,3.75,130.75,29.371,0.0736,0.1408,0.1677,0.1698,,,0.3263,WPP_715_Laut_Maluku,NOAA_ERDDAP
2023-02,3.75,131.25,29.721,0.0681,0.2944,-0.1564,0.1576,,,0.3122,WPP_715_Laut_Maluku,NOAA_ERDDAP
2023-02,3.75,131.75,29.886,0.0754,0.2698,-0.009,0.1716,,,0.3057,WPP_715_Laut_Maluku,NOAA_ERDDAP
2023-03,-1.75,124.25,30.095,0.2799,-0.4726,0.0733,0.2386,,,0.3013,WPP_715_Laut_Maluku,NOAA_ERDDAP
2023-03,-1.75,124.75,30.893,0.2375,-0.7396,0.2487,0.2411,,,0.2686,WPP_715_Laut_Maluku,NOAA_ERDDAP
2023-03,-1.75,125.25,30.973,0.1183,-0.6135,0.3388,0.2175,,,0.2631,WPP_715_Laut_Maluku,NOAA_ERDDAP
2023-03,-1.75,125.75,30.537,0.1507,-0.4772,0.2776,0.2062,,,0.2811,WPP_715_Laut_Maluku,NOAA_ERDDAP
2023-03,-1.75,126.25,30.471,0.1112,-0.4794,0.0752,0.2078,,,0.283,WPP_715_Laut_Maluku,NOAA_ERDDAP
2023-03,-1.75,126.75,30.37,0.0842,-0.5917,-0.2475,0.2308,,,0.2865,WPP_715_Laut_Maluku,NOAA_ERDDAP
2023-03,-1.75,127.25,30.577,0.0961,-0.6953,-0.3047,0.2849,,,0.2785,WPP_715_Laut_Maluku,NOAA_ERDDAP
2023-03,-1.75,127.75,30.553,0.1048,-0.6162,0.2003,0.3149,,,0.2796,WPP_715_Laut_Maluku,NOAA_ERDDAP
2023-03,-1.75,128.25,31.354,0.0974,-0.2288,0.2758,0.296,,,0.2474,WPP_715_Laut_Maluku,NOAA_ERDDAP
2023-03,-1.75,128.75,30.642,0.0924,0.0168,0.3457,0.2562,,,0.2758,WPP_715_Laut_Maluku,NOAA_ERDDAP
2023-03,-1.75,129.25,30.121,0.0878,-0.0159,0.0665,0.223,,,0.2965,WPP_715_Laut_Maluku,NOAA_ERDDAP
2023-03,-1.75,129.75,30.2,0.2098,-0.2457,-0.2567,0.2193,,,0.2958,WPP_715_Laut_Maluku,NOAA_ERDDAP
2023-03,-1.75,130.25,30.382,0.6246,,,,,,0.2966,WPP_715_Laut_Maluku,NOAA_ERDDAP
2023-03,-1.75,130.75,30.725,0.2773,-0.6139,-0.265,0.1994,,,0.2761,WPP_715_Laut_Maluku,NOAA_ERDDAP
2023-03,-1.75,131.25,30.893,0.5536,-0.8626,-0.7489,0.2461,,,0.2747,WPP_715_Laut_Maluku,NOAA_ERDDAP
2023-03,-1.75,131.75,31.732,3.4123,-0.9652,-0.4092,0.2857,,,0.297,WPP_715_Laut_Maluku,NOAA_ERDDAP
2023-03,-1.25,124.25,31.03,0.0842,-1.1493,0.2394,0.2556,,,0.2601,WPP_715_Laut_Maluku,NOAA_ERDDAP
2023-03,-1.25,124.75,30.757,0.0823,-0.9754,0.2915,0.2304,,,0.271,WPP_715_Laut_Maluku,NOAA_ERDDAP
2023-03,-1.25,125.25,30.801,0.0707,-0.8771,0.316,0.2073,,,0.269,WPP_715_Laut_Maluku,NOAA_ERDDAP
2023-03,-1.25,125.75,30.731,0.0706,-0.8072,0.1933,0.1938,,,0.2718,WPP_715_Laut_Maluku,NOAA_ERDDAP
2023-03,-1.25,126.25,30.948,0.0824,-0.7333,0.1407,0.2037,,,0.2634,WPP_715_Laut_Maluku,NOAA_ERDDAP
2023-03,-1.25,126.75,30.671,0.0923,-0.7415,-0.0022,0.2231,,,0.2746,WPP_715_Laut_Maluku,NOAA_ERDDAP
2023-03,-1.25,127.25,30.054,0.1364,-0.7945,-0.1579,0.2514,,,0.3002,WPP_715_Laut_Maluku,NOAA_ERDDAP
2023-03,-1.25,127.75,30.171,0.1593,,,,,,0.2959,WPP_715_Laut_Maluku,NOAA_ERDDAP
2023-03,-1.25,128.25,30.935,0.1162,-0.688,-0.0167,0.3076,,,0.2645,WPP_715_Laut_Maluku,NOAA_ERDDAP
2023-03,-1.25,128.75,30.618,0.1068,-0.4185,0.124,0.2976,,,0.277,WPP_715_Laut_Maluku,NOAA_ERDDAP
2023-03,-1.25,129.25,30.504,0.1054,-0.1694,0.0118,0.2669,,,0.2816,WPP_715_Laut_Maluku,NOAA_ERDDAP
2023-03,-1.25,129.75,30.205,0.1261,-0.0432,-0.1252,0.2474,,,0.2939,WPP_715_Laut_Maluku,NOAA_ERDDAP
2023-03,-1.25,130.25,30.325,0.1956,-0.0461,-0.124,0.2225,,,0.2905,WPP_715_Laut_Maluku,NOAA_ERDDAP
2023-03,-1.25,130.75,30.761,0.8499,0.0383,-0.1822,0.2147,,,0.2858,WPP_715_Laut_Maluku,NOAA_ERDDAP
2023-03,-1.25,131.25,31.578,3.7563,,,,,,0.3098,WPP_715_Laut_Maluku,NOAA_ERDDAP
2023-03,-0.75,124.25,31.12,0.0815,-1.6566,-0.0554,0.2257,,,0.2565,WPP_715_Laut_Maluku,NOAA_ERDDAP
2023-03,-0.75,124.75,30.857,0.0727,-1.2672,0.1122,0.2144,,,0.2668,WPP_715_Laut_Maluku,NOAA_ERDDAP
2023-03,-0.75,125.25,30.251,0.072,-1.0735,0.2236,0.2086,,,0.291,WPP_715_Laut_Maluku,NOAA_ERDDAP
2023-03,-0.75,125.75,30.443,0.0796,-1.0085,0.2966,0.1959,,,0.2835,WPP_715_Laut_Maluku,NOAA_ERDDAP
2023-03,-0.75,126.25,30.537,0.0877,-0.9978,0.2239,0.1897,,,0.2799,WPP_715_Laut_Maluku,NOAA_ERDDAP
2023-03,-0.75,126.75,30.874,0.0945,-0.9448,0.0875,0.2116,,,0.2666,WPP_715_Laut_Maluku,NOAA_ERDDAP
2023-03,-0.75,127.25,30.826,0.1269,-0.8815,0.0107,0.2581,,,0.2691,WPP_715_Laut_Maluku,NOAA_ERDDAP
2023-03,-0.75,127.75,30.781,0.1198,-0.7797,0.0238,0.2987,,,0.2708,WPP_715_Laut_Maluku,NOAA_ERDDAP
2023-03,-0.75,128.25,31.035,0.1405,-0.7473,-0.0077,0.2838,,,0.261,WPP_715_Laut_Maluku,NOAA_ERDDAP
2023-03,-0.75,128.75,31.147,0.1073,-0.6382,-0.0796,0.2633,,,0.2559,WPP_715_Laut_Maluku,NOAA_ERDDAP
2023-03,-0.75,129.25,30.637,0.1028,-0.3968,-0.2504,0.2373,,,0.2762,WPP_715_Laut_Maluku,NOAA_ERDDAP
2023-03,-0.75,129.75,30.653,0.1211,-0.0944,-0.3441,0.2554,,,0.2759,WPP_715_Laut_Maluku,NOAA_ERDDAP
2023-03,-0.75,130.25,30.471,0.1326,0.166,-0.3226,0.2556,,,0.2834,WPP_715_Laut_Maluku,NOAA_ERDDAP
2023-03,-0.75,130.75,30.617,0.2289,0.296,-0.2848,0.2525,,,0.2795,WPP_715_Laut_Maluku,NOAA_ERDDAP
2023-03,-0.75,131.25,31.098,0.1779,0.2015,-0.2645,0.235,,,0.2592,WPP_715_Laut_Maluku,NOAA_ERDDAP
2023-03,-0.75,131.75,31.345,0.1505,,,,,,0.2488,WPP_715_Laut_Maluku,NOAA_ERDDAP
2023-03,-0.25,124.25,31.278,0.0881,-1.3448,-0.1828,0.1586,,,0.2503,WPP_715_Laut_Maluku,NOAA_ERDDAP
2023-03,-0.25,124.75,30.751,0.0994,-1.1769,0.0305,0.1813,,,0.2716,WPP_715_Laut_Maluku,NOAA_ERDDAP
2023-03,-0.25,125.25,30.153,0.0797,-1.0483,0.2064,0.1799,,,0.2951,WPP_715_Laut_Maluku,NOAA_ERDDAP
2023-03,-0.25,125.75,30.316,0.0816,-0.9517,0.3089,0.1746,,,0.2886,WPP_715_Laut_Maluku,NOAA_ERDDAP
2023-03,-0.25,126.25,30.753,0.084,-0.8804,0.2954,0.1409,,,0.2712,WPP_715_Laut_Maluku,NOAA_ERDDAP
2023-03,-0.25,126.75,30.618,0.0961,-0.8308,0.1991,0.1756,,,0.2768,WPP_715_Laut_Maluku,NOAA_ERDDAP
2023-03,-0.25,127.25,30.259,0.1662,-0.7852,0.113,0.2431,,,0.2925,WPP_715_Laut_Maluku,NOAA_ERDDAP
2023-03,-0.25,127.75,30.491,0.1454,,,,,,0.2829,WPP_715_Laut_Maluku,NOAA_ERDDAP
2023-03,-0.25,128.25,31.612,0.0771,-0.6179,-0.0847,0.2694,,,0.2367,WPP_715_Laut_Maluku,NOAA_ERDDAP
2023-03,-0.25,128.75,31.261,0.0813,-0.4273,-0.2631,0.232,,,0.2508,WPP_715_Laut_Maluku,NOAA_ERDDAP
2023-03,-0.25,129.25,30.902,0.097,-0.2181,-0.4204,0.2363,,,0.2655,WPP_715_Laut_Maluku,NOAA_ERDDAP
2023-03,-0.25,129.75,30.937,0.1109,-0.0372,-0.4853,0.2587,,,0.2644,WPP_715_Laut_Maluku,NOAA_ERDDAP
2023-03,-0.25,130.25,30.773,0.1616,0.0948,-0.4419,0.2786,,,0.2719,WPP_715_Laut_Maluku,NOAA_ERDDAP
2023-03,-0.25,130.75,30.802,0.2607,,,,,,0.2727,WPP_715_Laut_Maluku,NOAA_ERDDAP
2023-03,-0.25,131.25,30.798,0.1801,0.1106,-0.2023,0.2502,,,0.2713,WPP_715_Laut_Maluku,NOAA_ERDDAP
2023-03,-0.25,131.75,30.643,0.1172,0.0392,-0.0987,0.2206,,,0.2762,WPP_715_Laut_Maluku,NOAA_ERDDAP
2023-03,0.25,124.25,30.734,0.1001,-0.9044,-0.0452,0.2198,,,0.2723,WPP_715_Laut_Maluku,NOAA_ERDDAP
2023-03,0.25,124.75,31.127,0.0879,-0.7739,0.0624,0.2118,,,0.2563,WPP_715_Laut_Maluku,NOAA_ERDDAP
2023-03,0.25,125.25,30.342,0.0864,-0.6391,0.1746,0.2007,,,0.2877,WPP_715_Laut_Maluku,NOAA_ERDDAP
2023-03,0.25,125.75,30.31,0.0875,-0.5192,0.2657,0.1859,,,0.289,WPP_715_Laut_Maluku,NOAA_ERDDAP
2023-03,0.25,126.25,30.533,0.0936,-0.4231,0.3252,0.1963,,,0.2802,WPP_715_Laut_Maluku,NOAA_ERDDAP
2023-03,0.25,126.75,30.879,0.1051,-0.3567,0.3179,0.1969,,,0.2666,WPP_715_Laut_Maluku,NOAA_ERDDAP
2023-03,0.25,127.25,30.716,0.1366,-0.3008,0.1969,0.2075,,,0.2737,WPP_715_Laut_Maluku,NOAA_ERDDAP
2023-03,0.25,127.75,30.818,0.1279,-0.2184,-0.0128,0.2148,,,0.2694,WPP_715_Laut_Maluku,NOAA_ERDDAP
2023-03,0.25,128.25,31.366,0.0819,-0.1121,-0.2206,0.2178,,,0.2466,WPP_715_Laut_Maluku,NOAA_ERDDAP
2023-03,0.25,128.75,30.602,0.1103,0.0294,-0.4008,0.2137,,,0.2777,WPP_715_Laut_Maluku,NOAA_ERDDAP
2023-03,0.25,129.25,30.568,0.1263,0.1915,-0.4932,0.231,,,0.2794,WPP_715_Laut_Maluku,NOAA_ERDDAP
2023-03,0.25,129.75,30.114,0.1474,0.3131,-0.4903,0.2204,,,0.298,WPP_715_Laut_Maluku,NOAA_ERDDAP
2023-03,0.25,130.25,30.385,0.1395,0.3563,-0.4351,0.2177,,,0.287,WPP_715_Laut_Maluku,NOAA_ERDDAP
2023-03,0.25,130.75,30.237,0.0973,0.3201,-0.3508,0.2212,,,0.2921,WPP_715_Laut_Maluku,NOAA_ERDDAP
2023-03,0.25,131.25,30.967,0.1082,0.2199,-0.2449,0.2232,,,0.2631,WPP_715_Laut_Maluku,NOAA_ERDDAP
2023-03,0.25,131.75,30.599,0.0852,0.0998,-0.1366,0.2003,,,0.2774,WPP_715_Laut_Maluku,NOAA_ERDDAP
2023-03,0.75,124.75,30.592,0.1098,-0.0003,0.0527,0.2297,,,0.2781,WPP_715_Laut_Maluku,NOAA_ERDDAP
2023-03,0.75,125.25,30.365,0.0882,0.0674,0.1133,0.2184,,,0.2868,WPP_715_Laut_Maluku,NOAA_ERDDAP
2023-03,0.75,125.75,30.371,0.0872,0.2142,0.1861,0.2146,,,0.2865,WPP_715_Laut_Maluku,NOAA_ERDDAP
2023-03,0.75,126.25,30.499,0.0984,0.3224,0.414,0.2131,,,0.2816,WPP_715_Laut_Maluku,NOAA_ERDDAP
2023-03,0.75,126.75,30.929,0.1066,0.1409,0.6989,0.2412,,,0.2646,WPP_715_Laut_Maluku,NOAA_ERDDAP
2023-03,0.75,127.25,29.972,0.1847,-0.2733,0.5382,0.3266,,,0.3044,WPP_715_Laut_Maluku,NOAA_ERDDAP
2023-03,0.75,127.75,32.565,0.4235,,,,,,0.2053,WPP_715_Laut_Maluku,NOAA_ERDDAP
2023-03,0.75,128.25,31.032,0.2216,,,,,,0.2627,WPP_715_Laut_Maluku,NOAA_ERDDAP
2023-03,0.75,128.75,31.188,0.1329,0.0023,-0.895,0.2788,,,0.2547,WPP_715_Laut_Maluku,NOAA_ERDDAP
2023-03,0.75,129.25,30.841,0.1235,0.4047,-0.7505,0.1831,,,0.2684,WPP_715_Laut_Maluku,NOAA_ERDDAP
2023-03,0.75,129.75,30.078,0.127,0.5459,-0.5084,0.177,,,0.299,WPP_715_Laut_Maluku,NOAA_ERDDAP
2023-03,0.75,130.25,30.092,0.1046,0.5141,-0.3045,0.187,,,0.298,WPP_715_Laut_Maluku,NOAA_ERDDAP
2023-03,0.75,130.75,29.856,0.101,0.375,-0.208,0.1931,,,0.3074,WPP_715_Laut_Maluku,NOAA_ERDDAP
2023-03,0.75,131.25,30.796,0.1804,0.2145,-0.1291,0.2048,,,0.2713,WPP_715_Laut_Maluku,NOAA_ERDDAP
2023-03,0.75,131.75,30.592,0.0858,0.0635,-0.088,0.2016,,,0.2777,WPP_715_Laut_Maluku,NOAA_ERDDAP
2023-03,1.25,124.25,30.164,0.1903,0.6317,-0.0559,0.1716,,,0.2968,WPP_715_Laut_Maluku,NOAA_ERDDAP
2023-03,1.25,124.75,30.088,0.116,,,,,,0.2984,WPP_715_Laut_Maluku,NOAA_ERDDAP
2023-03,1.25,125.25,30.323,0.1091,0.5635,0.1114,0.2149,,,0.2889,WPP_715_Laut_Maluku,NOAA_ERDDAP
2023-03,1.25,125.75,30.088,0.0893,0.7007,-0.0021,0.2239,,,0.2979,WPP_715_Laut_Maluku,NOAA_ERDDAP
2023-03,1.25,126.25,30.313,0.0958,0.9878,0.5923,0.1955,,,0.289,WPP_715_Laut_Maluku,NOAA_ERDDAP
2023-03,1.25,126.75,30.748,0.0976,1.1533,1.5084,0.3127,,,0.2717,WPP_715_Laut_Maluku,NOAA_ERDDAP
2023-03,1.25,127.25,30.348,0.1366,0.9742,1.6679,0.5307,,,0.2884,WPP_715_Laut_Maluku,NOAA_ERDDAP
2023-03,1.25,127.75,32.175,0.4126,,,,,,0.2207,WPP_715_Laut_Maluku,NOAA_ERDDAP
2023-03,1.25,128.25,31.682,0.867,0.5711,-1.6965,0.7824,,,0.2493,WPP_715_Laut_Maluku,NOAA_ERDDAP
2023-03,1.25,128.75,31.102,0.1189,,,,,,0.2579,WPP_715_Laut_Maluku,NOAA_ERDDAP
2023-03,1.25,129.25,30.598,0.1315,0.4961,-1.0236,0.332,,,0.2783,WPP_715_Laut_Maluku,NOAA_ERDDAP
2023-03,1.25,129.75,30.119,0.113,0.5523,-0.6711,0.1804,,,0.2971,WPP_715_Laut_Maluku,NOAA_ERDDAP
2023-03,1.25,130.25,29.813,0.1042,0.462,-0.1664,0.182,,,0.3092,WPP_715_Laut_Maluku,NOAA_ERDDAP
2023-03,1.25,130.75,30.038,0.09,0.3285,-0.0383,0.1839,,,0.2999,WPP_715_Laut_Maluku,NOAA_ERDDAP
2023-03,1.25,131.25,30.737,0.0879,0.2019,0.0057,0.1856,,,0.2719,WPP_715_Laut_Maluku,NOAA_ERDDAP
2023-03,1.25,131.75,30.676,0.0791,0.0265,0.0074,0.1819,,,0.2742,WPP_715_Laut_Maluku,NOAA_ERDDAP
2023-03,1.75,124.25,30.499,0.14,-0.0876,0.0085,0.1876,,,0.2824,WPP_715_Laut_Maluku,NOAA_ERDDAP
2023-03,1.75,124.75,30.153,0.2635,0.2224,0.2205,0.1828,,,0.2987,WPP_715_Laut_Maluku,NOAA_ERDDAP
2023-03,1.75,125.25,29.956,0.1784,0.3318,0.1678,0.2158,,,0.3049,WPP_715_Laut_Maluku,NOAA_ERDDAP
2023-03,1.75,125.75,30.124,0.0926,0.3958,-0.1237,0.2047,,,0.2965,WPP_715_Laut_Maluku,NOAA_ERDDAP
2023-03,1.75,126.25,30.392,0.0929,0.6436,0.2753,0.2131,,,0.2858,WPP_715_Laut_Maluku,NOAA_ERDDAP
2023-03,1.75,126.75,30.343,0.0982,1.7628,1.197,0.196,,,0.2879,WPP_715_Laut_Maluku,NOAA_ERDDAP
2023-03,1.75,127.25,30.374,0.117,0.5744,1.3925,0.3202,,,0.287,WPP_715_Laut_Maluku,NOAA_ERDDAP
2023-03,1.75,127.75,30.935,0.1782,,,,,,0.2657,WPP_715_Laut_Maluku,NOAA_ERDDAP
2023-03,1.75,128.25,31.113,0.1707,0.6663,-0.2955,0.4577,,,0.2585,WPP_715_Laut_Maluku,NOAA_ERDDAP
2023-03,1.75,128.75,30.554,0.1431,1.9871,-1.4805,0.4474,,,0.2803,WPP_715_Laut_Maluku,NOAA_ERDDAP
2023-03,1.75,129.25,29.979,0.1099,1.3003,-0.7644,0.2925,,,0.3027,WPP_715_Laut_Maluku,NOAA_ERDDAP
2023-03,1.75,129.75,29.698,0.0876,0.7815,-0.6416,0.1765,,,0.3135,WPP_715_Laut_Maluku,NOAA_ERDDAP
2023-03,1.75,130.25,29.922,0.0633,0.431,-0.028,0.1713,,,0.304,WPP_715_Laut_Maluku,NOAA_ERDDAP
2023-03,1.75,130.75,30.284,0.0541,0.2316,0.0941,0.1675,,,0.2894,WPP_715_Laut_Maluku,NOAA_ERDDAP
2023-03,1.75,131.25,30.725,0.0622,0.0632,0.0787,0.1693,,,0.2719,WPP_715_Laut_Maluku,NOAA_ERDDAP
2023-03,1.75,131.75,30.487,0.0627,-0.0576,0.1669,0.1571,,,0.2814,WPP_715_Laut_Maluku,NOAA_ERDDAP
2023-03,2.25,124.25,30.312,0.1323,-0.0379,-0.2591,0.1885,,,0.2898,WPP_715_Laut_Maluku,NOAA_ERDDAP
2023-03,2.25,124.75,30.021,0.1328,-0.0277,0.1907,0.1967,,,0.3014,WPP_715_Laut_Maluku,NOAA_ERDDAP
2023-03,2.25,125.25,29.958,0.2152,0.0744,0.2505,0.2186,,,0.3055,WPP_715_Laut_Maluku,NOAA_ERDDAP
2023-03,2.25,125.75,30.039,0.1147,0.1897,-0.0344,0.227,,,0.3003,WPP_715_Laut_Maluku,NOAA_ERDDAP
2023-03,2.25,126.25,30.065,0.1018,0.1531,0.0336,0.2366,,,0.2991,WPP_715_Laut_Maluku,NOAA_ERDDAP
2023-03,2.25,126.75,29.811,0.1065,0.5623,0.138,0.1902,,,0.3093,WPP_715_Laut_Maluku,NOAA_ERDDAP
2023-03,2.25,127.25,29.848,0.0964,0.8057,1.029,0.2286,,,0.3076,WPP_715_Laut_Maluku,NOAA_ERDDAP
2023-03,2.25,127.75,29.792,0.1258,1.0658,0.8328,0.3211,,,0.3104,WPP_715_Laut_Maluku,NOAA_ERDDAP
2023-03,2.25,128.25,30.392,0.1515,0.8408,-0.3335,0.3818,,,0.2869,WPP_715_Laut_Maluku,NOAA_ERDDAP
2023-03,2.25,128.75,30.641,0.123,1.1312,-0.8712,0.341,,,0.2764,WPP_715_Laut_Maluku,NOAA_ERDDAP
2023-03,2.25,129.25,29.879,0.0924,0.936,-0.589,0.2496,,,0.3063,WPP_715_Laut_Maluku,NOAA_ERDDAP
2023-03,2.25,129.75,30.426,0.0701,0.4972,-0.2718,0.1604,,,0.284,WPP_715_Laut_Maluku,NOAA_ERDDAP
2023-03,2.25,130.25,29.969,0.061,0.1472,0.2052,0.1522,,,0.3021,WPP_715_Laut_Maluku,NOAA_ERDDAP
2023-03,2.25,130.75,30.021,0.0657,-0.0647,0.2643,0.1494,,,0.3001,WPP_715_Laut_Maluku,NOAA_ERDDAP
2023-03,2.25,131.25,30.219,0.0641,-0.1817,0.1131,0.1454,,,0.2922,WPP_715_Laut_Maluku,NOAA_ERDDAP
2023-03,2.25,131.75,30.612,0.0632,-0.0216,0.1159,0.1461,,,0.2764,WPP_715_Laut_Maluku,NOAA_ERDDAP
2023-03,2.75,124.25,30.037,0.1206,-0.1955,-0.1937,0.1806,,,0.3005,WPP_715_Laut_Maluku,NOAA_ERDDAP
2023-03,2.75,124.75,30.046,0.1104,0.0921,0.0781,0.169,,,0.3,WPP_715_Laut_Maluku,NOAA_ERDDAP
2023-03,2.75,125.25,29.979,0.1195,0.2738,0.2615,0.2107,,,0.3028,WPP_715_Laut_Maluku,NOAA_ERDDAP
2023-03,2.75,125.75,29.781,0.102,0.1792,0.0507,0.219,,,0.3104,WPP_715_Laut_Maluku,NOAA_ERDDAP
2023-03,2.75,126.25,29.931,0.0985,0.3598,-0.0579,0.2298,,,0.3043,WPP_715_Laut_Maluku,NOAA_ERDDAP
2023-03,2.75,126.75,29.661,0.0972,0.4364,0.0581,0.2096,,,0.3151,WPP_715_Laut_Maluku,NOAA_ERDDAP
2023-03,2.75,127.25,29.9,0.0926,1.2032,0.4589,0.2291,,,0.3055,WPP_715_Laut_Maluku,NOAA_ERDDAP
2023-03,2.75,127.75,29.914,0.098,1.7205,0.5873,0.2877,,,0.305,WPP_715_Laut_Maluku,NOAA_ERDDAP
2023-03,2.75,128.25,29.912,0.1035,1.6169,-0.0369,0.2888,,,0.3052,WPP_715_Laut_Maluku,NOAA_ERDDAP
2023-03,2.75,128.75,29.762,0.0986,0.6901,-0.5705,0.2686,,,0.3111,WPP_715_Laut_Maluku,NOAA_ERDDAP
2023-03,2.75,129.25,29.831,0.0798,0.2131,-0.412,0.2126,,,0.308,WPP_715_Laut_Maluku,NOAA_ERDDAP
2023-03,2.75,129.75,29.552,0.0772,0.0353,0.0578,0.1554,,,0.3191,WPP_715_Laut_Maluku,NOAA_ERDDAP
2023-03,2.75,130.25,29.523,0.0629,-0.1297,0.2553,0.1416,,,0.32,WPP_715_Laut_Maluku,NOAA_ERDDAP
2023-03,2.75,130.75,29.652,0.0842,-0.2188,0.2765,0.1357,,,0.3152,WPP_715_Laut_Maluku,NOAA_ERDDAP
2023-03,2.75,131.25,30.056,0.0889,-0.1981,0.1689,0.1518,,,0.2992,WPP_715_Laut_Maluku,NOAA_ERDDAP
2023-03,2.75,131.75,30.62,0.0825,-0.1914,-0.0641,0.1419,,,0.2765,WPP_715_Laut_Maluku,NOAA_ERDDAP
2023-03,3.25,124.25,29.484,0.1148,-0.4788,-0.3555,0.1888,,,0.3225,WPP_715_Laut_Maluku,NOAA_ERDDAP
2023-03,3.25,124.75,29.846,0.1049,-0.5423,0.1763,0.2001,,,0.3079,WPP_715_Laut_Maluku,NOAA_ERDDAP
2023-03,3.25,125.25,30.129,0.1078,-0.0977,-0.0677,0.2137,,,0.2966,WPP_715_Laut_Maluku,NOAA_ERDDAP
2023-03,3.25,125.75,29.839,0.11,0.2237,-0.0929,0.2033,,,0.3083,WPP_715_Laut_Maluku,NOAA_ERDDAP
2023-03,3.25,126.25,29.759,0.0645,0.3389,-0.2735,0.2085,,,0.3106,WPP_715_Laut_Maluku,NOAA_ERDDAP
2023-03,3.25,126.75,29.627,0.0649,0.5606,0.1206,0.1907,,,0.3159,WPP_715_Laut_Maluku,NOAA_ERDDAP
2023-03,3.25,127.25,29.795,0.0838,0.629,-0.1572,0.1668,,,0.3095,WPP_715_Laut_Maluku,NOAA_ERDDAP
2023-03,3.25,127.75,29.742,0.0971,0.5571,0.3593,0.1889,,,0.3119,WPP_715_Laut_Maluku,NOAA_ERDDAP
2023-03,3.25,128.25,29.932,0.0888,0.8599,0.3321,0.2005,,,0.3041,WPP_715_Laut_Maluku,NOAA_ERDDAP
2023-03,3.25,128.75,29.676,0.1022,0.3175,0.2393,0.1985,,,0.3146,WPP_715_Laut_Maluku,NOAA_ERDDAP
2023-03,3.25,129.25,30.254,0.0865,0.0792,-0.2499,0.1861,,,0.2912,WPP_715_Laut_Maluku,NOAA_ERDDAP
2023-03,3.25,129.75,30.309,0.0695,-0.3074,0.1988,0.1628,,,0.2887,WPP_715_Laut_Maluku,NOAA_ERDDAP
2023-03,3.25,130.25,29.985,0.0723,-0.3231,0.2506,0.1574,,,0.3017,WPP_715_Laut_Maluku,NOAA_ERDDAP
2023-03,3.25,130.75,29.779,0.0725,-0.369,0.3051,0.1554,,,0.3099,WPP_715_Laut_Maluku,NOAA_ERDDAP
2023-03,3.25,131.25,30.477,0.094,-0.2339,0.0594,0.1712,,,0.2824,WPP_715_Laut_Maluku,NOAA_ERDDAP
2023-03,3.25,131.75,30.635,0.0984,-0.051,-0.1181,0.1695,,,0.2762,WPP_715_Laut_Maluku,NOAA_ERDDAP
2023-03,3.75,124.25,29.386,0.0932,-0.4312,-0.3863,0.2213,,,0.326,WPP_715_Laut_Maluku,NOAA_ERDDAP
2023-03,3.75,124.75,29.333,0.0868,-0.1411,-0.0224,0.2071,,,0.328,WPP_715_Laut_Maluku,NOAA_ERDDAP
2023-03,3.75,125.25,29.306,0.0888,-0.1171,-0.0572,0.2207,,,0.3292,WPP_715_Laut_Maluku,NOAA_ERDDAP
2023-03,3.75,125.75,29.359,0.079,-0.1675,-0.0739,0.226,,,0.3268,WPP_715_Laut_Maluku,NOAA_ERDDAP
2023-03,3.75,126.25,29.626,0.0366,0.0076,-0.7506,0.2043,,,0.3153,WPP_715_Laut_Maluku,NOAA_ERDDAP
2023-03,3.75,126.75,29.424,0.0337,0.288,0.151,0.1794,,,0.3234,WPP_715_Laut_Maluku,NOAA_ERDDAP
2023-03,3.75,127.25,29.342,0.04,0.2838,0.0318,0.174,,,0.3268,WPP_715_Laut_Maluku,NOAA_ERDDAP
2023-03,3.75,127.75,29.582,0.0651,0.572,0.3481,0.1986,,,0.3177,WPP_715_Laut_Maluku,NOAA_ERDDAP
2023-03,3.75,128.25,29.745,0.092,-0.0071,0.3948,0.207,,,0.3117,WPP_715_Laut_Maluku,NOAA_ERDDAP
2023-03,3.75,128.75,29.974,0.1054,0.0045,0.2982,0.1912,,,0.3028,WPP_715_Laut_Maluku,NOAA_ERDDAP
2023-03,3.75,129.25,30.599,0.083,-0.1492,0.0909,0.1813,,,0.2773,WPP_715_Laut_Maluku,NOAA_ERDDAP
2023-03,3.75,129.75,30.616,0.0709,-0.3664,0.2044,0.1788,,,0.2764,WPP_715_Laut_Maluku,NOAA_ERDDAP
2023-03,3.75,130.25,30.905,0.0647,-0.1583,-0.0234,0.1815,,,0.2647,WPP_715_Laut_Maluku,NOAA_ERDDAP
2023-03,3.75,130.75,29.8,0.0694,0.0984,0.3864,0.1836,,,0.309,WPP_715_Laut_Maluku,NOAA_ERDDAP
2023-03,3.75,131.25,30.311,0.0676,0.0951,-0.0731,0.1834,,,0.2885,WPP_715_Laut_Maluku,NOAA_ERDDAP
2023-03,3.75,131.75,29.781,0.0833,-0.0462,-0.2991,0.1827,,,0.3101,WPP_715_Laut_Maluku,NOAA_ERDDAP
2023-01,0.25,122.25,30.214,0.1336,-1.9369,-0.117,0.113,,,0.2937,WPP_716_Laut_Sulawesi,NOAA_ERDDAP
2023-01,0.25,122.75,30.1,0.123,-1.9856,-0.2083,0.1312,,,0.2981,WPP_716_Laut_Sulawesi,NOAA_ERDDAP
2023-01,0.25,123.25,30.062,0.1289,-1.8688,-0.2628,0.1748,,,0.2997,WPP_716_Laut_Sulawesi,NOAA_ERDDAP
2023-01,0.25,123.75,30.291,0.1306,-1.5996,-0.2173,0.1834,,,0.2906,WPP_716_Laut_Sulawesi,NOAA_ERDDAP
2023-01,0.75,122.25,30.027,0.2167,,,,,,0.3028,WPP_716_Laut_Sulawesi,NOAA_ERDDAP
2023-01,0.75,122.75,29.94,0.2263,,,,,,0.3065,WPP_716_Laut_Sulawesi,NOAA_ERDDAP
2023-01,0.75,123.75,29.798,0.6541,,,,,,0.3205,WPP_716_Laut_Sulawesi,NOAA_ERDDAP
2023-01,1.25,122.25,30.093,0.2573,0.6283,-0.1415,0.3407,,,0.301,WPP_716_Laut_Sulawesi,NOAA_ERDDAP
2023-01,1.25,122.75,30.516,0.3492,0.5078,-0.1563,0.2529,,,0.2858,WPP_716_Laut_Sulawesi,NOAA_ERDDAP
2023-01,1.25,123.25,30.326,0.362,0.471,-0.2054,0.3106,,,0.2937,WPP_716_Laut_Sulawesi,NOAA_ERDDAP
2023-01,1.25,123.75,30.656,0.2552,0.4624,-0.4887,0.2579,,,0.2784,WPP_716_Laut_Sulawesi,NOAA_ERDDAP
2023-01,1.75,122.25,29.804,0.2508,0.9489,0.225,0.1703,,,0.3124,WPP_716_Laut_Sulawesi,NOAA_ERDDAP
2023-01,1.75,122.75,29.593,0.2428,0.5393,0.3481,0.2387,,,0.3207,WPP_716_Laut_Sulawesi,NOAA_ERDDAP
2023-01,1.75,123.25,29.58,0.2589,0.2204,-0.049,0.2824,,,0.3215,WPP_716_Laut_Sulawesi,NOAA_ERDDAP
2023-01,1.75,123.75,29.802,0.1926,0.3244,-0.4133,0.2479,,,0.3113,WPP_716_Laut_Sulawesi,NOAA_ERDDAP
2023-01,2.25,118.25,29.717,1.279,0.0032,-0.2223,0.2856,,,0.3359,WPP_716_Laut_Sulawesi,NOAA_ERDDAP
2023-01,2.25,118.75,28.533,0.2285,0.1533,-0.2484,0.2397,,,0.3628,WPP_716_Laut_Sulawesi,NOAA_ERDDAP
2023-01,2.25,119.25,28.852,0.1334,0.5944,0.2255,0.2613,,,0.3482,WPP_716_Laut_Sulawesi,NOAA_ERDDAP
2023-01,2.25,119.75,28.949,0.1536,0.5122,-0.2529,0.287,,,0.3447,WPP_716_Laut_Sulawesi,NOAA_ERDDAP
2023-01,2.25,120.25,29.95,0.2325,0.6179,-0.8467,0.273,,,0.3062,WPP_716_Laut_Sulawesi,NOAA_ERDDAP
2023-01,2.25,120.75,29.884,0.2579,0.4636,-0.9839,0.2079,,,0.3093,WPP_716_Laut_Sulawesi,NOAA_ERDDAP
2023-01,2.25,121.25,30.03,0.2392,0.2077,-0.2994,0.1851,,,0.3031,WPP_716_Laut_Sulawesi,NOAA_ERDDAP
2023-01,2.25,121.75,29.702,0.2404,0.0842,-0.0066,0.197,,,0.3163,WPP_716_Laut_Sulawesi,NOAA_ERDDAP
2023-01,2.25,122.25,30.078,0.2322,0.0354,0.3155,0.2035,,,0.3011,WPP_716_Laut_Sulawesi,NOAA_ERDDAP
2023-01,2.25,122.75,29.838,0.2132,0.2336,0.5733,0.2423,,,0.3103,WPP_716_Laut_Sulawesi,NOAA_ERDDAP
2023-01,2.25,123.25,29.462,0.2281,0.2112,0.0841,0.2756,,,0.3256,WPP_716_Laut_Sulawesi,NOAA_ERDDAP
2023-01,2.25,123.75,29.613,0.2054,0.0566,-0.3457,0.2653,,,0.3192,WPP_716_Laut_Sulawesi,NOAA_ERDDAP
2023-01,2.75,118.25,28.951,0.2592,0.1417,-0.8938,0.2725,,,0.3467,WPP_716_Laut_Sulawesi,NOAA_ERDDAP
2023-01,2.75,118.75,28.686,0.2125,0.4295,-0.401,0.2259,,,0.3564,WPP_716_Laut_Sulawesi,NOAA_ERDDAP
2023-01,2.75,119.25,28.923,0.1519,0.5031,0.0961,0.2246,,,0.3457,WPP_716_Laut_Sulawesi,NOAA_ERDDAP
2023-01,2.75,119.75,29.297,0.1158,0.4355,-0.1843,0.2471,,,0.33,WPP_716_Laut_Sulawesi,NOAA_ERDDAP
2023-01,2.75,120.25,29.579,0.173,0.3069,-0.8256,0.2416,,,0.3199,WPP_716_Laut_Sulawesi,NOAA_ERDDAP
2023-01,2.75,120.75,29.774,0.2057,0.0587,-0.5672,0.1967,,,0.3127,WPP_716_Laut_Sulawesi,NOAA_ERDDAP
2023-01,2.75,121.25,30.114,0.2358,0.2737,-0.3238,0.1674,,,0.2997,WPP_716_Laut_Sulawesi,NOAA_ERDDAP
2023-01,2.75,121.75,30.193,0.2281,0.171,0.1602,0.185,,,0.2964,WPP_716_Laut_Sulawesi,NOAA_ERDDAP
2023-01,2.75,122.25,30.555,0.2176,-0.1368,0.3099,0.2079,,,0.2817,WPP_716_Laut_Sulawesi,NOAA_ERDDAP
2023-01,2.75,122.75,30.257,0.1932,0.1034,0.4495,0.2307,,,0.2932,WPP_716_Laut_Sulawesi,NOAA_ERDDAP
2023-01,2.75,123.25,29.869,0.1578,0.3106,-0.0394,0.255,,,0.308,WPP_716_Laut_Sulawesi,NOAA_ERDDAP
2023-01,2.75,123.75,29.745,0.1374,0.557,-0.3137,0.2538,,,0.3125,WPP_716_Laut_Sulawesi,NOAA_ERDDAP
2023-01,3.25,118.25,29.275,0.2422,0.5356,-0.8787,0.2261,,,0.3334,WPP_716_Laut_Sulawesi,NOAA_ERDDAP
2023-01,3.25,118.75,28.997,0.2227,0.4256,-0.4813,0.1908,,,0.3441,WPP_716_Laut_Sulawesi,NOAA_ERDDAP
2023-01,3.25,119.25,29.053,0.2176,0.5687,0.0166,0.1989,,,0.3418,WPP_716_Laut_Sulawesi,NOAA_ERDDAP
2023-01,3.25,119.75,29.348,0.1045,0.8393,-0.065,0.2205,,,0.3278,WPP_716_Laut_Sulawesi,NOAA_ERDDAP
2023-01,3.25,120.25,29.249,0.1303,0.8753,-0.4975,0.215,,,0.3322,WPP_716_Laut_Sulawesi,NOAA_ERDDAP
2023-01,3.25,120.75,29.039,0.1548,0.2737,-0.4817,0.1978,,,0.3411,WPP_716_Laut_Sulawesi,NOAA_ERDDAP
2023-01,3.25,121.25,29.353,0.1846,-0.1703,-0.2777,0.1552,,,0.3291,WPP_716_Laut_Sulawesi,NOAA_ERDDAP
2023-01,3.25,121.75,29.303,0.1976,0.1035,0.1893,0.1605,,,0.3314,WPP_716_Laut_Sulawesi,NOAA_ERDDAP
2023-01,3.25,122.25,29.126,0.1803,0.1179,0.1639,0.1875,,,0.3381,WPP_716_Laut_Sulawesi,NOAA_ERDDAP
2023-01,3.25,122.75,29.294,0.1362,0.6584,0.349,0.21,,,0.3306,WPP_716_Laut_Sulawesi,NOAA_ERDDAP
2023-01,3.25,123.25,29.407,0.1332,0.759,-0.2366,0.2366,,,0.326,WPP_716_Laut_Sulawesi,NOAA_ERDDAP
2023-01,3.25,123.75,29.439,0.1115,0.5976,-0.375,0.208,,,0.3243,WPP_716_Laut_Sulawesi,NOAA_ERDDAP
2023-01,3.75,118.25,29.522,0.3717,-0.1127,-0.7972,0.1947,,,0.326,WPP_716_Laut_Sulawesi,NOAA_ERDDAP
2023-01,3.75,118.75,29.176,0.2409,-0.4283,0.0856,0.1935,,,0.3373,WPP_716_Laut_Sulawesi,NOAA_ERDDAP
2023-01,3.75,119.25,28.602,0.3607,-0.2883,-0.5564,0.1805,,,0.3626,WPP_716_Laut_Sulawesi,NOAA_ERDDAP
2023-01,3.75,119.75,28.762,0.1602,0.7842,-0.6602,0.1641,,,0.3523,WPP_716_Laut_Sulawesi,NOAA_ERDDAP
2023-01,3.75,120.25,29.122,0.1154,0.6308,-0.0501,0.1425,,,0.337,WPP_716_Laut_Sulawesi,NOAA_ERDDAP
2023-01,3.75,120.75,29.569,0.1289,0.5356,0.1044,0.1317,,,0.3194,WPP_716_Laut_Sulawesi,NOAA_ERDDAP
2023-01,3.75,121.25,28.903,0.1446,-0.0268,0.1522,0.1577,,,0.3464,WPP_716_Laut_Sulawesi,NOAA_ERDDAP
2023-01,3.75,121.75,28.975,0.1494,-0.308,0.026,0.1735,,,0.3436,WPP_716_Laut_Sulawesi,NOAA_ERDDAP
2023-01,3.75,122.25,29.893,0.1154,-0.1093,-0.1062,0.1845,,,0.3062,WPP_716_Laut_Sulawesi,NOAA_ERDDAP
2023-01,3.75,122.75,29.232,0.1004,0.295,-0.1854,0.1662,,,0.3323,WPP_716_Laut_Sulawesi,NOAA_ERDDAP
2023-01,3.75,123.25,29.856,0.0907,0.1258,-0.418,0.1785,,,0.3072,WPP_716_Laut_Sulawesi,NOAA_ERDDAP
2023-01,3.75,123.75,28.993,0.0837,0.2066,0.2215,0.1883,,,0.3416,WPP_716_Laut_Sulawesi,NOAA_ERDDAP
2023-01,4.25,118.25,30.069,1.078,-1.8695,0.4755,0.4398,,,0.3179,WPP_716_Laut_Sulawesi,NOAA_ERDDAP
2023-01,4.25,118.75,29.156,0.6993,-1.7727,0.255,0.2628,,,0.3471,WPP_716_Laut_Sulawesi,NOAA_ERDDAP
2023-01,4.25,119.25,28.649,0.3616,0.0124,-0.7339,0.2037,,,0.3608,WPP_716_Laut_Sulawesi,NOAA_ERDDAP
2023-01,4.25,119.75,29.126,0.3134,-0.2427,-0.7088,0.1548,,,0.3407,WPP_716_Laut_Sulawesi,NOAA_ERDDAP
2023-01,4.25,120.25,29.286,0.0981,-0.057,-0.1817,0.1228,,,0.3301,WPP_716_Laut_Sulawesi,NOAA_ERDDAP
2023-01,4.25,120.75,29.133,0.1286,0.2564,-0.0709,0.1171,,,0.3369,WPP_716_Laut_Sulawesi,NOAA_ERDDAP
2023-01,4.25,121.25,28.954,0.1322,0.4719,0.0515,0.1498,,,0.3441,WPP_716_Laut_Sulawesi,NOAA_ERDDAP
2023-01,4.25,121.75,28.69,0.1303,0.8009,0.4112,0.1423,,,0.3546,WPP_716_Laut_Sulawesi,NOAA_ERDDAP
2023-01,4.25,122.25,29.323,0.1229,0.4132,0.0741,0.1626,,,0.3291,WPP_716_Laut_Sulawesi,NOAA_ERDDAP
2023-01,4.25,122.75,29.704,0.1297,-0.4026,-0.3088,0.1501,,,0.314,WPP_716_Laut_Sulawesi,NOAA_ERDDAP
2023-01,4.25,123.25,30.039,0.1087,-0.33,-0.1365,0.1632,,,0.3002,WPP_716_Laut_Sulawesi,NOAA_ERDDAP
2023-01,4.25,123.75,29.629,0.071,-0.5485,0.2318,0.1911,,,0.3159,WPP_716_Laut_Sulawesi,NOAA_ERDDAP
2023-01,4.25,124.25,29.751,0.0856,-0.13,-0.2133,0.167,,,0.3113,WPP_716_Laut_Sulawesi,NOAA_ERDDAP
2023-01,4.25,124.75,29.02,0.0786,-0.1476,-0.2688,0.173,,,0.3404,WPP_716_Laut_Sulawesi,NOAA_ERDDAP
2023-01,4.25,125.25,29.658,0.0887,-0.0691,-0.1086,0.1767,,,0.3151,WPP_716_Laut_Sulawesi,NOAA_ERDDAP
2023-01,4.25,125.75,29.328,0.0556,0.0892,0.0427,0.191,,,0.3276,WPP_716_Laut_Sulawesi,NOAA_ERDDAP
2023-01,4.25,126.25,29.478,0.0324,-0.2209,-0.0785,0.1801,,,0.3212,WPP_716_Laut_Sulawesi,NOAA_ERDDAP
2023-01,4.25,126.75,29.723,0.059,-0.2081,-0.7203,0.1289,,,0.3119,WPP_716_Laut_Sulawesi,NOAA_ERDDAP
2023-01,4.25,127.25,28.929,0.0394,0.26,-0.1817,0.1372,,,0.3433,WPP_716_Laut_Sulawesi,NOAA_ERDDAP
2023-01,4.25,127.75,28.938,0.0568,-0.2045,0.5349,0.1525,,,0.3433,WPP_716_Laut_Sulawesi,NOAA_ERDDAP
2023-01,4.75,118.25,30.143,0.4703,,,,,,0.3031,WPP_716_Laut_Sulawesi,NOAA_ERDDAP
2023-01,4.75,118.75,29.334,0.5524,-1.6101,-1.0843,0.5516,,,0.3371,WPP_716_Laut_Sulawesi,NOAA_ERDDAP
2023-01,4.75,119.25,28.981,1.3466,-0.2229,-2.8039,0.1863,,,0.3667,WPP_716_Laut_Sulawesi,NOAA_ERDDAP
2023-01,4.75,119.75,28.998,0.3718,1.3476,-0.8055,0.0983,,,0.347,WPP_716_Laut_Sulawesi,NOAA_ERDDAP
2023-01,4.75,120.25,29.213,0.1131,-0.3224,0.6109,0.1379,,,0.3334,WPP_716_Laut_Sulawesi,NOAA_ERDDAP
2023-01,4.75,120.75,28.88,0.151,-0.2412,0.125,0.1233,,,0.3474,WPP_716_Laut_Sulawesi,NOAA_ERDDAP
2023-01,4.75,121.25,28.504,0.1563,0.3829,-0.7588,0.1096,,,0.3626,WPP_716_Laut_Sulawesi,NOAA_ERDDAP
2023-01,4.75,121.75,28.767,0.1448,0.6176,0.4911,0.0832,,,0.3518,WPP_716_Laut_Sulawesi,NOAA_ERDDAP
2023-01,4.75,122.25,29.437,0.1587,0.7015,0.3009,0.101,,,0.3253,WPP_716_Laut_Sulawesi,NOAA_ERDDAP
2023-01,4.75,122.75,29.499,0.1561,0.3575,0.2129,0.1379,,,0.3228,WPP_716_Laut_Sulawesi,NOAA_ERDDAP
2023-01,4.75,123.25,29.691,0.1135,-0.0327,0.2526,0.1485,,,0.3142,WPP_716_Laut_Sulawesi,NOAA_ERDDAP
2023-01,4.75,123.75,29.373,0.0774,0.2979,-0.3388,0.1433,,,0.3263,WPP_716_Laut_Sulawesi,NOAA_ERDDAP
2023-01,4.75,124.25,29.392,0.0734,0.2342,-0.2129,0.116,,,0.3254,WPP_716_Laut_Sulawesi,NOAA_ERDDAP
2023-01,4.75,124.75,29.574,0.0632,0.2128,0.0793,0.1521,,,0.3179,WPP_716_Laut_Sulawesi,NOAA_ERDDAP
2023-01,4.75,125.25,29.581,0.0694,-0.0365,-0.0915,0.1676,,,0.3178,WPP_716_Laut_Sulawesi,NOAA_ERDDAP
2023-01,4.75,125.75,28.958,0.0609,-0.154,-0.3332,0.1807,,,0.3425,WPP_716_Laut_Sulawesi,NOAA_ERDDAP
2023-01,4.75,126.25,29.296,0.0406,0.208,-0.3952,0.1873,,,0.3286,WPP_716_Laut_Sulawesi,NOAA_ERDDAP
2023-01,4.75,126.75,29.333,0.0262,-0.0156,-0.4182,0.1717,,,0.3269,WPP_716_Laut_Sulawesi,NOAA_ERDDAP
2023-01,4.75,127.25,28.864,0.0256,0.1513,0.4312,0.1571,,,0.3456,WPP_716_Laut_Sulawesi,NOAA_ERDDAP
2023-01,4.75,127.75,29.017,0.0299,0.2199,-0.0049,0.1688,,,0.3396,WPP_716_Laut_Sulawesi,NOAA_ERDDAP
2023-01,5.25,119.25,28.83,0.8576,0.6335,-2.5956,0.1936,,,0.3632,WPP_716_Laut_Sulawesi,NOAA_ERDDAP
2023-01,5.25,119.75,28.894,0.8242,0.0975,-0.2019,0.0394,,,0.36,WPP_716_Laut_Sulawesi,NOAA_ERDDAP
2023-01,5.25,120.25,28.895,1.1311,-0.1918,0.9943,0.1639,,,0.3659,WPP_716_Laut_Sulawesi,NOAA_ERDDAP
2023-01,5.25,120.75,29.198,0.3339,-0.3041,-0.0717,0.1663,,,0.3383,WPP_716_Laut_Sulawesi,NOAA_ERDDAP
2023-01,5.25,121.25,29.426,0.1883,-0.4141,-0.6694,0.1364,,,0.3263,WPP_716_Laut_Sulawesi,NOAA_ERDDAP
2023-01,5.25,121.75,30.169,0.1684,-0.1746,0.0131,0.0738,,,0.2962,WPP_716_Laut_Sulawesi,NOAA_ERDDAP
2023-01,5.25,122.25,30.231,0.1841,0.3568,0.2723,0.0883,,,0.294,WPP_716_Laut_Sulawesi,NOAA_ERDDAP
2023-01,5.25,122.75,29.964,0.1572,0.775,0.4118,0.1135,,,0.3042,WPP_716_Laut_Sulawesi,NOAA_ERDDAP
2023-01,5.25,123.25,29.971,0.1211,0.7383,0.0215,0.1152,,,0.3032,WPP_716_Laut_Sulawesi,NOAA_ERDDAP
2023-01,5.25,123.75,29.507,0.0989,0.3021,-0.2116,0.1309,,,0.3213,WPP_716_Laut_Sulawesi,NOAA_ERDDAP
2023-01,5.25,124.25,29.676,0.082,0.0677,-0.0991,0.1076,,,0.3142,WPP_716_Laut_Sulawesi,NOAA_ERDDAP
2023-01,5.25,124.75,29.867,0.0827,0.2425,-0.2763,0.1319,,,0.3066,WPP_716_Laut_Sulawesi,NOAA_ERDDAP
2023-01,5.25,125.25,29.952,0.0925,0.519,0.1525,0.1576,,,0.3034,WPP_716_Laut_Sulawesi,NOAA_ERDDAP
2023-01,5.25,125.75,29.316,0.0685,0.4283,-0.11,0.1689,,,0.3284,WPP_716_Laut_Sulawesi,NOAA_ERDDAP
2023-01,5.25,126.25,29.411,0.031,0.1401,-0.1293,0.1811,,,0.3238,WPP_716_Laut_Sulawesi,NOAA_ERDDAP
2023-01,5.25,126.75,29.836,0.0205,0.0154,-0.733,0.1661,,,0.3066,WPP_716_Laut_Sulawesi,NOAA_ERDDAP
2023-01,5.25,127.25,28.139,0.0202,0.1278,0.1424,0.1677,,,0.3745,WPP_716_Laut_Sulawesi,NOAA_ERDDAP
2023-01,5.25,127.75,28.487,0.0225,0.1357,0.1969,0.1643,,,0.3606,WPP_716_Laut_Sulawesi,NOAA_ERDDAP
2023-01,5.75,118.25,29.875,4.6746,,,,,,0.3959,WPP_716_Laut_Sulawesi,NOAA_ERDDAP
2023-01,5.75,118.75,28.756,1.7864,1.2667,-0.4513,0.272,,,0.3843,WPP_716_Laut_Sulawesi,NOAA_ERDDAP
2023-01,5.75,119.25,28.398,0.6003,0.1459,-1.119,0.1374,,,0.3755,WPP_716_Laut_Sulawesi,NOAA_ERDDAP
2023-01,5.75,119.75,28.391,0.4465,-0.9879,0.7765,0.107,,,0.3727,WPP_716_Laut_Sulawesi,NOAA_ERDDAP
2023-01,5.75,120.25,28.361,0.3527,0.1958,-0.1814,0.1549,,,0.3721,WPP_716_Laut_Sulawesi,NOAA_ERDDAP
2023-01,5.75,120.75,28.018,0.3261,0.2105,-0.249,0.1469,,,0.3853,WPP_716_Laut_Sulawesi,NOAA_ERDDAP
2023-01,5.75,121.25,28.947,0.2724,0.3475,-0.3265,0.1329,,,0.3471,WPP_716_Laut_Sulawesi,NOAA_ERDDAP
2023-01,5.75,121.75,30.099,0.1951,-0.0433,-0.2478,0.138,,,0.2995,WPP_716_Laut_Sulawesi,NOAA_ERDDAP
2023-01,5.75,122.25,30.132,0.169,0.4267,-0.3926,0.0773,,,0.2977,WPP_716_Laut_Sulawesi,NOAA_ERDDAP
2023-01,5.75,122.75,30.019,0.1556,0.366,0.3806,0.0936,,,0.3019,WPP_716_Laut_Sulawesi,NOAA_ERDDAP
2023-01,5.75,123.25,30.344,0.1143,0.3691,0.2777,0.1077,,,0.2881,WPP_716_Laut_Sulawesi,NOAA_ERDDAP
2023-01,5.75,123.75,29.832,0.1135,0.1415,0.1766,0.1376,,,0.3086,WPP_716_Laut_Sulawesi,NOAA_ERDDAP
2023-01,5.75,124.25,30.148,0.0696,-0.1588,-0.4032,0.1215,,,0.2951,WPP_716_Laut_Sulawesi,NOAA_ERDDAP
2023-01,5.75,124.75,30.032,0.0908,-0.2828,0.0797,0.1316,,,0.3002,WPP_716_Laut_Sulawesi,NOAA_ERDDAP
2023-01,5.75,125.25,29.549,0.1085,0.3629,0.3642,0.1674,,,0.3198,WPP_716_Laut_Sulawesi,NOAA_ERDDAP
2023-01,5.75,125.75,28.887,0.0751,-0.6101,-0.0889,0.2075,,,0.3457,WPP_716_Laut_Sulawesi,NOAA_ERDDAP
2023-01,5.75,126.25,28.951,0.0378,-0.5097,-0.6225,0.2094,,,0.3424,WPP_716_Laut_Sulawesi,NOAA_ERDDAP
2023-01,5.75,126.75,29.697,0.0332,-0.0718,-0.2514,0.157,,,0.3124,WPP_716_Laut_Sulawesi,NOAA_ERDDAP
2023-01,5.75,127.25,30.597,0.0206,0.0173,0.0378,0.1661,,,0.2762,WPP_716_Laut_Sulawesi,NOAA_ERDDAP
2023-01,5.75,127.75,29.845,0.0215,0.121,-0.3282,0.1636,,,0.3063,WPP_716_Laut_Sulawesi,NOAA_ERDDAP
2023-02,0.25,122.25,30.623,0.1015,-1.0104,-0.0102,0.226,,,0.2767,WPP_716_Laut_Sulawesi,NOAA_ERDDAP
2023-02,0.25,122.75,30.694,0.113,-1.2693,-0.1817,0.1914,,,0.2741,WPP_716_Laut_Sulawesi,NOAA_ERDDAP
2023-02,0.25,123.25,30.717,0.0788,-1.3479,-0.2822,0.1387,,,0.2725,WPP_716_Laut_Sulawesi,NOAA_ERDDAP
2023-02,0.25,123.75,30.24,0.1077,-1.2619,-0.2358,0.1334,,,0.2922,WPP_716_Laut_Sulawesi,NOAA_ERDDAP
2023-02,0.75,122.75,30.393,0.7637,,,,,,0.2988,WPP_716_Laut_Sulawesi,NOAA_ERDDAP
2023-02,0.75,123.75,29.755,0.5518,,,,,,0.3202,WPP_716_Laut_Sulawesi,NOAA_ERDDAP
2023-02,1.25,122.25,30.198,0.22,0.4328,0.071,0.2729,,,0.296,WPP_716_Laut_Sulawesi,NOAA_ERDDAP
2023-02,1.25,122.75,29.837,0.1874,0.0554,-0.0181,0.2205,,,0.3098,WPP_716_Laut_Sulawesi,NOAA_ERDDAP
2023-02,1.25,123.25,30.172,0.2075,-0.3302,-0.2979,0.1808,,,0.2968,WPP_716_Laut_Sulawesi,NOAA_ERDDAP
2023-02,1.25,123.75,29.839,0.2088,-0.5645,-0.4182,0.2074,,,0.3102,WPP_716_Laut_Sulawesi,NOAA_ERDDAP
2023-02,1.75,122.25,29.628,0.1771,0.3673,0.3759,0.2273,,,0.318,WPP_716_Laut_Sulawesi,NOAA_ERDDAP
2023-02,1.75,122.75,30.121,0.1602,0.0753,0.3855,0.2784,,,0.298,WPP_716_Laut_Sulawesi,NOAA_ERDDAP
2023-02,1.75,123.25,29.961,0.1503,-0.2041,-0.0762,0.2945,,,0.3042,WPP_716_Laut_Sulawesi,NOAA_ERDDAP
2023-02,1.75,123.75,29.515,0.1615,-0.2501,-0.5002,0.2912,,,0.3222,WPP_716_Laut_Sulawesi,NOAA_ERDDAP
2023-02,2.25,118.25,29.149,3.3273,0.1027,-0.2019,0.2403,,,0.3986,WPP_716_Laut_Sulawesi,NOAA_ERDDAP
2023-02,2.25,118.75,28.967,0.2511,-0.1114,-0.013,0.2151,,,0.3459,WPP_716_Laut_Sulawesi,NOAA_ERDDAP
2023-02,2.25,119.25,29.189,0.155,-0.159,0.1413,0.2196,,,0.3351,WPP_716_Laut_Sulawesi,NOAA_ERDDAP
2023-02,2.25,119.75,29.304,0.1852,-0.5512,-0.0149,0.2675,,,0.3311,WPP_716_Laut_Sulawesi,NOAA_ERDDAP
2023-02,2.25,120.25,28.851,0.1527,-0.1386,-0.4011,0.2492,,,0.3486,WPP_716_Laut_Sulawesi,NOAA_ERDDAP
2023-02,2.25,120.75,29.371,0.1776,-0.1346,-0.4532,0.2466,,,0.3283,WPP_716_Laut_Sulawesi,NOAA_ERDDAP
2023-02,2.25,121.25,29.318,0.1818,-0.0345,-0.3386,0.226,,,0.3305,WPP_716_Laut_Sulawesi,NOAA_ERDDAP
2023-02,2.25,121.75,29.011,0.1599,-0.3366,0.0471,0.2127,,,0.3423,WPP_716_Laut_Sulawesi,NOAA_ERDDAP
2023-02,2.25,122.25,28.828,0.1462,-0.0962,0.499,0.2526,,,0.3494,WPP_716_Laut_Sulawesi,NOAA_ERDDAP
2023-02,2.25,122.75,29.452,0.1101,0.0968,0.52,0.2734,,,0.3237,WPP_716_Laut_Sulawesi,NOAA_ERDDAP
2023-02,2.25,123.25,29.397,0.1052,0.0907,-0.1344,0.3113,,,0.3258,WPP_716_Laut_Sulawesi,NOAA_ERDDAP
2023-02,2.25,123.75,29.22,0.1236,0.3016,-0.5746,0.2742,,,0.3333,WPP_716_Laut_Sulawesi,NOAA_ERDDAP
2023-02,2.75,118.75,29.235,0.1167,0.0955,-0.051,0.203,,,0.3325,WPP_716_Laut_Sulawesi,NOAA_ERDDAP
2023-02,2.75,119.25,29.465,0.1477,0.372,0.1049,0.2321,,,0.3239,WPP_716_Laut_Sulawesi,NOAA_ERDDAP
2023-02,2.75,119.75,29.432,0.2323,0.7249,0.1697,0.2448,,,0.3269,WPP_716_Laut_Sulawesi,NOAA_ERDDAP
2023-02,2.75,120.25,29.259,0.193,-0.107,-0.3773,0.262,,,0.3331,WPP_716_Laut_Sulawesi,NOAA_ERDDAP
2023-02,2.75,120.75,29.503,0.191,-0.3006,-0.3973,0.2442,,,0.3233,WPP_716_Laut_Sulawesi,NOAA_ERDDAP
2023-02,2.75,121.25,29.113,0.1701,-0.1796,-0.1278,0.2419,,,0.3385,WPP_716_Laut_Sulawesi,NOAA_ERDDAP
2023-02,2.75,121.75,28.814,0.1453,0.0652,-0.3138,0.2428,,,0.3499,WPP_716_Laut_Sulawesi,NOAA_ERDDAP
2023-02,2.75,122.25,28.853,0.1899,0.3129,0.2685,0.2567,,,0.3493,WPP_716_Laut_Sulawesi,NOAA_ERDDAP
2023-02,2.75,122.75,29.193,0.1507,0.3658,0.3981,0.2735,,,0.3349,WPP_716_Laut_Sulawesi,NOAA_ERDDAP
2023-02,2.75,123.25,29.298,0.1286,0.2058,-0.055,0.2803,,,0.3303,WPP_716_Laut_Sulawesi,NOAA_ERDDAP
2023-02,2.75,123.75,29.257,0.1197,0.0467,-0.6671,0.2504,,,0.3317,WPP_716_Laut_Sulawesi,NOAA_ERDDAP
2023-02,3.25,118.25,29.029,0.2677,0.3663,-0.4758,0.2146,,,0.3437,WPP_716_Laut_Sulawesi,NOAA_ERDDAP
2023-02,3.25,118.75,28.893,0.0985,0.4289,-0.4134,0.1985,,,0.3459,WPP_716_Laut_Sulawesi,NOAA_ERDDAP
2023-02,3.25,119.25,29.454,0.1433,0.2621,0.8015,0.2005,,,0.3243,WPP_716_Laut_Sulawesi,NOAA_ERDDAP
2023-02,3.25,119.75,29.524,0.1901,0.4646,-0.4718,0.2115,,,0.3224,WPP_716_Laut_Sulawesi,NOAA_ERDDAP
2023-02,3.25,120.25,29.069,0.1871,0.4372,0.1937,0.2531,,,0.3406,WPP_716_Laut_Sulawesi,NOAA_ERDDAP
2023-02,3.25,120.75,29.179,0.1685,0.0757,-0.2684,0.2585,,,0.3358,WPP_716_Laut_Sulawesi,NOAA_ERDDAP
2023-02,3.25,121.25,29.348,0.2002,-0.2056,-0.2613,0.2412,,,0.3297,WPP_716_Laut_Sulawesi,NOAA_ERDDAP
2023-02,3.25,121.75,28.991,0.1547,0.1989,-0.6466,0.2345,,,0.343,WPP_716_Laut_Sulawesi,NOAA_ERDDAP
2023-02,3.25,122.25,29.358,0.1796,0.498,0.2867,0.2002,,,0.3289,WPP_716_Laut_Sulawesi,NOAA_ERDDAP
2023-02,3.25,122.75,29.359,0.1632,0.5339,0.4848,0.2367,,,0.3285,WPP_716_Laut_Sulawesi,NOAA_ERDDAP
2023-02,3.25,123.25,29.298,0.1513,0.5106,-0.0653,0.2781,,,0.3307,WPP_716_Laut_Sulawesi,NOAA_ERDDAP
2023-02,3.25,123.75,29.543,0.1165,0.1063,-0.4666,0.2734,,,0.3202,WPP_716_Laut_Sulawesi,NOAA_ERDDAP
2023-02,3.75,118.25,29.632,0.3671,-0.0779,-0.5733,0.2111,,,0.3215,WPP_716_Laut_Sulawesi,NOAA_ERDDAP
2023-02,3.75,118.75,29.011,0.2421,0.134,-0.2115,0.1739,,,0.344,WPP_716_Laut_Sulawesi,NOAA_ERDDAP
2023-02,3.75,119.25,28.931,0.1589,0.0684,0.2403,0.1804,,,0.3455,WPP_716_Laut_Sulawesi,NOAA_ERDDAP
2023-02,3.75,119.75,29.272,0.1667,-0.1354,-0.1333,0.1918,,,0.332,WPP_716_Laut_Sulawesi,NOAA_ERDDAP
2023-02,3.75,120.25,29.865,0.2099,0.0988,0.3695,0.2155,,,0.3092,WPP_716_Laut_Sulawesi,NOAA_ERDDAP
2023-02,3.75,120.75,29.997,0.201,0.0928,0.089,0.277,,,0.3037,WPP_716_Laut_Sulawesi,NOAA_ERDDAP
2023-02,3.75,121.25,29.639,0.2019,0.2566,-0.3254,0.2135,,,0.318,WPP_716_Laut_Sulawesi,NOAA_ERDDAP
2023-02,3.75,121.75,29.565,0.2204,0.3255,-0.626,0.173,,,0.3214,WPP_716_Laut_Sulawesi,NOAA_ERDDAP
2023-02,3.75,122.25,29.423,0.1339,0.298,-0.0194,0.1605,,,0.3254,WPP_716_Laut_Sulawesi,NOAA_ERDDAP
2023-02,3.75,122.75,29.859,0.1807,-0.2027,0.5002,0.1748,,,0.3088,WPP_716_Laut_Sulawesi,NOAA_ERDDAP
2023-02,3.75,123.25,29.68,0.1425,0.1673,0.0342,0.2198,,,0.3152,WPP_716_Laut_Sulawesi,NOAA_ERDDAP
2023-02,3.75,123.75,29.708,0.1029,0.3752,-0.3252,0.2374,,,0.3134,WPP_716_Laut_Sulawesi,NOAA_ERDDAP
2023-02,4.25,118.25,30.413,0.9295,-1.0353,0.1402,0.2643,,,0.3013,WPP_716_Laut_Sulawesi,NOAA_ERDDAP
2023-02,4.25,118.75,29.097,0.4953,0.0628,-0.6227,0.1936,,,0.3455,WPP_716_Laut_Sulawesi,NOAA_ERDDAP
2023-02,4.25,119.25,28.988,0.2092,-0.588,-0.2668,0.1816,,,0.3442,WPP_716_Laut_Sulawesi,NOAA_ERDDAP
2023-02,4.25,119.75,28.813,0.1559,-0.0418,-0.0457,0.2002,,,0.3502,WPP_716_Laut_Sulawesi,NOAA_ERDDAP
2023-02,4.25,120.25,29.421,0.1758,-0.3323,0.2245,0.237,,,0.3263,WPP_716_Laut_Sulawesi,NOAA_ERDDAP
2023-02,4.25,120.75,30.189,0.1683,0.4177,-0.1911,0.2034,,,0.2954,WPP_716_Laut_Sulawesi,NOAA_ERDDAP
2023-02,4.25,121.25,30.663,0.1849,0.7093,-0.7911,0.1726,,,0.2768,WPP_716_Laut_Sulawesi,NOAA_ERDDAP
2023-02,4.25,121.75,29.562,0.177,0.9394,-0.2492,0.1187,,,0.3206,WPP_716_Laut_Sulawesi,NOAA_ERDDAP
2023-02,4.25,122.25,29.828,0.155,0.0119,0.3546,0.1464,,,0.3096,WPP_716_Laut_Sulawesi,NOAA_ERDDAP
2023-02,4.25,122.75,29.611,0.1622,-0.2543,0.6549,0.1694,,,0.3184,WPP_716_Laut_Sulawesi,NOAA_ERDDAP
2023-02,4.25,123.25,29.407,0.1426,-0.329,0.2236,0.2079,,,0.3262,WPP_716_Laut_Sulawesi,NOAA_ERDDAP
2023-02,4.25,123.75,29.408,0.0933,-0.4095,-0.5303,0.2299,,,0.3252,WPP_716_Laut_Sulawesi,NOAA_ERDDAP
2023-02,4.25,124.25,29.391,0.0767,-0.5188,0.1311,0.2201,,,0.3255,WPP_716_Laut_Sulawesi,NOAA_ERDDAP
2023-02,4.25,124.75,29.478,0.0873,-0.2834,-0.6537,0.202,,,0.3222,WPP_716_Laut_Sulawesi,NOAA_ERDDAP
2023-02,4.25,125.25,28.738,0.0752,-0.2808,-0.4914,0.1948,,,0.3516,WPP_716_Laut_Sulawesi,NOAA_ERDDAP
2023-02,4.25,125.75,28.889,0.0472,-0.171,-0.1735,0.1929,,,0.345,WPP_716_Laut_Sulawesi,NOAA_ERDDAP
2023-02,4.25,126.25,29.36,0.0367,0.23,-0.3761,0.1785,,,0.326,WPP_716_Laut_Sulawesi,NOAA_ERDDAP
2023-02,4.25,126.75,29.692,0.0409,0.5289,0.2943,0.1642,,,0.3128,WPP_716_Laut_Sulawesi,NOAA_ERDDAP
2023-02,4.25,127.25,29.489,0.0283,0.6337,-0.2202,0.1496,,,0.3207,WPP_716_Laut_Sulawesi,NOAA_ERDDAP
2023-02,4.25,127.75,29.345,0.0307,0.1735,0.3669,0.1719,,,0.3265,WPP_716_Laut_Sulawesi,NOAA_ERDDAP
2023-02,4.75,118.25,30.369,0.7557,,,,,,0.2997,WPP_716_Laut_Sulawesi,NOAA_ERDDAP
2023-02,4.75,118.75,28.794,0.4329,0.2538,0.6948,0.4263,,,0.3564,WPP_716_Laut_Sulawesi,NOAA_ERDDAP
2023-02,4.75,119.25,29.105,1.0464,0.4144,-1.9071,0.2891,,,0.3559,WPP_716_Laut_Sulawesi,NOAA_ERDDAP
2023-02,4.75,119.75,28.726,0.1932,0.137,-0.5976,0.1911,,,0.3544,WPP_716_Laut_Sulawesi,NOAA_ERDDAP
2023-02,4.75,120.25,29.359,0.1663,0.7642,-0.0118,0.1856,,,0.3286,WPP_716_Laut_Sulawesi,NOAA_ERDDAP
2023-02,4.75,120.75,29.953,0.1622,0.5843,-0.7021,0.1704,,,0.3047,WPP_716_Laut_Sulawesi,NOAA_ERDDAP
2023-02,4.75,121.25,29.849,0.1721,0.6884,-1.0207,0.1077,,,0.3091,WPP_716_Laut_Sulawesi,NOAA_ERDDAP
2023-02,4.75,121.75,29.776,0.1728,0.8608,-0.1402,0.0539,,,0.312,WPP_716_Laut_Sulawesi,NOAA_ERDDAP
2023-02,4.75,122.25,29.659,0.1756,0.7213,1.0122,0.0878,,,0.3167,WPP_716_Laut_Sulawesi,NOAA_ERDDAP
2023-02,4.75,122.75,29.619,0.1537,0.7187,0.9869,0.1512,,,0.3179,WPP_716_Laut_Sulawesi,NOAA_ERDDAP
2023-02,4.75,123.25,29.465,0.1282,0.4413,-0.0427,0.1971,,,0.3236,WPP_716_Laut_Sulawesi,NOAA_ERDDAP
2023-02,4.75,123.75,29.449,0.1124,0.0088,0.0761,0.185,,,0.3239,WPP_716_Laut_Sulawesi,NOAA_ERDDAP
2023-02,4.75,124.25,29.956,0.0888,0.3733,-0.0303,0.1774,,,0.3032,WPP_716_Laut_Sulawesi,NOAA_ERDDAP
2023-02,4.75,124.75,30.078,0.0764,0.3881,-0.4387,0.1884,,,0.298,WPP_716_Laut_Sulawesi,NOAA_ERDDAP
2023-02,4.75,125.25,29.289,0.0801,0.1813,-0.5015,0.2038,,,0.3297,WPP_716_Laut_Sulawesi,NOAA_ERDDAP
2023-02,4.75,125.75,29.005,0.0704,0.1649,-0.6951,0.1798,,,0.3408,WPP_716_Laut_Sulawesi,NOAA_ERDDAP
2023-02,4.75,126.25,28.775,0.0303,0.2956,-0.5922,0.16,,,0.3493,WPP_716_Laut_Sulawesi,NOAA_ERDDAP
2023-02,4.75,126.75,29.184,0.0289,0.3072,0.0287,0.1422,,,0.3329,WPP_716_Laut_Sulawesi,NOAA_ERDDAP
2023-02,4.75,127.25,29.254,0.0298,0.2372,0.0041,0.1572,,,0.3301,WPP_716_Laut_Sulawesi,NOAA_ERDDAP
2023-02,4.75,127.75,29.276,0.0309,0.5938,0.4177,0.1524,,,0.3292,WPP_716_Laut_Sulawesi,NOAA_ERDDAP
2023-02,5.25,119.25,28.293,1.2035,0.6524,-0.6332,0.3177,,,0.3914,WPP_716_Laut_Sulawesi,NOAA_ERDDAP
2023-02,5.25,119.75,28.896,0.2037,0.3041,-0.608,0.1988,,,0.3478,WPP_716_Laut_Sulawesi,NOAA_ERDDAP
2023-02,5.25,120.25,28.825,1.2349,0.0029,-0.4602,0.1732,,,0.3708,WPP_716_Laut_Sulawesi,NOAA_ERDDAP
2023-02,5.25,120.75,29.655,0.1988,0.4842,-0.7111,0.1297,,,0.3173,WPP_716_Laut_Sulawesi,NOAA_ERDDAP
2023-02,5.25,121.25,29.716,0.1577,0.4207,-0.4993,0.0857,,,0.3141,WPP_716_Laut_Sulawesi,NOAA_ERDDAP
2023-02,5.25,121.75,29.763,0.1595,0.175,0.3417,0.0382,,,0.3123,WPP_716_Laut_Sulawesi,NOAA_ERDDAP
2023-02,5.25,122.25,29.632,0.1492,0.5268,0.0446,0.0822,,,0.3173,WPP_716_Laut_Sulawesi,NOAA_ERDDAP
2023-02,5.25,122.75,29.689,0.1314,0.697,0.7284,0.1156,,,0.3147,WPP_716_Laut_Sulawesi,NOAA_ERDDAP
2023-02,5.25,123.25,29.295,0.1222,0.8281,0.1845,0.1604,,,0.3303,WPP_716_Laut_Sulawesi,NOAA_ERDDAP
2023-02,5.25,123.75,29.719,0.1202,0.8299,-0.0919,0.1649,,,0.3133,WPP_716_Laut_Sulawesi,NOAA_ERDDAP
2023-02,5.25,124.25,30.266,0.1094,0.4739,-0.2791,0.1622,,,0.2912,WPP_716_Laut_Sulawesi,NOAA_ERDDAP
2023-02,5.25,124.75,30.773,0.0797,0.825,-0.2608,0.146,,,0.2703,WPP_716_Laut_Sulawesi,NOAA_ERDDAP
2023-02,5.25,125.25,29.729,0.1129,0.6422,-0.4126,0.1472,,,0.3127,WPP_716_Laut_Sulawesi,NOAA_ERDDAP
2023-02,5.25,125.75,28.885,0.0843,0.2955,-0.1806,0.1581,,,0.3459,WPP_716_Laut_Sulawesi,NOAA_ERDDAP
2023-02,5.25,126.25,28.267,0.0318,0.096,-0.0954,0.1555,,,0.3696,WPP_716_Laut_Sulawesi,NOAA_ERDDAP
2023-02,5.25,126.75,28.509,0.0245,-0.1112,-0.4947,0.1432,,,0.3598,WPP_716_Laut_Sulawesi,NOAA_ERDDAP
2023-02,5.25,127.25,29.008,0.0196,0.276,-0.0072,0.1362,,,0.3397,WPP_716_Laut_Sulawesi,NOAA_ERDDAP
2023-02,5.25,127.75,29.143,0.0171,0.4533,0.2026,0.1411,,,0.3343,WPP_716_Laut_Sulawesi,NOAA_ERDDAP
2023-02,5.75,118.25,28.908,3.8621,,,,,,0.4187,WPP_716_Laut_Sulawesi,NOAA_ERDDAP
2023-02,5.75,118.75,28.714,0.3854,1.3198,-0.4024,0.1905,,,0.3586,WPP_716_Laut_Sulawesi,NOAA_ERDDAP
2023-02,5.75,119.25,28.417,0.6148,0.8621,-0.1789,0.1489,,,0.375,WPP_716_Laut_Sulawesi,NOAA_ERDDAP
2023-02,5.75,119.75,28.405,0.257,0.7532,-0.1083,0.139,,,0.3685,WPP_716_Laut_Sulawesi,NOAA_ERDDAP
2023-02,5.75,120.25,28.54,0.4654,0.6178,-0.3874,0.1253,,,0.3671,WPP_716_Laut_Sulawesi,NOAA_ERDDAP
2023-02,5.75,120.75,28.183,0.5195,0.1841,-0.411,0.0979,,,0.3825,WPP_716_Laut_Sulawesi,NOAA_ERDDAP
2023-02,5.75,121.25,29.714,0.2015,0.1957,-0.1795,0.0836,,,0.315,WPP_716_Laut_Sulawesi,NOAA_ERDDAP
2023-02,5.75,121.75,30.159,0.1412,-0.2641,-0.6022,0.0564,,,0.2961,WPP_716_Laut_Sulawesi,NOAA_ERDDAP
2023-02,5.75,122.25,29.964,0.1249,0.0219,0.4515,0.0744,,,0.3035,WPP_716_Laut_Sulawesi,NOAA_ERDDAP
2023-02,5.75,122.75,30.124,0.108,0.2877,0.5019,0.0977,,,0.2968,WPP_716_Laut_Sulawesi,NOAA_ERDDAP
2023-02,5.75,123.25,29.996,0.1177,0.2586,0.332,0.1262,,,0.3021,WPP_716_Laut_Sulawesi,NOAA_ERDDAP
2023-02,5.75,123.75,29.822,0.124,0.2858,-0.1225,0.1375,,,0.3092,WPP_716_Laut_Sulawesi,NOAA_ERDDAP
2023-02,5.75,124.25,29.923,0.096,0.2445,-0.0478,0.1519,,,0.3046,WPP_716_Laut_Sulawesi,NOAA_ERDDAP
2023-02,5.75,124.75,30.036,0.1141,-1.1423,-0.0611,0.1396,,,0.3005,WPP_716_Laut_Sulawesi,NOAA_ERDDAP
2023-02,5.75,125.25,29.459,0.1096,-1.0069,0.5493,0.1703,,,0.3234,WPP_716_Laut_Sulawesi,NOAA_ERDDAP
2023-02,5.75,125.75,28.663,0.09,-1.3191,-0.0689,0.2121,,,0.3549,WPP_716_Laut_Sulawesi,NOAA_ERDDAP
2023-02,5.75,126.25,28.38,0.0434,-0.7718,-1.102,0.1822,,,0.3653,WPP_716_Laut_Sulawesi,NOAA_ERDDAP
2023-02,5.75,126.75,28.441,0.0257,0.3549,-0.3284,0.1282,,,0.3625,WPP_716_Laut_Sulawesi,NOAA_ERDDAP
2023-02,5.75,127.25,28.877,0.03,0.0155,-0.2799,0.1451,,,0.3452,WPP_716_Laut_Sulawesi,NOAA_ERDDAP
2023-02,5.75,127.75,28.718,0.0257,-0.1069,0.1111,0.1317,,,0.3514,WPP_716_Laut_Sulawesi,NOAA_ERDDAP
2023-03,0.25,122.25,31.544,0.086,-0.8153,0.0006,0.3028,,,0.2396,WPP_716_Laut_Sulawesi,NOAA_ERDDAP
2023-03,0.25,122.75,31.541,0.0961,-0.9791,-0.164,0.2687,,,0.2399,WPP_716_Laut_Sulawesi,NOAA_ERDDAP
2023-03,0.25,123.25,31.078,0.0967,-1.0393,-0.2396,0.2282,,,0.2584,WPP_716_Laut_Sulawesi,NOAA_ERDDAP
2023-03,0.25,123.75,30.702,0.0991,-0.9949,-0.1485,0.2262,,,0.2735,WPP_716_Laut_Sulawesi,NOAA_ERDDAP
2023-03,0.75,122.25,30.59,0.2605,,,,,,0.2811,WPP_716_Laut_Sulawesi,NOAA_ERDDAP
2023-03,0.75,122.75,30.851,0.4895,,,,,,0.2752,WPP_716_Laut_Sulawesi,NOAA_ERDDAP
2023-03,0.75,123.75,30.09,0.2795,,,,,,0.3015,WPP_716_Laut_Sulawesi,NOAA_ERDDAP
2023-03,1.25,122.25,30.226,0.1798,1.66,0.0906,0.4127,,,0.2941,WPP_716_Laut_Sulawesi,NOAA_ERDDAP
2023-03,1.25,122.75,30.152,0.1679,1.4307,-0.322,0.3433,,,0.2969,WPP_716_Laut_Sulawesi,NOAA_ERDDAP
2023-03,1.25,123.25,30.218,0.1799,1.0402,-0.558,0.2504,,,0.2945,WPP_716_Laut_Sulawesi,NOAA_ERDDAP
2023-03,1.25,123.75,30.521,0.1685,0.7342,-0.4232,0.1998,,,0.2821,WPP_716_Laut_Sulawesi,NOAA_ERDDAP
2023-03,1.75,122.25,30.387,0.119,0.9389,0.1413,0.1258,,,0.2865,WPP_716_Laut_Sulawesi,NOAA_ERDDAP
2023-03,1.75,122.75,30.11,0.1194,0.7961,0.0975,0.1567,,,0.2976,WPP_716_Laut_Sulawesi,NOAA_ERDDAP
2023-03,1.75,123.25,30.052,0.1282,0.3417,-0.12,0.1831,,,0.3001,WPP_716_Laut_Sulawesi,NOAA_ERDDAP
2023-03,1.75,123.75,30.239,0.1332,-0.1015,-0.1796,0.1766,,,0.2927,WPP_716_Laut_Sulawesi,NOAA_ERDDAP
2023-03,2.25,118.25,29.635,1.2838,0.3467,-0.2692,0.2097,,,0.3393,WPP_716_Laut_Sulawesi,NOAA_ERDDAP
2023-03,2.25,118.75,29.535,0.1544,0.3023,-0.1852,0.1822,,,0.3213,WPP_716_Laut_Sulawesi,NOAA_ERDDAP
2023-03,2.25,119.25,29.712,0.1428,-0.1458,-0.2603,0.1886,,,0.314,WPP_716_Laut_Sulawesi,NOAA_ERDDAP
2023-03,2.25,119.75,29.937,0.1426,-0.173,-0.1263,0.1932,,,0.305,WPP_716_Laut_Sulawesi,NOAA_ERDDAP
2023-03,2.25,120.25,29.851,0.1414,-0.1417,-0.2516,0.1924,,,0.3084,WPP_716_Laut_Sulawesi,NOAA_ERDDAP
2023-03,2.25,120.75,29.953,0.1689,-0.3302,-0.309,0.2049,,,0.3048,WPP_716_Laut_Sulawesi,NOAA_ERDDAP
2023-03,2.25,121.25,30.014,0.1303,-0.8091,-0.2543,0.2088,,,0.3016,WPP_716_Laut_Sulawesi,NOAA_ERDDAP
2023-03,2.25,121.75,30.931,0.1073,-0.8335,-0.3509,0.1837,,,0.2645,WPP_716_Laut_Sulawesi,NOAA_ERDDAP
2023-03,2.25,122.25,30.111,0.1135,-0.4819,-0.1706,0.1634,,,0.2974,WPP_716_Laut_Sulawesi,NOAA_ERDDAP
2023-03,2.25,122.75,29.922,0.124,-0.3007,0.2711,0.1737,,,0.3052,WPP_716_Laut_Sulawesi,NOAA_ERDDAP
2023-03,2.25,123.25,29.928,0.1007,-0.4796,0.1749,0.201,,,0.3045,WPP_716_Laut_Sulawesi,NOAA_ERDDAP
2023-03,2.25,123.75,29.988,0.1242,-0.3385,-0.158,0.2084,,,0.3026,WPP_716_Laut_Sulawesi,NOAA_ERDDAP
2023-03,2.75,118.25,29.357,0.2397,-0.267,0.2347,0.1878,,,0.3301,WPP_716_Laut_Sulawesi,NOAA_ERDDAP
2023-03,2.75,118.75,29.419,0.1635,-0.6044,-0.1989,0.1944,,,0.3261,WPP_716_Laut_Sulawesi,NOAA_ERDDAP
2023-03,2.75,119.25,29.541,0.1401,-0.144,-0.2545,0.1895,,,0.3208,WPP_716_Laut_Sulawesi,NOAA_ERDDAP
2023-03,2.75,119.75,29.542,0.1198,0.1052,-0.1873,0.1977,,,0.3203,WPP_716_Laut_Sulawesi,NOAA_ERDDAP
2023-03,2.75,120.25,29.417,0.1245,0.0795,-0.0692,0.19,,,0.3254,WPP_716_Laut_Sulawesi,NOAA_ERDDAP
2023-03,2.75,120.75,29.741,0.1376,-0.1424,-0.1548,0.2073,,,0.3127,WPP_716_Laut_Sulawesi,NOAA_ERDDAP
2023-03,2.75,121.25,29.886,0.1108,-0.4332,-0.0086,0.2033,,,0.3064,WPP_716_Laut_Sulawesi,NOAA_ERDDAP
2023-03,2.75,121.75,30.308,0.1106,-0.6362,-0.5145,0.2104,,,0.2895,WPP_716_Laut_Sulawesi,NOAA_ERDDAP
2023-03,2.75,122.25,30.453,0.1272,-0.4058,-0.3108,0.1773,,,0.284,WPP_716_Laut_Sulawesi,NOAA_ERDDAP
2023-03,2.75,122.75,30.234,0.1175,-0.2143,0.1467,0.1791,,,0.2926,WPP_716_Laut_Sulawesi,NOAA_ERDDAP
2023-03,2.75,123.25,29.889,0.1021,-0.132,0.0946,0.1962,,,0.3061,WPP_716_Laut_Sulawesi,NOAA_ERDDAP
2023-03,2.75,123.75,29.629,0.1151,-0.0549,-0.2425,0.187,,,0.3168,WPP_716_Laut_Sulawesi,NOAA_ERDDAP
2023-03,3.25,118.25,29.216,0.2172,-0.5815,-0.5254,0.2007,,,0.3353,WPP_716_Laut_Sulawesi,NOAA_ERDDAP
2023-03,3.25,118.75,29.226,0.1696,0.3968,-0.2004,0.2181,,,0.3339,WPP_716_Laut_Sulawesi,NOAA_ERDDAP
2023-03,3.25,119.25,29.082,0.1316,0.5336,-0.7651,0.1701,,,0.339,WPP_716_Laut_Sulawesi,NOAA_ERDDAP
2023-03,3.25,119.75,29.096,0.1184,0.5562,-0.166,0.152,,,0.3381,WPP_716_Laut_Sulawesi,NOAA_ERDDAP
2023-03,3.25,120.25,29.591,0.1058,0.2713,0.3875,0.1714,,,0.3181,WPP_716_Laut_Sulawesi,NOAA_ERDDAP
2023-03,3.25,120.75,29.564,0.1039,-0.3268,0.4768,0.2034,,,0.3191,WPP_716_Laut_Sulawesi,NOAA_ERDDAP
2023-03,3.25,121.25,29.98,0.1056,-0.2362,-0.1068,0.2069,,,0.3025,WPP_716_Laut_Sulawesi,NOAA_ERDDAP
2023-03,3.25,121.75,29.983,0.1186,-0.0232,-0.6277,0.2017,,,0.3027,WPP_716_Laut_Sulawesi,NOAA_ERDDAP
2023-03,3.25,122.25,30.451,0.1254,-0.1093,-0.5694,0.1653,,,0.2841,WPP_716_Laut_Sulawesi,NOAA_ERDDAP
2023-03,3.25,122.75,30.166,0.1109,-0.2869,0.1745,0.1754,,,0.2952,WPP_716_Laut_Sulawesi,NOAA_ERDDAP
2023-03,3.25,123.25,29.719,0.1021,-0.3799,0.1054,0.2053,,,0.3129,WPP_716_Laut_Sulawesi,NOAA_ERDDAP
2023-03,3.25,123.75,29.367,0.1009,-0.3911,0.0052,0.19,,,0.327,WPP_716_Laut_Sulawesi,NOAA_ERDDAP
2023-03,3.75,118.25,29.307,0.3476,0.4342,-0.9435,0.1978,,,0.3342,WPP_716_Laut_Sulawesi,NOAA_ERDDAP
2023-03,3.75,118.75,28.746,0.2704,0.2983,-0.5626,0.162,,,0.3551,WPP_716_Laut_Sulawesi,NOAA_ERDDAP
2023-03,3.75,119.25,29.002,0.142,-0.3113,-0.3075,0.1573,,,0.3424,WPP_716_Laut_Sulawesi,NOAA_ERDDAP
2023-03,3.75,119.75,28.971,0.1338,-0.6906,0.0465,0.1476,,,0.3434,WPP_716_Laut_Sulawesi,NOAA_ERDDAP
2023-03,3.75,120.25,29.494,0.1207,-0.415,0.4028,0.1654,,,0.3223,WPP_716_Laut_Sulawesi,NOAA_ERDDAP
2023-03,3.75,120.75,29.532,0.1098,0.3001,0.2486,0.1783,,,0.3205,WPP_716_Laut_Sulawesi,NOAA_ERDDAP
2023-03,3.75,121.25,29.851,0.1052,0.1791,-0.1161,0.1975,,,0.3077,WPP_716_Laut_Sulawesi,NOAA_ERDDAP
2023-03,3.75,121.75,30.08,0.1152,-0.0919,-0.3141,0.1765,,,0.2987,WPP_716_Laut_Sulawesi,NOAA_ERDDAP
2023-03,3.75,122.25,29.847,0.1149,-0.3797,-0.3587,0.1622,,,0.308,WPP_716_Laut_Sulawesi,NOAA_ERDDAP
2023-03,3.75,122.75,30.262,0.1038,-0.7308,0.2673,0.1765,,,0.2912,WPP_716_Laut_Sulawesi,NOAA_ERDDAP
2023-03,3.75,123.25,29.915,0.0838,-0.537,0.2961,0.2094,,,0.3047,WPP_716_Laut_Sulawesi,NOAA_ERDDAP
2023-03,3.75,123.75,29.388,0.0813,-0.523,-0.257,0.2289,,,0.3257,WPP_716_Laut_Sulawesi,NOAA_ERDDAP
2023-03,4.25,118.25,29.796,1.3488,1.1332,-0.185,0.307,,,0.3341,WPP_716_Laut_Sulawesi,NOAA_ERDDAP
2023-03,4.25,118.75,28.918,0.5231,-0.8496,-0.6232,0.1635,,,0.3532,WPP_716_Laut_Sulawesi,NOAA_ERDDAP
2023-03,4.25,119.25,29.087,0.1869,-0.2881,0.0595,0.1778,,,0.3398,WPP_716_Laut_Sulawesi,NOAA_ERDDAP
2023-03,4.25,119.75,29.224,0.1409,-0.222,-0.1795,0.2017,,,0.3335,WPP_716_Laut_Sulawesi,NOAA_ERDDAP
2023-03,4.25,120.25,29.353,0.1269,-0.0679,-0.5359,0.1728,,,0.328,WPP_716_Laut_Sulawesi,NOAA_ERDDAP
2023-03,4.25,120.75,29.383,0.1149,0.3485,-0.0829,0.1123,,,0.3266,WPP_716_Laut_Sulawesi,NOAA_ERDDAP
2023-03,4.25,121.25,29.773,0.1089,0.7256,0.0182,0.1537,,,0.3109,WPP_716_Laut_Sulawesi,NOAA_ERDDAP
2023-03,4.25,121.75,29.86,0.1194,0.4455,0.4811,0.1438,,,0.3076,WPP_716_Laut_Sulawesi,NOAA_ERDDAP
2023-03,4.25,122.25,29.602,0.102,-0.0702,0.1353,0.1798,,,0.3176,WPP_716_Laut_Sulawesi,NOAA_ERDDAP
2023-03,4.25,122.75,29.641,0.0921,-0.3778,0.1696,0.2033,,,0.3158,WPP_716_Laut_Sulawesi,NOAA_ERDDAP
2023-03,4.25,123.25,29.516,0.0887,-0.2518,-0.0699,0.2179,,,0.3208,WPP_716_Laut_Sulawesi,NOAA_ERDDAP
2023-03,4.25,123.75,29.35,0.085,-0.4378,-0.0046,0.221,,,0.3273,WPP_716_Laut_Sulawesi,NOAA_ERDDAP
2023-03,4.25,124.25,29.268,0.0862,-0.3711,-0.3725,0.2122,,,0.3306,WPP_716_Laut_Sulawesi,NOAA_ERDDAP
2023-03,4.25,124.75,29.33,0.0852,-0.2805,-0.3093,0.1927,,,0.3281,WPP_716_Laut_Sulawesi,NOAA_ERDDAP
2023-03,4.25,125.25,28.963,0.0716,0.2248,-0.4067,0.1895,,,0.3425,WPP_716_Laut_Sulawesi,NOAA_ERDDAP
2023-03,4.25,125.75,28.877,0.0391,0.0529,0.1842,0.2017,,,0.3453,WPP_716_Laut_Sulawesi,NOAA_ERDDAP
2023-03,4.25,126.25,29.198,0.0256,-0.0022,-0.4306,0.2209,,,0.3322,WPP_716_Laut_Sulawesi,NOAA_ERDDAP
2023-03,4.25,126.75,29.51,0.0359,0.0271,-0.1828,0.1938,,,0.32,WPP_716_Laut_Sulawesi,NOAA_ERDDAP
2023-03,4.25,127.25,29.357,0.0292,-0.067,-0.1672,0.1888,,,0.326,WPP_716_Laut_Sulawesi,NOAA_ERDDAP
2023-03,4.25,127.75,29.383,0.0469,0.1025,0.42,0.1924,,,0.3253,WPP_716_Laut_Sulawesi,NOAA_ERDDAP
2023-03,4.75,118.25,30.49,0.5777,,,,,,0.2913,WPP_716_Laut_Sulawesi,NOAA_ERDDAP
2023-03,4.75,118.75,29.39,0.3532,0.7601,-0.4136,0.4008,,,0.331,WPP_716_Laut_Sulawesi,NOAA_ERDDAP
2023-03,4.75,119.25,28.704,1.0017,0.4996,-1.0943,0.2492,,,0.3711,WPP_716_Laut_Sulawesi,NOAA_ERDDAP
2023-03,4.75,119.75,29.032,0.1576,0.0876,-0.6211,0.2044,,,0.3415,WPP_716_Laut_Sulawesi,NOAA_ERDDAP
2023-03,4.75,120.25,29.297,0.1331,-0.0769,-0.5723,0.1786,,,0.3304,WPP_716_Laut_Sulawesi,NOAA_ERDDAP
2023-03,4.75,120.75,29.458,0.125,-0.2207,-0.4408,0.1406,,,0.3238,WPP_716_Laut_Sulawesi,NOAA_ERDDAP
2023-03,4.75,121.25,29.929,0.1193,0.1493,0.1309,0.1326,,,0.3048,WPP_716_Laut_Sulawesi,NOAA_ERDDAP
2023-03,4.75,121.75,29.706,0.1087,0.7018,0.1833,0.1407,,,0.3135,WPP_716_Laut_Sulawesi,NOAA_ERDDAP
2023-03,4.75,122.25,29.617,0.0969,0.1217,0.8301,0.1717,,,0.3169,WPP_716_Laut_Sulawesi,NOAA_ERDDAP
2023-03,4.75,122.75,29.817,0.0914,0.2125,0.3922,0.1886,,,0.3088,WPP_716_Laut_Sulawesi,NOAA_ERDDAP
2023-03,4.75,123.25,29.642,0.0768,-0.3816,0.2096,0.2107,,,0.3155,WPP_716_Laut_Sulawesi,NOAA_ERDDAP
2023-03,4.75,123.75,29.669,0.0778,-0.4942,-0.1823,0.2269,,,0.3144,WPP_716_Laut_Sulawesi,NOAA_ERDDAP
2023-03,4.75,124.25,29.612,0.0803,-0.332,-0.465,0.2122,,,0.3168,WPP_716_Laut_Sulawesi,NOAA_ERDDAP
2023-03,4.75,124.75,29.586,0.0928,-0.0055,-0.811,0.1846,,,0.318,WPP_716_Laut_Sulawesi,NOAA_ERDDAP
2023-03,4.75,125.25,29.181,0.0734,-0.1096,-0.4773,0.176,,,0.3339,WPP_716_Laut_Sulawesi,NOAA_ERDDAP
2023-03,4.75,125.75,28.928,0.0416,0.5095,0.1907,0.2024,,,0.3434,WPP_716_Laut_Sulawesi,NOAA_ERDDAP
2023-03,4.75,126.25,29.163,0.0284,0.2116,0.0212,0.2194,,,0.3337,WPP_716_Laut_Sulawesi,NOAA_ERDDAP
2023-03,4.75,126.75,29.086,0.0263,-0.1471,-0.4068,0.2175,,,0.3367,WPP_716_Laut_Sulawesi,NOAA_ERDDAP
2023-03,4.75,127.25,29.32,0.0279,0.4092,-0.2133,0.1951,,,0.3274,WPP_716_Laut_Sulawesi,NOAA_ERDDAP
2023-03,4.75,127.75,29.357,0.0495,0.0356,0.2918,0.1887,,,0.3264,WPP_716_Laut_Sulawesi,NOAA_ERDDAP
2023-03,5.25,119.25,28.479,0.5034,0.034,-0.0862,0.4385,,,0.3703,WPP_716_Laut_Sulawesi,NOAA_ERDDAP
2023-03,5.25,119.75,28.178,0.2382,-0.2313,-0.9181,0.1996,,,0.3772,WPP_716_Laut_Sulawesi,NOAA_ERDDAP
2023-03,5.25,120.25,28.973,0.5027,0.4857,-0.3827,0.1842,,,0.3506,WPP_716_Laut_Sulawesi,NOAA_ERDDAP
2023-03,5.25,120.75,29.349,0.1508,0.1501,-0.5059,0.1662,,,0.3286,WPP_716_Laut_Sulawesi,NOAA_ERDDAP
2023-03,5.25,121.25,29.752,0.1252,0.0581,-0.3284,0.1386,,,0.312,WPP_716_Laut_Sulawesi,NOAA_ERDDAP
2023-03,5.25,121.75,30.067,0.1059,0.1708,0.1832,0.1324,,,0.2991,WPP_716_Laut_Sulawesi,NOAA_ERDDAP
2023-03,5.25,122.25,29.627,0.0997,0.1925,0.5189,0.1419,,,0.3165,WPP_716_Laut_Sulawesi,NOAA_ERDDAP
2023-03,5.25,122.75,29.994,0.1164,0.6423,0.3431,0.1881,,,0.3022,WPP_716_Laut_Sulawesi,NOAA_ERDDAP
2023-03,5.25,123.25,29.982,0.0999,0.5518,0.4268,0.2119,,,0.3023,WPP_716_Laut_Sulawesi,NOAA_ERDDAP
2023-03,5.25,123.75,29.917,0.0938,0.5503,-0.2353,0.2215,,,0.3048,WPP_716_Laut_Sulawesi,NOAA_ERDDAP
2023-03,5.25,124.25,30.173,0.0891,0.6707,-0.4578,0.1894,,,0.2945,WPP_716_Laut_Sulawesi,NOAA_ERDDAP
2023-03,5.25,124.75,29.973,0.0935,0.6206,-0.863,0.1534,,,0.3026,WPP_716_Laut_Sulawesi,NOAA_ERDDAP
2023-03,5.25,125.25,29.488,0.1069,0.3953,-0.2467,0.1512,,,0.3222,WPP_716_Laut_Sulawesi,NOAA_ERDDAP
2023-03,5.25,125.75,28.893,0.0572,0.2676,0.1945,0.1663,,,0.3451,WPP_716_Laut_Sulawesi,NOAA_ERDDAP
2023-03,5.25,126.25,29.012,0.0315,0.1288,0.2281,0.1991,,,0.3398,WPP_716_Laut_Sulawesi,NOAA_ERDDAP
2023-03,5.25,126.75,29.168,0.0265,0.1006,-0.4317,0.1868,,,0.3335,WPP_716_Laut_Sulawesi,NOAA_ERDDAP
2023-03,5.25,127.25,29.342,0.028,0.1579,-0.6852,0.1804,,,0.3265,WPP_716_Laut_Sulawesi,NOAA_ERDDAP
2023-03,5.25,127.75,29.225,0.0316,0.3212,0.519,0.1549,,,0.3313,WPP_716_Laut_Sulawesi,NOAA_ERDDAP
2023-03,5.75,118.25,30.457,6.1643,,,,,,0.4017,WPP_716_Laut_Sulawesi,NOAA_ERDDAP
2023-03,5.75,118.75,29.414,1.856,0.2969,0.1889,0.2158,,,0.3593,WPP_716_Laut_Sulawesi,NOAA_ERDDAP
2023-03,5.75,119.25,28.468,0.3388,0.9103,-0.7466,0.1946,,,0.3676,WPP_716_Laut_Sulawesi,NOAA_ERDDAP
2023-03,5.75,119.75,28.131,0.2306,1.2526,-0.7744,0.1287,,,0.3789,WPP_716_Laut_Sulawesi,NOAA_ERDDAP
2023-03,5.75,120.25,27.868,0.3895,0.5874,0.1595,0.1136,,,0.3925,WPP_716_Laut_Sulawesi,NOAA_ERDDAP
2023-03,5.75,120.75,28.375,0.4263,0.5533,0.204,0.1294,,,0.373,WPP_716_Laut_Sulawesi,NOAA_ERDDAP
2023-03,5.75,121.25,29.424,0.1118,0.1207,-0.1662,0.1371,,,0.3249,WPP_716_Laut_Sulawesi,NOAA_ERDDAP
2023-03,5.75,121.75,30.178,0.1207,-0.4355,-0.3369,0.1412,,,0.2949,WPP_716_Laut_Sulawesi,NOAA_ERDDAP
2023-03,5.75,122.25,29.826,0.1117,0.3904,0.0592,0.1091,,,0.3088,WPP_716_Laut_Sulawesi,NOAA_ERDDAP
2023-03,5.75,122.75,29.397,0.0989,0.4995,0.252,0.1549,,,0.3257,WPP_716_Laut_Sulawesi,NOAA_ERDDAP
2023-03,5.75,123.25,29.961,0.105,0.726,0.6439,0.1737,,,0.3033,WPP_716_Laut_Sulawesi,NOAA_ERDDAP
2023-03,5.75,123.75,30.452,0.102,0.4938,0.068,0.1987,,,0.2836,WPP_716_Laut_Sulawesi,NOAA_ERDDAP
2023-03,5.75,124.25,30.153,0.0929,0.0896,-0.2734,0.1893,,,0.2954,WPP_716_Laut_Sulawesi,NOAA_ERDDAP
2023-03,5.75,124.75,30.061,0.1143,-2.364,-0.2729,0.1934,,,0.2995,WPP_716_Laut_Sulawesi,NOAA_ERDDAP
2023-03,5.75,125.25,29.506,0.1458,-1.8789,-0.0414,0.2105,,,0.3223,WPP_716_Laut_Sulawesi,NOAA_ERDDAP
2023-03,5.75,125.75,28.851,0.0876,-1.2882,-0.2768,0.229,,,0.3473,WPP_716_Laut_Sulawesi,NOAA_ERDDAP
2023-03,5.75,126.25,29.071,0.041,-0.0173,0.0465,0.1993,,,0.3376,WPP_716_Laut_Sulawesi,NOAA_ERDDAP
2023-03,5.75,126.75,29.368,0.0295,0.3241,-0.3674,0.1939,,,0.3255,WPP_716_Laut_Sulawesi,NOAA_ERDDAP
2023-03,5.75,127.25,29.412,0.0271,-0.2302,-0.3678,0.192,,,0.3237,WPP_716_Laut_Sulawesi,NOAA_ERDDAP
2023-03,5.75,127.75,29.158,0.0297,0.1316,0.1523,0.1858,,,0.3339,WPP_716_Laut_Sulawesi,NOAA_ERDDAP
2023-01,-3.75,132.25,30.231,0.1217,0.0354,-0.0091,0.275,,,0.2928,WPP_717_Teluk_Cendrawasih,NOAA_ERDDAP
2023-01,-3.75,132.75,31.322,0.2118,-0.2438,0.4473,0.2839,,,0.2509,WPP_717_Teluk_Cendrawasih,NOAA_ERDDAP
2023-01,-3.75,133.25,31.191,3.8272,,,,,,0.3267,WPP_717_Teluk_Cendrawasih,NOAA_ERDDAP
2023-01,-3.75,133.75,31.363,1.3403,-2.2894,-0.7548,0.3206,,,0.2713,WPP_717_Teluk_Cendrawasih,NOAA_ERDDAP
2023-01,-3.75,134.25,31.235,0.3271,-0.8423,-0.6212,0.2681,,,0.2566,WPP_717_Teluk_Cendrawasih,NOAA_ERDDAP
2023-01,-3.75,134.75,32.994,5.2107,,,,,,0.2816,WPP_717_Teluk_Cendrawasih,NOAA_ERDDAP
2023-01,-3.25,132.25,31.288,0.1831,-0.2446,-0.011,0.2688,,,0.2517,WPP_717_Teluk_Cendrawasih,NOAA_ERDDAP
2023-01,-3.25,132.75,31.571,0.282,-0.8442,0.3817,0.2734,,,0.2423,WPP_717_Teluk_Cendrawasih,NOAA_ERDDAP
2023-01,-3.25,134.75,31.862,0.5048,,,,,,0.235,WPP_717_Teluk_Cendrawasih,NOAA_ERDDAP
2023-01,-3.25,135.25,31.583,0.3785,-0.3119,-0.1558,0.2052,,,0.2437,WPP_717_Teluk_Cendrawasih,NOAA_ERDDAP
2023-01,-3.25,135.75,32.732,0.2622,,,,,,0.1955,WPP_717_Teluk_Cendrawasih,NOAA_ERDDAP
2023-01,-2.75,132.25,31.325,0.6009,,,,,,0.2584,WPP_717_Teluk_Cendrawasih,NOAA_ERDDAP
2023-01,-2.75,132.75,31.532,3.755,,,,,,0.3117,WPP_717_Teluk_Cendrawasih,NOAA_ERDDAP
2023-01,-2.75,133.75,31.951,7.4412,,,,,,0.3668,WPP_717_Teluk_Cendrawasih,NOAA_ERDDAP
2023-01,-2.75,134.25,31.098,2.531,,,,,,0.3051,WPP_717_Teluk_Cendrawasih,NOAA_ERDDAP
2023-01,-2.75,134.75,31.66,0.2429,,,,,,0.238,WPP_717_Teluk_Cendrawasih,NOAA_ERDDAP
2023-01,-2.75,135.25,31.427,0.1708,-0.6992,-0.1993,0.0994,,,0.2459,WPP_717_Teluk_Cendrawasih,NOAA_ERDDAP
2023-01,-2.75,135.75,31.629,0.3717,-1.5202,-0.2729,0.0989,,,0.2418,WPP_717_Teluk_Cendrawasih,NOAA_ERDDAP
2023-01,-2.75,136.25,32.378,2.8152,,,,,,0.2595,WPP_717_Teluk_Cendrawasih,NOAA_ERDDAP
2023-01,-2.25,132.25,31.384,2.6742,-0.9419,0.7533,0.2362,,,0.2965,WPP_717_Teluk_Cendrawasih,NOAA_ERDDAP
2023-01,-2.25,132.75,31.183,5.5656,0.084,-0.0345,0.1748,,,0.361,WPP_717_Teluk_Cendrawasih,NOAA_ERDDAP
2023-01,-2.25,133.25,32.072,5.2408,-0.4085,0.2393,0.2193,,,0.3191,WPP_717_Teluk_Cendrawasih,NOAA_ERDDAP
2023-01,-2.25,133.75,32.491,5.0243,-0.1732,0.2637,0.1933,,,0.2981,WPP_717_Teluk_Cendrawasih,NOAA_ERDDAP
2023-01,-2.25,134.25,31.598,0.2873,,,,,,0.2414,WPP_717_Teluk_Cendrawasih,NOAA_ERDDAP
2023-01,-2.25,134.75,31.71,0.2097,0.0306,-0.0074,0.1112,,,0.2354,WPP_717_Teluk_Cendrawasih,NOAA_ERDDAP
2023-01,-2.25,135.25,31.151,0.1479,0.0921,0.3017,0.093,,,0.2565,WPP_717_Teluk_Cendrawasih,NOAA_ERDDAP
2023-01,-2.25,135.75,31.171,0.1448,0.2761,0.3054,0.1231,,,0.2557,WPP_717_Teluk_Cendrawasih,NOAA_ERDDAP
2023-01,-2.25,136.25,30.843,0.72,0.099,0.1825,0.0878,,,0.28,WPP_717_Teluk_Cendrawasih,NOAA_ERDDAP
2023-01,-2.25,136.75,30.675,1.794,,,,,,0.3077,WPP_717_Teluk_Cendrawasih,NOAA_ERDDAP
2023-01,-1.75,134.25,30.989,0.2507,,,,,,0.265,WPP_717_Teluk_Cendrawasih,NOAA_ERDDAP
2023-01,-1.75,134.75,31.226,0.2534,0.2386,0.1189,0.1146,,,0.2556,WPP_717_Teluk_Cendrawasih,NOAA_ERDDAP
2023-01,-1.75,135.25,30.652,0.1604,0.9589,-0.278,0.161,,,0.2767,WPP_717_Teluk_Cendrawasih,NOAA_ERDDAP
2023-01,-1.75,135.75,30.687,0.154,1.3006,0.0405,0.1468,,,0.2752,WPP_717_Teluk_Cendrawasih,NOAA_ERDDAP
2023-01,-1.75,136.25,30.849,0.1751,1.6001,0.3147,0.1273,,,0.2691,WPP_717_Teluk_Cendrawasih,NOAA_ERDDAP
2023-01,-1.75,136.75,30.433,0.6851,1.5833,0.0951,0.1108,,,0.2957,WPP_717_Teluk_Cendrawasih,NOAA_ERDDAP
2023-01,-1.75,137.25,30.686,3.113,1.1876,-0.2955,0.1026,,,0.333,WPP_717_Teluk_Cendrawasih,NOAA_ERDDAP
2023-01,-1.25,134.25,30.696,0.1129,,,,,,0.274,WPP_717_Teluk_Cendrawasih,NOAA_ERDDAP
2023-01,-1.25,134.75,30.442,0.1303,0.7304,-0.4049,0.1572,,,0.2845,WPP_717_Teluk_Cendrawasih,NOAA_ERDDAP
2023-01,-1.25,135.25,30.714,0.1524,1.1158,-0.6061,0.2037,,,0.2741,WPP_717_Teluk_Cendrawasih,NOAA_ERDDAP
2023-01,-1.25,135.75,29.717,0.1028,1.7142,-0.3822,0.2763,,,0.313,WPP_717_Teluk_Cendrawasih,NOAA_ERDDAP
2023-01,-1.25,136.25,29.906,0.1122,0.5185,0.2082,0.2712,,,0.3056,WPP_717_Teluk_Cendrawasih,NOAA_ERDDAP
2023-01,-1.25,136.75,29.872,0.1301,1.7343,0.4181,0.2517,,,0.3073,WPP_717_Teluk_Cendrawasih,NOAA_ERDDAP
2023-01,-1.25,137.25,30.036,0.1882,1.0469,0.4505,0.1849,,,0.3019,WPP_717_Teluk_Cendrawasih,NOAA_ERDDAP
2023-01,-1.25,137.75,30.362,1.4349,0.456,0.0652,0.1441,,,0.3132,WPP_717_Teluk_Cendrawasih,NOAA_ERDDAP
2023-01,-0.75,133.25,30.405,0.262,,,,,,0.2886,WPP_717_Teluk_Cendrawasih,NOAA_ERDDAP
2023-01,-0.75,133.75,30.6,0.1085,,,,,,0.2778,WPP_717_Teluk_Cendrawasih,NOAA_ERDDAP
2023-01,-0.75,134.25,31.208,0.1048,0.3977,0.0403,0.1467,,,0.2534,WPP_717_Teluk_Cendrawasih,NOAA_ERDDAP
2023-01,-0.75,134.75,31.442,0.083,0.4704,-0.3114,0.1418,,,0.2436,WPP_717_Teluk_Cendrawasih,NOAA_ERDDAP
2023-01,-0.75,135.25,28.515,0.0703,0.4825,-0.6125,0.2482,,,0.3604,WPP_717_Teluk_Cendrawasih,NOAA_ERDDAP
2023-01,-0.75,135.75,29.89,0.1194,0.4658,-0.3584,0.3943,,,0.3064,WPP_717_Teluk_Cendrawasih,NOAA_ERDDAP
2023-01,-0.75,136.25,30.077,0.122,0.4952,0.0754,0.3969,,,0.299,WPP_717_Teluk_Cendrawasih,NOAA_ERDDAP
2023-01,-0.75,136.75,30.626,0.1327,0.4906,0.5709,0.3265,,,0.2772,WPP_717_Teluk_Cendrawasih,NOAA_ERDDAP
2023-01,-0.75,137.25,30.215,0.1152,0.5125,0.5056,0.2027,,,0.2933,WPP_717_Teluk_Cendrawasih,NOAA_ERDDAP
2023-01,-0.75,137.75,30.213,0.1172,0.4106,0.2679,0.1395,,,0.2934,WPP_717_Teluk_Cendrawasih,NOAA_ERDDAP
2023-01,-0.25,132.25,30.154,0.1504,-0.2923,-0.0979,0.1853,,,0.2964,WPP_717_Teluk_Cendrawasih,NOAA_ERDDAP
2023-01,-0.25,132.75,30.662,0.1179,-0.2732,-0.1728,0.1993,,,0.2755,WPP_717_Teluk_Cendrawasih,NOAA_ERDDAP
2023-01,-0.25,133.25,30.876,0.0846,-0.2079,-0.165,0.2094,,,0.2663,WPP_717_Teluk_Cendrawasih,NOAA_ERDDAP
2023-01,-0.25,133.75,30.788,0.0776,-0.0675,-0.1001,0.2005,,,0.2697,WPP_717_Teluk_Cendrawasih,NOAA_ERDDAP
2023-01,-0.25,134.25,31.628,0.078,0.1048,-0.0596,0.1837,,,0.2361,WPP_717_Teluk_Cendrawasih,NOAA_ERDDAP
2023-01,-0.25,134.75,31.376,0.0847,0.1955,-0.0843,0.1791,,,0.2463,WPP_717_Teluk_Cendrawasih,NOAA_ERDDAP
2023-01,-0.25,135.25,30.465,0.0991,0.1541,-0.1183,0.1707,,,0.283,WPP_717_Teluk_Cendrawasih,NOAA_ERDDAP
2023-01,-0.25,135.75,30.372,0.0769,0.0514,-0.0683,0.1971,,,0.2863,WPP_717_Teluk_Cendrawasih,NOAA_ERDDAP
2023-01,-0.25,136.25,30.531,0.0765,0.0127,0.0996,0.2264,,,0.2799,WPP_717_Teluk_Cendrawasih,NOAA_ERDDAP
2023-01,-0.25,136.75,30.382,0.0878,0.081,0.2347,0.2072,,,0.2861,WPP_717_Teluk_Cendrawasih,NOAA_ERDDAP
2023-01,-0.25,137.25,30.093,0.0743,0.1628,0.2493,0.1966,,,0.2974,WPP_717_Teluk_Cendrawasih,NOAA_ERDDAP
2023-01,-0.25,137.75,30.299,0.0781,0.1857,0.208,0.1617,,,0.2892,WPP_717_Teluk_Cendrawasih,NOAA_ERDDAP
2023-01,0.25,132.25,30.35,0.1323,-0.208,-0.1013,0.1206,,,0.2882,WPP_717_Teluk_Cendrawasih,NOAA_ERDDAP
2023-01,0.25,132.75,30.881,0.1037,-0.2527,-0.0891,0.1275,,,0.2664,WPP_717_Teluk_Cendrawasih,NOAA_ERDDAP
2023-01,0.25,133.25,31.508,0.0871,-0.2667,-0.1012,0.1373,,,0.241,WPP_717_Teluk_Cendrawasih,NOAA_ERDDAP
2023-01,0.25,133.75,31.472,0.077,-0.2562,-0.1035,0.1676,,,0.2423,WPP_717_Teluk_Cendrawasih,NOAA_ERDDAP
2023-01,0.25,134.25,30.899,0.0841,-0.2214,-0.0783,0.1842,,,0.2653,WPP_717_Teluk_Cendrawasih,NOAA_ERDDAP
2023-01,0.25,134.75,30.318,0.0773,-0.1565,-0.0296,0.1855,,,0.2885,WPP_717_Teluk_Cendrawasih,NOAA_ERDDAP
2023-01,0.25,135.25,30.631,0.0736,-0.0701,0.0287,0.1583,,,0.2759,WPP_717_Teluk_Cendrawasih,NOAA_ERDDAP
2023-01,0.25,135.75,31.038,0.0628,0.0129,0.0853,0.1419,,,0.2594,WPP_717_Teluk_Cendrawasih,NOAA_ERDDAP
2023-01,0.25,136.25,30.842,0.0682,0.0631,0.1197,0.1541,,,0.2673,WPP_717_Teluk_Cendrawasih,NOAA_ERDDAP
2023-01,0.25,136.75,30.444,0.0667,0.0729,0.1491,0.1402,,,0.2832,WPP_717_Teluk_Cendrawasih,NOAA_ERDDAP
2023-01,0.25,137.25,30.067,0.0571,0.057,0.1743,0.1628,,,0.2981,WPP_717_Teluk_Cendrawasih,NOAA_ERDDAP
2023-01,0.25,137.75,29.729,0.0507,0.0359,0.1747,0.1634,,,0.3115,WPP_717_Teluk_Cendrawasih,NOAA_ERDDAP
2023-01,0.75,132.25,30.464,0.0864,-0.2839,-0.0365,0.1343,,,0.2828,WPP_717_Teluk_Cendrawasih,NOAA_ERDDAP
2023-01,0.75,132.75,30.455,0.0929,-0.3849,0.036,0.1497,,,0.2833,WPP_717_Teluk_Cendrawasih,NOAA_ERDDAP
2023-01,0.75,133.25,30.769,0.0847,-0.3921,0.0044,0.1548,,,0.2706,WPP_717_Teluk_Cendrawasih,NOAA_ERDDAP
2023-01,0.75,133.75,31.439,0.0766,-0.3459,-0.0082,0.1678,,,0.2436,WPP_717_Teluk_Cendrawasih,NOAA_ERDDAP
2023-01,0.75,134.25,31.394,0.0839,-0.3017,0.0043,0.1725,,,0.2455,WPP_717_Teluk_Cendrawasih,NOAA_ERDDAP
2023-01,0.75,134.75,31.768,0.0755,-0.2913,0.0299,0.1808,,,0.2304,WPP_717_Teluk_Cendrawasih,NOAA_ERDDAP
2023-01,0.75,135.25,30.716,0.0673,-0.289,0.0603,0.1728,,,0.2723,WPP_717_Teluk_Cendrawasih,NOAA_ERDDAP
2023-01,0.75,135.75,30.356,0.0455,-0.2708,0.1017,0.1762,,,0.2863,WPP_717_Teluk_Cendrawasih,NOAA_ERDDAP
2023-01,0.75,136.25,30.563,0.0614,-0.2227,0.0973,0.1837,,,0.2783,WPP_717_Teluk_Cendrawasih,NOAA_ERDDAP
2023-01,0.75,136.75,30.365,0.0645,-0.1779,0.1156,0.1749,,,0.2863,WPP_717_Teluk_Cendrawasih,NOAA_ERDDAP
2023-01,0.75,137.25,30.574,0.048,-0.1478,0.1598,0.1794,,,0.2776,WPP_717_Teluk_Cendrawasih,NOAA_ERDDAP
2023-01,0.75,137.75,28.702,0.0438,-0.1097,0.1244,0.1829,,,0.3524,WPP_717_Teluk_Cendrawasih,NOAA_ERDDAP
2023-01,1.25,132.25,30.064,0.0704,-0.2693,0.1112,0.1395,,,0.2985,WPP_717_Teluk_Cendrawasih,NOAA_ERDDAP
2023-01,1.25,132.75,29.826,0.0758,-0.3147,0.1453,0.1481,,,0.3081,WPP_717_Teluk_Cendrawasih,NOAA_ERDDAP
2023-01,1.25,133.25,29.796,0.0897,-0.2511,0.0273,0.1683,,,0.3096,WPP_717_Teluk_Cendrawasih,NOAA_ERDDAP
2023-01,1.25,133.75,31.041,0.0911,-0.161,-0.0152,0.1718,,,0.2598,WPP_717_Teluk_Cendrawasih,NOAA_ERDDAP
2023-01,1.25,134.25,31.708,0.0806,-0.0825,0.0647,0.1669,,,0.2329,WPP_717_Teluk_Cendrawasih,NOAA_ERDDAP
2023-01,1.25,134.75,32.762,0.0766,-0.0973,0.1688,0.1825,,,0.1907,WPP_717_Teluk_Cendrawasih,NOAA_ERDDAP
2023-01,1.25,135.25,32.217,0.1089,-0.1563,0.1861,0.1896,,,0.2131,WPP_717_Teluk_Cendrawasih,NOAA_ERDDAP
2023-01,1.25,135.75,30.972,0.1039,-0.1779,0.1267,0.1904,,,0.2628,WPP_717_Teluk_Cendrawasih,NOAA_ERDDAP
2023-01,1.25,136.25,31.369,0.0917,-0.1576,0.0705,0.1938,,,0.2467,WPP_717_Teluk_Cendrawasih,NOAA_ERDDAP
2023-01,1.25,136.75,30.727,0.0877,-0.169,0.0883,0.1829,,,0.2723,WPP_717_Teluk_Cendrawasih,NOAA_ERDDAP
2023-01,1.25,137.25,30.666,0.0742,-0.1786,0.1312,0.1956,,,0.2745,WPP_717_Teluk_Cendrawasih,NOAA_ERDDAP
2023-01,1.25,137.75,30.54,0.0384,-0.1229,0.0186,0.1908,,,0.2788,WPP_717_Teluk_Cendrawasih,NOAA_ERDDAP
2023-01,1.75,132.25,29.75,0.0683,-0.269,0.213,0.1499,,,0.311,WPP_717_Teluk_Cendrawasih,NOAA_ERDDAP
2023-01,1.75,132.75,28.939,0.0702,-0.2077,0.1531,0.1472,,,0.3435,WPP_717_Teluk_Cendrawasih,NOAA_ERDDAP
2023-01,1.75,133.25,30.323,0.0836,-0.1695,-0.0539,0.1604,,,0.2884,WPP_717_Teluk_Cendrawasih,NOAA_ERDDAP
2023-01,1.75,133.75,29.873,0.0828,-0.0551,-0.0663,0.1417,,,0.3064,WPP_717_Teluk_Cendrawasih,NOAA_ERDDAP
2023-01,1.75,134.25,29.819,0.0834,0.0221,0.083,0.1599,,,0.3085,WPP_717_Teluk_Cendrawasih,NOAA_ERDDAP
2023-01,1.75,134.75,30.608,0.1045,0.0268,0.2787,0.1651,,,0.2774,WPP_717_Teluk_Cendrawasih,NOAA_ERDDAP
2023-01,1.75,135.25,31.774,0.1308,0.032,0.352,0.1911,,,0.2313,WPP_717_Teluk_Cendrawasih,NOAA_ERDDAP
2023-01,1.75,135.75,31.401,0.1296,0.0143,0.1509,0.1947,,,0.2462,WPP_717_Teluk_Cendrawasih,NOAA_ERDDAP
2023-01,1.75,136.25,31.039,0.1181,0.0089,0.088,0.2,,,0.2604,WPP_717_Teluk_Cendrawasih,NOAA_ERDDAP
2023-01,1.75,136.75,30.803,0.0965,0.0096,0.0958,0.1972,,,0.2694,WPP_717_Teluk_Cendrawasih,NOAA_ERDDAP
2023-01,1.75,137.25,30.722,0.0654,0.034,0.1159,0.2095,,,0.2721,WPP_717_Teluk_Cendrawasih,NOAA_ERDDAP
2023-01,1.75,137.75,30.546,0.0574,-0.001,-0.038,0.2044,,,0.2789,WPP_717_Teluk_Cendrawasih,NOAA_ERDDAP
2023-02,-3.75,132.25,29.488,0.0644,0.3591,-0.2477,0.2879,,,0.3214,WPP_717_Teluk_Cendrawasih,NOAA_ERDDAP
2023-02,-3.75,133.25,30.655,2.7333,,,,,,0.3268,WPP_717_Teluk_Cendrawasih,NOAA_ERDDAP
2023-02,-3.75,133.75,30.954,0.4936,-1.2436,-0.4546,0.2427,,,0.2711,WPP_717_Teluk_Cendrawasih,NOAA_ERDDAP
2023-02,-3.75,134.25,30.835,1.7528,-0.4346,-0.6305,0.2272,,,0.3005,WPP_717_Teluk_Cendrawasih,NOAA_ERDDAP
2023-02,-3.25,132.25,30.557,0.1981,1.1923,-0.9896,0.3413,,,0.2813,WPP_717_Teluk_Cendrawasih,NOAA_ERDDAP
2023-02,-3.25,134.75,31.007,0.3054,,,,,,0.2653,WPP_717_Teluk_Cendrawasih,NOAA_ERDDAP
2023-02,-3.25,135.25,31.452,0.2704,-0.0526,-0.1496,0.1693,,,0.2469,WPP_717_Teluk_Cendrawasih,NOAA_ERDDAP
2023-02,-3.25,135.75,31.595,0.4873,,,,,,0.2454,WPP_717_Teluk_Cendrawasih,NOAA_ERDDAP
2023-02,-2.75,132.25,30.745,0.7139,,,,,,0.2838,WPP_717_Teluk_Cendrawasih,NOAA_ERDDAP
2023-02,-2.75,132.75,31.332,4.5232,,,,,,0.3346,WPP_717_Teluk_Cendrawasih,NOAA_ERDDAP
2023-02,-2.75,134.25,31.587,4.4025,,,,,,0.3221,WPP_717_Teluk_Cendrawasih,NOAA_ERDDAP
2023-02,-2.75,134.75,31.146,0.213,,,,,,0.258,WPP_717_Teluk_Cendrawasih,NOAA_ERDDAP
2023-02,-2.75,135.25,31.338,0.1824,0.0007,0.0948,0.1002,,,0.2497,WPP_717_Teluk_Cendrawasih,NOAA_ERDDAP
2023-02,-2.75,135.75,31.591,1.4281,-0.6843,-0.1567,0.1159,,,0.2639,WPP_717_Teluk_Cendrawasih,NOAA_ERDDAP
2023-02,-2.75,136.25,30.765,0.8684,,,,,,0.286,WPP_717_Teluk_Cendrawasih,NOAA_ERDDAP
2023-02,-2.25,132.25,30.94,2.7784,0.3272,-1.0849,0.4404,,,0.3163,WPP_717_Teluk_Cendrawasih,NOAA_ERDDAP
2023-02,-2.25,132.75,31.208,3.7156,0.3371,-0.4384,0.4722,,,0.3239,WPP_717_Teluk_Cendrawasih,NOAA_ERDDAP
2023-02,-2.25,133.25,31.656,4.7981,0.6544,0.0111,0.4097,,,0.3271,WPP_717_Teluk_Cendrawasih,NOAA_ERDDAP
2023-02,-2.25,133.75,32.789,4.6566,-0.3922,2.1314,0.3335,,,0.279,WPP_717_Teluk_Cendrawasih,NOAA_ERDDAP
2023-02,-2.25,134.25,31.33,0.2427,,,,,,0.2512,WPP_717_Teluk_Cendrawasih,NOAA_ERDDAP
2023-02,-2.25,134.75,31.178,0.226,0.3845,0.9904,0.1792,,,0.257,WPP_717_Teluk_Cendrawasih,NOAA_ERDDAP
2023-02,-2.25,135.25,31.157,0.1636,0.0768,0.5709,0.1351,,,0.2566,WPP_717_Teluk_Cendrawasih,NOAA_ERDDAP
2023-02,-2.25,135.75,31.183,0.1439,-0.1309,0.2591,0.1182,,,0.2552,WPP_717_Teluk_Cendrawasih,NOAA_ERDDAP
2023-02,-2.25,136.25,31.173,0.7503,-0.1742,-0.0604,0.1095,,,0.2674,WPP_717_Teluk_Cendrawasih,NOAA_ERDDAP
2023-02,-2.25,136.75,31.39,2.0714,,,,,,0.2845,WPP_717_Teluk_Cendrawasih,NOAA_ERDDAP
2023-02,-1.75,134.25,31.069,0.2499,,,,,,0.2618,WPP_717_Teluk_Cendrawasih,NOAA_ERDDAP
2023-02,-1.75,134.75,31.062,0.1791,-0.3243,0.7951,0.1853,,,0.2607,WPP_717_Teluk_Cendrawasih,NOAA_ERDDAP
2023-02,-1.75,135.25,31.07,0.14,0.0033,0.6457,0.1485,,,0.2596,WPP_717_Teluk_Cendrawasih,NOAA_ERDDAP
2023-02,-1.75,135.75,30.802,0.2445,0.0817,0.2809,0.1223,,,0.2724,WPP_717_Teluk_Cendrawasih,NOAA_ERDDAP
2023-02,-1.75,136.25,31.046,0.1644,0.0296,0.1107,0.1252,,,0.261,WPP_717_Teluk_Cendrawasih,NOAA_ERDDAP
2023-02,-1.75,136.75,31.534,0.4598,-0.1785,0.0104,0.1277,,,0.2473,WPP_717_Teluk_Cendrawasih,NOAA_ERDDAP
2023-02,-1.75,137.25,32.325,5.1023,-0.2964,-0.1134,0.1454,,,0.3062,WPP_717_Teluk_Cendrawasih,NOAA_ERDDAP
2023-02,-1.25,134.25,30.589,0.2652,,,,,,0.2813,WPP_717_Teluk_Cendrawasih,NOAA_ERDDAP
2023-02,-1.25,134.75,30.667,0.1612,-0.6176,0.4187,0.1276,,,0.2761,WPP_717_Teluk_Cendrawasih,NOAA_ERDDAP
2023-02,-1.25,135.25,30.97,0.1028,-0.2657,0.408,0.1329,,,0.2629,WPP_717_Teluk_Cendrawasih,NOAA_ERDDAP
2023-02,-1.25,135.75,30.849,0.0867,-0.0615,0.2895,0.1424,,,0.2674,WPP_717_Teluk_Cendrawasih,NOAA_ERDDAP
2023-02,-1.25,136.25,31.381,0.0914,-0.0489,0.2039,0.1451,,,0.2462,WPP_717_Teluk_Cendrawasih,NOAA_ERDDAP
2023-02,-1.25,136.75,31.508,0.0931,-0.0566,0.1228,0.1263,,,0.2412,WPP_717_Teluk_Cendrawasih,NOAA_ERDDAP
2023-02,-1.25,137.25,31.418,0.1984,-0.0118,-0.1584,0.1261,,,0.2468,WPP_717_Teluk_Cendrawasih,NOAA_ERDDAP
2023-02,-1.25,137.75,31.501,2.3869,-0.0023,-0.2548,0.1366,,,0.2862,WPP_717_Teluk_Cendrawasih,NOAA_ERDDAP
2023-02,-0.75,133.25,30.54,0.3961,,,,,,0.2858,WPP_717_Teluk_Cendrawasih,NOAA_ERDDAP
2023-02,-0.75,133.75,30.666,0.3287,,,,,,0.2794,WPP_717_Teluk_Cendrawasih,NOAA_ERDDAP
2023-02,-0.75,134.25,30.345,0.2218,-0.6999,0.2235,0.1213,,,0.2902,WPP_717_Teluk_Cendrawasih,NOAA_ERDDAP
2023-02,-0.75,134.75,30.843,0.1566,-0.4216,0.2234,0.1381,,,0.269,WPP_717_Teluk_Cendrawasih,NOAA_ERDDAP
2023-02,-0.75,136.25,30.702,0.0862,0.1295,0.2136,0.1248,,,0.2733,WPP_717_Teluk_Cendrawasih,NOAA_ERDDAP
2023-02,-0.75,136.75,31.181,0.0691,0.1591,0.1003,0.1103,,,0.2538,WPP_717_Teluk_Cendrawasih,NOAA_ERDDAP
2023-02,-0.75,137.25,31.392,0.0599,0.1513,-0.0975,0.1237,,,0.2452,WPP_717_Teluk_Cendrawasih,NOAA_ERDDAP
2023-02,-0.75,137.75,32.003,0.0821,0.1001,-0.1601,0.1436,,,0.2211,WPP_717_Teluk_Cendrawasih,NOAA_ERDDAP
2023-02,-0.25,132.25,30.238,0.1424,-0.9465,0.0058,0.1775,,,0.2929,WPP_717_Teluk_Cendrawasih,NOAA_ERDDAP
2023-02,-0.25,132.75,30.449,0.2551,-0.9961,0.1924,0.1621,,,0.2867,WPP_717_Teluk_Cendrawasih,NOAA_ERDDAP
2023-02,-0.25,133.25,30.726,0.0896,-0.8709,0.2701,0.1414,,,0.2724,WPP_717_Teluk_Cendrawasih,NOAA_ERDDAP
2023-02,-0.25,133.75,30.713,0.1024,-0.6752,0.242,0.1329,,,0.2731,WPP_717_Teluk_Cendrawasih,NOAA_ERDDAP
2023-02,-0.25,134.25,30.089,0.0858,-0.4868,0.1801,0.1365,,,0.2978,WPP_717_Teluk_Cendrawasih,NOAA_ERDDAP
2023-02,-0.25,134.75,30.601,0.0789,-0.3007,0.1506,0.1491,,,0.2772,WPP_717_Teluk_Cendrawasih,NOAA_ERDDAP
2023-02,-0.25,135.75,30.647,0.0648,0.0108,0.1568,0.1531,,,0.2751,WPP_717_Teluk_Cendrawasih,NOAA_ERDDAP
2023-02,-0.25,136.25,30.705,0.094,0.1105,0.1492,0.1494,,,0.2733,WPP_717_Teluk_Cendrawasih,NOAA_ERDDAP
2023-02,-0.25,136.75,31.076,0.0615,0.1511,0.1018,0.1535,,,0.2578,WPP_717_Teluk_Cendrawasih,NOAA_ERDDAP
2023-02,-0.25,137.25,29.801,0.0546,0.1284,0.0149,0.1405,,,0.3087,WPP_717_Teluk_Cendrawasih,NOAA_ERDDAP
2023-02,-0.25,137.75,31.306,0.0488,0.0773,-0.0329,0.1525,,,0.2484,WPP_717_Teluk_Cendrawasih,NOAA_ERDDAP
2023-02,0.25,132.25,29.998,0.089,-0.6358,0.0813,0.1704,,,0.3015,WPP_717_Teluk_Cendrawasih,NOAA_ERDDAP
2023-02,0.25,132.75,30.357,0.0927,-0.6804,0.1142,0.1535,,,0.2872,WPP_717_Teluk_Cendrawasih,NOAA_ERDDAP
2023-02,0.25,133.25,30.586,0.0959,-0.6453,0.1198,0.154,,,0.2781,WPP_717_Teluk_Cendrawasih,NOAA_ERDDAP
2023-02,0.25,133.75,30.461,0.0816,-0.5485,0.117,0.1518,,,0.2828,WPP_717_Teluk_Cendrawasih,NOAA_ERDDAP
2023-02,0.25,134.25,30.789,0.0748,-0.4131,0.1326,0.155,,,0.2696,WPP_717_Teluk_Cendrawasih,NOAA_ERDDAP
2023-02,0.25,134.75,30.821,0.101,-0.2676,0.1565,0.1564,,,0.2688,WPP_717_Teluk_Cendrawasih,NOAA_ERDDAP
2023-02,0.25,135.25,30.854,0.0755,-0.1358,0.1654,0.1575,,,0.267,WPP_717_Teluk_Cendrawasih,NOAA_ERDDAP
2023-02,0.25,135.75,30.665,0.0855,-0.0301,0.1458,0.1602,,,0.2747,WPP_717_Teluk_Cendrawasih,NOAA_ERDDAP
2023-02,0.25,136.25,30.032,0.0891,0.046,0.1065,0.1688,,,0.3001,WPP_717_Teluk_Cendrawasih,NOAA_ERDDAP
2023-02,0.25,136.75,29.795,0.0822,0.096,0.0611,0.1749,,,0.3095,WPP_717_Teluk_Cendrawasih,NOAA_ERDDAP
2023-02,0.25,137.25,29.689,0.098,0.1232,0.0418,0.1569,,,0.314,WPP_717_Teluk_Cendrawasih,NOAA_ERDDAP
2023-02,0.25,137.75,29.655,0.0531,0.1256,0.0396,0.1591,,,0.3145,WPP_717_Teluk_Cendrawasih,NOAA_ERDDAP
2023-02,0.75,132.25,30.715,0.05,-0.3929,0.0938,0.1547,,,0.272,WPP_717_Teluk_Cendrawasih,NOAA_ERDDAP
2023-02,0.75,132.75,30.329,0.054,-0.4405,0.1006,0.1519,,,0.2876,WPP_717_Teluk_Cendrawasih,NOAA_ERDDAP
2023-02,0.75,133.25,30.676,0.0628,-0.4317,0.0585,0.1556,,,0.2739,WPP_717_Teluk_Cendrawasih,NOAA_ERDDAP
2023-02,0.75,133.75,31.126,0.1047,-0.3697,0.0246,0.1456,,,0.2567,WPP_717_Teluk_Cendrawasih,NOAA_ERDDAP
2023-02,0.75,134.25,30.743,0.1347,-0.2768,0.066,0.1465,,,0.2726,WPP_717_Teluk_Cendrawasih,NOAA_ERDDAP
2023-02,0.75,134.75,30.462,0.1167,-0.1799,0.1553,0.1404,,,0.2835,WPP_717_Teluk_Cendrawasih,NOAA_ERDDAP
2023-02,0.75,135.25,30.444,0.0272,-0.088,0.1988,0.1446,,,0.2824,WPP_717_Teluk_Cendrawasih,NOAA_ERDDAP
2023-02,0.75,135.75,30.586,0.0717,-0.001,0.1649,0.1541,,,0.2776,WPP_717_Teluk_Cendrawasih,NOAA_ERDDAP
2023-02,0.75,136.25,30.202,0.076,0.074,0.0826,0.1659,,,0.2931,WPP_717_Teluk_Cendrawasih,NOAA_ERDDAP
2023-02,0.75,136.75,30.449,0.0646,0.1307,-0.0145,0.1723,,,0.283,WPP_717_Teluk_Cendrawasih,NOAA_ERDDAP
2023-02,0.75,137.25,30.114,0.0677,0.1622,0.0124,0.1578,,,0.2964,WPP_717_Teluk_Cendrawasih,NOAA_ERDDAP
2023-02,0.75,137.75,29.824,0.067,0.164,0.0644,0.1631,,,0.308,WPP_717_Teluk_Cendrawasih,NOAA_ERDDAP
2023-02,1.25,132.25,30.924,0.0514,-0.305,0.1238,0.15,,,0.2637,WPP_717_Teluk_Cendrawasih,NOAA_ERDDAP
2023-02,1.25,132.75,31.374,0.0564,-0.3398,0.0959,0.1554,,,0.2458,WPP_717_Teluk_Cendrawasih,NOAA_ERDDAP
2023-02,1.25,133.25,30.906,0.1261,-0.3502,-0.0217,0.1476,,,0.2659,WPP_717_Teluk_Cendrawasih,NOAA_ERDDAP
2023-02,1.25,133.75,30.503,0.0859,-0.2936,-0.0473,0.1368,,,0.2812,WPP_717_Teluk_Cendrawasih,NOAA_ERDDAP
2023-02,1.25,134.25,30.517,0.1469,-0.2673,0.0276,0.1333,,,0.2819,WPP_717_Teluk_Cendrawasih,NOAA_ERDDAP
2023-02,1.25,134.75,30.71,0.0668,-0.2255,0.1989,0.1389,,,0.2726,WPP_717_Teluk_Cendrawasih,NOAA_ERDDAP
2023-02,1.25,135.25,30.706,0.057,-0.1771,0.2495,0.155,,,0.2725,WPP_717_Teluk_Cendrawasih,NOAA_ERDDAP
2023-02,1.25,135.75,30.633,0.0502,-0.0999,0.1705,0.1611,,,0.2753,WPP_717_Teluk_Cendrawasih,NOAA_ERDDAP
2023-02,1.25,136.25,30.188,0.0451,0.0119,0.0391,0.1692,,,0.293,WPP_717_Teluk_Cendrawasih,NOAA_ERDDAP
2023-02,1.25,136.75,30.227,0.0567,0.0554,-0.0724,0.1653,,,0.2917,WPP_717_Teluk_Cendrawasih,NOAA_ERDDAP
2023-02,1.25,137.25,30.421,0.0667,0.0565,0.0035,0.1534,,,0.2841,WPP_717_Teluk_Cendrawasih,NOAA_ERDDAP
2023-02,1.25,137.75,30.142,0.0593,0.0551,0.0972,0.1611,,,0.2951,WPP_717_Teluk_Cendrawasih,NOAA_ERDDAP
2023-02,1.75,132.25,30.351,0.0651,-0.3268,0.2191,0.1583,,,0.2869,WPP_717_Teluk_Cendrawasih,NOAA_ERDDAP
2023-02,1.75,132.75,30.338,0.0726,-0.3662,0.0189,0.1634,,,0.2876,WPP_717_Teluk_Cendrawasih,NOAA_ERDDAP
2023-02,1.75,133.25,30.311,0.0879,-0.317,-0.0656,0.1526,,,0.2889,WPP_717_Teluk_Cendrawasih,NOAA_ERDDAP
2023-02,1.75,133.75,30.254,0.0978,-0.3357,-0.0785,0.139,,,0.2914,WPP_717_Teluk_Cendrawasih,NOAA_ERDDAP
2023-02,1.75,134.25,30.542,0.1435,-0.3203,0.055,0.1404,,,0.2808,WPP_717_Teluk_Cendrawasih,NOAA_ERDDAP
2023-02,1.75,134.75,30.677,0.0942,-0.2752,0.2073,0.1522,,,0.2744,WPP_717_Teluk_Cendrawasih,NOAA_ERDDAP
2023-02,1.75,135.25,30.854,0.0395,-0.1954,0.2785,0.1617,,,0.2663,WPP_717_Teluk_Cendrawasih,NOAA_ERDDAP
2023-02,1.75,135.75,30.796,0.0367,-0.1177,0.2107,0.1698,,,0.2685,WPP_717_Teluk_Cendrawasih,NOAA_ERDDAP
2023-02,1.75,136.25,30.214,0.041,-0.0526,-0.0132,0.1706,,,0.2919,WPP_717_Teluk_Cendrawasih,NOAA_ERDDAP
2023-02,1.75,136.75,30.714,0.0616,-0.0707,-0.066,0.1683,,,0.2723,WPP_717_Teluk_Cendrawasih,NOAA_ERDDAP
2023-02,1.75,137.25,30.436,0.0416,-0.069,-0.0246,0.1663,,,0.283,WPP_717_Teluk_Cendrawasih,NOAA_ERDDAP
2023-02,1.75,137.75,30.389,0.0654,-0.0267,0.057,0.1614,,,0.2854,WPP_717_Teluk_Cendrawasih,NOAA_ERDDAP
2023-03,-3.75,132.25,31.192,0.1374,-0.0136,-0.1175,0.2945,,,0.2547,WPP_717_Teluk_Cendrawasih,NOAA_ERDDAP
2023-03,-3.75,132.75,31.152,0.1753,0.3447,0.4827,0.3049,,,0.257,WPP_717_Teluk_Cendrawasih,NOAA_ERDDAP
2023-03,-3.75,133.25,31.404,3.1437,,,,,,0.3049,WPP_717_Teluk_Cendrawasih,NOAA_ERDDAP
2023-03,-3.75,133.75,31.166,0.8831,-2.6101,-0.2149,0.2699,,,0.2703,WPP_717_Teluk_Cendrawasih,NOAA_ERDDAP
2023-03,-3.75,134.25,31.205,0.376,-0.5862,-0.6392,0.2548,,,0.2588,WPP_717_Teluk_Cendrawasih,NOAA_ERDDAP
2023-03,-3.25,132.25,31.243,0.1618,-0.3951,-0.3429,0.2997,,,0.2531,WPP_717_Teluk_Cendrawasih,NOAA_ERDDAP
2023-03,-3.25,132.75,30.744,0.4537,-0.8427,0.4579,0.2995,,,0.2788,WPP_717_Teluk_Cendrawasih,NOAA_ERDDAP
2023-03,-3.25,133.75,32.809,7.1777,,,,,,0.3274,WPP_717_Teluk_Cendrawasih,NOAA_ERDDAP
2023-03,-3.25,134.75,31.355,0.4434,,,,,,0.2541,WPP_717_Teluk_Cendrawasih,NOAA_ERDDAP
2023-03,-3.25,135.25,31.178,0.4345,-0.2053,-0.1888,0.1576,,,0.261,WPP_717_Teluk_Cendrawasih,NOAA_ERDDAP
2023-03,-3.25,135.75,31.627,0.9586,,,,,,0.2533,WPP_717_Teluk_Cendrawasih,NOAA_ERDDAP
2023-03,-2.75,132.25,30.344,1.5549,,,,,,0.3162,WPP_717_Teluk_Cendrawasih,NOAA_ERDDAP
2023-03,-2.75,132.75,31.278,4.1624,,,,,,0.3298,WPP_717_Teluk_Cendrawasih,NOAA_ERDDAP
2023-03,-2.75,133.75,32.032,7.3227,,,,,,0.3613,WPP_717_Teluk_Cendrawasih,NOAA_ERDDAP
2023-03,-2.75,134.25,31.07,0.9654,,,,,,0.2757,WPP_717_Teluk_Cendrawasih,NOAA_ERDDAP
2023-03,-2.75,134.75,31.396,0.2105,,,,,,0.2479,WPP_717_Teluk_Cendrawasih,NOAA_ERDDAP
2023-03,-2.75,135.25,31.107,0.1988,-0.2863,-0.1886,0.1202,,,0.2593,WPP_717_Teluk_Cendrawasih,NOAA_ERDDAP
2023-03,-2.75,135.75,31.374,1.4365,-0.5977,-0.1851,0.1241,,,0.2727,WPP_717_Teluk_Cendrawasih,NOAA_ERDDAP
2023-03,-2.75,136.25,31.77,1.9096,,,,,,0.2661,WPP_717_Teluk_Cendrawasih,NOAA_ERDDAP
2023-03,-2.25,132.25,30.856,2.5805,-0.2733,0.9091,0.2641,,,0.3158,WPP_717_Teluk_Cendrawasih,NOAA_ERDDAP
2023-03,-2.25,132.75,31.271,4.8566,-0.0605,2.5007,0.1836,,,0.3436,WPP_717_Teluk_Cendrawasih,NOAA_ERDDAP
2023-03,-2.25,133.25,32.087,5.6425,-0.5665,0.2172,0.0143,,,0.3263,WPP_717_Teluk_Cendrawasih,NOAA_ERDDAP
2023-03,-2.25,133.75,32.268,5.5861,0.359,-1.3121,0.0053,,,0.318,WPP_717_Teluk_Cendrawasih,NOAA_ERDDAP
2023-03,-2.25,134.25,31.313,0.2464,,,,,,0.252,WPP_717_Teluk_Cendrawasih,NOAA_ERDDAP
2023-03,-2.25,134.75,31.351,0.1922,-0.1531,-0.4325,0.092,,,0.2494,WPP_717_Teluk_Cendrawasih,NOAA_ERDDAP
2023-03,-2.25,135.25,31.018,0.1704,-0.0387,-0.1666,0.1258,,,0.2623,WPP_717_Teluk_Cendrawasih,NOAA_ERDDAP
2023-03,-2.25,135.75,30.931,0.2417,-0.3515,0.2191,0.1236,,,0.2671,WPP_717_Teluk_Cendrawasih,NOAA_ERDDAP
2023-03,-2.25,136.25,31.109,0.7038,-0.2871,0.1303,0.1134,,,0.269,WPP_717_Teluk_Cendrawasih,NOAA_ERDDAP
2023-03,-2.25,136.75,31.492,2.1902,,,,,,0.2827,WPP_717_Teluk_Cendrawasih,NOAA_ERDDAP
2023-03,-1.75,134.25,30.942,0.2117,,,,,,0.2661,WPP_717_Teluk_Cendrawasih,NOAA_ERDDAP
2023-03,-1.75,134.75,30.987,0.1733,0.1125,-0.1698,0.1271,,,0.2636,WPP_717_Teluk_Cendrawasih,NOAA_ERDDAP
2023-03,-1.75,135.25,30.887,0.1514,-0.0948,0.157,0.1508,,,0.2671,WPP_717_Teluk_Cendrawasih,NOAA_ERDDAP
2023-03,-1.75,135.75,30.456,0.1742,-0.2053,0.2912,0.1362,,,0.2848,WPP_717_Teluk_Cendrawasih,NOAA_ERDDAP
2023-03,-1.75,136.25,31.041,0.1536,-0.187,0.166,0.1201,,,0.261,WPP_717_Teluk_Cendrawasih,NOAA_ERDDAP
2023-03,-1.75,136.75,30.986,0.6295,-0.1975,0.1377,0.12,,,0.2725,WPP_717_Teluk_Cendrawasih,NOAA_ERDDAP
2023-03,-1.75,137.25,31.467,3.676,-0.0534,-0.0984,0.0982,,,0.3127,WPP_717_Teluk_Cendrawasih,NOAA_ERDDAP
2023-03,-1.75,137.75,32.502,2.8295,,,,,,0.2548,WPP_717_Teluk_Cendrawasih,NOAA_ERDDAP
2023-03,-1.25,134.25,30.471,0.1614,,,,,,0.284,WPP_717_Teluk_Cendrawasih,NOAA_ERDDAP
2023-03,-1.25,134.75,30.519,0.1548,-0.0365,0.0399,0.1368,,,0.2819,WPP_717_Teluk_Cendrawasih,NOAA_ERDDAP
2023-03,-1.25,135.25,30.684,0.1083,-0.0625,0.2756,0.1458,,,0.2744,WPP_717_Teluk_Cendrawasih,NOAA_ERDDAP
2023-03,-1.25,135.75,30.689,0.0869,-0.0079,0.2375,0.1302,,,0.2738,WPP_717_Teluk_Cendrawasih,NOAA_ERDDAP
2023-03,-1.25,136.25,30.674,0.0975,0.0995,0.1005,0.1213,,,0.2746,WPP_717_Teluk_Cendrawasih,NOAA_ERDDAP
2023-03,-1.25,136.75,30.629,0.1207,0.264,-0.0039,0.1167,,,0.2769,WPP_717_Teluk_Cendrawasih,NOAA_ERDDAP
2023-03,-1.25,137.25,30.708,0.1762,0.2719,-0.0978,0.1151,,,0.2748,WPP_717_Teluk_Cendrawasih,NOAA_ERDDAP
2023-03,-1.25,137.75,30.664,2.4856,0.0776,-0.1876,0.1186,,,0.3216,WPP_717_Teluk_Cendrawasih,NOAA_ERDDAP
2023-03,-0.75,133.25,30.478,0.259,,,,,,0.2856,WPP_717_Teluk_Cendrawasih,NOAA_ERDDAP
2023-03,-0.75,133.75,30.535,0.2372,,,,,,0.2829,WPP_717_Teluk_Cendrawasih,NOAA_ERDDAP
2023-03,-0.75,134.25,30.857,0.1426,-0.0248,0.1291,0.1697,,,0.2682,WPP_717_Teluk_Cendrawasih,NOAA_ERDDAP
2023-03,-0.75,134.75,30.692,0.1113,0.0563,0.1405,0.1422,,,0.2742,WPP_717_Teluk_Cendrawasih,NOAA_ERDDAP
2023-03,-0.75,135.25,30.506,0.1078,0.1472,0.166,0.151,,,0.2815,WPP_717_Teluk_Cendrawasih,NOAA_ERDDAP
2023-03,-0.75,135.75,29.979,0.1812,0.2664,0.1501,0.1379,,,0.304,WPP_717_Teluk_Cendrawasih,NOAA_ERDDAP
2023-03,-0.75,136.25,30.287,0.0716,0.2984,0.068,0.1336,,,0.2896,WPP_717_Teluk_Cendrawasih,NOAA_ERDDAP
2023-03,-0.75,136.75,30.627,0.0602,0.2692,0.0142,0.1513,,,0.2758,WPP_717_Teluk_Cendrawasih,NOAA_ERDDAP
2023-03,-0.75,137.25,30.192,0.0687,0.2203,0.0113,0.1416,,,0.2933,WPP_717_Teluk_Cendrawasih,NOAA_ERDDAP
2023-03,-0.75,137.75,30.021,0.0821,0.1344,-0.0299,0.1411,,,0.3004,WPP_717_Teluk_Cendrawasih,NOAA_ERDDAP
2023-03,-0.25,132.25,30.559,0.1757,-0.0261,-0.0006,0.2049,,,0.2807,WPP_717_Teluk_Cendrawasih,NOAA_ERDDAP
2023-03,-0.25,132.75,30.108,0.1676,-0.0517,0.0567,0.1988,,,0.2986,WPP_717_Teluk_Cendrawasih,NOAA_ERDDAP
2023-03,-0.25,133.25,30.482,0.1158,-0.0356,0.0857,0.1938,,,0.2826,WPP_717_Teluk_Cendrawasih,NOAA_ERDDAP
2023-03,-0.25,133.75,30.261,0.1031,0.0056,0.0979,0.1803,,,0.2912,WPP_717_Teluk_Cendrawasih,NOAA_ERDDAP
2023-03,-0.25,134.25,30.369,0.0824,0.0623,0.1212,0.1754,,,0.2865,WPP_717_Teluk_Cendrawasih,NOAA_ERDDAP
2023-03,-0.25,134.75,30.373,0.0778,0.1338,0.1294,0.1609,,,0.2863,WPP_717_Teluk_Cendrawasih,NOAA_ERDDAP
2023-03,-0.25,135.25,30.043,0.0821,0.1968,0.1372,0.1644,,,0.2995,WPP_717_Teluk_Cendrawasih,NOAA_ERDDAP
2023-03,-0.25,135.75,29.913,0.0778,0.235,0.1495,0.1534,,,0.3047,WPP_717_Teluk_Cendrawasih,NOAA_ERDDAP
2023-03,-0.25,136.25,30.322,0.0642,0.2363,0.1258,0.1417,,,0.288,WPP_717_Teluk_Cendrawasih,NOAA_ERDDAP
2023-03,-0.25,136.75,30.485,0.0531,0.2077,0.0895,0.163,,,0.2813,WPP_717_Teluk_Cendrawasih,NOAA_ERDDAP
2023-03,-0.25,137.25,30.486,0.0463,0.1667,0.061,0.1484,,,0.2811,WPP_717_Teluk_Cendrawasih,NOAA_ERDDAP
2023-03,-0.25,137.75,30.756,0.0412,0.121,0.0493,0.1546,,,0.2702,WPP_717_Teluk_Cendrawasih,NOAA_ERDDAP
2023-03,0.25,132.25,30.367,0.0715,0.0013,-0.0403,0.185,,,0.2864,WPP_717_Teluk_Cendrawasih,NOAA_ERDDAP
2023-03,0.25,132.75,30.571,0.0732,-0.0551,0.0226,0.1704,,,0.2783,WPP_717_Teluk_Cendrawasih,NOAA_ERDDAP
2023-03,0.25,133.25,30.56,0.0766,-0.0657,0.0646,0.1695,,,0.2788,WPP_717_Teluk_Cendrawasih,NOAA_ERDDAP
2023-03,0.25,133.75,30.608,0.0746,-0.0406,0.0904,0.1727,,,0.2768,WPP_717_Teluk_Cendrawasih,NOAA_ERDDAP
2023-03,0.25,134.25,30.556,0.0646,0.0045,0.1286,0.1694,,,0.2787,WPP_717_Teluk_Cendrawasih,NOAA_ERDDAP
2023-03,0.25,134.75,29.987,0.0627,0.055,0.1709,0.1662,,,0.3014,WPP_717_Teluk_Cendrawasih,NOAA_ERDDAP
2023-03,0.25,135.25,29.586,0.0585,0.1054,0.1918,0.1648,,,0.3174,WPP_717_Teluk_Cendrawasih,NOAA_ERDDAP
2023-03,0.25,135.75,30.248,0.0535,0.146,0.1856,0.1638,,,0.2908,WPP_717_Teluk_Cendrawasih,NOAA_ERDDAP
2023-03,0.25,136.25,30.317,0.0559,0.1686,0.1641,0.1608,,,0.2881,WPP_717_Teluk_Cendrawasih,NOAA_ERDDAP
2023-03,0.25,136.75,31.004,0.0428,0.1724,0.131,0.1847,,,0.2603,WPP_717_Teluk_Cendrawasih,NOAA_ERDDAP
2023-03,0.25,137.25,30.996,0.0333,0.1589,0.0984,0.1637,,,0.2605,WPP_717_Teluk_Cendrawasih,NOAA_ERDDAP
2023-03,0.25,137.75,30.821,0.0356,0.1302,0.0661,0.1668,,,0.2675,WPP_717_Teluk_Cendrawasih,NOAA_ERDDAP
2023-03,0.75,132.25,30.32,0.0704,-0.0597,-0.0439,0.1915,,,0.2882,WPP_717_Teluk_Cendrawasih,NOAA_ERDDAP
2023-03,0.75,132.75,30.311,0.0677,-0.1352,-0.0073,0.1656,,,0.2885,WPP_717_Teluk_Cendrawasih,NOAA_ERDDAP
2023-03,0.75,133.25,30.401,0.068,-0.1397,0.0233,0.1573,,,0.285,WPP_717_Teluk_Cendrawasih,NOAA_ERDDAP
2023-03,0.75,133.75,30.483,0.0735,-0.0964,0.0557,0.1514,,,0.2818,WPP_717_Teluk_Cendrawasih,NOAA_ERDDAP
2023-03,0.75,134.25,30.421,0.0649,-0.0446,0.1476,0.1465,,,0.2841,WPP_717_Teluk_Cendrawasih,NOAA_ERDDAP
2023-03,0.75,134.75,30.722,0.0562,-0.0102,0.2412,0.1579,,,0.2719,WPP_717_Teluk_Cendrawasih,NOAA_ERDDAP
2023-03,0.75,135.25,31.149,0.0533,0.0346,0.2423,0.1624,,,0.2547,WPP_717_Teluk_Cendrawasih,NOAA_ERDDAP
2023-03,0.75,135.75,30.46,0.0423,0.0852,0.2024,0.1663,,,0.2821,WPP_717_Teluk_Cendrawasih,NOAA_ERDDAP
2023-03,0.75,136.25,31.431,0.0358,0.1393,0.17,0.1673,,,0.2431,WPP_717_Teluk_Cendrawasih,NOAA_ERDDAP
2023-03,0.75,136.75,32.001,0.0382,0.1753,0.1289,0.1774,,,0.2204,WPP_717_Teluk_Cendrawasih,NOAA_ERDDAP
2023-03,0.75,137.25,31.369,0.0373,0.1835,0.108,0.1692,,,0.2456,WPP_717_Teluk_Cendrawasih,NOAA_ERDDAP
2023-03,0.75,137.75,30.818,0.0431,0.1646,0.0798,0.1702,,,0.2678,WPP_717_Teluk_Cendrawasih,NOAA_ERDDAP
2023-03,1.25,132.25,30.247,0.0631,-0.1231,0.0367,0.1607,,,0.291,WPP_717_Teluk_Cendrawasih,NOAA_ERDDAP
2023-03,1.25,132.75,30.219,0.0546,-0.263,-0.0056,0.1538,,,0.292,WPP_717_Teluk_Cendrawasih,NOAA_ERDDAP
2023-03,1.25,133.25,30.2,0.0586,-0.2756,-0.0543,0.1477,,,0.2928,WPP_717_Teluk_Cendrawasih,NOAA_ERDDAP
2023-03,1.25,133.75,30.372,0.0561,-0.2314,-0.019,0.1422,,,0.2859,WPP_717_Teluk_Cendrawasih,NOAA_ERDDAP
2023-03,1.25,134.25,30.289,0.0517,-0.1489,0.123,0.1324,,,0.2891,WPP_717_Teluk_Cendrawasih,NOAA_ERDDAP
2023-03,1.25,134.75,30.331,0.052,-0.0998,0.3134,0.1456,,,0.2874,WPP_717_Teluk_Cendrawasih,NOAA_ERDDAP
2023-03,1.25,135.25,30.552,0.0487,-0.0426,0.2723,0.1584,,,0.2785,WPP_717_Teluk_Cendrawasih,NOAA_ERDDAP
2023-03,1.25,135.75,30.612,0.0435,0.0183,0.1887,0.161,,,0.276,WPP_717_Teluk_Cendrawasih,NOAA_ERDDAP
2023-03,1.25,136.25,31.619,0.0489,0.0667,0.127,0.1583,,,0.2359,WPP_717_Teluk_Cendrawasih,NOAA_ERDDAP
2023-03,1.25,136.75,31.701,0.0439,0.1154,0.1042,0.1581,,,0.2325,WPP_717_Teluk_Cendrawasih,NOAA_ERDDAP
2023-03,1.25,137.25,31.322,0.0374,0.1093,0.1385,0.1638,,,0.2475,WPP_717_Teluk_Cendrawasih,NOAA_ERDDAP
2023-03,1.25,137.75,31.089,0.0403,0.0802,0.1127,0.1695,,,0.2569,WPP_717_Teluk_Cendrawasih,NOAA_ERDDAP
2023-03,1.75,132.25,30.41,0.0629,-0.154,0.1596,0.1756,,,0.2845,WPP_717_Teluk_Cendrawasih,NOAA_ERDDAP
2023-03,1.75,132.75,30.443,0.0663,-0.2359,0.0483,0.1709,,,0.2832,WPP_717_Teluk_Cendrawasih,NOAA_ERDDAP
2023-03,1.75,133.25,30.316,0.0722,-0.3187,-0.1218,0.1611,,,0.2884,WPP_717_Teluk_Cendrawasih,NOAA_ERDDAP
2023-03,1.75,133.75,30.352,0.0618,-0.3568,-0.0855,0.1485,,,0.2868,WPP_717_Teluk_Cendrawasih,NOAA_ERDDAP
2023-03,1.75,134.25,30.501,0.0554,-0.2954,0.0401,0.1324,,,0.2807,WPP_717_Teluk_Cendrawasih,NOAA_ERDDAP
2023-03,1.75,134.75,30.702,0.0451,-0.2251,0.3223,0.1434,,,0.2725,WPP_717_Teluk_Cendrawasih,NOAA_ERDDAP
2023-03,1.75,135.25,30.327,0.0537,-0.1691,0.2725,0.1576,,,0.2876,WPP_717_Teluk_Cendrawasih,NOAA_ERDDAP
2023-03,1.75,135.75,30.762,0.0541,-0.106,0.1956,0.1525,,,0.2702,WPP_717_Teluk_Cendrawasih,NOAA_ERDDAP
2023-03,1.75,136.25,31.423,0.0567,-0.1429,0.1098,0.1554,,,0.2439,WPP_717_Teluk_Cendrawasih,NOAA_ERDDAP
2023-03,1.75,136.75,31.202,0.0392,-0.1584,0.0947,0.1598,,,0.2524,WPP_717_Teluk_Cendrawasih,NOAA_ERDDAP
2023-03,1.75,137.25,31.349,0.0428,-0.1501,0.1794,0.1674,,,0.2465,WPP_717_Teluk_Cendrawasih,NOAA_ERDDAP
2023-03,1.75,137.75,30.76,0.0434,-0.1123,0.1139,0.1822,,,0.2701,WPP_717_Teluk_Cendrawasih,NOAA_ERDDAP
2023-01,-8.75,132.25,29.509,0.0982,-0.2002,0.0028,0.2521,,,0.3212,WPP_718_Laut_Arafuru,NOAA_ERDDAP
2023-01,-8.75,132.75,28.88,0.0936,-0.2009,0.0823,0.2434,,,0.3463,WPP_718_Laut_Arafuru,NOAA_ERDDAP
2023-01,-8.75,133.25,29.129,0.1233,-0.3095,-0.3305,0.2535,,,0.3369,WPP_718_Laut_Arafuru,NOAA_ERDDAP
2023-01,-8.75,133.75,29.053,0.1007,-0.1454,0.0214,0.2836,,,0.3395,WPP_718_Laut_Arafuru,NOAA_ERDDAP
2023-01,-8.75,134.25,29.477,0.0837,-0.0722,-0.3099,0.3117,,,0.3222,WPP_718_Laut_Arafuru,NOAA_ERDDAP
2023-01,-8.75,134.75,29.737,0.1081,-0.0594,-0.0661,0.3353,,,0.3123,WPP_718_Laut_Arafuru,NOAA_ERDDAP
2023-01,-8.75,135.25,29.029,0.1799,-0.1576,-0.0261,0.3316,,,0.342,WPP_718_Laut_Arafuru,NOAA_ERDDAP
2023-01,-8.75,135.75,29.141,0.3165,-0.2423,0.1475,0.3381,,,0.3402,WPP_718_Laut_Arafuru,NOAA_ERDDAP
2023-01,-8.75,136.25,29.178,0.4178,-0.2168,0.1684,0.3104,,,0.3407,WPP_718_Laut_Arafuru,NOAA_ERDDAP
2023-01,-8.75,136.75,29.279,0.5756,-0.4289,-0.1277,0.3135,,,0.3397,WPP_718_Laut_Arafuru,NOAA_ERDDAP
2023-01,-8.75,137.25,29.519,0.8139,-0.053,-0.4019,0.3852,,,0.3348,WPP_718_Laut_Arafuru,NOAA_ERDDAP
2023-01,-8.75,137.75,29.815,1.2673,0.4258,-0.9661,0.5144,,,0.3318,WPP_718_Laut_Arafuru,NOAA_ERDDAP
2023-01,-8.75,138.25,29.952,1.4792,0.2303,0.5308,0.5329,,,0.3305,WPP_718_Laut_Arafuru,NOAA_ERDDAP
2023-01,-8.75,138.75,29.929,1.2322,0.6779,0.6454,0.4625,,,0.3266,WPP_718_Laut_Arafuru,NOAA_ERDDAP
2023-01,-8.75,139.25,29.343,1.3108,-0.0627,-0.4193,0.3909,,,0.3515,WPP_718_Laut_Arafuru,NOAA_ERDDAP
2023-01,-8.75,139.75,29.288,1.2704,0.5912,-0.1963,0.444,,,0.3529,WPP_718_Laut_Arafuru,NOAA_ERDDAP
2023-01,-8.25,132.75,28.924,0.0848,-0.0361,-0.0,0.2374,,,0.3444,WPP_718_Laut_Arafuru,NOAA_ERDDAP
2023-01,-8.25,133.25,28.927,0.1006,0.0148,-0.293,0.2399,,,0.3445,WPP_718_Laut_Arafuru,NOAA_ERDDAP
2023-01,-8.25,133.75,28.946,0.1092,0.0783,-0.212,0.2794,,,0.344,WPP_718_Laut_Arafuru,NOAA_ERDDAP
2023-01,-8.25,134.25,29.686,0.1194,-0.1059,0.003,0.3075,,,0.3146,WPP_718_Laut_Arafuru,NOAA_ERDDAP
2023-01,-8.25,134.75,30.09,0.1259,-0.0707,-0.1643,0.3229,,,0.2985,WPP_718_Laut_Arafuru,NOAA_ERDDAP
2023-01,-8.25,135.25,29.719,0.2002,-0.1164,0.1673,0.319,,,0.3148,WPP_718_Laut_Arafuru,NOAA_ERDDAP
2023-01,-8.25,135.75,29.029,0.5258,-0.0534,0.0495,0.3095,,,0.3488,WPP_718_Laut_Arafuru,NOAA_ERDDAP
2023-01,-8.25,136.25,29.263,0.7859,-0.2072,0.3698,0.2831,,,0.3445,WPP_718_Laut_Arafuru,NOAA_ERDDAP
2023-01,-8.25,136.75,29.715,1.8198,-0.3396,-0.8025,0.2716,,,0.3466,WPP_718_Laut_Arafuru,NOAA_ERDDAP
2023-01,-8.25,139.25,29.138,2.797,0.1236,0.0531,0.4457,,,0.3887,WPP_718_Laut_Arafuru,NOAA_ERDDAP
2023-01,-7.75,132.25,29.852,0.0787,-0.0449,0.034,0.2631,,,0.3071,WPP_718_Laut_Arafuru,NOAA_ERDDAP
2023-01,-7.75,132.75,29.284,0.0849,0.0901,-0.0109,0.2546,,,0.33,WPP_718_Laut_Arafuru,NOAA_ERDDAP
2023-01,-7.75,133.25,28.982,0.1149,0.1949,-0.1433,0.2643,,,0.3426,WPP_718_Laut_Arafuru,NOAA_ERDDAP
2023-01,-7.75,133.75,29.824,0.1244,-0.0388,-0.1546,0.2827,,,0.3091,WPP_718_Laut_Arafuru,NOAA_ERDDAP
2023-01,-7.75,134.25,29.966,0.1908,-0.1368,-0.1521,0.2871,,,0.3047,WPP_718_Laut_Arafuru,NOAA_ERDDAP
2023-01,-7.75,134.75,29.838,0.2984,-0.0812,-0.1186,0.3172,,,0.312,WPP_718_Laut_Arafuru,NOAA_ERDDAP
2023-01,-7.75,135.25,29.803,0.2928,0.0003,0.1,0.3166,,,0.3133,WPP_718_Laut_Arafuru,NOAA_ERDDAP
2023-01,-7.75,135.75,29.812,0.6452,-0.2199,0.1889,0.2995,,,0.3198,WPP_718_Laut_Arafuru,NOAA_ERDDAP
2023-01,-7.75,136.25,29.091,0.676,0.0292,0.4055,0.2813,,,0.3492,WPP_718_Laut_Arafuru,NOAA_ERDDAP
2023-01,-7.75,136.75,29.461,1.9066,0.2526,-0.2313,0.2679,,,0.3584,WPP_718_Laut_Arafuru,NOAA_ERDDAP
2023-01,-7.75,137.25,29.257,3.0101,-0.3464,-1.8135,0.39,,,0.3881,WPP_718_Laut_Arafuru,NOAA_ERDDAP
2023-01,-7.25,132.25,29.599,0.0826,-0.0409,-0.1603,0.2609,,,0.3173,WPP_718_Laut_Arafuru,NOAA_ERDDAP
2023-01,-7.25,132.75,29.611,0.108,0.0066,-0.1322,0.2677,,,0.3173,WPP_718_Laut_Arafuru,NOAA_ERDDAP
2023-01,-7.25,133.25,29.736,0.1151,-0.0772,-0.1401,0.2728,,,0.3125,WPP_718_Laut_Arafuru,NOAA_ERDDAP
2023-01,-7.25,133.75,29.973,0.3089,-0.1562,0.0317,0.2906,,,0.3068,WPP_718_Laut_Arafuru,NOAA_ERDDAP
2023-01,-7.25,134.25,29.485,0.627,0.0851,-0.1416,0.2904,,,0.3325,WPP_718_Laut_Arafuru,NOAA_ERDDAP
2023-01,-7.25,134.75,29.369,0.5384,0.0314,-0.0962,0.3173,,,0.3354,WPP_718_Laut_Arafuru,NOAA_ERDDAP
2023-01,-7.25,135.25,29.917,0.4715,-0.0182,0.0201,0.3166,,,0.3122,WPP_718_Laut_Arafuru,NOAA_ERDDAP
2023-01,-7.25,135.75,29.217,0.4898,0.1492,0.1861,0.3055,,,0.3405,WPP_718_Laut_Arafuru,NOAA_ERDDAP
2023-01,-7.25,136.25,28.711,0.7723,0.2477,-0.0155,0.2983,,,0.3663,WPP_718_Laut_Arafuru,NOAA_ERDDAP
2023-01,-7.25,136.75,28.478,0.6602,0.3601,0.0494,0.3031,,,0.3734,WPP_718_Laut_Arafuru,NOAA_ERDDAP
2023-01,-7.25,137.75,29.153,15.5225,-0.9906,-1.4201,0.558,,,0.6364,WPP_718_Laut_Arafuru,NOAA_ERDDAP
2023-01,-7.25,138.25,29.839,5.4025,-0.7738,0.224,0.4694,,,0.4115,WPP_718_Laut_Arafuru,NOAA_ERDDAP
2023-01,-6.75,132.25,29.991,0.0807,-0.1134,-0.1662,0.2547,,,0.3016,WPP_718_Laut_Arafuru,NOAA_ERDDAP
2023-01,-6.75,132.75,29.413,0.108,-0.0243,-0.3658,0.284,,,0.3253,WPP_718_Laut_Arafuru,NOAA_ERDDAP
2023-01,-6.75,133.25,29.456,0.1521,-0.1059,0.0266,0.2723,,,0.3244,WPP_718_Laut_Arafuru,NOAA_ERDDAP
2023-01,-6.75,133.75,29.34,0.3325,-0.1051,-0.1396,0.275,,,0.3326,WPP_718_Laut_Arafuru,NOAA_ERDDAP
2023-01,-6.75,134.75,28.178,1.1128,-0.2383,-0.0658,0.3013,,,0.3943,WPP_718_Laut_Arafuru,NOAA_ERDDAP
2023-01,-6.75,135.25,29.064,0.7899,-0.1657,0.224,0.3169,,,0.3525,WPP_718_Laut_Arafuru,NOAA_ERDDAP
2023-01,-6.75,135.75,29.191,1.174,-0.1263,-0.0356,0.3087,,,0.3549,WPP_718_Laut_Arafuru,NOAA_ERDDAP
2023-01,-6.75,136.25,28.841,1.0661,0.1283,-0.2378,0.3145,,,0.3668,WPP_718_Laut_Arafuru,NOAA_ERDDAP
2023-01,-6.75,136.75,28.809,1.0202,0.1557,0.0952,0.3368,,,0.3672,WPP_718_Laut_Arafuru,NOAA_ERDDAP
2023-01,-6.75,137.25,29.036,0.6649,0.5205,-0.2032,0.33,,,0.3512,WPP_718_Laut_Arafuru,NOAA_ERDDAP
2023-01,-6.75,137.75,30.889,2.8081,-0.1376,-1.3892,0.3762,,,0.3189,WPP_718_Laut_Arafuru,NOAA_ERDDAP
2023-01,-6.75,138.25,30.858,4.8845,1.1665,0.8957,0.4851,,,0.3607,WPP_718_Laut_Arafuru,NOAA_ERDDAP
2023-01,-6.25,132.25,29.279,0.1081,0.0281,-0.1962,0.2595,,,0.3306,WPP_718_Laut_Arafuru,NOAA_ERDDAP
2023-01,-6.25,132.75,28.828,0.125,-0.026,-0.1182,0.2693,,,0.349,WPP_718_Laut_Arafuru,NOAA_ERDDAP
2023-01,-6.25,133.25,29.195,0.0887,-0.1777,-0.0536,0.2462,,,0.3336,WPP_718_Laut_Arafuru,NOAA_ERDDAP
2023-01,-6.25,133.75,29.895,0.1583,-0.3385,-0.1912,0.2498,,,0.307,WPP_718_Laut_Arafuru,NOAA_ERDDAP
2023-01,-6.25,134.25,30.07,1.308,-0.4152,0.0122,0.2931,,,0.3224,WPP_718_Laut_Arafuru,NOAA_ERDDAP
2023-01,-6.25,134.75,30.183,1.5792,,,,,,0.3232,WPP_718_Laut_Arafuru,NOAA_ERDDAP
2023-01,-6.25,135.25,29.427,0.6765,-0.1376,0.1786,0.3093,,,0.3358,WPP_718_Laut_Arafuru,NOAA_ERDDAP
2023-01,-6.25,135.75,29.007,0.5472,0.0059,-0.1335,0.3011,,,0.3501,WPP_718_Laut_Arafuru,NOAA_ERDDAP
2023-01,-6.25,136.25,28.709,0.5005,-0.006,-0.3235,0.3235,,,0.3611,WPP_718_Laut_Arafuru,NOAA_ERDDAP
2023-01,-6.25,136.75,29.733,0.6426,0.2228,-0.0874,0.3596,,,0.3229,WPP_718_Laut_Arafuru,NOAA_ERDDAP
2023-01,-6.25,137.25,29.846,0.854,0.0593,-0.3233,0.3783,,,0.3225,WPP_718_Laut_Arafuru,NOAA_ERDDAP
2023-01,-6.25,137.75,30.901,3.5156,0.0866,-1.0216,0.3734,,,0.3322,WPP_718_Laut_Arafuru,NOAA_ERDDAP
2023-01,-6.25,138.25,31.594,5.8579,-0.0343,-0.705,0.4894,,,0.3502,WPP_718_Laut_Arafuru,NOAA_ERDDAP
2023-01,-5.75,132.25,29.334,0.1392,0.3776,-0.0008,0.2741,,,0.329,WPP_718_Laut_Arafuru,NOAA_ERDDAP
2023-01,-5.75,132.75,29.731,0.316,0.1644,-0.09,0.2727,,,0.3166,WPP_718_Laut_Arafuru,NOAA_ERDDAP
2023-01,-5.75,133.25,29.761,0.0865,0.0744,0.2537,0.2569,,,0.3109,WPP_718_Laut_Arafuru,NOAA_ERDDAP
2023-01,-5.75,133.75,30.084,0.1002,-0.1977,-0.0986,0.2321,,,0.2983,WPP_718_Laut_Arafuru,NOAA_ERDDAP
2023-01,-5.75,134.25,29.956,2.6684,-0.4291,0.0051,0.2664,,,0.3535,WPP_718_Laut_Arafuru,NOAA_ERDDAP
2023-01,-5.75,134.75,29.724,1.7782,,,,,,0.3454,WPP_718_Laut_Arafuru,NOAA_ERDDAP
2023-01,-5.75,135.25,29.705,0.6572,-0.4399,0.0539,0.2974,,,0.3243,WPP_718_Laut_Arafuru,NOAA_ERDDAP
2023-01,-5.75,135.75,30.024,0.5105,-0.2093,-0.1296,0.292,,,0.3087,WPP_718_Laut_Arafuru,NOAA_ERDDAP
2023-01,-5.75,136.25,29.962,0.5094,-0.0683,-0.6561,0.3267,,,0.3111,WPP_718_Laut_Arafuru,NOAA_ERDDAP
2023-01,-5.75,136.75,29.877,0.4723,-0.1291,-0.2892,0.369,,,0.3138,WPP_718_Laut_Arafuru,NOAA_ERDDAP
2023-01,-5.75,137.25,30.731,0.908,0.3226,-0.4336,0.3733,,,0.2881,WPP_718_Laut_Arafuru,NOAA_ERDDAP
2023-01,-5.75,137.75,31.052,4.038,0.2226,-0.4408,0.396,,,0.3364,WPP_718_Laut_Arafuru,NOAA_ERDDAP
2023-01,-5.25,132.25,29.263,0.1056,0.0356,-0.0384,0.2928,,,0.3312,WPP_718_Laut_Arafuru,NOAA_ERDDAP
2023-01,-5.25,132.75,29.606,0.1401,0.1535,0.178,0.2878,,,0.3182,WPP_718_Laut_Arafuru,NOAA_ERDDAP
2023-01,-5.25,133.25,30.093,0.1009,0.1431,0.3064,0.2677,,,0.2979,WPP_718_Laut_Arafuru,NOAA_ERDDAP
2023-01,-5.25,133.75,29.78,0.1265,0.2546,0.3576,0.2604,,,0.3109,WPP_718_Laut_Arafuru,NOAA_ERDDAP
2023-01,-5.25,134.25,29.694,0.3025,0.0642,0.1535,0.2694,,,0.3178,WPP_718_Laut_Arafuru,NOAA_ERDDAP
2023-01,-5.25,134.75,29.598,0.8686,-0.3636,-0.2506,0.2734,,,0.3327,WPP_718_Laut_Arafuru,NOAA_ERDDAP
2023-01,-5.25,135.25,29.873,0.5311,-0.4179,-0.2093,0.2783,,,0.3151,WPP_718_Laut_Arafuru,NOAA_ERDDAP
2023-01,-5.25,135.75,30.291,0.5016,-0.3397,-0.3393,0.2807,,,0.2978,WPP_718_Laut_Arafuru,NOAA_ERDDAP
2023-01,-5.25,136.25,30.524,0.5768,-0.2109,-0.7972,0.3195,,,0.29,WPP_718_Laut_Arafuru,NOAA_ERDDAP
2023-01,-5.25,136.75,30.589,1.0199,-0.0454,-0.2076,0.3639,,,0.296,WPP_718_Laut_Arafuru,NOAA_ERDDAP
2023-01,-5.25,137.25,31.215,3.0772,0.1139,-0.1727,0.3727,,,0.3111,WPP_718_Laut_Arafuru,NOAA_ERDDAP
2023-01,-5.25,137.75,32.016,5.0605,0.1451,-0.5772,0.4144,,,0.3178,WPP_718_Laut_Arafuru,NOAA_ERDDAP
2023-01,-4.75,132.25,29.48,0.1008,0.119,-0.1951,0.297,,,0.3224,WPP_718_Laut_Arafuru,NOAA_ERDDAP
2023-01,-4.75,132.75,30.472,0.1252,0.0129,0.1381,0.3027,,,0.2832,WPP_718_Laut_Arafuru,NOAA_ERDDAP
2023-01,-4.75,133.25,30.346,0.1897,-0.2762,0.3854,0.2903,,,0.2895,WPP_718_Laut_Arafuru,NOAA_ERDDAP
2023-01,-4.75,133.75,30.559,0.1658,-0.1795,0.6402,0.288,,,0.2805,WPP_718_Laut_Arafuru,NOAA_ERDDAP
2023-01,-4.75,134.25,30.224,0.1404,-0.177,0.1521,0.2949,,,0.2934,WPP_718_Laut_Arafuru,NOAA_ERDDAP
2023-01,-4.75,134.75,29.753,0.3394,-0.3436,0.0361,0.2778,,,0.3162,WPP_718_Laut_Arafuru,NOAA_ERDDAP
2023-01,-4.75,135.25,30.509,0.6482,-0.3223,-0.2653,0.2708,,,0.292,WPP_718_Laut_Arafuru,NOAA_ERDDAP
2023-01,-4.75,135.75,30.96,0.8974,-0.2932,-0.5815,0.278,,,0.2788,WPP_718_Laut_Arafuru,NOAA_ERDDAP
2023-01,-4.75,136.25,31.185,1.9848,-0.2865,-0.7023,0.3118,,,0.291,WPP_718_Laut_Arafuru,NOAA_ERDDAP
2023-01,-4.75,136.75,31.866,3.9468,-0.3243,-0.8091,0.3382,,,0.302,WPP_718_Laut_Arafuru,NOAA_ERDDAP
2023-01,-4.25,132.25,29.803,0.1198,-0.4275,-0.0577,0.2841,,,0.3099,WPP_718_Laut_Arafuru,NOAA_ERDDAP
2023-01,-4.25,132.75,30.191,0.19,-0.0888,0.2561,0.3036,,,0.2957,WPP_718_Laut_Arafuru,NOAA_ERDDAP
2023-01,-4.25,133.25,30.593,0.2119,-1.01,0.2312,0.2838,,,0.2801,WPP_718_Laut_Arafuru,NOAA_ERDDAP
2023-01,-4.25,133.75,31.1,0.1643,-0.855,0.8079,0.3043,,,0.2589,WPP_718_Laut_Arafuru,NOAA_ERDDAP
2023-01,-4.25,134.25,30.709,0.1697,0.1677,-0.2869,0.3126,,,0.2746,WPP_718_Laut_Arafuru,NOAA_ERDDAP
2023-01,-4.25,134.75,30.824,0.7916,0.2173,0.4665,0.3046,,,0.2822,WPP_718_Laut_Arafuru,NOAA_ERDDAP
2023-01,-4.25,135.25,31.095,2.2964,0.0761,-0.5536,0.2763,,,0.3007,WPP_718_Laut_Arafuru,NOAA_ERDDAP
2023-01,-4.25,135.75,31.272,3.6997,,,,,,0.321,WPP_718_Laut_Arafuru,NOAA_ERDDAP
2023-02,-8.75,132.25,29.198,0.1305,-0.1747,-0.156,0.2159,,,0.3343,WPP_718_Laut_Arafuru,NOAA_ERDDAP
2023-02,-8.75,132.75,29.287,0.1647,-0.1327,-0.0436,0.2278,,,0.3314,WPP_718_Laut_Arafuru,NOAA_ERDDAP
2023-02,-8.75,133.25,28.989,0.1729,-0.134,-0.1211,0.2471,,,0.3435,WPP_718_Laut_Arafuru,NOAA_ERDDAP
2023-02,-8.75,133.75,28.953,0.0979,-0.1879,0.0415,0.2506,,,0.3435,WPP_718_Laut_Arafuru,NOAA_ERDDAP
2023-02,-8.75,134.25,29.077,0.0917,-0.0873,-0.1354,0.2614,,,0.3384,WPP_718_Laut_Arafuru,NOAA_ERDDAP
2023-02,-8.75,134.75,29.358,0.0887,-0.1148,-0.2174,0.2719,,,0.3271,WPP_718_Laut_Arafuru,NOAA_ERDDAP
2023-02,-8.75,135.25,29.14,0.2204,-0.1266,-0.1355,0.3254,,,0.3384,WPP_718_Laut_Arafuru,NOAA_ERDDAP
2023-02,-8.75,135.75,29.239,0.3196,0.0442,-0.1357,0.3364,,,0.3363,WPP_718_Laut_Arafuru,NOAA_ERDDAP
2023-02,-8.75,136.75,29.166,0.7335,0.1068,0.1802,0.3591,,,0.3473,WPP_718_Laut_Arafuru,NOAA_ERDDAP
2023-02,-8.75,137.25,29.063,1.0157,0.2408,-0.2408,0.349,,,0.357,WPP_718_Laut_Arafuru,NOAA_ERDDAP
2023-02,-8.75,137.75,29.051,0.5698,0.2659,-0.6627,0.4112,,,0.3487,WPP_718_Laut_Arafuru,NOAA_ERDDAP
2023-02,-8.75,138.25,30.098,0.6397,-0.0326,0.025,0.4625,,,0.3082,WPP_718_Laut_Arafuru,NOAA_ERDDAP
2023-02,-8.75,138.75,29.226,3.4089,0.2079,0.139,0.4727,,,0.3971,WPP_718_Laut_Arafuru,NOAA_ERDDAP
2023-02,-8.75,139.25,28.762,1.9563,-0.1041,1.3864,0.3991,,,0.3874,WPP_718_Laut_Arafuru,NOAA_ERDDAP
2023-02,-8.75,139.75,29.354,1.6942,-0.6825,-0.5745,0.3388,,,0.3586,WPP_718_Laut_Arafuru,NOAA_ERDDAP
2023-02,-8.75,140.25,29.203,2.3378,0.1526,-0.9757,0.442,,,0.3772,WPP_718_Laut_Arafuru,NOAA_ERDDAP
2023-02,-8.75,140.75,29.928,3.819,-0.361,-1.0665,0.5072,,,0.3771,WPP_718_Laut_Arafuru,NOAA_ERDDAP
2023-02,-8.25,132.25,29.348,0.1069,-0.1563,-0.2585,0.2091,,,0.3278,WPP_718_Laut_Arafuru,NOAA_ERDDAP
2023-02,-8.25,132.75,29.106,0.1118,-0.0923,-0.0355,0.2223,,,0.3376,WPP_718_Laut_Arafuru,NOAA_ERDDAP
2023-02,-8.25,133.25,29.007,0.1056,0.0145,-0.2294,0.2394,,,0.3414,WPP_718_Laut_Arafuru,NOAA_ERDDAP
2023-02,-8.25,133.75,28.953,0.0973,-0.0641,0.1236,0.2407,,,0.3434,WPP_718_Laut_Arafuru,NOAA_ERDDAP
2023-02,-8.25,134.25,28.844,0.0843,-0.0095,-0.0922,0.2428,,,0.3476,WPP_718_Laut_Arafuru,NOAA_ERDDAP
2023-02,-8.25,134.75,29.089,0.0996,-0.2445,-0.2642,0.271,,,0.338,WPP_718_Laut_Arafuru,NOAA_ERDDAP
2023-02,-8.25,135.25,29.156,0.155,-0.1228,-0.1874,0.3135,,,0.3365,WPP_718_Laut_Arafuru,NOAA_ERDDAP
2023-02,-8.25,136.25,29.158,0.2809,-0.1057,-0.1462,0.349,,,0.3388,WPP_718_Laut_Arafuru,NOAA_ERDDAP
2023-02,-8.25,139.25,29.936,2.6273,-0.6649,1.2209,0.3518,,,0.3535,WPP_718_Laut_Arafuru,NOAA_ERDDAP
2023-02,-8.25,139.75,29.422,2.1232,-0.2466,-0.0096,0.3092,,,0.3642,WPP_718_Laut_Arafuru,NOAA_ERDDAP
2023-02,-7.75,132.25,28.435,0.0867,0.1163,-0.3405,0.2218,,,0.364,WPP_718_Laut_Arafuru,NOAA_ERDDAP
2023-02,-7.75,134.25,29.286,0.1065,-0.2951,0.1673,0.2259,,,0.3303,WPP_718_Laut_Arafuru,NOAA_ERDDAP
2023-02,-7.75,134.75,29.434,0.0956,0.0822,-0.4296,0.2602,,,0.3242,WPP_718_Laut_Arafuru,NOAA_ERDDAP
2023-02,-7.75,135.25,29.206,0.0637,0.0712,-0.3047,0.3047,,,0.3327,WPP_718_Laut_Arafuru,NOAA_ERDDAP
2023-02,-7.75,136.25,28.62,0.5301,0.0149,-0.1818,0.3395,,,0.3652,WPP_718_Laut_Arafuru,NOAA_ERDDAP
2023-02,-7.75,137.25,29.104,0.3516,-0.229,0.8005,0.2597,,,0.3424,WPP_718_Laut_Arafuru,NOAA_ERDDAP
2023-02,-7.75,137.75,29.298,0.443,-0.9798,-1.1112,0.2388,,,0.3364,WPP_718_Laut_Arafuru,NOAA_ERDDAP
2023-02,-7.25,132.25,28.592,0.0715,-0.1816,-0.2604,0.2171,,,0.3574,WPP_718_Laut_Arafuru,NOAA_ERDDAP
2023-02,-7.25,132.75,28.659,0.0936,-0.0173,-0.1257,0.2449,,,0.3551,WPP_718_Laut_Arafuru,NOAA_ERDDAP
2023-02,-7.25,133.25,28.499,0.088,-0.0564,-0.0096,0.246,,,0.3614,WPP_718_Laut_Arafuru,NOAA_ERDDAP
2023-02,-7.25,133.75,29.251,0.1909,-0.0782,0.4111,0.2378,,,0.3334,WPP_718_Laut_Arafuru,NOAA_ERDDAP
2023-02,-7.25,134.25,29.41,0.4044,-0.0358,-0.2846,0.2165,,,0.3312,WPP_718_Laut_Arafuru,NOAA_ERDDAP
2023-02,-7.25,134.75,29.959,0.3739,0.2187,-0.5282,0.252,,,0.3086,WPP_718_Laut_Arafuru,NOAA_ERDDAP
2023-02,-7.25,135.25,29.557,0.1044,0.0771,-0.2684,0.3191,,,0.3194,WPP_718_Laut_Arafuru,NOAA_ERDDAP
2023-02,-7.25,137.25,29.281,0.3708,-0.082,0.3676,0.2629,,,0.3357,WPP_718_Laut_Arafuru,NOAA_ERDDAP
2023-02,-7.25,137.75,29.561,0.4455,-0.0958,-0.3749,0.1828,,,0.3259,WPP_718_Laut_Arafuru,NOAA_ERDDAP
2023-02,-7.25,138.25,29.691,0.4017,-0.0158,-0.1182,0.2713,,,0.3199,WPP_718_Laut_Arafuru,NOAA_ERDDAP
2023-02,-6.75,132.25,28.988,0.0984,-0.1275,-0.4758,0.2139,,,0.3421,WPP_718_Laut_Arafuru,NOAA_ERDDAP
2023-02,-6.75,132.75,29.252,0.0961,-0.0079,-0.2017,0.2434,,,0.3315,WPP_718_Laut_Arafuru,NOAA_ERDDAP
2023-02,-6.75,133.25,29.346,0.0899,0.0849,-0.1481,0.2509,,,0.3276,WPP_718_Laut_Arafuru,NOAA_ERDDAP
2023-02,-6.75,133.75,29.666,0.221,0.1264,0.3054,0.2464,,,0.3173,WPP_718_Laut_Arafuru,NOAA_ERDDAP
2023-02,-6.75,134.25,30.162,2.0263,0.3985,-0.2194,0.2514,,,0.3327,WPP_718_Laut_Arafuru,NOAA_ERDDAP
2023-02,-6.75,134.75,30.712,1.0821,-0.0942,-0.4794,0.2944,,,0.2923,WPP_718_Laut_Arafuru,NOAA_ERDDAP
2023-02,-6.75,135.25,29.504,0.9888,-0.1125,-0.0799,0.3231,,,0.3388,WPP_718_Laut_Arafuru,NOAA_ERDDAP
2023-02,-6.75,135.75,29.338,0.8816,-0.0017,-0.2087,0.3348,,,0.3433,WPP_718_Laut_Arafuru,NOAA_ERDDAP
2023-02,-6.75,136.25,29.449,0.979,0.0693,-0.0173,0.3218,,,0.3408,WPP_718_Laut_Arafuru,NOAA_ERDDAP
2023-02,-6.75,136.75,29.682,1.1308,-0.0081,0.6247,0.311,,,0.3345,WPP_718_Laut_Arafuru,NOAA_ERDDAP
2023-02,-6.75,137.75,29.726,2.103,0.883,0.6018,0.2596,,,0.3517,WPP_718_Laut_Arafuru,NOAA_ERDDAP
2023-02,-6.25,132.25,29.088,0.0958,0.2249,-0.4846,0.2351,,,0.338,WPP_718_Laut_Arafuru,NOAA_ERDDAP
2023-02,-6.25,132.75,29.379,0.0754,0.1418,-0.1995,0.2404,,,0.326,WPP_718_Laut_Arafuru,NOAA_ERDDAP
2023-02,-6.25,133.25,29.876,0.0719,-0.0127,0.0064,0.255,,,0.306,WPP_718_Laut_Arafuru,NOAA_ERDDAP
2023-02,-6.25,133.75,29.919,0.1598,0.0269,-0.2759,0.2452,,,0.306,WPP_718_Laut_Arafuru,NOAA_ERDDAP
2023-02,-6.25,134.25,31.34,5.346,-0.3005,0.2202,0.2667,,,0.3504,WPP_718_Laut_Arafuru,NOAA_ERDDAP
2023-02,-6.25,134.75,30.045,2.866,,,,,,0.3538,WPP_718_Laut_Arafuru,NOAA_ERDDAP
2023-02,-6.25,135.25,29.617,0.8342,-0.3012,0.0821,0.3157,,,0.3313,WPP_718_Laut_Arafuru,NOAA_ERDDAP
2023-02,-6.25,135.75,29.724,0.3583,-0.3087,-0.3371,0.3164,,,0.3177,WPP_718_Laut_Arafuru,NOAA_ERDDAP
2023-02,-6.25,136.25,29.744,0.3016,-0.062,-0.1042,0.3071,,,0.3158,WPP_718_Laut_Arafuru,NOAA_ERDDAP
2023-02,-6.25,136.75,29.93,0.8637,0.159,0.3242,0.2981,,,0.3193,WPP_718_Laut_Arafuru,NOAA_ERDDAP
2023-02,-6.25,137.25,29.383,1.7741,0.4581,-0.4805,0.3169,,,0.359,WPP_718_Laut_Arafuru,NOAA_ERDDAP
2023-02,-6.25,137.75,30.146,1.2316,1.1032,0.2552,0.3305,,,0.3179,WPP_718_Laut_Arafuru,NOAA_ERDDAP
2023-02,-6.25,138.25,30.609,3.5025,0.989,-0.8496,0.342,,,0.3437,WPP_718_Laut_Arafuru,NOAA_ERDDAP
2023-02,-5.75,132.25,29.606,0.0801,0.5003,-0.3126,0.2595,,,0.317,WPP_718_Laut_Arafuru,NOAA_ERDDAP
2023-02,-5.75,132.75,29.856,0.1052,-0.0673,-0.334,0.2713,,,0.3075,WPP_718_Laut_Arafuru,NOAA_ERDDAP
2023-02,-5.75,133.25,29.654,0.0699,-0.0083,0.3693,0.2609,,,0.3149,WPP_718_Laut_Arafuru,NOAA_ERDDAP
2023-02,-5.75,133.75,29.805,0.0609,-0.1688,-0.1067,0.2481,,,0.3087,WPP_718_Laut_Arafuru,NOAA_ERDDAP
2023-02,-5.75,134.25,30.706,2.2162,-0.7058,0.2156,0.2606,,,0.3147,WPP_718_Laut_Arafuru,NOAA_ERDDAP
2023-02,-5.75,134.75,29.725,1.3291,,,,,,0.3366,WPP_718_Laut_Arafuru,NOAA_ERDDAP
2023-02,-5.75,135.25,29.696,0.3347,-0.9628,0.033,0.2816,,,0.3184,WPP_718_Laut_Arafuru,NOAA_ERDDAP
2023-02,-5.75,135.75,29.864,0.3263,-0.6685,-0.3675,0.2869,,,0.3115,WPP_718_Laut_Arafuru,NOAA_ERDDAP
2023-02,-5.75,136.25,30.255,0.3469,-0.2211,-0.3147,0.3159,,,0.2962,WPP_718_Laut_Arafuru,NOAA_ERDDAP
2023-02,-5.75,136.75,30.172,0.2826,0.1181,-0.2346,0.3187,,,0.2983,WPP_718_Laut_Arafuru,NOAA_ERDDAP
2023-02,-5.75,137.25,29.689,0.5148,0.3575,-0.6541,0.3485,,,0.3222,WPP_718_Laut_Arafuru,NOAA_ERDDAP
2023-02,-5.75,137.75,31.076,3.488,0.9643,-0.4308,0.4372,,,0.3247,WPP_718_Laut_Arafuru,NOAA_ERDDAP
2023-02,-5.25,132.25,29.294,0.0741,-0.0388,0.0203,0.2567,,,0.3294,WPP_718_Laut_Arafuru,NOAA_ERDDAP
2023-02,-5.25,133.25,29.439,0.0687,-0.0401,0.3793,0.2516,,,0.3234,WPP_718_Laut_Arafuru,NOAA_ERDDAP
2023-02,-5.25,133.75,29.478,0.0732,-0.2367,0.3773,0.2514,,,0.322,WPP_718_Laut_Arafuru,NOAA_ERDDAP
2023-02,-5.25,134.25,29.881,0.4554,-0.045,0.0992,0.2549,,,0.3133,WPP_718_Laut_Arafuru,NOAA_ERDDAP
2023-02,-5.25,134.75,29.901,0.6446,-0.5763,-0.2562,0.247,,,0.3162,WPP_718_Laut_Arafuru,NOAA_ERDDAP
2023-02,-5.25,135.25,30.479,0.4058,0.0194,-0.1236,0.2665,,,0.2884,WPP_718_Laut_Arafuru,NOAA_ERDDAP
2023-02,-5.25,135.75,30.678,0.3306,-0.003,-0.6123,0.2862,,,0.279,WPP_718_Laut_Arafuru,NOAA_ERDDAP
2023-02,-5.25,136.25,31.092,0.3424,-0.2175,-0.5409,0.3024,,,0.2627,WPP_718_Laut_Arafuru,NOAA_ERDDAP
2023-02,-5.25,136.75,31.007,0.6993,0.0116,-0.473,0.3236,,,0.273,WPP_718_Laut_Arafuru,NOAA_ERDDAP
2023-02,-5.25,137.25,31.314,3.2261,0.3553,-0.3757,0.3712,,,0.3101,WPP_718_Laut_Arafuru,NOAA_ERDDAP
2023-02,-5.25,137.75,31.635,4.6445,0.1031,-1.8905,0.4597,,,0.3249,WPP_718_Laut_Arafuru,NOAA_ERDDAP
2023-02,-4.75,132.25,28.876,0.1314,0.1227,-0.151,0.267,,,0.3472,WPP_718_Laut_Arafuru,NOAA_ERDDAP
2023-02,-4.75,132.75,29.339,0.1348,0.0253,0.2199,0.2627,,,0.3287,WPP_718_Laut_Arafuru,NOAA_ERDDAP
2023-02,-4.75,133.25,29.636,0.0771,-0.0761,0.1655,0.2741,,,0.3157,WPP_718_Laut_Arafuru,NOAA_ERDDAP
2023-02,-4.75,133.75,30.1,0.1164,-0.3846,0.7616,0.249,,,0.2979,WPP_718_Laut_Arafuru,NOAA_ERDDAP
2023-02,-4.75,134.25,30.467,0.1205,-0.2218,0.2896,0.2551,,,0.2833,WPP_718_Laut_Arafuru,NOAA_ERDDAP
2023-02,-4.75,134.75,30.899,0.2229,-0.2402,-0.2803,0.2489,,,0.2681,WPP_718_Laut_Arafuru,NOAA_ERDDAP
2023-02,-4.75,135.25,30.744,0.4003,-0.2604,-0.6571,0.2629,,,0.2777,WPP_718_Laut_Arafuru,NOAA_ERDDAP
2023-02,-4.75,135.75,30.971,0.8497,-0.2497,-0.3551,0.2789,,,0.2774,WPP_718_Laut_Arafuru,NOAA_ERDDAP
2023-02,-4.75,136.25,31.731,2.1353,-0.1796,-0.6554,0.3007,,,0.2721,WPP_718_Laut_Arafuru,NOAA_ERDDAP
2023-02,-4.75,136.75,32.286,4.0353,-0.1058,-0.8858,0.3364,,,0.287,WPP_718_Laut_Arafuru,NOAA_ERDDAP
2023-02,-4.25,132.25,29.088,0.0911,0.0256,-0.1621,0.2742,,,0.3379,WPP_718_Laut_Arafuru,NOAA_ERDDAP
2023-02,-4.25,132.75,29.827,0.1583,0.0076,0.4226,0.2804,,,0.3097,WPP_718_Laut_Arafuru,NOAA_ERDDAP
2023-02,-4.25,133.25,30.244,0.1047,-1.3589,0.746,0.2709,,,0.2919,WPP_718_Laut_Arafuru,NOAA_ERDDAP
2023-02,-4.25,133.75,30.471,0.1352,-0.8039,0.6911,0.2517,,,0.2835,WPP_718_Laut_Arafuru,NOAA_ERDDAP
2023-02,-4.25,134.25,30.63,0.1661,-0.3911,0.035,0.2399,,,0.2777,WPP_718_Laut_Arafuru,NOAA_ERDDAP
2023-02,-4.25,134.75,31.221,0.9024,-0.1578,-0.2996,0.2464,,,0.2684,WPP_718_Laut_Arafuru,NOAA_ERDDAP
2023-02,-4.25,135.25,30.723,2.1684,-0.1909,-0.6112,0.2635,,,0.3131,WPP_718_Laut_Arafuru,NOAA_ERDDAP
2023-02,-4.25,135.75,32.45,3.4949,,,,,,0.2699,WPP_718_Laut_Arafuru,NOAA_ERDDAP
2023-03,-8.75,132.25,31.231,0.1816,-0.145,-0.0053,0.2259,,,0.254,WPP_718_Laut_Arafuru,NOAA_ERDDAP
2023-03,-8.75,132.75,31.173,0.1268,-0.2202,-0.0626,0.2337,,,0.2552,WPP_718_Laut_Arafuru,NOAA_ERDDAP
2023-03,-8.75,133.25,30.909,0.0814,-0.1965,0.0123,0.2346,,,0.2649,WPP_718_Laut_Arafuru,NOAA_ERDDAP
2023-03,-8.75,133.75,30.837,0.083,-0.1502,-0.0466,0.2467,,,0.2678,WPP_718_Laut_Arafuru,NOAA_ERDDAP
2023-03,-8.75,134.25,30.781,0.1066,-0.0989,-0.1762,0.2644,,,0.2705,WPP_718_Laut_Arafuru,NOAA_ERDDAP
2023-03,-8.75,134.75,30.018,0.1252,0.0517,-0.0883,0.2851,,,0.3014,WPP_718_Laut_Arafuru,NOAA_ERDDAP
2023-03,-8.75,135.25,29.599,0.157,-0.1952,0.1529,0.2916,,,0.3188,WPP_718_Laut_Arafuru,NOAA_ERDDAP
2023-03,-8.75,135.75,29.705,0.3482,-0.0983,-0.0953,0.2775,,,0.3183,WPP_718_Laut_Arafuru,NOAA_ERDDAP
2023-03,-8.75,136.25,30.089,0.3312,-0.0041,-0.2212,0.3002,,,0.3026,WPP_718_Laut_Arafuru,NOAA_ERDDAP
2023-03,-8.75,136.75,30.085,0.4914,-0.0729,-0.3211,0.326,,,0.3059,WPP_718_Laut_Arafuru,NOAA_ERDDAP
2023-03,-8.75,137.25,30.487,1.7431,0.0056,-0.0477,0.361,,,0.3142,WPP_718_Laut_Arafuru,NOAA_ERDDAP
2023-03,-8.75,137.75,29.691,1.3016,0.3907,-0.2079,0.3683,,,0.3374,WPP_718_Laut_Arafuru,NOAA_ERDDAP
2023-03,-8.75,138.25,29.823,1.5114,0.3896,0.1376,0.4339,,,0.3362,WPP_718_Laut_Arafuru,NOAA_ERDDAP
2023-03,-8.75,138.75,29.7,1.9892,-0.1888,0.0092,0.3965,,,0.3505,WPP_718_Laut_Arafuru,NOAA_ERDDAP
2023-03,-8.75,139.25,29.514,1.3497,-0.2777,0.8307,0.3278,,,0.3454,WPP_718_Laut_Arafuru,NOAA_ERDDAP
2023-03,-8.75,139.75,30.131,1.908,-0.3203,-0.4331,0.3402,,,0.3317,WPP_718_Laut_Arafuru,NOAA_ERDDAP
2023-03,-8.75,140.25,30.192,2.7304,-0.1496,-0.7616,0.4067,,,0.3453,WPP_718_Laut_Arafuru,NOAA_ERDDAP
2023-03,-8.25,132.25,30.638,0.132,-0.0829,0.0323,0.2239,,,0.2767,WPP_718_Laut_Arafuru,NOAA_ERDDAP
2023-03,-8.25,132.75,30.691,0.1008,-0.0299,0.0096,0.2266,,,0.274,WPP_718_Laut_Arafuru,NOAA_ERDDAP
2023-03,-8.25,133.25,30.637,0.0972,0.0251,-0.0353,0.2246,,,0.2761,WPP_718_Laut_Arafuru,NOAA_ERDDAP
2023-03,-8.25,133.75,30.576,0.084,-0.0264,-0.2571,0.2419,,,0.2783,WPP_718_Laut_Arafuru,NOAA_ERDDAP
2023-03,-8.25,134.25,30.346,0.0706,-0.2571,0.0454,0.2621,,,0.2872,WPP_718_Laut_Arafuru,NOAA_ERDDAP
2023-03,-8.25,134.75,29.1,0.1106,-0.1395,-0.1842,0.2802,,,0.3378,WPP_718_Laut_Arafuru,NOAA_ERDDAP
2023-03,-8.25,135.25,29.404,0.1945,-0.0572,0.0924,0.271,,,0.3273,WPP_718_Laut_Arafuru,NOAA_ERDDAP
2023-03,-8.25,135.75,29.421,0.3569,-0.0237,-0.0329,0.2765,,,0.3298,WPP_718_Laut_Arafuru,NOAA_ERDDAP
2023-03,-8.25,136.25,30.034,0.3821,0.0013,-0.1931,0.2937,,,0.3058,WPP_718_Laut_Arafuru,NOAA_ERDDAP
2023-03,-8.25,136.75,30.784,3.2378,0.0859,0.2986,0.3319,,,0.3315,WPP_718_Laut_Arafuru,NOAA_ERDDAP
2023-03,-8.25,137.25,30.68,4.6411,-0.0348,-0.7712,0.3744,,,0.363,WPP_718_Laut_Arafuru,NOAA_ERDDAP
2023-03,-8.25,137.75,30.462,3.1809,-0.363,-0.4231,0.4161,,,0.3433,WPP_718_Laut_Arafuru,NOAA_ERDDAP
2023-03,-8.25,138.25,29.945,2.8296,-0.1791,0.063,0.4497,,,0.3571,WPP_718_Laut_Arafuru,NOAA_ERDDAP
2023-03,-8.25,138.75,30.455,4.3757,-0.0021,0.8219,0.4258,,,0.3669,WPP_718_Laut_Arafuru,NOAA_ERDDAP
2023-03,-8.25,139.25,30.101,3.8451,0.1158,0.7424,0.3023,,,0.3707,WPP_718_Laut_Arafuru,NOAA_ERDDAP
2023-03,-8.25,139.75,30.171,3.2016,-0.4995,-0.4136,0.2832,,,0.3553,WPP_718_Laut_Arafuru,NOAA_ERDDAP
2023-03,-8.25,140.25,31.895,3.1802,-0.4215,-0.6721,0.39,,,0.2859,WPP_718_Laut_Arafuru,NOAA_ERDDAP
2023-03,-7.75,132.25,30.454,0.1011,0.1675,0.1572,0.2512,,,0.2835,WPP_718_Laut_Arafuru,NOAA_ERDDAP
2023-03,-7.75,132.75,30.525,0.0745,0.2582,-0.0475,0.2345,,,0.2801,WPP_718_Laut_Arafuru,NOAA_ERDDAP
2023-03,-7.75,133.25,30.284,0.075,0.0918,-0.0328,0.2491,,,0.2898,WPP_718_Laut_Arafuru,NOAA_ERDDAP
2023-03,-7.75,133.75,30.247,0.0758,-0.1786,-0.1504,0.246,,,0.2913,WPP_718_Laut_Arafuru,NOAA_ERDDAP
2023-03,-7.75,134.25,30.385,0.0861,0.0439,-0.1005,0.2436,,,0.2859,WPP_718_Laut_Arafuru,NOAA_ERDDAP
2023-03,-7.75,134.75,29.253,0.0968,-0.1142,-0.1598,0.2662,,,0.3314,WPP_718_Laut_Arafuru,NOAA_ERDDAP
2023-03,-7.75,135.25,29.308,0.1138,-0.0062,0.1047,0.2676,,,0.3296,WPP_718_Laut_Arafuru,NOAA_ERDDAP
2023-03,-7.75,135.75,30.009,0.1597,-0.0523,-0.2237,0.276,,,0.3024,WPP_718_Laut_Arafuru,NOAA_ERDDAP
2023-03,-7.75,136.25,30.363,0.4535,-0.0122,-0.2782,0.3072,,,0.294,WPP_718_Laut_Arafuru,NOAA_ERDDAP
2023-03,-7.75,136.75,30.934,3.116,-0.1705,0.5381,0.3268,,,0.3231,WPP_718_Laut_Arafuru,NOAA_ERDDAP
2023-03,-7.75,137.25,30.409,4.1143,-0.6185,-0.5557,0.3075,,,0.3636,WPP_718_Laut_Arafuru,NOAA_ERDDAP
2023-03,-7.75,137.75,31.002,4.0935,0.1704,-0.9181,0.4118,,,0.3395,WPP_718_Laut_Arafuru,NOAA_ERDDAP
2023-03,-7.25,132.25,30.612,0.09,-0.1584,0.0244,0.239,,,0.2769,WPP_718_Laut_Arafuru,NOAA_ERDDAP
2023-03,-7.25,132.75,30.514,0.0749,-0.2112,-0.1196,0.2356,,,0.2806,WPP_718_Laut_Arafuru,NOAA_ERDDAP
2023-03,-7.25,133.25,30.517,0.0633,-0.2263,-0.2732,0.2503,,,0.2802,WPP_718_Laut_Arafuru,NOAA_ERDDAP
2023-03,-7.25,133.75,30.652,0.1219,0.1802,0.1085,0.2464,,,0.276,WPP_718_Laut_Arafuru,NOAA_ERDDAP
2023-03,-7.25,134.25,30.132,0.2456,-0.0797,-0.1095,0.2448,,,0.2992,WPP_718_Laut_Arafuru,NOAA_ERDDAP
2023-03,-7.25,134.75,30.533,0.297,-0.0198,-0.0252,0.2676,,,0.2841,WPP_718_Laut_Arafuru,NOAA_ERDDAP
2023-03,-7.25,135.25,30.509,0.1607,-0.0495,-0.06,0.2661,,,0.2824,WPP_718_Laut_Arafuru,NOAA_ERDDAP
2023-03,-7.25,135.75,30.914,0.2194,0.002,-0.1469,0.2842,,,0.2674,WPP_718_Laut_Arafuru,NOAA_ERDDAP
2023-03,-7.25,136.25,30.856,1.0369,-0.0795,-0.2695,0.303,,,0.2857,WPP_718_Laut_Arafuru,NOAA_ERDDAP
2023-03,-7.25,136.75,30.879,0.991,0.0093,0.1852,0.3141,,,0.2838,WPP_718_Laut_Arafuru,NOAA_ERDDAP
2023-03,-7.25,137.25,30.362,0.7537,0.7125,-0.5197,0.2871,,,0.2999,WPP_718_Laut_Arafuru,NOAA_ERDDAP
2023-03,-7.25,137.75,30.391,2.9535,0.3296,-1.3789,0.3957,,,0.3417,WPP_718_Laut_Arafuru,NOAA_ERDDAP
2023-03,-7.25,138.25,30.641,5.5074,0.6942,-0.5368,0.5114,,,0.3815,WPP_718_Laut_Arafuru,NOAA_ERDDAP
2023-03,-7.25,138.75,30.54,6.4287,0.8949,-0.0966,0.5364,,,0.4035,WPP_718_Laut_Arafuru,NOAA_ERDDAP
2023-03,-6.75,132.25,30.883,0.0806,-0.0792,-0.0825,0.2344,,,0.2659,WPP_718_Laut_Arafuru,NOAA_ERDDAP
2023-03,-6.75,132.75,30.941,0.0738,-0.016,-0.3988,0.2442,,,0.2635,WPP_718_Laut_Arafuru,NOAA_ERDDAP
2023-03,-6.75,133.25,30.593,0.0705,0.3074,0.1921,0.245,,,0.2773,WPP_718_Laut_Arafuru,NOAA_ERDDAP
2023-03,-6.75,133.75,30.033,0.2006,0.0095,-0.0077,0.2625,,,0.3023,WPP_718_Laut_Arafuru,NOAA_ERDDAP
2023-03,-6.75,134.25,30.585,3.3383,0.2249,-0.1194,0.2619,,,0.3414,WPP_718_Laut_Arafuru,NOAA_ERDDAP
2023-03,-6.75,134.75,30.796,2.0575,-0.0216,-0.134,0.2765,,,0.308,WPP_718_Laut_Arafuru,NOAA_ERDDAP
2023-03,-6.75,135.25,30.663,0.5099,0.0615,0.0152,0.2614,,,0.2831,WPP_718_Laut_Arafuru,NOAA_ERDDAP
2023-03,-6.75,135.75,30.331,0.7997,0.0971,-0.0838,0.2823,,,0.302,WPP_718_Laut_Arafuru,NOAA_ERDDAP
2023-03,-6.75,136.25,30.808,0.9808,-0.0982,-0.1387,0.2931,,,0.2865,WPP_718_Laut_Arafuru,NOAA_ERDDAP
2023-03,-6.75,136.75,31.488,1.3651,-0.1741,-0.3124,0.3082,,,0.2668,WPP_718_Laut_Arafuru,NOAA_ERDDAP
2023-03,-6.75,137.25,30.703,1.1918,0.9086,-0.6142,0.3925,,,0.2948,WPP_718_Laut_Arafuru,NOAA_ERDDAP
2023-03,-6.75,137.75,30.466,1.3934,0.8206,-0.954,0.4607,,,0.3082,WPP_718_Laut_Arafuru,NOAA_ERDDAP
2023-03,-6.75,138.25,30.307,3.6088,0.6563,-1.5772,0.6005,,,0.3578,WPP_718_Laut_Arafuru,NOAA_ERDDAP
2023-03,-6.75,138.75,30.676,6.4451,1.4487,0.2827,0.6662,,,0.3984,WPP_718_Laut_Arafuru,NOAA_ERDDAP
2023-03,-6.25,132.25,30.395,0.0688,-0.0255,-0.1711,0.2361,,,0.2852,WPP_718_Laut_Arafuru,NOAA_ERDDAP
2023-03,-6.25,132.75,31.295,0.0735,0.1746,-0.1297,0.2457,,,0.2493,WPP_718_Laut_Arafuru,NOAA_ERDDAP
2023-03,-6.25,133.25,31.083,0.0764,-0.0988,-0.2615,0.2494,,,0.2578,WPP_718_Laut_Arafuru,NOAA_ERDDAP
2023-03,-6.25,133.75,30.788,0.1987,-0.2305,0.0315,0.2532,,,0.272,WPP_718_Laut_Arafuru,NOAA_ERDDAP
2023-03,-6.25,134.25,31.122,2.6257,-0.3531,-0.048,0.2651,,,0.306,WPP_718_Laut_Arafuru,NOAA_ERDDAP
2023-03,-6.25,134.75,31.282,3.3003,,,,,,0.3128,WPP_718_Laut_Arafuru,NOAA_ERDDAP
2023-03,-6.25,135.25,30.461,0.4671,0.0901,-0.0075,0.2854,,,0.2903,WPP_718_Laut_Arafuru,NOAA_ERDDAP
2023-03,-6.25,135.75,30.467,0.3936,0.0,-0.0514,0.2877,,,0.2887,WPP_718_Laut_Arafuru,NOAA_ERDDAP
2023-03,-6.25,136.25,30.206,0.5564,-0.0064,-0.066,0.2878,,,0.3023,WPP_718_Laut_Arafuru,NOAA_ERDDAP
2023-03,-6.25,136.75,30.687,0.5036,0.0974,0.1001,0.3011,,,0.282,WPP_718_Laut_Arafuru,NOAA_ERDDAP
2023-03,-6.25,137.25,30.345,0.9669,0.3705,-1.7849,0.4444,,,0.3047,WPP_718_Laut_Arafuru,NOAA_ERDDAP
2023-03,-6.25,137.75,30.698,2.687,0.5868,-1.8975,0.5642,,,0.3242,WPP_718_Laut_Arafuru,NOAA_ERDDAP
2023-03,-6.25,138.25,31.231,4.8987,1.0351,-0.9553,0.6397,,,0.346,WPP_718_Laut_Arafuru,NOAA_ERDDAP
2023-03,-5.75,132.25,30.567,0.0834,0.3568,-0.0469,0.2575,,,0.2786,WPP_718_Laut_Arafuru,NOAA_ERDDAP
2023-03,-5.75,132.75,30.793,0.0992,-0.0009,-0.0646,0.2498,,,0.2699,WPP_718_Laut_Arafuru,NOAA_ERDDAP
2023-03,-5.75,133.25,31.127,0.08,-0.1222,0.0777,0.2364,,,0.2561,WPP_718_Laut_Arafuru,NOAA_ERDDAP
2023-03,-5.75,133.75,30.751,0.0966,0.0725,0.0745,0.2452,,,0.2715,WPP_718_Laut_Arafuru,NOAA_ERDDAP
2023-03,-5.75,134.25,30.972,1.7536,-0.4121,-0.0696,0.2481,,,0.295,WPP_718_Laut_Arafuru,NOAA_ERDDAP
2023-03,-5.75,134.75,30.883,2.1468,,,,,,0.3062,WPP_718_Laut_Arafuru,NOAA_ERDDAP
2023-03,-5.75,135.25,30.316,0.4041,-0.2799,-0.1052,0.2841,,,0.2949,WPP_718_Laut_Arafuru,NOAA_ERDDAP
2023-03,-5.75,135.75,30.757,0.4256,-0.1303,0.0241,0.2871,,,0.2777,WPP_718_Laut_Arafuru,NOAA_ERDDAP
2023-03,-5.75,136.25,30.194,0.4411,-0.0312,-0.1929,0.2856,,,0.3005,WPP_718_Laut_Arafuru,NOAA_ERDDAP
2023-03,-5.75,136.75,30.233,0.3543,0.0435,-0.4007,0.3149,,,0.2973,WPP_718_Laut_Arafuru,NOAA_ERDDAP
2023-03,-5.75,137.25,30.358,0.6309,-0.5995,-2.7305,0.408,,,0.2977,WPP_718_Laut_Arafuru,NOAA_ERDDAP
2023-03,-5.75,137.75,31.453,3.7012,0.25,-0.9211,0.5896,,,0.3138,WPP_718_Laut_Arafuru,NOAA_ERDDAP
2023-03,-5.75,138.25,32.656,6.3581,-1.1434,0.0119,0.6884,,,0.3175,WPP_718_Laut_Arafuru,NOAA_ERDDAP
2023-03,-5.25,132.25,31.117,0.0648,0.2017,-0.1098,0.2666,,,0.2563,WPP_718_Laut_Arafuru,NOAA_ERDDAP
2023-03,-5.25,132.75,30.909,0.0917,-0.061,0.1015,0.2641,,,0.2651,WPP_718_Laut_Arafuru,NOAA_ERDDAP
2023-03,-5.25,133.25,30.963,0.0678,0.0828,0.0763,0.2595,,,0.2625,WPP_718_Laut_Arafuru,NOAA_ERDDAP
2023-03,-5.25,133.75,30.946,0.0795,-0.1537,0.458,0.2674,,,0.2634,WPP_718_Laut_Arafuru,NOAA_ERDDAP
2023-03,-5.25,134.25,30.447,0.4726,0.0486,0.0354,0.2557,,,0.291,WPP_718_Laut_Arafuru,NOAA_ERDDAP
2023-03,-5.25,134.75,30.104,0.4099,-0.2939,-0.1808,0.2841,,,0.3035,WPP_718_Laut_Arafuru,NOAA_ERDDAP
2023-03,-5.25,135.25,30.186,0.3093,-0.4084,-0.3527,0.2795,,,0.2983,WPP_718_Laut_Arafuru,NOAA_ERDDAP
2023-03,-5.25,135.75,30.48,0.481,-0.4121,-0.1435,0.276,,,0.2899,WPP_718_Laut_Arafuru,NOAA_ERDDAP
2023-03,-5.25,136.25,30.856,0.4381,-0.2021,-0.3721,0.2789,,,0.274,WPP_718_Laut_Arafuru,NOAA_ERDDAP
2023-03,-5.25,136.75,30.764,0.5367,0.1563,-1.3194,0.3342,,,0.2796,WPP_718_Laut_Arafuru,NOAA_ERDDAP
2023-03,-5.25,137.25,30.981,2.911,-0.2052,-1.6098,0.3972,,,0.3172,WPP_718_Laut_Arafuru,NOAA_ERDDAP
2023-03,-5.25,137.75,32.241,5.4843,-0.5948,-1.311,0.5739,,,0.317,WPP_718_Laut_Arafuru,NOAA_ERDDAP
2023-03,-4.75,132.25,31.401,0.0623,-0.0298,-0.0765,0.2661,,,0.2448,WPP_718_Laut_Arafuru,NOAA_ERDDAP
2023-03,-4.75,132.75,31.056,0.0645,-0.0569,0.2633,0.2618,,,0.2587,WPP_718_Laut_Arafuru,NOAA_ERDDAP
2023-03,-4.75,133.25,30.428,0.0714,-0.1951,0.1268,0.2677,,,0.2839,WPP_718_Laut_Arafuru,NOAA_ERDDAP
2023-03,-4.75,133.75,30.429,0.0862,-0.224,0.3607,0.2795,,,0.2842,WPP_718_Laut_Arafuru,NOAA_ERDDAP
2023-03,-4.75,134.25,30.782,0.1093,-0.0656,0.3868,0.2754,,,0.2705,WPP_718_Laut_Arafuru,NOAA_ERDDAP
2023-03,-4.75,134.75,30.436,0.1673,-0.1747,-0.2405,0.2846,,,0.2855,WPP_718_Laut_Arafuru,NOAA_ERDDAP
2023-03,-4.75,135.25,30.525,0.3725,-0.1849,-0.2584,0.2836,,,0.2859,WPP_718_Laut_Arafuru,NOAA_ERDDAP
2023-03,-4.75,135.75,30.908,0.6082,-0.2971,-0.3168,0.274,,,0.2752,WPP_718_Laut_Arafuru,NOAA_ERDDAP
2023-03,-4.75,136.25,31.436,1.6221,-0.2346,-0.6116,0.2859,,,0.2739,WPP_718_Laut_Arafuru,NOAA_ERDDAP
2023-03,-4.75,136.75,32.667,4.0988,-0.1359,-1.0757,0.332,,,0.273,WPP_718_Laut_Arafuru,NOAA_ERDDAP
2023-03,-4.75,137.25,33.386,10.8602,,,,,,0.3761,WPP_718_Laut_Arafuru,NOAA_ERDDAP
2023-03,-4.25,132.25,31.297,0.0725,0.2278,0.0967,0.2817,,,0.2492,WPP_718_Laut_Arafuru,NOAA_ERDDAP
2023-03,-4.25,132.75,30.826,0.082,0.5012,0.0273,0.2794,,,0.2682,WPP_718_Laut_Arafuru,NOAA_ERDDAP
2023-03,-4.25,133.25,30.566,0.1353,-0.833,0.4929,0.2904,,,0.2797,WPP_718_Laut_Arafuru,NOAA_ERDDAP
2023-03,-4.25,133.75,30.681,0.1434,-0.6444,0.5868,0.2918,,,0.2752,WPP_718_Laut_Arafuru,NOAA_ERDDAP
2023-03,-4.25,134.25,30.575,0.1287,-0.3632,0.1698,0.2801,,,0.2792,WPP_718_Laut_Arafuru,NOAA_ERDDAP
2023-03,-4.25,134.75,31.537,0.5009,-0.2765,-0.1922,0.2751,,,0.248,WPP_718_Laut_Arafuru,NOAA_ERDDAP
2023-03,-4.25,135.25,30.762,1.6379,-0.1984,-0.4129,0.274,,,0.3011,WPP_718_Laut_Arafuru,NOAA_ERDDAP
2023-03,-4.25,135.75,31.718,3.1084,,,,,,0.2916,WPP_718_Laut_Arafuru,NOAA_ERDDAP
