time,latitude,longitude,chlorophyll_mgm3,source,wpp_hint
2023-01-16 00:00:00+00:00,6.0208306,94.97917,0.26922554,NOAA_ERDDAP,WPP_571_Selat_Malaka
2023-01-16 00:00:00+00:00,6.0208306,95.06251,0.2742494,NOAA_ERDDAP,WPP_571_Selat_Malaka
2023-01-16 00:00:00+00:00,6.0208306,95.14584,0.27755907,NOAA_ERDDAP,WPP_571_Selat_Malaka
2023-01-16 00:00:00+00:00,6.0208306,95.22917,0.29250282,NOAA_ERDDAP,WPP_571_Selat_Malaka
2023-01-16 00:00:00+00:00,6.0208306,95.31251,0.29705873,NOAA_ERDDAP,WPP_571_Selat_Malaka
2023-01-16 00:00:00+00:00,6.0208306,95.39584,0.29067737,NOAA_ERDDAP,WPP_571_Selat_Malaka
2023-01-16 00:00:00+00:00,6.0208306,95.47917,0.3153139,NOAA_ERDDAP,WPP_571_Selat_Malaka
2023-01-16 00:00:00+00:00,6.0208306,95.56251,0.3393677,NOAA_ERDDAP,WPP_571_Selat_Malaka
2023-01-16 00:00:00+00:00,6.0208306,95.64584,0.33787185,NOAA_ERDDAP,WPP_571_Selat_Malaka
2023-01-16 00:00:00+00:00,6.0208306,95.72917,0.34610707,NOAA_ERDDAP,WPP_571_Selat_Malaka
2023-01-16 00:00:00+00:00,6.0208306,95.81251,0.3538768,NOAA_ERDDAP,WPP_571_Selat_Malaka
2023-01-16 00:00:00+00:00,6.0208306,95.89584,0.336499,NOAA_ERDDAP,WPP_571_Selat_Malaka
2023-01-16 00:00:00+00:00,6.0208306,96.14584,0.7077045,NOAA_ERDDAP,WPP_571_Selat_Malaka
2023-01-16 00:00:00+00:00,6.0208306,96.22917,0.5709539,NOAA_ERDDAP,WPP_571_Selat_Malaka
2023-01-16 00:00:00+00:00,6.0208306,96.31251,0.4380749,NOAA_ERDDAP,WPP_571_Selat_Malaka
2023-01-16 00:00:00+00:00,6.0208306,96.39584,0.5076223,NOAA_ERDDAP,WPP_571_Selat_Malaka
2023-01-16 00:00:00+00:00,6.0208306,96.47917,0.26450786,NOAA_ERDDAP,WPP_571_Selat_Malaka
2023-01-16 00:00:00+00:00,6.0208306,96.56251,0.25909275,NOAA_ERDDAP,WPP_571_Selat_Malaka
2023-01-16 00:00:00+00:00,6.0208306,96.64584,0.28464803,NOAA_ERDDAP,WPP_571_Selat_Malaka
2023-01-16 00:00:00+00:00,6.0208306,96.72917,0.27707753,NOAA_ERDDAP,WPP_571_Selat_Malaka
2023-01-16 00:00:00+00:00,6.0208306,96.81251,0.2565947,NOAA_ERDDAP,WPP_571_Selat_Malaka
2023-01-16 00:00:00+00:00,6.0208306,96.89584,0.26901317,NOAA_ERDDAP,WPP_571_Selat_Malaka
2023-01-16 00:00:00+00:00,6.0208306,96.97917,0.26798674,NOAA_ERDDAP,WPP_571_Selat_Malaka
2023-01-16 00:00:00+00:00,6.0208306,97.06251,0.26939675,NOAA_ERDDAP,WPP_571_Selat_Malaka
2023-01-16 00:00:00+00:00,6.0208306,97.14584,0.23493057,NOAA_ERDDAP,WPP_571_Selat_Malaka
2023-01-16 00:00:00+00:00,6.0208306,97.22917,0.2544717,NOAA_ERDDAP,WPP_571_Selat_Malaka
2023-01-16 00:00:00+00:00,6.0208306,97.31251,0.2535156,NOAA_ERDDAP,WPP_571_Selat_Malaka
2023-01-16 00:00:00+00:00,6.0208306,97.39584,0.2728745,NOAA_ERDDAP,WPP_571_Selat_Malaka
2023-01-16 00:00:00+00:00,6.0208306,97.47917,0.2662407,NOAA_ERDDAP,WPP_571_Selat_Malaka
2023-01-16 00:00:00+00:00,6.0208306,97.56251,0.2670403,NOAA_ERDDAP,WPP_571_Selat_Malaka
2023-01-16 00:00:00+00:00,6.0208306,97.64584,0.27050602,NOAA_ERDDAP,WPP_571_Selat_Malaka
2023-01-16 00:00:00+00:00,6.0208306,97.72917,0.26001394,NOAA_ERDDAP,WPP_571_Selat_Malaka
2023-01-16 00:00:00+00:00,6.0208306,97.81251,0.23688269,NOAA_ERDDAP,WPP_571_Selat_Malaka
2023-01-16 00:00:00+00:00,6.0208306,97.89584,0.21197902,NOAA_ERDDAP,WPP_571_Selat_Malaka
2023-01-16 00:00:00+00:00,6.0208306,97.97917,0.2292517,NOAA_ERDDAP,WPP_571_Selat_Malaka
2023-01-16 00:00:00+00:00,6.0208306,98.06251,0.283956,NOAA_ERDDAP,WPP_571_Selat_Malaka
2023-01-16 00:00:00+00:00,6.0208306,98.14584,0.3449724,NOAA_ERDDAP,WPP_571_Selat_Malaka
2023-01-16 00:00:00+00:00,6.0208306,98.22917,0.38313544,NOAA_ERDDAP,WPP_571_Selat_Malaka
2023-01-16 00:00:00+00:00,6.0208306,98.64584,0.23018256,NOAA_ERDDAP,WPP_571_Selat_Malaka
2023-01-16 00:00:00+00:00,6.0208306,98.72917,0.24329121,NOAA_ERDDAP,WPP_571_Selat_Malaka
2023-01-16 00:00:00+00:00,6.0208306,98.81251,0.25075963,NOAA_ERDDAP,WPP_571_Selat_Malaka
2023-01-16 00:00:00+00:00,6.0208306,98.89584,0.26711023,NOAA_ERDDAP,WPP_571_Selat_Malaka
2023-01-16 00:00:00+00:00,6.0208306,98.97917,0.26442528,NOAA_ERDDAP,WPP_571_Selat_Malaka
2023-01-16 00:00:00+00:00,6.0208306,99.06251,0.2808201,NOAA_ERDDAP,WPP_571_Selat_Malaka
2023-01-16 00:00:00+00:00,6.0208306,99.14584,0.2510169,NOAA_ERDDAP,WPP_571_Selat_Malaka
2023-01-16 00:00:00+00:00,6.0208306,99.22917,0.42272335,NOAA_ERDDAP,WPP_571_Selat_Malaka
2023-01-16 00:00:00+00:00,6.0208306,99.31251,0.5108379,NOAA_ERDDAP,WPP_571_Selat_Malaka
2023-01-16 00:00:00+00:00,6.0208306,99.39584,0.51552963,NOAA_ERDDAP,WPP_571_Selat_Malaka
2023-01-16 00:00:00+00:00,6.0208306,99.47917,0.60591745,NOAA_ERDDAP,WPP_571_Selat_Malaka
2023-01-16 00:00:00+00:00,6.0208306,99.56251,0.40754062,NOAA_ERDDAP,WPP_571_Selat_Malaka
2023-01-16 00:00:00+00:00,6.0208306,99.64584,0.45135298,NOAA_ERDDAP,WPP_571_Selat_Malaka
2023-01-16 00:00:00+00:00,6.0208306,99.72917,0.66407824,NOAA_ERDDAP,WPP_571_Selat_Malaka
2023-01-16 00:00:00+00:00,6.0208306,99.81251,1.0202346,NOAA_ERDDAP,WPP_571_Selat_Malaka
2023-01-16 00:00:00+00:00,6.0208306,99.89584,0.8344818,NOAA_ERDDAP,WPP_571_Selat_Malaka
2023-01-16 00:00:00+00:00,6.0208306,99.97917,0.91969395,NOAA_ERDDAP,WPP_571_Selat_Malaka
2023-01-16 00:00:00+00:00,6.0208306,100.06251,1.300094,NOAA_ERDDAP,WPP_571_Selat_Malaka
2023-01-16 00:00:00+00:00,6.0208306,100.14584,3.339665,NOAA_ERDDAP,WPP_571_Selat_Malaka
2023-01-16 00:00:00+00:00,6.0208306,100.22917,4.6268907,NOAA_ERDDAP,WPP_571_Selat_Malaka
2023-01-16 00:00:00+00:00,2.0208306,94.97917,0.0916304,NOAA_ERDDAP,WPP_572_Samudera_Hindia_Barat
2023-01-16 00:00:00+00:00,2.0208306,95.06251,0.08515187,NOAA_ERDDAP,WPP_572_Samudera_Hindia_Barat
2023-01-16 00:00:00+00:00,2.0208306,95.22917,0.10895505,NOAA_ERDDAP,WPP_572_Samudera_Hindia_Barat
2023-01-16 00:00:00+00:00,2.0208306,95.31251,0.11504072,NOAA_ERDDAP,WPP_572_Samudera_Hindia_Barat
2023-01-16 00:00:00+00:00,2.0208306,95.39584,0.11141049,NOAA_ERDDAP,WPP_572_Samudera_Hindia_Barat
2023-01-16 00:00:00+00:00,2.0208306,95.72917,0.13451034,NOAA_ERDDAP,WPP_572_Samudera_Hindia_Barat
2023-01-16 00:00:00+00:00,2.0208306,96.06251,0.10088332,NOAA_ERDDAP,WPP_572_Samudera_Hindia_Barat
2023-01-16 00:00:00+00:00,2.0208306,96.14584,0.14222983,NOAA_ERDDAP,WPP_572_Samudera_Hindia_Barat
2023-01-16 00:00:00+00:00,2.0208306,96.22917,0.14574802,NOAA_ERDDAP,WPP_572_Samudera_Hindia_Barat
2023-01-16 00:00:00+00:00,2.0208306,96.31251,0.09862972,NOAA_ERDDAP,WPP_572_Samudera_Hindia_Barat
2023-01-16 00:00:00+00:00,2.0208306,96.39584,0.11458871,NOAA_ERDDAP,WPP_572_Samudera_Hindia_Barat
2023-01-16 00:00:00+00:00,2.0208306,96.47917,0.10730334,NOAA_ERDDAP,WPP_572_Samudera_Hindia_Barat
2023-01-16 00:00:00+00:00,2.0208306,96.64584,0.08553107,NOAA_ERDDAP,WPP_572_Samudera_Hindia_Barat
2023-01-16 00:00:00+00:00,2.0208306,96.81251,0.17477416,NOAA_ERDDAP,WPP_572_Samudera_Hindia_Barat
2023-01-16 00:00:00+00:00,2.0208306,96.89584,0.15443619,NOAA_ERDDAP,WPP_572_Samudera_Hindia_Barat
2023-01-16 00:00:00+00:00,2.0208306,98.14584,0.41827452,NOAA_ERDDAP,WPP_572_Samudera_Hindia_Barat
2023-01-16 00:00:00+00:00,2.0208306,98.22917,0.32714164,NOAA_ERDDAP,WPP_572_Samudera_Hindia_Barat
2023-01-16 00:00:00+00:00,2.0208306,101.89584,3.3039763,NOAA_ERDDAP,WPP_572_Samudera_Hindia_Barat
2023-01-16 00:00:00+00:00,2.0208306,101.97917,2.4942145,NOAA_ERDDAP,WPP_572_Samudera_Hindia_Barat
2023-01-16 00:00:00+00:00,2.0208306,102.06251,1.7840788,NOAA_ERDDAP,WPP_572_Samudera_Hindia_Barat
2023-01-16 00:00:00+00:00,2.0208306,102.14584,1.9095793,NOAA_ERDDAP,WPP_572_Samudera_Hindia_Barat
2023-01-16 00:00:00+00:00,2.0208306,102.22917,1.654041,NOAA_ERDDAP,WPP_572_Samudera_Hindia_Barat
2023-01-16 00:00:00+00:00,2.0208306,102.31251,2.1890416,NOAA_ERDDAP,WPP_572_Samudera_Hindia_Barat
2023-01-16 00:00:00+00:00,2.0208306,102.39584,2.5228138,NOAA_ERDDAP,WPP_572_Samudera_Hindia_Barat
2023-01-16 00:00:00+00:00,-5.9791694,101.97917,0.09238138,NOAA_ERDDAP,WPP_573_Samudera_Hindia_Selatan
2023-01-16 00:00:00+00:00,-5.9791694,102.39584,0.06246735,NOAA_ERDDAP,WPP_573_Samudera_Hindia_Selatan
2023-01-16 00:00:00+00:00,-5.9791694,102.47917,0.066051446,NOAA_ERDDAP,WPP_573_Samudera_Hindia_Selatan
2023-01-16 00:00:00+00:00,-5.9791694,102.72917,0.062291812,NOAA_ERDDAP,WPP_573_Samudera_Hindia_Selatan
2023-01-16 00:00:00+00:00,-5.9791694,102.81251,0.06259056,NOAA_ERDDAP,WPP_573_Samudera_Hindia_Selatan
2023-01-16 00:00:00+00:00,-5.9791694,102.89584,0.062539175,NOAA_ERDDAP,WPP_573_Samudera_Hindia_Selatan
2023-01-16 00:00:00+00:00,-5.9791694,102.97917,0.04303704,NOAA_ERDDAP,WPP_573_Samudera_Hindia_Selatan
2023-01-16 00:00:00+00:00,-5.9791694,103.06251,0.06763031,NOAA_ERDDAP,WPP_573_Samudera_Hindia_Selatan
2023-01-16 00:00:00+00:00,-5.9791694,103.14584,0.09539643,NOAA_ERDDAP,WPP_573_Samudera_Hindia_Selatan
2023-01-16 00:00:00+00:00,-5.9791694,103.64584,0.09807616,NOAA_ERDDAP,WPP_573_Samudera_Hindia_Selatan
2023-01-16 00:00:00+00:00,-5.9791694,103.72917,0.059726283,NOAA_ERDDAP,WPP_573_Samudera_Hindia_Selatan
2023-01-16 00:00:00+00:00,-5.9791694,104.06251,0.07068004,NOAA_ERDDAP,WPP_573_Samudera_Hindia_Selatan
2023-01-16 00:00:00+00:00,-5.9791694,104.14584,0.066092305,NOAA_ERDDAP,WPP_573_Samudera_Hindia_Selatan
2023-01-16 00:00:00+00:00,-5.9791694,104.22917,0.07341823,NOAA_ERDDAP,WPP_573_Samudera_Hindia_Selatan
2023-01-16 00:00:00+00:00,-5.9791694,104.31251,0.10264697,NOAA_ERDDAP,WPP_573_Samudera_Hindia_Selatan
2023-01-16 00:00:00+00:00,-5.9791694,104.39584,0.13182545,NOAA_ERDDAP,WPP_573_Samudera_Hindia_Selatan
2023-01-16 00:00:00+00:00,-5.9791694,104.47917,0.25333723,NOAA_ERDDAP,WPP_573_Samudera_Hindia_Selatan
2023-01-16 00:00:00+00:00,-5.9791694,104.56251,0.61243284,NOAA_ERDDAP,WPP_573_Samudera_Hindia_Selatan
2023-01-16 00:00:00+00:00,-5.9791694,104.64584,0.46616858,NOAA_ERDDAP,WPP_573_Samudera_Hindia_Selatan
2023-01-16 00:00:00+00:00,-5.9791694,104.72917,0.16569285,NOAA_ERDDAP,WPP_573_Samudera_Hindia_Selatan
2023-01-16 00:00:00+00:00,-5.9791694,104.81251,0.08551886,NOAA_ERDDAP,WPP_573_Samudera_Hindia_Selatan
2023-01-16 00:00:00+00:00,-5.9791694,104.89584,0.08729616,NOAA_ERDDAP,WPP_573_Samudera_Hindia_Selatan
2023-01-16 00:00:00+00:00,-5.9791694,104.97917,0.084533766,NOAA_ERDDAP,WPP_573_Samudera_Hindia_Selatan
2023-01-16 00:00:00+00:00,-5.9791694,105.06251,0.09213179,NOAA_ERDDAP,WPP_573_Samudera_Hindia_Selatan
2023-01-16 00:00:00+00:00,-5.9791694,105.14584,0.097860485,NOAA_ERDDAP,WPP_573_Samudera_Hindia_Selatan
2023-01-16 00:00:00+00:00,-5.9791694,105.22917,0.15160988,NOAA_ERDDAP,WPP_573_Samudera_Hindia_Selatan
2023-01-16 00:00:00+00:00,-5.9791694,105.31251,0.27304387,NOAA_ERDDAP,WPP_573_Samudera_Hindia_Selatan
2023-01-16 00:00:00+00:00,-5.9791694,105.39584,0.35572734,NOAA_ERDDAP,WPP_573_Samudera_Hindia_Selatan
2023-01-16 00:00:00+00:00,-5.9791694,105.47917,0.5331585,NOAA_ERDDAP,WPP_573_Samudera_Hindia_Selatan
2023-01-16 00:00:00+00:00,-5.9791694,105.56251,0.5105351,NOAA_ERDDAP,WPP_573_Samudera_Hindia_Selatan
2023-01-16 00:00:00+00:00,-5.9791694,105.64584,0.47327867,NOAA_ERDDAP,WPP_573_Samudera_Hindia_Selatan
2023-01-16 00:00:00+00:00,-5.9791694,105.72917,0.532798,NOAA_ERDDAP,WPP_573_Samudera_Hindia_Selatan
2023-01-16 00:00:00+00:00,-5.9791694,106.14584,2.7591383,NOAA_ERDDAP,WPP_573_Samudera_Hindia_Selatan
2023-01-16 00:00:00+00:00,-5.9791694,106.22917,2.7806616,NOAA_ERDDAP,WPP_573_Samudera_Hindia_Selatan
2023-01-16 00:00:00+00:00,-5.9791694,106.64584,0.97603625,NOAA_ERDDAP,WPP_573_Samudera_Hindia_Selatan
2023-01-16 00:00:00+00:00,-5.9791694,106.72917,0.9833487,NOAA_ERDDAP,WPP_573_Samudera_Hindia_Selatan
2023-01-16 00:00:00+00:00,-5.9791694,106.81251,1.2893662,NOAA_ERDDAP,WPP_573_Samudera_Hindia_Selatan
2023-01-16 00:00:00+00:00,-5.9791694,106.89584,4.478097,NOAA_ERDDAP,WPP_573_Samudera_Hindia_Selatan
2023-01-16 00:00:00+00:00,-5.9791694,106.97917,8.014611,NOAA_ERDDAP,WPP_573_Samudera_Hindia_Selatan
2023-01-16 00:00:00+00:00,-5.9791694,107.14584,3.2131517,NOAA_ERDDAP,WPP_573_Samudera_Hindia_Selatan
2023-01-16 00:00:00+00:00,-5.9791694,107.22917,3.2761734,NOAA_ERDDAP,WPP_573_Samudera_Hindia_Selatan
2023-01-16 00:00:00+00:00,-5.9791694,107.47917,0.6291521,NOAA_ERDDAP,WPP_573_Samudera_Hindia_Selatan
2023-01-16 00:00:00+00:00,-5.9791694,107.56251,0.35907325,NOAA_ERDDAP,WPP_573_Samudera_Hindia_Selatan
2023-01-16 00:00:00+00:00,-5.9791694,107.64584,0.33113387,NOAA_ERDDAP,WPP_573_Samudera_Hindia_Selatan
2023-01-16 00:00:00+00:00,-5.9791694,107.72917,0.42714822,NOAA_ERDDAP,WPP_573_Samudera_Hindia_Selatan
2023-01-16 00:00:00+00:00,-5.9791694,107.81251,0.46773016,NOAA_ERDDAP,WPP_573_Samudera_Hindia_Selatan
2023-01-16 00:00:00+00:00,-5.9791694,107.89584,0.462662,NOAA_ERDDAP,WPP_573_Samudera_Hindia_Selatan
2023-01-16 00:00:00+00:00,-5.9791694,107.97917,0.45302746,NOAA_ERDDAP,WPP_573_Samudera_Hindia_Selatan
2023-01-16 00:00:00+00:00,-5.9791694,108.06251,0.48516434,NOAA_ERDDAP,WPP_573_Samudera_Hindia_Selatan
2023-01-16 00:00:00+00:00,-5.9791694,108.14584,0.47658446,NOAA_ERDDAP,WPP_573_Samudera_Hindia_Selatan
2023-01-16 00:00:00+00:00,-5.9791694,108.22917,0.48076993,NOAA_ERDDAP,WPP_573_Samudera_Hindia_Selatan
2023-01-16 00:00:00+00:00,-5.9791694,108.31251,0.4708965,NOAA_ERDDAP,WPP_573_Samudera_Hindia_Selatan
2023-01-16 00:00:00+00:00,-5.9791694,108.39584,0.44023097,NOAA_ERDDAP,WPP_573_Samudera_Hindia_Selatan
2023-01-16 00:00:00+00:00,-5.9791694,108.47917,0.56999373,NOAA_ERDDAP,WPP_573_Samudera_Hindia_Selatan
2023-01-16 00:00:00+00:00,-5.9791694,108.56251,0.5787184,NOAA_ERDDAP,WPP_573_Samudera_Hindia_Selatan
2023-01-16 00:00:00+00:00,-5.9791694,108.64584,0.3530018,NOAA_ERDDAP,WPP_573_Samudera_Hindia_Selatan
2023-01-16 00:00:00+00:00,-5.9791694,108.72917,0.34861475,NOAA_ERDDAP,WPP_573_Samudera_Hindia_Selatan
2023-01-16 00:00:00+00:00,-5.9791694,108.81251,0.1669133,NOAA_ERDDAP,WPP_573_Samudera_Hindia_Selatan
2023-01-16 00:00:00+00:00,-5.9791694,108.89584,0.16022332,NOAA_ERDDAP,WPP_573_Samudera_Hindia_Selatan
2023-01-16 00:00:00+00:00,-5.9791694,108.97917,0.16106066,NOAA_ERDDAP,WPP_573_Samudera_Hindia_Selatan
2023-01-16 00:00:00+00:00,-5.9791694,109.06251,0.16236284,NOAA_ERDDAP,WPP_573_Samudera_Hindia_Selatan
2023-01-16 00:00:00+00:00,-5.9791694,109.14584,0.16629924,NOAA_ERDDAP,WPP_573_Samudera_Hindia_Selatan
2023-01-16 00:00:00+00:00,-5.9791694,109.22917,0.18224342,NOAA_ERDDAP,WPP_573_Samudera_Hindia_Selatan
2023-01-16 00:00:00+00:00,-5.9791694,109.31251,0.2019868,NOAA_ERDDAP,WPP_573_Samudera_Hindia_Selatan
2023-01-16 00:00:00+00:00,-5.9791694,109.39584,0.24241461,NOAA_ERDDAP,WPP_573_Samudera_Hindia_Selatan
2023-01-16 00:00:00+00:00,6.0208306,103.97917,0.08748968,NOAA_ERDDAP,WPP_711_Laut_Natuna
2023-01-16 00:00:00+00:00,6.0208306,104.06251,0.0887269,NOAA_ERDDAP,WPP_711_Laut_Natuna
2023-01-16 00:00:00+00:00,6.0208306,104.14584,0.095183656,NOAA_ERDDAP,WPP_711_Laut_Natuna
2023-01-16 00:00:00+00:00,6.0208306,104.22917,0.10266245,NOAA_ERDDAP,WPP_711_Laut_Natuna
2023-01-16 00:00:00+00:00,6.0208306,104.31251,0.10663527,NOAA_ERDDAP,WPP_711_Laut_Natuna
2023-01-16 00:00:00+00:00,6.0208306,104.39584,0.123049736,NOAA_ERDDAP,WPP_711_Laut_Natuna
2023-01-16 00:00:00+00:00,6.0208306,104.47917,0.12249786,NOAA_ERDDAP,WPP_711_Laut_Natuna
2023-01-16 00:00:00+00:00,6.0208306,104.56251,0.10929701,NOAA_ERDDAP,WPP_711_Laut_Natuna
2023-01-16 00:00:00+00:00,6.0208306,104.64584,0.11819344,NOAA_ERDDAP,WPP_711_Laut_Natuna
2023-01-16 00:00:00+00:00,6.0208306,104.72917,0.12639056,NOAA_ERDDAP,WPP_711_Laut_Natuna
2023-01-16 00:00:00+00:00,6.0208306,104.81251,0.11565788,NOAA_ERDDAP,WPP_711_Laut_Natuna
2023-01-16 00:00:00+00:00,6.0208306,104.89584,0.095585,NOAA_ERDDAP,WPP_711_Laut_Natuna
2023-01-16 00:00:00+00:00,6.0208306,104.97917,0.09915744,NOAA_ERDDAP,WPP_711_Laut_Natuna
2023-01-16 00:00:00+00:00,6.0208306,105.06251,0.12885424,NOAA_ERDDAP,WPP_711_Laut_Natuna
2023-01-16 00:00:00+00:00,6.0208306,105.14584,0.15364338,NOAA_ERDDAP,WPP_711_Laut_Natuna
2023-01-16 00:00:00+00:00,6.0208306,105.22917,0.12243233,NOAA_ERDDAP,WPP_711_Laut_Natuna
2023-01-16 00:00:00+00:00,6.0208306,105.31251,0.12003113,NOAA_ERDDAP,WPP_711_Laut_Natuna
2023-01-16 00:00:00+00:00,6.0208306,105.39584,0.14171426,NOAA_ERDDAP,WPP_711_Laut_Natuna
2023-01-16 00:00:00+00:00,6.0208306,105.47917,0.12941569,NOAA_ERDDAP,WPP_711_Laut_Natuna
2023-01-16 00:00:00+00:00,6.0208306,105.56251,0.11423417,NOAA_ERDDAP,WPP_711_Laut_Natuna
2023-01-16 00:00:00+00:00,6.0208306,105.64584,0.09983379,NOAA_ERDDAP,WPP_711_Laut_Natuna
2023-01-16 00:00:00+00:00,6.0208306,105.72917,0.106268294,NOAA_ERDDAP,WPP_711_Laut_Natuna
2023-01-16 00:00:00+00:00,6.0208306,105.81251,0.12622657,NOAA_ERDDAP,WPP_711_Laut_Natuna
2023-01-16 00:00:00+00:00,6.0208306,105.89584,0.15257339,NOAA_ERDDAP,WPP_711_Laut_Natuna
2023-01-16 00:00:00+00:00,6.0208306,105.97917,0.1476037,NOAA_ERDDAP,WPP_711_Laut_Natuna
2023-01-16 00:00:00+00:00,6.0208306,106.06251,0.15308104,NOAA_ERDDAP,WPP_711_Laut_Natuna
2023-01-16 00:00:00+00:00,6.0208306,106.14584,0.15483429,NOAA_ERDDAP,WPP_711_Laut_Natuna
2023-01-16 00:00:00+00:00,6.0208306,106.22917,0.17353114,NOAA_ERDDAP,WPP_711_Laut_Natuna
2023-01-16 00:00:00+00:00,6.0208306,106.31251,0.151586,NOAA_ERDDAP,WPP_711_Laut_Natuna
2023-01-16 00:00:00+00:00,6.0208306,106.39584,0.14029305,NOAA_ERDDAP,WPP_711_Laut_Natuna
2023-01-16 00:00:00+00:00,6.0208306,106.47917,0.12974334,NOAA_ERDDAP,WPP_711_Laut_Natuna
2023-01-16 00:00:00+00:00,6.0208306,106.56251,0.107357815,NOAA_ERDDAP,WPP_711_Laut_Natuna
2023-01-16 00:00:00+00:00,6.0208306,106.64584,0.13000277,NOAA_ERDDAP,WPP_711_Laut_Natuna
2023-01-16 00:00:00+00:00,6.0208306,106.72917,0.13530836,NOAA_ERDDAP,WPP_711_Laut_Natuna
2023-01-16 00:00:00+00:00,6.0208306,106.81251,0.13702567,NOAA_ERDDAP,WPP_711_Laut_Natuna
2023-01-16 00:00:00+00:00,6.0208306,106.89584,0.13072245,NOAA_ERDDAP,WPP_711_Laut_Natuna
2023-01-16 00:00:00+00:00,6.0208306,106.97917,0.13056958,NOAA_ERDDAP,WPP_711_Laut_Natuna
2023-01-16 00:00:00+00:00,6.0208306,107.06251,0.12655392,NOAA_ERDDAP,WPP_711_Laut_Natuna
2023-01-16 00:00:00+00:00,6.0208306,107.14584,0.12202745,NOAA_ERDDAP,WPP_711_Laut_Natuna
2023-01-16 00:00:00+00:00,6.0208306,107.22917,0.124111466,NOAA_ERDDAP,WPP_711_Laut_Natuna
2023-01-16 00:00:00+00:00,6.0208306,107.31251,0.116101846,NOAA_ERDDAP,WPP_711_Laut_Natuna
2023-01-16 00:00:00+00:00,6.0208306,107.39584,0.09750291,NOAA_ERDDAP,WPP_711_Laut_Natuna
2023-01-16 00:00:00+00:00,6.0208306,107.47917,0.107728116,NOAA_ERDDAP,WPP_711_Laut_Natuna
2023-01-16 00:00:00+00:00,6.0208306,107.56251,0.087375276,NOAA_ERDDAP,WPP_711_Laut_Natuna
2023-01-16 00:00:00+00:00,6.0208306,107.64584,0.0737456,NOAA_ERDDAP,WPP_711_Laut_Natuna
2023-01-16 00:00:00+00:00,6.0208306,107.81251,0.13400762,NOAA_ERDDAP,WPP_711_Laut_Natuna
2023-01-16 00:00:00+00:00,6.0208306,107.89584,0.116123505,NOAA_ERDDAP,WPP_711_Laut_Natuna
2023-01-16 00:00:00+00:00,6.0208306,107.97917,0.16200916,NOAA_ERDDAP,WPP_711_Laut_Natuna
2023-01-16 00:00:00+00:00,6.0208306,108.06251,0.19758148,NOAA_ERDDAP,WPP_711_Laut_Natuna
2023-01-16 00:00:00+00:00,6.0208306,108.14584,0.2054184,NOAA_ERDDAP,WPP_711_Laut_Natuna
2023-01-16 00:00:00+00:00,6.0208306,108.22917,0.18637763,NOAA_ERDDAP,WPP_711_Laut_Natuna
2023-01-16 00:00:00+00:00,6.0208306,108.31251,0.07051759,NOAA_ERDDAP,WPP_711_Laut_Natuna
2023-01-16 00:00:00+00:00,6.0208306,108.39584,0.07180812,NOAA_ERDDAP,WPP_711_Laut_Natuna
2023-01-16 00:00:00+00:00,6.0208306,108.47917,0.17707029,NOAA_ERDDAP,WPP_711_Laut_Natuna
2023-01-16 00:00:00+00:00,6.0208306,108.56251,0.14585578,NOAA_ERDDAP,WPP_711_Laut_Natuna
2023-01-16 00:00:00+00:00,6.0208306,108.64584,0.17437169,NOAA_ERDDAP,WPP_711_Laut_Natuna
2023-01-16 00:00:00+00:00,6.0208306,108.72917,0.2153038,NOAA_ERDDAP,WPP_711_Laut_Natuna
2023-01-16 00:00:00+00:00,6.0208306,108.81251,0.3593747,NOAA_ERDDAP,WPP_711_Laut_Natuna
2023-01-16 00:00:00+00:00,6.0208306,108.89584,0.31639522,NOAA_ERDDAP,WPP_711_Laut_Natuna
2023-01-16 00:00:00+00:00,6.0208306,108.97917,0.22667839,NOAA_ERDDAP,WPP_711_Laut_Natuna
2023-01-16 00:00:00+00:00,6.0208306,109.06251,0.15612088,NOAA_ERDDAP,WPP_711_Laut_Natuna
2023-01-16 00:00:00+00:00,6.0208306,109.14584,0.13126357,NOAA_ERDDAP,WPP_711_Laut_Natuna
2023-01-16 00:00:00+00:00,6.0208306,109.22917,0.12356242,NOAA_ERDDAP,WPP_711_Laut_Natuna
2023-01-16 00:00:00+00:00,6.0208306,109.31251,0.10992597,NOAA_ERDDAP,WPP_711_Laut_Natuna
2023-01-16 00:00:00+00:00,6.0208306,109.39584,0.1056672,NOAA_ERDDAP,WPP_711_Laut_Natuna
2023-01-16 00:00:00+00:00,6.0208306,109.47917,0.09942125,NOAA_ERDDAP,WPP_711_Laut_Natuna
2023-01-16 00:00:00+00:00,6.0208306,109.56251,0.09985275,NOAA_ERDDAP,WPP_711_Laut_Natuna
2023-01-16 00:00:00+00:00,6.0208306,109.64584,0.080943644,NOAA_ERDDAP,WPP_711_Laut_Natuna
2023-01-16 00:00:00+00:00,6.0208306,109.72917,0.10073659,NOAA_ERDDAP,WPP_711_Laut_Natuna
2023-01-16 00:00:00+00:00,6.0208306,109.81251,0.09870363,NOAA_ERDDAP,WPP_711_Laut_Natuna
2023-01-16 00:00:00+00:00,6.0208306,109.89584,0.10363356,NOAA_ERDDAP,WPP_711_Laut_Natuna
2023-01-16 00:00:00+00:00,6.0208306,109.97917,0.08962142,NOAA_ERDDAP,WPP_711_Laut_Natuna
2023-01-16 00:00:00+00:00,5.9374976,103.97917,0.088449016,NOAA_ERDDAP,WPP_711_Laut_Natuna
2023-01-16 00:00:00+00:00,5.9374976,104.06251,0.08840375,NOAA_ERDDAP,WPP_711_Laut_Natuna
2023-01-16 00:00:00+00:00,5.9374976,104.14584,0.13349529,NOAA_ERDDAP,WPP_711_Laut_Natuna
2023-01-16 00:00:00+00:00,5.9374976,104.22917,0.1493741,NOAA_ERDDAP,WPP_711_Laut_Natuna
2023-01-16 00:00:00+00:00,5.9374976,104.31251,0.108995326,NOAA_ERDDAP,WPP_711_Laut_Natuna
2023-01-16 00:00:00+00:00,5.9374976,104.39584,0.11324653,NOAA_ERDDAP,WPP_711_Laut_Natuna
2023-01-16 00:00:00+00:00,5.9374976,104.47917,0.111020654,NOAA_ERDDAP,WPP_711_Laut_Natuna
2023-01-16 00:00:00+00:00,5.9374976,104.56251,0.112489015,NOAA_ERDDAP,WPP_711_Laut_Natuna
2023-01-16 00:00:00+00:00,5.9374976,104.64584,0.15080278,NOAA_ERDDAP,WPP_711_Laut_Natuna
2023-01-16 00:00:00+00:00,5.9374976,104.72917,0.108874515,NOAA_ERDDAP,WPP_711_Laut_Natuna
2023-01-16 00:00:00+00:00,5.9374976,104.81251,0.10834934,NOAA_ERDDAP,WPP_711_Laut_Natuna
2023-01-16 00:00:00+00:00,5.9374976,104.89584,0.11155747,NOAA_ERDDAP,WPP_711_Laut_Natuna
2023-01-16 00:00:00+00:00,5.9374976,104.97917,0.10568517,NOAA_ERDDAP,WPP_711_Laut_Natuna
2023-01-16 00:00:00+00:00,5.9374976,105.06251,0.10935797,NOAA_ERDDAP,WPP_711_Laut_Natuna
2023-01-16 00:00:00+00:00,5.9374976,105.14584,0.14454083,NOAA_ERDDAP,WPP_711_Laut_Natuna
2023-01-16 00:00:00+00:00,5.9374976,105.22917,0.120012306,NOAA_ERDDAP,WPP_711_Laut_Natuna
2023-01-16 00:00:00+00:00,5.9374976,105.31251,0.11872383,NOAA_ERDDAP,WPP_711_Laut_Natuna
2023-01-16 00:00:00+00:00,-1.9791694,106.31251,0.5357103,NOAA_ERDDAP,WPP_712_Laut_Jawa
2023-01-16 00:00:00+00:00,-1.9791694,106.39584,0.5058342,NOAA_ERDDAP,WPP_712_Laut_Jawa
2023-01-16 00:00:00+00:00,-1.9791694,106.47917,0.42393658,NOAA_ERDDAP,WPP_712_Laut_Jawa
2023-01-16 00:00:00+00:00,-1.9791694,106.56251,0.42426792,NOAA_ERDDAP,WPP_712_Laut_Jawa
2023-01-16 00:00:00+00:00,-1.9791694,106.64584,0.37660578,NOAA_ERDDAP,WPP_712_Laut_Jawa
2023-01-16 00:00:00+00:00,-1.9791694,106.72917,0.5378859,NOAA_ERDDAP,WPP_712_Laut_Jawa
2023-01-16 00:00:00+00:00,-1.9791694,106.81251,0.35965502,NOAA_ERDDAP,WPP_712_Laut_Jawa
2023-01-16 00:00:00+00:00,-1.9791694,107.22917,0.20504166,NOAA_ERDDAP,WPP_712_Laut_Jawa
2023-01-16 00:00:00+00:00,-1.9791694,107.39584,0.18476333,NOAA_ERDDAP,WPP_712_Laut_Jawa
2023-01-16 00:00:00+00:00,-1.9791694,107.56251,0.16123715,NOAA_ERDDAP,WPP_712_Laut_Jawa
2023-01-16 00:00:00+00:00,-1.9791694,107.72917,0.41742834,NOAA_ERDDAP,WPP_712_Laut_Jawa
2023-01-16 00:00:00+00:00,-1.9791694,107.81251,0.15037604,NOAA_ERDDAP,WPP_712_Laut_Jawa
2023-01-16 00:00:00+00:00,-1.9791694,107.89584,0.13845786,NOAA_ERDDAP,WPP_712_Laut_Jawa
2023-01-16 00:00:00+00:00,-1.9791694,107.97917,0.13870808,NOAA_ERDDAP,WPP_712_Laut_Jawa
2023-01-16 00:00:00+00:00,-1.9791694,108.06251,0.13097078,NOAA_ERDDAP,WPP_712_Laut_Jawa
2023-01-16 00:00:00+00:00,-1.9791694,108.14584,0.16802593,NOAA_ERDDAP,WPP_712_Laut_Jawa
2023-01-16 00:00:00+00:00,-1.9791694,108.47917,0.1198379,NOAA_ERDDAP,WPP_712_Laut_Jawa
2023-01-16 00:00:00+00:00,-1.9791694,108.72917,0.4759205,NOAA_ERDDAP,WPP_712_Laut_Jawa
2023-01-16 00:00:00+00:00,-1.9791694,108.81251,0.5139168,NOAA_ERDDAP,WPP_712_Laut_Jawa
2023-01-16 00:00:00+00:00,-1.9791694,108.89584,0.5575181,NOAA_ERDDAP,WPP_712_Laut_Jawa
2023-01-16 00:00:00+00:00,-1.9791694,108.97917,0.5667394,NOAA_ERDDAP,WPP_712_Laut_Jawa
2023-01-16 00:00:00+00:00,-1.9791694,109.06251,0.60887206,NOAA_ERDDAP,WPP_712_Laut_Jawa
2023-01-16 00:00:00+00:00,-1.9791694,109.14584,0.6082928,NOAA_ERDDAP,WPP_712_Laut_Jawa
2023-01-16 00:00:00+00:00,-1.9791694,109.22917,0.63950074,NOAA_ERDDAP,WPP_712_Laut_Jawa
2023-01-16 00:00:00+00:00,-1.9791694,109.31251,0.6436135,NOAA_ERDDAP,WPP_712_Laut_Jawa
2023-01-16 00:00:00+00:00,2.0208306,117.89584,9.19127,NOAA_ERDDAP,WPP_713_Selat_Makassar
2023-01-16 00:00:00+00:00,2.0208306,117.97917,8.503945,NOAA_ERDDAP,WPP_713_Selat_Makassar
2023-01-16 00:00:00+00:00,2.0208306,118.06251,6.887958,NOAA_ERDDAP,WPP_713_Selat_Makassar
2023-01-16 00:00:00+00:00,2.0208306,118.14584,2.151197,NOAA_ERDDAP,WPP_713_Selat_Makassar
2023-01-16 00:00:00+00:00,2.0208306,118.22917,0.5249312,NOAA_ERDDAP,WPP_713_Selat_Makassar
2023-01-16 00:00:00+00:00,2.0208306,118.31251,1.8781363,NOAA_ERDDAP,WPP_713_Selat_Makassar
2023-01-16 00:00:00+00:00,2.0208306,118.39584,1.4043908,NOAA_ERDDAP,WPP_713_Selat_Makassar
2023-01-16 00:00:00+00:00,2.0208306,118.47917,0.6742514,NOAA_ERDDAP,WPP_713_Selat_Makassar
2023-01-16 00:00:00+00:00,2.0208306,118.56251,0.3505054,NOAA_ERDDAP,WPP_713_Selat_Makassar
2023-01-16 00:00:00+00:00,2.0208306,118.64584,0.2453541,NOAA_ERDDAP,WPP_713_Selat_Makassar
2023-01-16 00:00:00+00:00,2.0208306,118.72918,0.22376098,NOAA_ERDDAP,WPP_713_Selat_Makassar
2023-01-16 00:00:00+00:00,2.0208306,118.81251,0.21633844,NOAA_ERDDAP,WPP_713_Selat_Makassar
2023-01-16 00:00:00+00:00,2.0208306,119.22918,0.14674635,NOAA_ERDDAP,WPP_713_Selat_Makassar
2023-01-16 00:00:00+00:00,2.0208306,119.31251,0.13960123,NOAA_ERDDAP,WPP_713_Selat_Makassar
2023-01-16 00:00:00+00:00,2.0208306,119.39584,0.13953492,NOAA_ERDDAP,WPP_713_Selat_Makassar
2023-01-16 00:00:00+00:00,2.0208306,119.72918,0.14537156,NOAA_ERDDAP,WPP_713_Selat_Makassar
2023-01-16 00:00:00+00:00,2.0208306,119.97918,0.18330754,NOAA_ERDDAP,WPP_713_Selat_Makassar
2023-01-16 00:00:00+00:00,2.0208306,120.06251,0.19982743,NOAA_ERDDAP,WPP_713_Selat_Makassar
2023-01-16 00:00:00+00:00,2.0208306,120.14584,0.1865264,NOAA_ERDDAP,WPP_713_Selat_Makassar
2023-01-16 00:00:00+00:00,2.0208306,120.22918,0.20289364,NOAA_ERDDAP,WPP_713_Selat_Makassar
2023-01-16 00:00:00+00:00,2.0208306,120.31251,0.20881914,NOAA_ERDDAP,WPP_713_Selat_Makassar
2023-01-16 00:00:00+00:00,2.0208306,120.39584,0.2611018,NOAA_ERDDAP,WPP_713_Selat_Makassar
2023-01-16 00:00:00+00:00,2.0208306,120.47918,0.34274372,NOAA_ERDDAP,WPP_713_Selat_Makassar
2023-01-16 00:00:00+00:00,2.0208306,120.56251,0.4022144,NOAA_ERDDAP,WPP_713_Selat_Makassar
2023-01-16 00:00:00+00:00,2.0208306,120.64584,0.32372904,NOAA_ERDDAP,WPP_713_Selat_Makassar
2023-01-16 00:00:00+00:00,2.0208306,120.72918,0.29198104,NOAA_ERDDAP,WPP_713_Selat_Makassar
2023-01-16 00:00:00+00:00,2.0208306,120.81251,0.26101,NOAA_ERDDAP,WPP_713_Selat_Makassar
2023-01-16 00:00:00+00:00,2.0208306,120.89584,0.26019448,NOAA_ERDDAP,WPP_713_Selat_Makassar
2023-01-16 00:00:00+00:00,2.0208306,120.97918,0.24747634,NOAA_ERDDAP,WPP_713_Selat_Makassar
2023-01-16 00:00:00+00:00,2.0208306,121.06251,0.2490285,NOAA_ERDDAP,WPP_713_Selat_Makassar
2023-01-16 00:00:00+00:00,2.0208306,121.14584,0.24217963,NOAA_ERDDAP,WPP_713_Selat_Makassar
2023-01-16 00:00:00+00:00,2.0208306,121.22918,0.23389964,NOAA_ERDDAP,WPP_713_Selat_Makassar
2023-01-16 00:00:00+00:00,2.0208306,121.31251,0.24038173,NOAA_ERDDAP,WPP_713_Selat_Makassar
2023-01-16 00:00:00+00:00,2.0208306,121.39584,0.23909284,NOAA_ERDDAP,WPP_713_Selat_Makassar
2023-01-16 00:00:00+00:00,2.0208306,121.47918,0.21931674,NOAA_ERDDAP,WPP_713_Selat_Makassar
2023-01-16 00:00:00+00:00,2.0208306,121.56251,0.21642567,NOAA_ERDDAP,WPP_713_Selat_Makassar
2023-01-16 00:00:00+00:00,2.0208306,121.64584,0.25592437,NOAA_ERDDAP,WPP_713_Selat_Makassar
2023-01-16 00:00:00+00:00,2.0208306,121.72918,0.2595721,NOAA_ERDDAP,WPP_713_Selat_Makassar
2023-01-16 00:00:00+00:00,2.0208306,121.81251,0.25940558,NOAA_ERDDAP,WPP_713_Selat_Makassar
2023-01-16 00:00:00+00:00,2.0208306,121.89584,0.2422537,NOAA_ERDDAP,WPP_713_Selat_Makassar
2023-01-16 00:00:00+00:00,2.0208306,121.97918,0.25621274,NOAA_ERDDAP,WPP_713_Selat_Makassar
2023-01-16 00:00:00+00:00,-1.9791694,121.97918,0.22164652,NOAA_ERDDAP,WPP_714_Laut_Banda
2023-01-16 00:00:00+00:00,-1.9791694,122.06251,0.19237046,NOAA_ERDDAP,WPP_714_Laut_Banda
2023-01-16 00:00:00+00:00,-1.9791694,122.14584,0.16950549,NOAA_ERDDAP,WPP_714_Laut_Banda
2023-01-16 00:00:00+00:00,-1.9791694,122.22918,0.14370856,NOAA_ERDDAP,WPP_714_Laut_Banda
2023-01-16 00:00:00+00:00,-1.9791694,122.31251,0.13495666,NOAA_ERDDAP,WPP_714_Laut_Banda
2023-01-16 00:00:00+00:00,-1.9791694,122.39584,0.13236246,NOAA_ERDDAP,WPP_714_Laut_Banda
2023-01-16 00:00:00+00:00,-1.9791694,122.47918,0.11393711,NOAA_ERDDAP,WPP_714_Laut_Banda
2023-01-16 00:00:00+00:00,-1.9791694,122.56251,0.107914194,NOAA_ERDDAP,WPP_714_Laut_Banda
2023-01-16 00:00:00+00:00,-1.9791694,122.64584,0.10030714,NOAA_ERDDAP,WPP_714_Laut_Banda
2023-01-16 00:00:00+00:00,-1.9791694,122.72918,0.10613099,NOAA_ERDDAP,WPP_714_Laut_Banda
2023-01-16 00:00:00+00:00,-1.9791694,122.81251,0.10389261,NOAA_ERDDAP,WPP_714_Laut_Banda
2023-01-16 00:00:00+00:00,-1.9791694,122.89584,0.08507308,NOAA_ERDDAP,WPP_714_Laut_Banda
2023-01-16 00:00:00+00:00,-1.9791694,122.97918,0.078836665,NOAA_ERDDAP,WPP_714_Laut_Banda
2023-01-16 00:00:00+00:00,-1.9791694,123.47918,0.394691,NOAA_ERDDAP,WPP_714_Laut_Banda
2023-01-16 00:00:00+00:00,-1.9791694,124.06251,0.14776371,NOAA_ERDDAP,WPP_714_Laut_Banda
2023-01-16 00:00:00+00:00,-1.9791694,124.14584,0.09111431,NOAA_ERDDAP,WPP_714_Laut_Banda
2023-01-16 00:00:00+00:00,-1.9791694,124.22918,0.2238262,NOAA_ERDDAP,WPP_714_Laut_Banda
2023-01-16 00:00:00+00:00,-1.9791694,124.31251,0.25522885,NOAA_ERDDAP,WPP_714_Laut_Banda
2023-01-16 00:00:00+00:00,-1.9791694,124.72918,0.10867554,NOAA_ERDDAP,WPP_714_Laut_Banda
2023-01-16 00:00:00+00:00,-1.9791694,124.81251,0.077416636,NOAA_ERDDAP,WPP_714_Laut_Banda
2023-01-16 00:00:00+00:00,-1.9791694,125.14584,0.25057894,NOAA_ERDDAP,WPP_714_Laut_Banda
2023-01-16 00:00:00+00:00,-1.9791694,125.22918,0.13224357,NOAA_ERDDAP,WPP_714_Laut_Banda
2023-01-16 00:00:00+00:00,-1.9791694,125.31251,0.11542675,NOAA_ERDDAP,WPP_714_Laut_Banda
2023-01-16 00:00:00+00:00,-1.9791694,125.39584,0.16171828,NOAA_ERDDAP,WPP_714_Laut_Banda
2023-01-16 00:00:00+00:00,-1.9791694,126.06251,0.21551253,NOAA_ERDDAP,WPP_714_Laut_Banda
2023-01-16 00:00:00+00:00,-1.9791694,126.14584,0.16043799,NOAA_ERDDAP,WPP_714_Laut_Banda
2023-01-16 00:00:00+00:00,-1.9791694,126.22918,0.17907113,NOAA_ERDDAP,WPP_714_Laut_Banda
2023-01-16 00:00:00+00:00,-1.9791694,126.31251,0.18475705,NOAA_ERDDAP,WPP_714_Laut_Banda
2023-01-16 00:00:00+00:00,-1.9791694,126.39584,0.17025349,NOAA_ERDDAP,WPP_714_Laut_Banda
2023-01-16 00:00:00+00:00,-1.9791694,126.47918,0.15796715,NOAA_ERDDAP,WPP_714_Laut_Banda
2023-01-16 00:00:00+00:00,-1.9791694,126.56251,0.15752807,NOAA_ERDDAP,WPP_714_Laut_Banda
2023-01-16 00:00:00+00:00,-1.9791694,126.64584,0.17468235,NOAA_ERDDAP,WPP_714_Laut_Banda
2023-01-16 00:00:00+00:00,-1.9791694,126.72918,0.16472264,NOAA_ERDDAP,WPP_714_Laut_Banda
2023-01-16 00:00:00+00:00,-1.9791694,126.81251,0.16579989,NOAA_ERDDAP,WPP_714_Laut_Banda
2023-01-16 00:00:00+00:00,-1.9791694,126.89584,0.16095637,NOAA_ERDDAP,WPP_714_Laut_Banda
2023-01-16 00:00:00+00:00,-1.9791694,126.97918,0.1574748,NOAA_ERDDAP,WPP_714_Laut_Banda
2023-01-16 00:00:00+00:00,-1.9791694,127.06251,0.14716952,NOAA_ERDDAP,WPP_714_Laut_Banda
2023-01-16 00:00:00+00:00,-1.9791694,127.14584,0.15010451,NOAA_ERDDAP,WPP_714_Laut_Banda
2023-01-16 00:00:00+00:00,-1.9791694,127.22918,0.16488676,NOAA_ERDDAP,WPP_714_Laut_Banda
2023-01-16 00:00:00+00:00,-1.9791694,127.31251,0.17074624,NOAA_ERDDAP,WPP_714_Laut_Banda
2023-01-16 00:00:00+00:00,-1.9791694,127.39584,0.1644985,NOAA_ERDDAP,WPP_714_Laut_Banda
2023-01-16 00:00:00+00:00,-1.9791694,127.47918,0.15977526,NOAA_ERDDAP,WPP_714_Laut_Banda
2023-01-16 00:00:00+00:00,-1.9791694,127.56251,0.14673325,NOAA_ERDDAP,WPP_714_Laut_Banda
2023-01-16 00:00:00+00:00,-1.9791694,127.64584,0.17210366,NOAA_ERDDAP,WPP_714_Laut_Banda
2023-01-16 00:00:00+00:00,-1.9791694,127.72918,0.1777391,NOAA_ERDDAP,WPP_714_Laut_Banda
2023-01-16 00:00:00+00:00,-1.9791694,127.81251,0.19019115,NOAA_ERDDAP,WPP_714_Laut_Banda
2023-01-16 00:00:00+00:00,-1.9791694,127.89584,0.1968341,NOAA_ERDDAP,WPP_714_Laut_Banda
2023-01-16 00:00:00+00:00,-1.9791694,127.97918,0.19445553,NOAA_ERDDAP,WPP_714_Laut_Banda
2023-01-16 00:00:00+00:00,-1.9791694,128.06252,0.20583956,NOAA_ERDDAP,WPP_714_Laut_Banda
2023-01-16 00:00:00+00:00,-1.9791694,128.14584,0.18116032,NOAA_ERDDAP,WPP_714_Laut_Banda
2023-01-16 00:00:00+00:00,-1.9791694,128.22917,0.19492608,NOAA_ERDDAP,WPP_714_Laut_Banda
2023-01-16 00:00:00+00:00,-1.9791694,128.31252,0.1852785,NOAA_ERDDAP,WPP_714_Laut_Banda
2023-01-16 00:00:00+00:00,-1.9791694,128.39584,0.19769438,NOAA_ERDDAP,WPP_714_Laut_Banda
2023-01-16 00:00:00+00:00,-1.9791694,128.47917,0.2039539,NOAA_ERDDAP,WPP_714_Laut_Banda
2023-01-16 00:00:00+00:00,-1.9791694,128.56252,0.20431146,NOAA_ERDDAP,WPP_714_Laut_Banda
2023-01-16 00:00:00+00:00,-1.9791694,128.64584,0.20064934,NOAA_ERDDAP,WPP_714_Laut_Banda
2023-01-16 00:00:00+00:00,-1.9791694,128.72917,0.23785871,NOAA_ERDDAP,WPP_714_Laut_Banda
2023-01-16 00:00:00+00:00,-1.9791694,128.81252,0.2685694,NOAA_ERDDAP,WPP_714_Laut_Banda
2023-01-16 00:00:00+00:00,-1.9791694,128.89584,0.23614454,NOAA_ERDDAP,WPP_714_Laut_Banda
2023-01-16 00:00:00+00:00,-1.9791694,128.97917,0.21457858,NOAA_ERDDAP,WPP_714_Laut_Banda
2023-01-16 00:00:00+00:00,-1.9791694,129.06252,0.20063414,NOAA_ERDDAP,WPP_714_Laut_Banda
2023-01-16 00:00:00+00:00,-1.9791694,129.14584,0.18848881,NOAA_ERDDAP,WPP_714_Laut_Banda
2023-01-16 00:00:00+00:00,-1.9791694,129.22917,0.14928891,NOAA_ERDDAP,WPP_714_Laut_Banda
2023-01-16 00:00:00+00:00,-1.9791694,129.31252,0.1402611,NOAA_ERDDAP,WPP_714_Laut_Banda
2023-01-16 00:00:00+00:00,-1.9791694,129.39584,0.12978384,NOAA_ERDDAP,WPP_714_Laut_Banda
2023-01-16 00:00:00+00:00,4.0208306,123.97918,0.049182512,NOAA_ERDDAP,WPP_715_Laut_Maluku
2023-01-16 00:00:00+00:00,4.0208306,124.06251,0.07345783,NOAA_ERDDAP,WPP_715_Laut_Maluku
2023-01-16 00:00:00+00:00,4.0208306,124.14584,0.08173719,NOAA_ERDDAP,WPP_715_Laut_Maluku
2023-01-16 00:00:00+00:00,4.0208306,124.22918,0.08804894,NOAA_ERDDAP,WPP_715_Laut_Maluku
2023-01-16 00:00:00+00:00,4.0208306,124.31251,0.097515896,NOAA_ERDDAP,WPP_715_Laut_Maluku
2023-01-16 00:00:00+00:00,4.0208306,124.39584,0.096889175,NOAA_ERDDAP,WPP_715_Laut_Maluku
2023-01-16 00:00:00+00:00,4.0208306,124.47918,0.10818275,NOAA_ERDDAP,WPP_715_Laut_Maluku
2023-01-16 00:00:00+00:00,4.0208306,124.56251,0.12506874,NOAA_ERDDAP,WPP_715_Laut_Maluku
2023-01-16 00:00:00+00:00,4.0208306,124.64584,0.105308734,NOAA_ERDDAP,WPP_715_Laut_Maluku
2023-01-16 00:00:00+00:00,4.0208306,124.72918,0.082956254,NOAA_ERDDAP,WPP_715_Laut_Maluku
2023-01-16 00:00:00+00:00,4.0208306,124.81251,0.079902224,NOAA_ERDDAP,WPP_715_Laut_Maluku
2023-01-16 00:00:00+00:00,4.0208306,124.89584,0.09657061,NOAA_ERDDAP,WPP_715_Laut_Maluku
2023-01-16 00:00:00+00:00,4.0208306,124.97918,0.09337464,NOAA_ERDDAP,WPP_715_Laut_Maluku
2023-01-16 00:00:00+00:00,4.0208306,125.06251,0.08137978,NOAA_ERDDAP,WPP_715_Laut_Maluku
2023-01-16 00:00:00+00:00,4.0208306,125.14584,0.071876526,NOAA_ERDDAP,WPP_715_Laut_Maluku
2023-01-16 00:00:00+00:00,4.0208306,125.22918,0.12627628,NOAA_ERDDAP,WPP_715_Laut_Maluku
2023-01-16 00:00:00+00:00,4.0208306,125.31251,0.17099816,NOAA_ERDDAP,WPP_715_Laut_Maluku
2023-01-16 00:00:00+00:00,4.0208306,125.39584,0.14062572,NOAA_ERDDAP,WPP_715_Laut_Maluku
2023-01-16 00:00:00+00:00,4.0208306,125.47918,0.0846497,NOAA_ERDDAP,WPP_715_Laut_Maluku
2023-01-16 00:00:00+00:00,4.0208306,125.56251,0.0861069,NOAA_ERDDAP,WPP_715_Laut_Maluku
2023-01-16 00:00:00+00:00,4.0208306,125.64584,0.080408305,NOAA_ERDDAP,WPP_715_Laut_Maluku
2023-01-16 00:00:00+00:00,4.0208306,125.72918,0.061646458,NOAA_ERDDAP,WPP_715_Laut_Maluku
2023-01-16 00:00:00+00:00,4.0208306,125.81251,0.06795577,NOAA_ERDDAP,WPP_715_Laut_Maluku
2023-01-16 00:00:00+00:00,4.0208306,125.89584,0.073600166,NOAA_ERDDAP,WPP_715_Laut_Maluku
2023-01-16 00:00:00+00:00,4.0208306,125.97918,0.047650807,NOAA_ERDDAP,WPP_715_Laut_Maluku
2023-01-16 00:00:00+00:00,4.0208306,126.06251,0.029206317,NOAA_ERDDAP,WPP_715_Laut_Maluku
2023-01-16 00:00:00+00:00,4.0208306,126.14584,0.03003776,NOAA_ERDDAP,WPP_715_Laut_Maluku
2023-01-16 00:00:00+00:00,4.0208306,126.22918,0.031751238,NOAA_ERDDAP,WPP_715_Laut_Maluku
2023-01-16 00:00:00+00:00,4.0208306,126.31251,0.027975813,NOAA_ERDDAP,WPP_715_Laut_Maluku
2023-01-16 00:00:00+00:00,4.0208306,126.39584,0.023810562,NOAA_ERDDAP,WPP_715_Laut_Maluku
2023-01-16 00:00:00+00:00,4.0208306,126.47918,0.033342477,NOAA_ERDDAP,WPP_715_Laut_Maluku
2023-01-16 00:00:00+00:00,4.0208306,126.56251,0.034795843,NOAA_ERDDAP,WPP_715_Laut_Maluku
2023-01-16 00:00:00+00:00,4.0208306,126.64584,0.038395,NOAA_ERDDAP,WPP_715_Laut_Maluku
2023-01-16 00:00:00+00:00,4.0208306,126.81251,0.08377571,NOAA_ERDDAP,WPP_715_Laut_Maluku
2023-01-16 00:00:00+00:00,4.0208306,126.89584,0.064741254,NOAA_ERDDAP,WPP_715_Laut_Maluku
2023-01-16 00:00:00+00:00,4.0208306,126.97918,0.057902552,NOAA_ERDDAP,WPP_715_Laut_Maluku
2023-01-16 00:00:00+00:00,4.0208306,127.06251,0.04944045,NOAA_ERDDAP,WPP_715_Laut_Maluku
2023-01-16 00:00:00+00:00,4.0208306,127.14584,0.049014986,NOAA_ERDDAP,WPP_715_Laut_Maluku
2023-01-16 00:00:00+00:00,4.0208306,127.22918,0.042833094,NOAA_ERDDAP,WPP_715_Laut_Maluku
2023-01-16 00:00:00+00:00,4.0208306,127.31251,0.03950677,NOAA_ERDDAP,WPP_715_Laut_Maluku
2023-01-16 00:00:00+00:00,4.0208306,127.39584,0.03970468,NOAA_ERDDAP,WPP_715_Laut_Maluku
2023-01-16 00:00:00+00:00,4.0208306,127.56251,0.029875986,NOAA_ERDDAP,WPP_715_Laut_Maluku
2023-01-16 00:00:00+00:00,4.0208306,127.64584,0.041293606,NOAA_ERDDAP,WPP_715_Laut_Maluku
2023-01-16 00:00:00+00:00,4.0208306,127.81251,0.025693294,NOAA_ERDDAP,WPP_715_Laut_Maluku
2023-01-16 00:00:00+00:00,4.0208306,127.89584,0.06430756,NOAA_ERDDAP,WPP_715_Laut_Maluku
2023-01-16 00:00:00+00:00,4.0208306,127.97918,0.11493742,NOAA_ERDDAP,WPP_715_Laut_Maluku
2023-01-16 00:00:00+00:00,4.0208306,128.06252,0.12193284,NOAA_ERDDAP,WPP_715_Laut_Maluku
2023-01-16 00:00:00+00:00,4.0208306,128.14584,0.11941312,NOAA_ERDDAP,WPP_715_Laut_Maluku
2023-01-16 00:00:00+00:00,4.0208306,128.22917,0.11012648,NOAA_ERDDAP,WPP_715_Laut_Maluku
2023-01-16 00:00:00+00:00,4.0208306,128.31252,0.0977725,NOAA_ERDDAP,WPP_715_Laut_Maluku
2023-01-16 00:00:00+00:00,4.0208306,128.39584,0.061163496,NOAA_ERDDAP,WPP_715_Laut_Maluku
2023-01-16 00:00:00+00:00,4.0208306,128.47917,0.1029892,NOAA_ERDDAP,WPP_715_Laut_Maluku
2023-01-16 00:00:00+00:00,4.0208306,128.56252,0.072097406,NOAA_ERDDAP,WPP_715_Laut_Maluku
2023-01-16 00:00:00+00:00,4.0208306,128.64584,0.13453948,NOAA_ERDDAP,WPP_715_Laut_Maluku
2023-01-16 00:00:00+00:00,4.0208306,128.72917,0.13869976,NOAA_ERDDAP,WPP_715_Laut_Maluku
2023-01-16 00:00:00+00:00,4.0208306,128.81252,0.14213178,NOAA_ERDDAP,WPP_715_Laut_Maluku
2023-01-16 00:00:00+00:00,4.0208306,128.89584,0.12195262,NOAA_ERDDAP,WPP_715_Laut_Maluku
2023-01-16 00:00:00+00:00,4.0208306,128.97917,0.17476732,NOAA_ERDDAP,WPP_715_Laut_Maluku
2023-01-16 00:00:00+00:00,4.0208306,129.06252,0.09199891,NOAA_ERDDAP,WPP_715_Laut_Maluku
2023-01-16 00:00:00+00:00,4.0208306,129.14584,0.09365104,NOAA_ERDDAP,WPP_715_Laut_Maluku
2023-01-16 00:00:00+00:00,4.0208306,129.22917,0.109706916,NOAA_ERDDAP,WPP_715_Laut_Maluku
2023-01-16 00:00:00+00:00,4.0208306,129.31252,0.1170811,NOAA_ERDDAP,WPP_715_Laut_Maluku
2023-01-16 00:00:00+00:00,4.0208306,129.39584,0.117668375,NOAA_ERDDAP,WPP_715_Laut_Maluku
2023-01-16 00:00:00+00:00,4.0208306,129.47917,0.13051262,NOAA_ERDDAP,WPP_715_Laut_Maluku
2023-01-16 00:00:00+00:00,4.0208306,129.56252,0.14730911,NOAA_ERDDAP,WPP_715_Laut_Maluku
2023-01-16 00:00:00+00:00,4.0208306,129.64584,0.11964509,NOAA_ERDDAP,WPP_715_Laut_Maluku
2023-01-16 00:00:00+00:00,4.0208306,129.72917,0.12346934,NOAA_ERDDAP,WPP_715_Laut_Maluku
2023-01-16 00:00:00+00:00,4.0208306,129.81252,0.09101066,NOAA_ERDDAP,WPP_715_Laut_Maluku
2023-01-16 00:00:00+00:00,4.0208306,129.89584,0.09568415,NOAA_ERDDAP,WPP_715_Laut_Maluku
2023-01-16 00:00:00+00:00,4.0208306,129.97917,0.13125888,NOAA_ERDDAP,WPP_715_Laut_Maluku
2023-01-16 00:00:00+00:00,4.0208306,130.06252,0.12196983,NOAA_ERDDAP,WPP_715_Laut_Maluku
2023-01-16 00:00:00+00:00,4.0208306,130.14584,0.11256012,NOAA_ERDDAP,WPP_715_Laut_Maluku
2023-01-16 00:00:00+00:00,4.0208306,130.22917,0.07322792,NOAA_ERDDAP,WPP_715_Laut_Maluku
2023-01-16 00:00:00+00:00,4.0208306,130.31252,0.08945234,NOAA_ERDDAP,WPP_715_Laut_Maluku
2023-01-16 00:00:00+00:00,4.0208306,130.39584,0.091943085,NOAA_ERDDAP,WPP_715_Laut_Maluku
2023-01-16 00:00:00+00:00,4.0208306,130.47917,0.09678277,NOAA_ERDDAP,WPP_715_Laut_Maluku
2023-01-16 00:00:00+00:00,4.0208306,130.56252,0.081911325,NOAA_ERDDAP,WPP_715_Laut_Maluku
2023-01-16 00:00:00+00:00,4.0208306,130.64584,0.056475945,NOAA_ERDDAP,WPP_715_Laut_Maluku
2023-01-16 00:00:00+00:00,4.0208306,130.72917,0.06408977,NOAA_ERDDAP,WPP_715_Laut_Maluku
2023-01-16 00:00:00+00:00,4.0208306,130.81252,0.06883488,NOAA_ERDDAP,WPP_715_Laut_Maluku
2023-01-16 00:00:00+00:00,4.0208306,130.89584,0.0799701,NOAA_ERDDAP,WPP_715_Laut_Maluku
2023-01-16 00:00:00+00:00,4.0208306,130.97917,0.09558284,NOAA_ERDDAP,WPP_715_Laut_Maluku
2023-01-16 00:00:00+00:00,4.0208306,131.06252,0.09677896,NOAA_ERDDAP,WPP_715_Laut_Maluku
2023-01-16 00:00:00+00:00,4.0208306,131.14584,0.068178296,NOAA_ERDDAP,WPP_715_Laut_Maluku
2023-01-16 00:00:00+00:00,4.0208306,131.22917,0.07902509,NOAA_ERDDAP,WPP_715_Laut_Maluku
2023-01-16 00:00:00+00:00,4.0208306,131.31252,0.07143418,NOAA_ERDDAP,WPP_715_Laut_Maluku
2023-01-16 00:00:00+00:00,4.0208306,131.39584,0.07012259,NOAA_ERDDAP,WPP_715_Laut_Maluku
2023-01-16 00:00:00+00:00,6.0208306,117.97917,7.9750595,NOAA_ERDDAP,WPP_716_Laut_Sulawesi
2023-01-16 00:00:00+00:00,6.0208306,118.06251,4.408178,NOAA_ERDDAP,WPP_716_Laut_Sulawesi
2023-01-16 00:00:00+00:00,6.0208306,118.14584,3.98646,NOAA_ERDDAP,WPP_716_Laut_Sulawesi
2023-01-16 00:00:00+00:00,6.0208306,118.22917,3.2212694,NOAA_ERDDAP,WPP_716_Laut_Sulawesi
2023-01-16 00:00:00+00:00,6.0208306,118.31251,2.0051432,NOAA_ERDDAP,WPP_716_Laut_Sulawesi
2023-01-16 00:00:00+00:00,6.0208306,118.39584,0.70595664,NOAA_ERDDAP,WPP_716_Laut_Sulawesi
2023-01-16 00:00:00+00:00,6.0208306,118.47917,0.54054433,NOAA_ERDDAP,WPP_716_Laut_Sulawesi
2023-01-16 00:00:00+00:00,6.0208306,118.56251,0.36626092,NOAA_ERDDAP,WPP_716_Laut_Sulawesi
2023-01-16 00:00:00+00:00,6.0208306,118.64584,0.26992375,NOAA_ERDDAP,WPP_716_Laut_Sulawesi
2023-01-16 00:00:00+00:00,6.0208306,118.72918,0.27839774,NOAA_ERDDAP,WPP_716_Laut_Sulawesi
2023-01-16 00:00:00+00:00,6.0208306,118.81251,0.26183316,NOAA_ERDDAP,WPP_716_Laut_Sulawesi
2023-01-16 00:00:00+00:00,6.0208306,118.89584,0.31483924,NOAA_ERDDAP,WPP_716_Laut_Sulawesi
2023-01-16 00:00:00+00:00,6.0208306,118.97918,0.32314777,NOAA_ERDDAP,WPP_716_Laut_Sulawesi
2023-01-16 00:00:00+00:00,6.0208306,119.06251,0.2697913,NOAA_ERDDAP,WPP_716_Laut_Sulawesi
2023-01-16 00:00:00+00:00,6.0208306,119.14584,0.20684485,NOAA_ERDDAP,WPP_716_Laut_Sulawesi
2023-01-16 00:00:00+00:00,6.0208306,119.22918,0.17332402,NOAA_ERDDAP,WPP_716_Laut_Sulawesi
2023-01-16 00:00:00+00:00,6.0208306,119.31251,0.16441488,NOAA_ERDDAP,WPP_716_Laut_Sulawesi
2023-01-16 00:00:00+00:00,6.0208306,119.39584,0.14090113,NOAA_ERDDAP,WPP_716_Laut_Sulawesi
2023-01-16 00:00:00+00:00,6.0208306,119.47918,0.18817747,NOAA_ERDDAP,WPP_716_Laut_Sulawesi
2023-01-16 00:00:00+00:00,6.0208306,119.56251,0.18186125,NOAA_ERDDAP,WPP_716_Laut_Sulawesi
2023-01-16 00:00:00+00:00,6.0208306,119.64584,0.1899484,NOAA_ERDDAP,WPP_716_Laut_Sulawesi
2023-01-16 00:00:00+00:00,6.0208306,119.72918,0.18779072,NOAA_ERDDAP,WPP_716_Laut_Sulawesi
2023-01-16 00:00:00+00:00,6.0208306,119.81251,0.13829495,NOAA_ERDDAP,WPP_716_Laut_Sulawesi
2023-01-16 00:00:00+00:00,6.0208306,119.89584,0.1711823,NOAA_ERDDAP,WPP_716_Laut_Sulawesi
2023-01-16 00:00:00+00:00,6.0208306,119.97918,0.18558311,NOAA_ERDDAP,WPP_716_Laut_Sulawesi
2023-01-16 00:00:00+00:00,6.0208306,120.06251,0.21691372,NOAA_ERDDAP,WPP_716_Laut_Sulawesi
2023-01-16 00:00:00+00:00,6.0208306,120.14584,0.20544551,NOAA_ERDDAP,WPP_716_Laut_Sulawesi
2023-01-16 00:00:00+00:00,6.0208306,120.22918,0.2981104,NOAA_ERDDAP,WPP_716_Laut_Sulawesi
2023-01-16 00:00:00+00:00,6.0208306,120.31251,0.28421772,NOAA_ERDDAP,WPP_716_Laut_Sulawesi
2023-01-16 00:00:00+00:00,6.0208306,120.39584,0.40831155,NOAA_ERDDAP,WPP_716_Laut_Sulawesi
2023-01-16 00:00:00+00:00,6.0208306,120.47918,0.47048435,NOAA_ERDDAP,WPP_716_Laut_Sulawesi
2023-01-16 00:00:00+00:00,6.0208306,120.56251,0.29917508,NOAA_ERDDAP,WPP_716_Laut_Sulawesi
2023-01-16 00:00:00+00:00,6.0208306,120.64584,0.23495995,NOAA_ERDDAP,WPP_716_Laut_Sulawesi
2023-01-16 00:00:00+00:00,6.0208306,120.72918,0.22907667,NOAA_ERDDAP,WPP_716_Laut_Sulawesi
2023-01-16 00:00:00+00:00,6.0208306,120.81251,0.2403843,NOAA_ERDDAP,WPP_716_Laut_Sulawesi
2023-01-16 00:00:00+00:00,6.0208306,120.89584,0.26245862,NOAA_ERDDAP,WPP_716_Laut_Sulawesi
2023-01-16 00:00:00+00:00,6.0208306,120.97918,0.39045382,NOAA_ERDDAP,WPP_716_Laut_Sulawesi
2023-01-16 00:00:00+00:00,6.0208306,121.22918,0.4321503,NOAA_ERDDAP,WPP_716_Laut_Sulawesi
2023-01-16 00:00:00+00:00,6.0208306,121.31251,0.37370753,NOAA_ERDDAP,WPP_716_Laut_Sulawesi
2023-01-16 00:00:00+00:00,6.0208306,121.39584,0.48869002,NOAA_ERDDAP,WPP_716_Laut_Sulawesi
2023-01-16 00:00:00+00:00,6.0208306,121.47918,0.23068133,NOAA_ERDDAP,WPP_716_Laut_Sulawesi
2023-01-16 00:00:00+00:00,6.0208306,121.56251,0.4335293,NOAA_ERDDAP,WPP_716_Laut_Sulawesi
2023-01-16 00:00:00+00:00,6.0208306,121.64584,0.39860964,NOAA_ERDDAP,WPP_716_Laut_Sulawesi
2023-01-16 00:00:00+00:00,6.0208306,121.72918,0.30524454,NOAA_ERDDAP,WPP_716_Laut_Sulawesi
2023-01-16 00:00:00+00:00,6.0208306,121.81251,0.34876218,NOAA_ERDDAP,WPP_716_Laut_Sulawesi
2023-01-16 00:00:00+00:00,6.0208306,121.89584,0.32401857,NOAA_ERDDAP,WPP_716_Laut_Sulawesi
2023-01-16 00:00:00+00:00,6.0208306,121.97918,0.32912415,NOAA_ERDDAP,WPP_716_Laut_Sulawesi
2023-01-16 00:00:00+00:00,6.0208306,122.06251,0.19447193,NOAA_ERDDAP,WPP_716_Laut_Sulawesi
2023-01-16 00:00:00+00:00,6.0208306,122.14584,0.24347025,NOAA_ERDDAP,WPP_716_Laut_Sulawesi
2023-01-16 00:00:00+00:00,6.0208306,122.22918,0.20552409,NOAA_ERDDAP,WPP_716_Laut_Sulawesi
2023-01-16 00:00:00+00:00,6.0208306,122.31251,0.21472913,NOAA_ERDDAP,WPP_716_Laut_Sulawesi
2023-01-16 00:00:00+00:00,6.0208306,122.39584,0.24064393,NOAA_ERDDAP,WPP_716_Laut_Sulawesi
2023-01-16 00:00:00+00:00,6.0208306,122.47918,0.27324554,NOAA_ERDDAP,WPP_716_Laut_Sulawesi
2023-01-16 00:00:00+00:00,6.0208306,122.56251,0.1660726,NOAA_ERDDAP,WPP_716_Laut_Sulawesi
2023-01-16 00:00:00+00:00,6.0208306,122.64584,0.16074198,NOAA_ERDDAP,WPP_716_Laut_Sulawesi
2023-01-16 00:00:00+00:00,6.0208306,122.72918,0.13759498,NOAA_ERDDAP,WPP_716_Laut_Sulawesi
2023-01-16 00:00:00+00:00,6.0208306,122.81251,0.16822109,NOAA_ERDDAP,WPP_716_Laut_Sulawesi
2023-01-16 00:00:00+00:00,6.0208306,122.89584,0.16894032,NOAA_ERDDAP,WPP_716_Laut_Sulawesi
2023-01-16 00:00:00+00:00,6.0208306,122.97918,0.15523955,NOAA_ERDDAP,WPP_716_Laut_Sulawesi
2023-01-16 00:00:00+00:00,6.0208306,123.06251,0.13356358,NOAA_ERDDAP,WPP_716_Laut_Sulawesi
2023-01-16 00:00:00+00:00,6.0208306,123.14584,0.13695727,NOAA_ERDDAP,WPP_716_Laut_Sulawesi
2023-01-16 00:00:00+00:00,6.0208306,123.22918,0.13522317,NOAA_ERDDAP,WPP_716_Laut_Sulawesi
2023-01-16 00:00:00+00:00,6.0208306,123.31251,0.13433437,NOAA_ERDDAP,WPP_716_Laut_Sulawesi
2023-01-16 00:00:00+00:00,6.0208306,123.39584,0.117191955,NOAA_ERDDAP,WPP_716_Laut_Sulawesi
2023-01-16 00:00:00+00:00,6.0208306,123.47918,0.11305561,NOAA_ERDDAP,WPP_716_Laut_Sulawesi
2023-01-16 00:00:00+00:00,6.0208306,123.56251,0.13899419,NOAA_ERDDAP,WPP_716_Laut_Sulawesi
2023-01-16 00:00:00+00:00,6.0208306,123.64584,0.10100809,NOAA_ERDDAP,WPP_716_Laut_Sulawesi
2023-01-16 00:00:00+00:00,6.0208306,123.72918,0.110006124,NOAA_ERDDAP,WPP_716_Laut_Sulawesi
2023-01-16 00:00:00+00:00,6.0208306,123.81251,0.1688234,NOAA_ERDDAP,WPP_716_Laut_Sulawesi
2023-01-16 00:00:00+00:00,6.0208306,123.89584,0.11077573,NOAA_ERDDAP,WPP_716_Laut_Sulawesi
2023-01-16 00:00:00+00:00,6.0208306,123.97918,0.11874861,NOAA_ERDDAP,WPP_716_Laut_Sulawesi
2023-01-16 00:00:00+00:00,6.0208306,124.06251,0.09485723,NOAA_ERDDAP,WPP_716_Laut_Sulawesi
2023-01-16 00:00:00+00:00,6.0208306,124.14584,0.06648453,NOAA_ERDDAP,WPP_716_Laut_Sulawesi
2023-01-16 00:00:00+00:00,6.0208306,124.22918,0.05771869,NOAA_ERDDAP,WPP_716_Laut_Sulawesi
2023-01-16 00:00:00+00:00,2.0208306,131.97917,0.14294007,NOAA_ERDDAP,WPP_717_Teluk_Cendrawasih
2023-01-16 00:00:00+00:00,2.0208306,132.06252,0.10549045,NOAA_ERDDAP,WPP_717_Teluk_Cendrawasih
2023-01-16 00:00:00+00:00,2.0208306,132.14584,0.082092226,NOAA_ERDDAP,WPP_717_Teluk_Cendrawasih
2023-01-16 00:00:00+00:00,2.0208306,132.22917,0.07185752,NOAA_ERDDAP,WPP_717_Teluk_Cendrawasih
2023-01-16 00:00:00+00:00,2.0208306,132.31252,0.07394666,NOAA_ERDDAP,WPP_717_Teluk_Cendrawasih
2023-01-16 00:00:00+00:00,2.0208306,132.39584,0.07973201,NOAA_ERDDAP,WPP_717_Teluk_Cendrawasih
2023-01-16 00:00:00+00:00,2.0208306,132.47917,0.09229321,NOAA_ERDDAP,WPP_717_Teluk_Cendrawasih
2023-01-16 00:00:00+00:00,2.0208306,132.56252,0.07804954,NOAA_ERDDAP,WPP_717_Teluk_Cendrawasih
2023-01-16 00:00:00+00:00,2.0208306,132.64584,0.08757366,NOAA_ERDDAP,WPP_717_Teluk_Cendrawasih
2023-01-16 00:00:00+00:00,2.0208306,132.89584,0.07954839,NOAA_ERDDAP,WPP_717_Teluk_Cendrawasih
2023-01-16 00:00:00+00:00,2.0208306,133.22917,0.069428645,NOAA_ERDDAP,WPP_717_Teluk_Cendrawasih
2023-01-16 00:00:00+00:00,2.0208306,133.31252,0.078249216,NOAA_ERDDAP,WPP_717_Teluk_Cendrawasih
2023-01-16 00:00:00+00:00,2.0208306,133.39584,0.10791217,NOAA_ERDDAP,WPP_717_Teluk_Cendrawasih
2023-01-16 00:00:00+00:00,2.0208306,133.47917,0.09590287,NOAA_ERDDAP,WPP_717_Teluk_Cendrawasih
2023-01-16 00:00:00+00:00,2.0208306,133.56252,0.0909318,NOAA_ERDDAP,WPP_717_Teluk_Cendrawasih
2023-01-16 00:00:00+00:00,2.0208306,133.64584,0.0790527,NOAA_ERDDAP,WPP_717_Teluk_Cendrawasih
2023-01-16 00:00:00+00:00,2.0208306,133.72917,0.0886541,NOAA_ERDDAP,WPP_717_Teluk_Cendrawasih
2023-01-16 00:00:00+00:00,2.0208306,133.81252,0.09561269,NOAA_ERDDAP,WPP_717_Teluk_Cendrawasih
2023-01-16 00:00:00+00:00,2.0208306,133.89584,0.07455317,NOAA_ERDDAP,WPP_717_Teluk_Cendrawasih
2023-01-16 00:00:00+00:00,2.0208306,133.97917,0.07376334,NOAA_ERDDAP,WPP_717_Teluk_Cendrawasih
2023-01-16 00:00:00+00:00,2.0208306,134.06252,0.07524921,NOAA_ERDDAP,WPP_717_Teluk_Cendrawasih
2023-01-16 00:00:00+00:00,2.0208306,134.14584,0.082036026,NOAA_ERDDAP,WPP_717_Teluk_Cendrawasih
2023-01-16 00:00:00+00:00,2.0208306,134.22917,0.119270794,NOAA_ERDDAP,WPP_717_Teluk_Cendrawasih
2023-01-16 00:00:00+00:00,2.0208306,134.31252,0.09311617,NOAA_ERDDAP,WPP_717_Teluk_Cendrawasih
2023-01-16 00:00:00+00:00,2.0208306,134.39584,0.07035325,NOAA_ERDDAP,WPP_717_Teluk_Cendrawasih
2023-01-16 00:00:00+00:00,2.0208306,134.47917,0.06441463,NOAA_ERDDAP,WPP_717_Teluk_Cendrawasih
2023-01-16 00:00:00+00:00,2.0208306,134.56252,0.06354398,NOAA_ERDDAP,WPP_717_Teluk_Cendrawasih
2023-01-16 00:00:00+00:00,2.0208306,134.64584,0.087884404,NOAA_ERDDAP,WPP_717_Teluk_Cendrawasih
2023-01-16 00:00:00+00:00,2.0208306,134.72917,0.09858735,NOAA_ERDDAP,WPP_717_Teluk_Cendrawasih
2023-01-16 00:00:00+00:00,2.0208306,134.81252,0.11259559,NOAA_ERDDAP,WPP_717_Teluk_Cendrawasih
2023-01-16 00:00:00+00:00,2.0208306,134.89584,0.14729284,NOAA_ERDDAP,WPP_717_Teluk_Cendrawasih
2023-01-16 00:00:00+00:00,2.0208306,134.97917,0.1612689,NOAA_ERDDAP,WPP_717_Teluk_Cendrawasih
2023-01-16 00:00:00+00:00,2.0208306,135.06252,0.15809973,NOAA_ERDDAP,WPP_717_Teluk_Cendrawasih
2023-01-16 00:00:00+00:00,2.0208306,135.14584,0.15555502,NOAA_ERDDAP,WPP_717_Teluk_Cendrawasih
2023-01-16 00:00:00+00:00,2.0208306,135.22917,0.15055677,NOAA_ERDDAP,WPP_717_Teluk_Cendrawasih
2023-01-16 00:00:00+00:00,2.0208306,135.31252,0.1407448,NOAA_ERDDAP,WPP_717_Teluk_Cendrawasih
2023-01-16 00:00:00+00:00,2.0208306,135.39584,0.1431314,NOAA_ERDDAP,WPP_717_Teluk_Cendrawasih
2023-01-16 00:00:00+00:00,2.0208306,135.47917,0.1583548,NOAA_ERDDAP,WPP_717_Teluk_Cendrawasih
2023-01-16 00:00:00+00:00,2.0208306,135.56252,0.18223505,NOAA_ERDDAP,WPP_717_Teluk_Cendrawasih
2023-01-16 00:00:00+00:00,2.0208306,135.64584,0.18954967,NOAA_ERDDAP,WPP_717_Teluk_Cendrawasih
2023-01-16 00:00:00+00:00,2.0208306,135.72917,0.18293911,NOAA_ERDDAP,WPP_717_Teluk_Cendrawasih
2023-01-16 00:00:00+00:00,2.0208306,135.81252,0.11634843,NOAA_ERDDAP,WPP_717_Teluk_Cendrawasih
2023-01-16 00:00:00+00:00,2.0208306,135.89584,0.1124719,NOAA_ERDDAP,WPP_717_Teluk_Cendrawasih
2023-01-16 00:00:00+00:00,2.0208306,135.97917,0.10024481,NOAA_ERDDAP,WPP_717_Teluk_Cendrawasih
2023-01-16 00:00:00+00:00,2.0208306,136.06252,0.09183304,NOAA_ERDDAP,WPP_717_Teluk_Cendrawasih
2023-01-16 00:00:00+00:00,2.0208306,136.14584,0.095745966,NOAA_ERDDAP,WPP_717_Teluk_Cendrawasih
2023-01-16 00:00:00+00:00,2.0208306,136.22917,0.10903858,NOAA_ERDDAP,WPP_717_Teluk_Cendrawasih
2023-01-16 00:00:00+00:00,2.0208306,136.31252,0.120975524,NOAA_ERDDAP,WPP_717_Teluk_Cendrawasih
2023-01-16 00:00:00+00:00,2.0208306,136.39584,0.08632233,NOAA_ERDDAP,WPP_717_Teluk_Cendrawasih
2023-01-16 00:00:00+00:00,2.0208306,136.47917,0.09962884,NOAA_ERDDAP,WPP_717_Teluk_Cendrawasih
2023-01-16 00:00:00+00:00,2.0208306,136.56252,0.06913842,NOAA_ERDDAP,WPP_717_Teluk_Cendrawasih
2023-01-16 00:00:00+00:00,2.0208306,136.64584,0.08254632,NOAA_ERDDAP,WPP_717_Teluk_Cendrawasih
2023-01-16 00:00:00+00:00,2.0208306,136.72917,0.082574844,NOAA_ERDDAP,WPP_717_Teluk_Cendrawasih
2023-01-16 00:00:00+00:00,2.0208306,136.81252,0.09883123,NOAA_ERDDAP,WPP_717_Teluk_Cendrawasih
2023-01-16 00:00:00+00:00,2.0208306,136.89584,0.13978268,NOAA_ERDDAP,WPP_717_Teluk_Cendrawasih
2023-01-16 00:00:00+00:00,2.0208306,136.97917,0.048456267,NOAA_ERDDAP,WPP_717_Teluk_Cendrawasih
2023-01-16 00:00:00+00:00,2.0208306,137.06252,0.04954939,NOAA_ERDDAP,WPP_717_Teluk_Cendrawasih
2023-01-16 00:00:00+00:00,2.0208306,137.14584,0.04555057,NOAA_ERDDAP,WPP_717_Teluk_Cendrawasih
2023-01-16 00:00:00+00:00,2.0208306,137.22917,0.047417704,NOAA_ERDDAP,WPP_717_Teluk_Cendrawasih
2023-01-16 00:00:00+00:00,2.0208306,137.31252,0.041609522,NOAA_ERDDAP,WPP_717_Teluk_Cendrawasih
2023-01-16 00:00:00+00:00,2.0208306,137.39584,0.07309815,NOAA_ERDDAP,WPP_717_Teluk_Cendrawasih
2023-01-16 00:00:00+00:00,2.0208306,137.47917,0.0738047,NOAA_ERDDAP,WPP_717_Teluk_Cendrawasih
2023-01-16 00:00:00+00:00,2.0208306,137.72917,0.0726137,NOAA_ERDDAP,WPP_717_Teluk_Cendrawasih
2023-01-16 00:00:00+00:00,2.0208306,137.81252,0.07549215,NOAA_ERDDAP,WPP_717_Teluk_Cendrawasih
2023-01-16 00:00:00+00:00,2.0208306,137.89584,0.057245597,NOAA_ERDDAP,WPP_717_Teluk_Cendrawasih
2023-01-16 00:00:00+00:00,2.0208306,137.97917,0.05226141,NOAA_ERDDAP,WPP_717_Teluk_Cendrawasih
2023-01-16 00:00:00+00:00,1.9374974,132.14584,0.06130394,NOAA_ERDDAP,WPP_717_Teluk_Cendrawasih
2023-01-16 00:00:00+00:00,1.9374974,132.22917,0.06076403,NOAA_ERDDAP,WPP_717_Teluk_Cendrawasih
2023-01-16 00:00:00+00:00,1.9374974,132.31252,0.07124307,NOAA_ERDDAP,WPP_717_Teluk_Cendrawasih
2023-01-16 00:00:00+00:00,1.9374974,132.39584,0.080650695,NOAA_ERDDAP,WPP_717_Teluk_Cendrawasih
2023-01-16 00:00:00+00:00,1.9374974,132.47917,0.08496639,NOAA_ERDDAP,WPP_717_Teluk_Cendrawasih
2023-01-16 00:00:00+00:00,1.9374974,132.56252,0.08723268,NOAA_ERDDAP,WPP_717_Teluk_Cendrawasih
2023-01-16 00:00:00+00:00,1.9374974,132.64584,0.07725113,NOAA_ERDDAP,WPP_717_Teluk_Cendrawasih
2023-01-16 00:00:00+00:00,1.9374974,132.72917,0.067668565,NOAA_ERDDAP,WPP_717_Teluk_Cendrawasih
2023-01-16 00:00:00+00:00,1.9374974,132.81252,0.09539718,NOAA_ERDDAP,WPP_717_Teluk_Cendrawasih
2023-01-16 00:00:00+00:00,1.9374974,132.89584,0.08137627,NOAA_ERDDAP,WPP_717_Teluk_Cendrawasih
2023-01-16 00:00:00+00:00,1.9374974,133.22917,0.0849732,NOAA_ERDDAP,WPP_717_Teluk_Cendrawasih
2023-01-16 00:00:00+00:00,1.9374974,133.31252,0.09656123,NOAA_ERDDAP,WPP_717_Teluk_Cendrawasih
2023-01-16 00:00:00+00:00,-3.9791694,131.97917,0.084865905,NOAA_ERDDAP,WPP_718_Laut_Arafuru
2023-01-16 00:00:00+00:00,-3.9791694,132.06252,0.092271894,NOAA_ERDDAP,WPP_718_Laut_Arafuru
2023-01-16 00:00:00+00:00,-3.9791694,132.14584,0.09326764,NOAA_ERDDAP,WPP_718_Laut_Arafuru
2023-01-16 00:00:00+00:00,-3.9791694,132.22917,0.09521581,NOAA_ERDDAP,WPP_718_Laut_Arafuru
2023-01-16 00:00:00+00:00,-3.9791694,132.31252,0.11849036,NOAA_ERDDAP,WPP_718_Laut_Arafuru
2023-01-16 00:00:00+00:00,-3.9791694,132.39584,0.120909914,NOAA_ERDDAP,WPP_718_Laut_Arafuru
2023-01-16 00:00:00+00:00,-3.9791694,132.47917,0.15681516,NOAA_ERDDAP,WPP_718_Laut_Arafuru
2023-01-16 00:00:00+00:00,-3.9791694,132.56252,0.15261152,NOAA_ERDDAP,WPP_718_Laut_Arafuru
2023-01-16 00:00:00+00:00,-3.9791694,132.64584,0.1822209,NOAA_ERDDAP,WPP_718_Laut_Arafuru
2023-01-16 00:00:00+00:00,-3.9791694,132.72917,0.21666555,NOAA_ERDDAP,WPP_718_Laut_Arafuru
2023-01-16 00:00:00+00:00,-3.9791694,132.81252,0.2310157,NOAA_ERDDAP,WPP_718_Laut_Arafuru
2023-01-16 00:00:00+00:00,-3.9791694,133.39584,2.3162506,NOAA_ERDDAP,WPP_718_Laut_Arafuru
2023-01-16 00:00:00+00:00,-3.9791694,133.47917,1.4168979,NOAA_ERDDAP,WPP_718_Laut_Arafuru
2023-01-16 00:00:00+00:00,-3.9791694,133.56252,0.8082495,NOAA_ERDDAP,WPP_718_Laut_Arafuru
2023-01-16 00:00:00+00:00,-3.9791694,133.64584,0.5042503,NOAA_ERDDAP,WPP_718_Laut_Arafuru
2023-01-16 00:00:00+00:00,-3.9791694,133.72917,0.40309617,NOAA_ERDDAP,WPP_718_Laut_Arafuru
2023-01-16 00:00:00+00:00,-3.9791694,133.81252,0.33024412,NOAA_ERDDAP,WPP_718_Laut_Arafuru
2023-01-16 00:00:00+00:00,-3.9791694,133.89584,0.25033176,NOAA_ERDDAP,WPP_718_Laut_Arafuru
2023-01-16 00:00:00+00:00,-3.9791694,133.97917,0.26110926,NOAA_ERDDAP,WPP_718_Laut_Arafuru
2023-01-16 00:00:00+00:00,-3.9791694,134.06252,0.25819033,NOAA_ERDDAP,WPP_718_Laut_Arafuru
2023-01-16 00:00:00+00:00,-3.9791694,134.31252,0.2540968,NOAA_ERDDAP,WPP_718_Laut_Arafuru
2023-01-16 00:00:00+00:00,-3.9791694,134.39584,0.3129576,NOAA_ERDDAP,WPP_718_Laut_Arafuru
2023-01-16 00:00:00+00:00,-3.9791694,134.47917,0.40014344,NOAA_ERDDAP,WPP_718_Laut_Arafuru
2023-01-16 00:00:00+00:00,-3.9791694,134.64584,5.2107344,NOAA_ERDDAP,WPP_718_Laut_Arafuru
2023-02-16 00:00:00+00:00,6.0208306,94.97917,0.19666705,NOAA_ERDDAP,WPP_571_Selat_Malaka
2023-02-16 00:00:00+00:00,6.0208306,95.14584,0.17196344,NOAA_ERDDAP,WPP_571_Selat_Malaka
2023-02-16 00:00:00+00:00,6.0208306,95.22917,0.17701215,NOAA_ERDDAP,WPP_571_Selat_Malaka
2023-02-16 00:00:00+00:00,6.0208306,95.31251,0.18575902,NOAA_ERDDAP,WPP_571_Selat_Malaka
2023-02-16 00:00:00+00:00,6.0208306,95.39584,0.2846425,NOAA_ERDDAP,WPP_571_Selat_Malaka
2023-02-16 00:00:00+00:00,6.0208306,95.47917,0.35941803,NOAA_ERDDAP,WPP_571_Selat_Malaka
2023-02-16 00:00:00+00:00,6.0208306,95.56251,0.36979538,NOAA_ERDDAP,WPP_571_Selat_Malaka
2023-02-16 00:00:00+00:00,6.0208306,95.64584,0.38228074,NOAA_ERDDAP,WPP_571_Selat_Malaka
2023-02-16 00:00:00+00:00,6.0208306,95.72917,0.40769437,NOAA_ERDDAP,WPP_571_Selat_Malaka
2023-02-16 00:00:00+00:00,6.0208306,95.81251,0.41230887,NOAA_ERDDAP,WPP_571_Selat_Malaka
2023-02-16 00:00:00+00:00,6.0208306,95.89584,0.20539454,NOAA_ERDDAP,WPP_571_Selat_Malaka
2023-02-16 00:00:00+00:00,6.0208306,95.97917,0.21962367,NOAA_ERDDAP,WPP_571_Selat_Malaka
2023-02-16 00:00:00+00:00,6.0208306,96.06251,0.23057285,NOAA_ERDDAP,WPP_571_Selat_Malaka
2023-02-16 00:00:00+00:00,6.0208306,96.14584,0.23872487,NOAA_ERDDAP,WPP_571_Selat_Malaka
2023-02-16 00:00:00+00:00,6.0208306,96.22917,0.2441578,NOAA_ERDDAP,WPP_571_Selat_Malaka
2023-02-16 00:00:00+00:00,6.0208306,96.31251,0.24280694,NOAA_ERDDAP,WPP_571_Selat_Malaka
2023-02-16 00:00:00+00:00,6.0208306,96.39584,0.2485219,NOAA_ERDDAP,WPP_571_Selat_Malaka
2023-02-16 00:00:00+00:00,6.0208306,96.47917,0.24877062,NOAA_ERDDAP,WPP_571_Selat_Malaka
2023-02-16 00:00:00+00:00,6.0208306,96.56251,0.24983263,NOAA_ERDDAP,WPP_571_Selat_Malaka
2023-02-16 00:00:00+00:00,6.0208306,97.22917,0.32362178,NOAA_ERDDAP,WPP_571_Selat_Malaka
2023-02-16 00:00:00+00:00,6.0208306,97.31251,0.3510036,NOAA_ERDDAP,WPP_571_Selat_Malaka
2023-02-16 00:00:00+00:00,6.0208306,97.39584,0.44193637,NOAA_ERDDAP,WPP_571_Selat_Malaka
2023-02-16 00:00:00+00:00,6.0208306,97.47917,0.5359469,NOAA_ERDDAP,WPP_571_Selat_Malaka
2023-02-16 00:00:00+00:00,6.0208306,97.56251,0.699232,NOAA_ERDDAP,WPP_571_Selat_Malaka
2023-02-16 00:00:00+00:00,6.0208306,97.64584,0.40283632,NOAA_ERDDAP,WPP_571_Selat_Malaka
2023-02-16 00:00:00+00:00,6.0208306,97.72917,0.3523065,NOAA_ERDDAP,WPP_571_Selat_Malaka
2023-02-16 00:00:00+00:00,6.0208306,97.81251,0.37085074,NOAA_ERDDAP,WPP_571_Selat_Malaka
2023-02-16 00:00:00+00:00,6.0208306,97.89584,0.43649694,NOAA_ERDDAP,WPP_571_Selat_Malaka
2023-02-16 00:00:00+00:00,6.0208306,97.97917,0.4848748,NOAA_ERDDAP,WPP_571_Selat_Malaka
2023-02-16 00:00:00+00:00,6.0208306,98.06251,0.44504017,NOAA_ERDDAP,WPP_571_Selat_Malaka
2023-02-16 00:00:00+00:00,6.0208306,98.14584,0.24871886,NOAA_ERDDAP,WPP_571_Selat_Malaka
2023-02-16 00:00:00+00:00,6.0208306,98.22917,0.33689973,NOAA_ERDDAP,WPP_571_Selat_Malaka
2023-02-16 00:00:00+00:00,6.0208306,98.31251,0.4033566,NOAA_ERDDAP,WPP_571_Selat_Malaka
2023-02-16 00:00:00+00:00,6.0208306,98.39584,0.35420942,NOAA_ERDDAP,WPP_571_Selat_Malaka
2023-02-16 00:00:00+00:00,6.0208306,98.47917,0.3435157,NOAA_ERDDAP,WPP_571_Selat_Malaka
2023-02-16 00:00:00+00:00,6.0208306,98.56251,0.33840013,NOAA_ERDDAP,WPP_571_Selat_Malaka
2023-02-16 00:00:00+00:00,6.0208306,98.64584,0.3875228,NOAA_ERDDAP,WPP_571_Selat_Malaka
2023-02-16 00:00:00+00:00,6.0208306,98.72917,0.38503954,NOAA_ERDDAP,WPP_571_Selat_Malaka
2023-02-16 00:00:00+00:00,6.0208306,98.81251,0.37611908,NOAA_ERDDAP,WPP_571_Selat_Malaka
2023-02-16 00:00:00+00:00,6.0208306,98.89584,0.4433914,NOAA_ERDDAP,WPP_571_Selat_Malaka
2023-02-16 00:00:00+00:00,6.0208306,98.97917,0.4597828,NOAA_ERDDAP,WPP_571_Selat_Malaka
2023-02-16 00:00:00+00:00,6.0208306,99.06251,0.7001585,NOAA_ERDDAP,WPP_571_Selat_Malaka
2023-02-16 00:00:00+00:00,6.0208306,99.14584,0.65084887,NOAA_ERDDAP,WPP_571_Selat_Malaka
2023-02-16 00:00:00+00:00,6.0208306,99.22917,0.73623204,NOAA_ERDDAP,WPP_571_Selat_Malaka
2023-02-16 00:00:00+00:00,6.0208306,99.31251,0.7931346,NOAA_ERDDAP,WPP_571_Selat_Malaka
2023-02-16 00:00:00+00:00,6.0208306,99.39584,0.63578993,NOAA_ERDDAP,WPP_571_Selat_Malaka
2023-02-16 00:00:00+00:00,6.0208306,99.47917,0.5757869,NOAA_ERDDAP,WPP_571_Selat_Malaka
2023-02-16 00:00:00+00:00,6.0208306,99.56251,0.662944,NOAA_ERDDAP,WPP_571_Selat_Malaka
2023-02-16 00:00:00+00:00,6.0208306,99.64584,0.7126057,NOAA_ERDDAP,WPP_571_Selat_Malaka
2023-02-16 00:00:00+00:00,6.0208306,99.72917,0.98132545,NOAA_ERDDAP,WPP_571_Selat_Malaka
2023-02-16 00:00:00+00:00,6.0208306,99.81251,0.8808868,NOAA_ERDDAP,WPP_571_Selat_Malaka
2023-02-16 00:00:00+00:00,6.0208306,99.89584,0.6328756,NOAA_ERDDAP,WPP_571_Selat_Malaka
2023-02-16 00:00:00+00:00,6.0208306,99.97917,0.6893864,NOAA_ERDDAP,WPP_571_Selat_Malaka
2023-02-16 00:00:00+00:00,6.0208306,100.06251,0.894693,NOAA_ERDDAP,WPP_571_Selat_Malaka
2023-02-16 00:00:00+00:00,6.0208306,100.14584,1.6700422,NOAA_ERDDAP,WPP_571_Selat_Malaka
2023-02-16 00:00:00+00:00,6.0208306,100.22917,2.9782073,NOAA_ERDDAP,WPP_571_Selat_Malaka
2023-02-16 00:00:00+00:00,6.0208306,100.31251,4.293136,NOAA_ERDDAP,WPP_571_Selat_Malaka
2023-02-16 00:00:00+00:00,6.0208306,102.39584,5.386997,NOAA_ERDDAP,WPP_571_Selat_Malaka
2023-02-16 00:00:00+00:00,2.0208306,94.97917,0.07214059,NOAA_ERDDAP,WPP_572_Samudera_Hindia_Barat
2023-02-16 00:00:00+00:00,2.0208306,95.06251,0.036714632,NOAA_ERDDAP,WPP_572_Samudera_Hindia_Barat
2023-02-16 00:00:00+00:00,2.0208306,95.14584,0.03782039,NOAA_ERDDAP,WPP_572_Samudera_Hindia_Barat
2023-02-16 00:00:00+00:00,2.0208306,95.22917,0.038892936,NOAA_ERDDAP,WPP_572_Samudera_Hindia_Barat
2023-02-16 00:00:00+00:00,2.0208306,95.31251,0.049759977,NOAA_ERDDAP,WPP_572_Samudera_Hindia_Barat
2023-02-16 00:00:00+00:00,2.0208306,95.39584,0.047806688,NOAA_ERDDAP,WPP_572_Samudera_Hindia_Barat
2023-02-16 00:00:00+00:00,2.0208306,95.47917,0.040024824,NOAA_ERDDAP,WPP_572_Samudera_Hindia_Barat
2023-02-16 00:00:00+00:00,2.0208306,95.56251,0.054499086,NOAA_ERDDAP,WPP_572_Samudera_Hindia_Barat
2023-02-16 00:00:00+00:00,2.0208306,95.64584,0.073551655,NOAA_ERDDAP,WPP_572_Samudera_Hindia_Barat
2023-02-16 00:00:00+00:00,2.0208306,95.72917,0.07261548,NOAA_ERDDAP,WPP_572_Samudera_Hindia_Barat
2023-02-16 00:00:00+00:00,2.0208306,95.81251,0.08486638,NOAA_ERDDAP,WPP_572_Samudera_Hindia_Barat
2023-02-16 00:00:00+00:00,2.0208306,95.89584,0.10511236,NOAA_ERDDAP,WPP_572_Samudera_Hindia_Barat
2023-02-16 00:00:00+00:00,2.0208306,95.97917,0.098202065,NOAA_ERDDAP,WPP_572_Samudera_Hindia_Barat
2023-02-16 00:00:00+00:00,2.0208306,96.06251,0.11100249,NOAA_ERDDAP,WPP_572_Samudera_Hindia_Barat
2023-02-16 00:00:00+00:00,2.0208306,96.14584,0.10984105,NOAA_ERDDAP,WPP_572_Samudera_Hindia_Barat
2023-02-16 00:00:00+00:00,2.0208306,96.22917,0.111949004,NOAA_ERDDAP,WPP_572_Samudera_Hindia_Barat
2023-02-16 00:00:00+00:00,2.0208306,96.31251,0.110741824,NOAA_ERDDAP,WPP_572_Samudera_Hindia_Barat
2023-02-16 00:00:00+00:00,2.0208306,96.39584,0.1193318,NOAA_ERDDAP,WPP_572_Samudera_Hindia_Barat
2023-02-16 00:00:00+00:00,2.0208306,96.47917,0.13881567,NOAA_ERDDAP,WPP_572_Samudera_Hindia_Barat
2023-02-16 00:00:00+00:00,2.0208306,96.56251,0.14709125,NOAA_ERDDAP,WPP_572_Samudera_Hindia_Barat
2023-02-16 00:00:00+00:00,2.0208306,96.64584,0.14898695,NOAA_ERDDAP,WPP_572_Samudera_Hindia_Barat
2023-02-16 00:00:00+00:00,2.0208306,96.72917,0.13334802,NOAA_ERDDAP,WPP_572_Samudera_Hindia_Barat
2023-02-16 00:00:00+00:00,2.0208306,96.81251,0.12624088,NOAA_ERDDAP,WPP_572_Samudera_Hindia_Barat
2023-02-16 00:00:00+00:00,2.0208306,96.89584,0.12466331,NOAA_ERDDAP,WPP_572_Samudera_Hindia_Barat
2023-02-16 00:00:00+00:00,2.0208306,96.97917,0.13856806,NOAA_ERDDAP,WPP_572_Samudera_Hindia_Barat
2023-02-16 00:00:00+00:00,2.0208306,97.06251,0.14700156,NOAA_ERDDAP,WPP_572_Samudera_Hindia_Barat
2023-02-16 00:00:00+00:00,2.0208306,97.14584,0.15516593,NOAA_ERDDAP,WPP_572_Samudera_Hindia_Barat
2023-02-16 00:00:00+00:00,2.0208306,97.22917,0.1269106,NOAA_ERDDAP,WPP_572_Samudera_Hindia_Barat
2023-02-16 00:00:00+00:00,2.0208306,97.31251,0.19153468,NOAA_ERDDAP,WPP_572_Samudera_Hindia_Barat
2023-02-16 00:00:00+00:00,2.0208306,97.39584,0.17845622,NOAA_ERDDAP,WPP_572_Samudera_Hindia_Barat
2023-02-16 00:00:00+00:00,2.0208306,97.47917,0.17656311,NOAA_ERDDAP,WPP_572_Samudera_Hindia_Barat
2023-02-16 00:00:00+00:00,2.0208306,97.56251,0.18207222,NOAA_ERDDAP,WPP_572_Samudera_Hindia_Barat
2023-02-16 00:00:00+00:00,2.0208306,97.64584,0.40376267,NOAA_ERDDAP,WPP_572_Samudera_Hindia_Barat
2023-02-16 00:00:00+00:00,2.0208306,97.72917,0.18624115,NOAA_ERDDAP,WPP_572_Samudera_Hindia_Barat
2023-02-16 00:00:00+00:00,2.0208306,97.81251,0.17981845,NOAA_ERDDAP,WPP_572_Samudera_Hindia_Barat
2023-02-16 00:00:00+00:00,2.0208306,97.89584,0.2191845,NOAA_ERDDAP,WPP_572_Samudera_Hindia_Barat
2023-02-16 00:00:00+00:00,2.0208306,97.97917,0.2269953,NOAA_ERDDAP,WPP_572_Samudera_Hindia_Barat
2023-02-16 00:00:00+00:00,2.0208306,98.06251,0.23182346,NOAA_ERDDAP,WPP_572_Samudera_Hindia_Barat
2023-02-16 00:00:00+00:00,2.0208306,98.14584,0.31327477,NOAA_ERDDAP,WPP_572_Samudera_Hindia_Barat
2023-02-16 00:00:00+00:00,2.0208306,98.22917,0.56555676,NOAA_ERDDAP,WPP_572_Samudera_Hindia_Barat
2023-02-16 00:00:00+00:00,2.0208306,98.31251,1.0990313,NOAA_ERDDAP,WPP_572_Samudera_Hindia_Barat
2023-02-16 00:00:00+00:00,2.0208306,98.39584,1.4218185,NOAA_ERDDAP,WPP_572_Samudera_Hindia_Barat
2023-02-16 00:00:00+00:00,2.0208306,98.47917,1.6476344,NOAA_ERDDAP,WPP_572_Samudera_Hindia_Barat
2023-02-16 00:00:00+00:00,2.0208306,101.81251,3.9256096,NOAA_ERDDAP,WPP_572_Samudera_Hindia_Barat
2023-02-16 00:00:00+00:00,2.0208306,101.89584,3.6523592,NOAA_ERDDAP,WPP_572_Samudera_Hindia_Barat
2023-02-16 00:00:00+00:00,2.0208306,101.97917,2.640807,NOAA_ERDDAP,WPP_572_Samudera_Hindia_Barat
2023-02-16 00:00:00+00:00,2.0208306,102.06251,2.5083861,NOAA_ERDDAP,WPP_572_Samudera_Hindia_Barat
2023-02-16 00:00:00+00:00,2.0208306,102.14584,1.8472087,NOAA_ERDDAP,WPP_572_Samudera_Hindia_Barat
2023-02-16 00:00:00+00:00,2.0208306,102.22917,2.3015428,NOAA_ERDDAP,WPP_572_Samudera_Hindia_Barat
2023-02-16 00:00:00+00:00,2.0208306,102.31251,2.436028,NOAA_ERDDAP,WPP_572_Samudera_Hindia_Barat
2023-02-16 00:00:00+00:00,2.0208306,102.39584,2.1497264,NOAA_ERDDAP,WPP_572_Samudera_Hindia_Barat
2023-02-16 00:00:00+00:00,-5.9791694,101.97917,0.1422923,NOAA_ERDDAP,WPP_573_Samudera_Hindia_Selatan
2023-02-16 00:00:00+00:00,-5.9791694,102.06251,0.1399449,NOAA_ERDDAP,WPP_573_Samudera_Hindia_Selatan
2023-02-16 00:00:00+00:00,-5.9791694,102.14584,0.13086751,NOAA_ERDDAP,WPP_573_Samudera_Hindia_Selatan
2023-02-16 00:00:00+00:00,-5.9791694,102.22917,0.11972557,NOAA_ERDDAP,WPP_573_Samudera_Hindia_Selatan
2023-02-16 00:00:00+00:00,-5.9791694,102.56251,0.06054465,NOAA_ERDDAP,WPP_573_Samudera_Hindia_Selatan
2023-02-16 00:00:00+00:00,-5.9791694,102.64584,0.07671088,NOAA_ERDDAP,WPP_573_Samudera_Hindia_Selatan
2023-02-16 00:00:00+00:00,-5.9791694,102.72917,0.07693538,NOAA_ERDDAP,WPP_573_Samudera_Hindia_Selatan
2023-02-16 00:00:00+00:00,-5.9791694,102.89584,0.067828454,NOAA_ERDDAP,WPP_573_Samudera_Hindia_Selatan
2023-02-16 00:00:00+00:00,-5.9791694,102.97917,0.06735718,NOAA_ERDDAP,WPP_573_Samudera_Hindia_Selatan
2023-02-16 00:00:00+00:00,-5.9791694,103.06251,0.049934458,NOAA_ERDDAP,WPP_573_Samudera_Hindia_Selatan
2023-02-16 00:00:00+00:00,-5.9791694,103.22917,0.089645535,NOAA_ERDDAP,WPP_573_Samudera_Hindia_Selatan
2023-02-16 00:00:00+00:00,-5.9791694,103.31251,0.086941436,NOAA_ERDDAP,WPP_573_Samudera_Hindia_Selatan
2023-02-16 00:00:00+00:00,-5.9791694,103.39584,0.09450675,NOAA_ERDDAP,WPP_573_Samudera_Hindia_Selatan
2023-02-16 00:00:00+00:00,-5.9791694,103.47917,0.052027993,NOAA_ERDDAP,WPP_573_Samudera_Hindia_Selatan
2023-02-16 00:00:00+00:00,-5.9791694,103.56251,0.05763303,NOAA_ERDDAP,WPP_573_Samudera_Hindia_Selatan
2023-02-16 00:00:00+00:00,-5.9791694,103.64584,0.062292013,NOAA_ERDDAP,WPP_573_Samudera_Hindia_Selatan
2023-02-16 00:00:00+00:00,-5.9791694,103.72917,0.0622879,NOAA_ERDDAP,WPP_573_Samudera_Hindia_Selatan
2023-02-16 00:00:00+00:00,-5.9791694,103.81251,0.06013056,NOAA_ERDDAP,WPP_573_Samudera_Hindia_Selatan
2023-02-16 00:00:00+00:00,-5.9791694,103.89584,0.06479249,NOAA_ERDDAP,WPP_573_Samudera_Hindia_Selatan
2023-02-16 00:00:00+00:00,-5.9791694,103.97917,0.07059968,NOAA_ERDDAP,WPP_573_Samudera_Hindia_Selatan
2023-02-16 00:00:00+00:00,-5.9791694,104.06251,0.059654474,NOAA_ERDDAP,WPP_573_Samudera_Hindia_Selatan
2023-02-16 00:00:00+00:00,-5.9791694,104.14584,0.056637168,NOAA_ERDDAP,WPP_573_Samudera_Hindia_Selatan
2023-02-16 00:00:00+00:00,-5.9791694,104.22917,0.06288985,NOAA_ERDDAP,WPP_573_Samudera_Hindia_Selatan
2023-02-16 00:00:00+00:00,-5.9791694,104.31251,0.08002435,NOAA_ERDDAP,WPP_573_Samudera_Hindia_Selatan
2023-02-16 00:00:00+00:00,-5.9791694,104.39584,0.082063414,NOAA_ERDDAP,WPP_573_Samudera_Hindia_Selatan
2023-02-16 00:00:00+00:00,-5.9791694,104.47917,0.11854403,NOAA_ERDDAP,WPP_573_Samudera_Hindia_Selatan
2023-02-16 00:00:00+00:00,-5.9791694,104.56251,0.29224744,NOAA_ERDDAP,WPP_573_Samudera_Hindia_Selatan
2023-02-16 00:00:00+00:00,-5.9791694,104.64584,0.64435655,NOAA_ERDDAP,WPP_573_Samudera_Hindia_Selatan
2023-02-16 00:00:00+00:00,-5.9791694,104.72917,0.45778576,NOAA_ERDDAP,WPP_573_Samudera_Hindia_Selatan
2023-02-16 00:00:00+00:00,-5.9791694,104.81251,0.12161158,NOAA_ERDDAP,WPP_573_Samudera_Hindia_Selatan
2023-02-16 00:00:00+00:00,-5.9791694,104.89584,0.078552835,NOAA_ERDDAP,WPP_573_Samudera_Hindia_Selatan
2023-02-16 00:00:00+00:00,-5.9791694,104.97917,0.072610825,NOAA_ERDDAP,WPP_573_Samudera_Hindia_Selatan
2023-02-16 00:00:00+00:00,-5.9791694,105.06251,0.071729526,NOAA_ERDDAP,WPP_573_Samudera_Hindia_Selatan
2023-02-16 00:00:00+00:00,-5.9791694,105.14584,0.082747705,NOAA_ERDDAP,WPP_573_Samudera_Hindia_Selatan
2023-02-16 00:00:00+00:00,-5.9791694,105.22917,0.10900833,NOAA_ERDDAP,WPP_573_Samudera_Hindia_Selatan
2023-02-16 00:00:00+00:00,-5.9791694,105.31251,0.17163701,NOAA_ERDDAP,WPP_573_Samudera_Hindia_Selatan
2023-02-16 00:00:00+00:00,-5.9791694,105.39584,0.58106005,NOAA_ERDDAP,WPP_573_Samudera_Hindia_Selatan
2023-02-16 00:00:00+00:00,-5.9791694,105.47917,0.4908239,NOAA_ERDDAP,WPP_573_Samudera_Hindia_Selatan
2023-02-16 00:00:00+00:00,-5.9791694,105.56251,0.24514703,NOAA_ERDDAP,WPP_573_Samudera_Hindia_Selatan
2023-02-16 00:00:00+00:00,-5.9791694,105.64584,0.23307921,NOAA_ERDDAP,WPP_573_Samudera_Hindia_Selatan
2023-02-16 00:00:00+00:00,-5.9791694,105.72917,0.38842446,NOAA_ERDDAP,WPP_573_Samudera_Hindia_Selatan
2023-02-16 00:00:00+00:00,-5.9791694,105.81251,0.55392975,NOAA_ERDDAP,WPP_573_Samudera_Hindia_Selatan
2023-02-16 00:00:00+00:00,-5.9791694,105.89584,1.6164161,NOAA_ERDDAP,WPP_573_Samudera_Hindia_Selatan
2023-02-16 00:00:00+00:00,-5.9791694,106.22917,1.9947599,NOAA_ERDDAP,WPP_573_Samudera_Hindia_Selatan
2023-02-16 00:00:00+00:00,-5.9791694,106.31251,2.0662563,NOAA_ERDDAP,WPP_573_Samudera_Hindia_Selatan
2023-02-16 00:00:00+00:00,-5.9791694,106.39584,1.6690211,NOAA_ERDDAP,WPP_573_Samudera_Hindia_Selatan
2023-02-16 00:00:00+00:00,-5.9791694,106.47917,2.454026,NOAA_ERDDAP,WPP_573_Samudera_Hindia_Selatan
2023-02-16 00:00:00+00:00,-5.9791694,106.56251,0.9160301,NOAA_ERDDAP,WPP_573_Samudera_Hindia_Selatan
2023-02-16 00:00:00+00:00,-5.9791694,106.64584,4.7122755,NOAA_ERDDAP,WPP_573_Samudera_Hindia_Selatan
2023-02-16 00:00:00+00:00,-5.9791694,106.72917,3.10829,NOAA_ERDDAP,WPP_573_Samudera_Hindia_Selatan
2023-02-16 00:00:00+00:00,-5.9791694,107.14584,3.3407385,NOAA_ERDDAP,WPP_573_Samudera_Hindia_Selatan
2023-02-16 00:00:00+00:00,-5.9791694,107.22917,2.4491832,NOAA_ERDDAP,WPP_573_Samudera_Hindia_Selatan
2023-02-16 00:00:00+00:00,-5.9791694,107.47917,2.0191846,NOAA_ERDDAP,WPP_573_Samudera_Hindia_Selatan
2023-02-16 00:00:00+00:00,-5.9791694,107.56251,1.314757,NOAA_ERDDAP,WPP_573_Samudera_Hindia_Selatan
2023-02-16 00:00:00+00:00,-5.9791694,107.64584,1.0000297,NOAA_ERDDAP,WPP_573_Samudera_Hindia_Selatan
2023-02-16 00:00:00+00:00,-5.9791694,107.97917,0.34342113,NOAA_ERDDAP,WPP_573_Samudera_Hindia_Selatan
2023-02-16 00:00:00+00:00,-5.9791694,108.06251,0.34557685,NOAA_ERDDAP,WPP_573_Samudera_Hindia_Selatan
2023-02-16 00:00:00+00:00,-5.9791694,108.14584,0.3338944,NOAA_ERDDAP,WPP_573_Samudera_Hindia_Selatan
2023-02-16 00:00:00+00:00,-5.9791694,108.22917,0.31729266,NOAA_ERDDAP,WPP_573_Samudera_Hindia_Selatan
2023-02-16 00:00:00+00:00,-5.9791694,108.31251,0.3396184,NOAA_ERDDAP,WPP_573_Samudera_Hindia_Selatan
2023-02-16 00:00:00+00:00,-5.9791694,108.39584,0.3437415,NOAA_ERDDAP,WPP_573_Samudera_Hindia_Selatan
2023-02-16 00:00:00+00:00,-5.9791694,108.47917,0.36036184,NOAA_ERDDAP,WPP_573_Samudera_Hindia_Selatan
2023-02-16 00:00:00+00:00,-5.9791694,108.56251,0.41342422,NOAA_ERDDAP,WPP_573_Samudera_Hindia_Selatan
2023-02-16 00:00:00+00:00,-5.9791694,108.72917,0.2344223,NOAA_ERDDAP,WPP_573_Samudera_Hindia_Selatan
2023-02-16 00:00:00+00:00,-5.9791694,108.81251,0.22512877,NOAA_ERDDAP,WPP_573_Samudera_Hindia_Selatan
2023-02-16 00:00:00+00:00,-5.9791694,108.89584,0.22436452,NOAA_ERDDAP,WPP_573_Samudera_Hindia_Selatan
2023-02-16 00:00:00+00:00,-5.9791694,108.97917,0.21715298,NOAA_ERDDAP,WPP_573_Samudera_Hindia_Selatan
2023-02-16 00:00:00+00:00,6.0208306,103.97917,0.066662356,NOAA_ERDDAP,WPP_711_Laut_Natuna
2023-02-16 00:00:00+00:00,6.0208306,104.06251,0.06759331,NOAA_ERDDAP,WPP_711_Laut_Natuna
2023-02-16 00:00:00+00:00,6.0208306,104.14584,0.06785645,NOAA_ERDDAP,WPP_711_Laut_Natuna
2023-02-16 00:00:00+00:00,6.0208306,104.22917,0.06726113,NOAA_ERDDAP,WPP_711_Laut_Natuna
2023-02-16 00:00:00+00:00,6.0208306,104.31251,0.06721756,NOAA_ERDDAP,WPP_711_Laut_Natuna
2023-02-16 00:00:00+00:00,6.0208306,104.39584,0.06760395,NOAA_ERDDAP,WPP_711_Laut_Natuna
2023-02-16 00:00:00+00:00,6.0208306,104.47917,0.06928004,NOAA_ERDDAP,WPP_711_Laut_Natuna
2023-02-16 00:00:00+00:00,6.0208306,104.56251,0.06592175,NOAA_ERDDAP,WPP_711_Laut_Natuna
2023-02-16 00:00:00+00:00,6.0208306,104.64584,0.069023274,NOAA_ERDDAP,WPP_711_Laut_Natuna
2023-02-16 00:00:00+00:00,6.0208306,104.72917,0.069993325,NOAA_ERDDAP,WPP_711_Laut_Natuna
2023-02-16 00:00:00+00:00,6.0208306,104.81251,0.07044671,NOAA_ERDDAP,WPP_711_Laut_Natuna
2023-02-16 00:00:00+00:00,6.0208306,104.89584,0.072333924,NOAA_ERDDAP,WPP_711_Laut_Natuna
2023-02-16 00:00:00+00:00,6.0208306,105.31251,0.08845193,NOAA_ERDDAP,WPP_711_Laut_Natuna
2023-02-16 00:00:00+00:00,6.0208306,105.56251,0.075987145,NOAA_ERDDAP,WPP_711_Laut_Natuna
2023-02-16 00:00:00+00:00,6.0208306,105.64584,0.05498349,NOAA_ERDDAP,WPP_711_Laut_Natuna
2023-02-16 00:00:00+00:00,6.0208306,105.72917,0.048178915,NOAA_ERDDAP,WPP_711_Laut_Natuna
2023-02-16 00:00:00+00:00,6.0208306,105.89584,0.09275476,NOAA_ERDDAP,WPP_711_Laut_Natuna
2023-02-16 00:00:00+00:00,6.0208306,105.97917,0.09679725,NOAA_ERDDAP,WPP_711_Laut_Natuna
2023-02-16 00:00:00+00:00,6.0208306,106.06251,0.096910335,NOAA_ERDDAP,WPP_711_Laut_Natuna
2023-02-16 00:00:00+00:00,6.0208306,106.14584,0.09528096,NOAA_ERDDAP,WPP_711_Laut_Natuna
2023-02-16 00:00:00+00:00,6.0208306,106.22917,0.08659481,NOAA_ERDDAP,WPP_711_Laut_Natuna
2023-02-16 00:00:00+00:00,6.0208306,106.31251,0.089387625,NOAA_ERDDAP,WPP_711_Laut_Natuna
2023-02-16 00:00:00+00:00,6.0208306,106.39584,0.13130063,NOAA_ERDDAP,WPP_711_Laut_Natuna
2023-02-16 00:00:00+00:00,6.0208306,106.47917,0.12656172,NOAA_ERDDAP,WPP_711_Laut_Natuna
2023-02-16 00:00:00+00:00,6.0208306,106.56251,0.11689559,NOAA_ERDDAP,WPP_711_Laut_Natuna
2023-02-16 00:00:00+00:00,6.0208306,106.64584,0.09251616,NOAA_ERDDAP,WPP_711_Laut_Natuna
2023-02-16 00:00:00+00:00,6.0208306,106.72917,0.08582652,NOAA_ERDDAP,WPP_711_Laut_Natuna
2023-02-16 00:00:00+00:00,6.0208306,106.81251,0.10134899,NOAA_ERDDAP,WPP_711_Laut_Natuna
2023-02-16 00:00:00+00:00,6.0208306,106.97917,0.08831985,NOAA_ERDDAP,WPP_711_Laut_Natuna
2023-02-16 00:00:00+00:00,6.0208306,107.06251,0.08776984,NOAA_ERDDAP,WPP_711_Laut_Natuna
2023-02-16 00:00:00+00:00,6.0208306,107.14584,0.09184751,NOAA_ERDDAP,WPP_711_Laut_Natuna
2023-02-16 00:00:00+00:00,6.0208306,107.22917,0.09521541,NOAA_ERDDAP,WPP_711_Laut_Natuna
2023-02-16 00:00:00+00:00,6.0208306,107.31251,0.10339252,NOAA_ERDDAP,WPP_711_Laut_Natuna
2023-02-16 00:00:00+00:00,6.0208306,107.39584,0.11712036,NOAA_ERDDAP,WPP_711_Laut_Natuna
2023-02-16 00:00:00+00:00,6.0208306,107.47917,0.11786607,NOAA_ERDDAP,WPP_711_Laut_Natuna
2023-02-16 00:00:00+00:00,6.0208306,107.56251,0.12873983,NOAA_ERDDAP,WPP_711_Laut_Natuna
2023-02-16 00:00:00+00:00,6.0208306,107.64584,0.12748003,NOAA_ERDDAP,WPP_711_Laut_Natuna
2023-02-16 00:00:00+00:00,6.0208306,108.22917,0.11213013,NOAA_ERDDAP,WPP_711_Laut_Natuna
2023-02-16 00:00:00+00:00,6.0208306,108.31251,0.11609225,NOAA_ERDDAP,WPP_711_Laut_Natuna
2023-02-16 00:00:00+00:00,6.0208306,108.39584,0.12729914,NOAA_ERDDAP,WPP_711_Laut_Natuna
2023-02-16 00:00:00+00:00,6.0208306,108.47917,0.12910317,NOAA_ERDDAP,WPP_711_Laut_Natuna
2023-02-16 00:00:00+00:00,6.0208306,109.47917,0.13505714,NOAA_ERDDAP,WPP_711_Laut_Natuna
2023-02-16 00:00:00+00:00,6.0208306,109.56251,0.09153386,NOAA_ERDDAP,WPP_711_Laut_Natuna
2023-02-16 00:00:00+00:00,6.0208306,109.64584,0.0922854,NOAA_ERDDAP,WPP_711_Laut_Natuna
2023-02-16 00:00:00+00:00,6.0208306,109.72917,0.090485744,NOAA_ERDDAP,WPP_711_Laut_Natuna
2023-02-16 00:00:00+00:00,6.0208306,109.81251,0.089893356,NOAA_ERDDAP,WPP_711_Laut_Natuna
2023-02-16 00:00:00+00:00,6.0208306,109.89584,0.09608846,NOAA_ERDDAP,WPP_711_Laut_Natuna
2023-02-16 00:00:00+00:00,6.0208306,109.97917,0.1006056,NOAA_ERDDAP,WPP_711_Laut_Natuna
2023-02-16 00:00:00+00:00,5.9374976,103.97917,0.06376592,NOAA_ERDDAP,WPP_711_Laut_Natuna
2023-02-16 00:00:00+00:00,5.9374976,104.06251,0.06754781,NOAA_ERDDAP,WPP_711_Laut_Natuna
2023-02-16 00:00:00+00:00,5.9374976,104.14584,0.067808926,NOAA_ERDDAP,WPP_711_Laut_Natuna
2023-02-16 00:00:00+00:00,5.9374976,104.22917,0.06678401,NOAA_ERDDAP,WPP_711_Laut_Natuna
2023-02-16 00:00:00+00:00,5.9374976,104.31251,0.06713957,NOAA_ERDDAP,WPP_711_Laut_Natuna
2023-02-16 00:00:00+00:00,5.9374976,104.39584,0.067130536,NOAA_ERDDAP,WPP_711_Laut_Natuna
2023-02-16 00:00:00+00:00,5.9374976,104.47917,0.067428745,NOAA_ERDDAP,WPP_711_Laut_Natuna
2023-02-16 00:00:00+00:00,5.9374976,104.56251,0.067481205,NOAA_ERDDAP,WPP_711_Laut_Natuna
2023-02-16 00:00:00+00:00,5.9374976,104.64584,0.06957997,NOAA_ERDDAP,WPP_711_Laut_Natuna
2023-02-16 00:00:00+00:00,5.9374976,104.72917,0.071739584,NOAA_ERDDAP,WPP_711_Laut_Natuna
2023-02-16 00:00:00+00:00,5.9374976,104.81251,0.072249904,NOAA_ERDDAP,WPP_711_Laut_Natuna
2023-02-16 00:00:00+00:00,5.9374976,104.89584,0.07438712,NOAA_ERDDAP,WPP_711_Laut_Natuna
2023-02-16 00:00:00+00:00,5.9374976,104.97917,0.07389978,NOAA_ERDDAP,WPP_711_Laut_Natuna
2023-02-16 00:00:00+00:00,5.9374976,105.06251,0.29963303,NOAA_ERDDAP,WPP_711_Laut_Natuna
2023-02-16 00:00:00+00:00,5.9374976,105.14584,0.07353457,NOAA_ERDDAP,WPP_711_Laut_Natuna
2023-02-16 00:00:00+00:00,-1.9791694,106.22917,0.8139374,NOAA_ERDDAP,WPP_712_Laut_Jawa
2023-02-16 00:00:00+00:00,-1.9791694,106.31251,0.627381,NOAA_ERDDAP,WPP_712_Laut_Jawa
2023-02-16 00:00:00+00:00,-1.9791694,106.39584,0.5152107,NOAA_ERDDAP,WPP_712_Laut_Jawa
2023-02-16 00:00:00+00:00,-1.9791694,106.47917,0.50965446,NOAA_ERDDAP,WPP_712_Laut_Jawa
2023-02-16 00:00:00+00:00,-1.9791694,106.64584,0.5275709,NOAA_ERDDAP,WPP_712_Laut_Jawa
2023-02-16 00:00:00+00:00,-1.9791694,106.72917,0.52922875,NOAA_ERDDAP,WPP_712_Laut_Jawa
2023-02-16 00:00:00+00:00,-1.9791694,106.81251,0.56219953,NOAA_ERDDAP,WPP_712_Laut_Jawa
2023-02-16 00:00:00+00:00,-1.9791694,106.97917,0.46620056,NOAA_ERDDAP,WPP_712_Laut_Jawa
2023-02-16 00:00:00+00:00,-1.9791694,107.06251,0.4252326,NOAA_ERDDAP,WPP_712_Laut_Jawa
2023-02-16 00:00:00+00:00,-1.9791694,107.14584,0.4235345,NOAA_ERDDAP,WPP_712_Laut_Jawa
2023-02-16 00:00:00+00:00,-1.9791694,107.22917,0.3996323,NOAA_ERDDAP,WPP_712_Laut_Jawa
2023-02-16 00:00:00+00:00,-1.9791694,107.47917,0.38320735,NOAA_ERDDAP,WPP_712_Laut_Jawa
2023-02-16 00:00:00+00:00,-1.9791694,107.56251,0.40199232,NOAA_ERDDAP,WPP_712_Laut_Jawa
2023-02-16 00:00:00+00:00,-1.9791694,107.64584,0.19561532,NOAA_ERDDAP,WPP_712_Laut_Jawa
2023-02-16 00:00:00+00:00,-1.9791694,107.72917,0.27945104,NOAA_ERDDAP,WPP_712_Laut_Jawa
2023-02-16 00:00:00+00:00,-1.9791694,107.81251,0.30384347,NOAA_ERDDAP,WPP_712_Laut_Jawa
2023-02-16 00:00:00+00:00,-1.9791694,107.89584,0.3224543,NOAA_ERDDAP,WPP_712_Laut_Jawa
2023-02-16 00:00:00+00:00,-1.9791694,108.22917,0.52512556,NOAA_ERDDAP,WPP_712_Laut_Jawa
2023-02-16 00:00:00+00:00,-1.9791694,108.31251,0.50785136,NOAA_ERDDAP,WPP_712_Laut_Jawa
2023-02-16 00:00:00+00:00,-1.9791694,108.39584,0.43131164,NOAA_ERDDAP,WPP_712_Laut_Jawa
2023-02-16 00:00:00+00:00,-1.9791694,108.56251,0.5375353,NOAA_ERDDAP,WPP_712_Laut_Jawa
2023-02-16 00:00:00+00:00,-1.9791694,108.64584,0.60728365,NOAA_ERDDAP,WPP_712_Laut_Jawa
2023-02-16 00:00:00+00:00,-1.9791694,108.72917,0.6159867,NOAA_ERDDAP,WPP_712_Laut_Jawa
2023-02-16 00:00:00+00:00,-1.9791694,108.81251,0.6522481,NOAA_ERDDAP,WPP_712_Laut_Jawa
2023-02-16 00:00:00+00:00,-1.9791694,108.89584,0.7243038,NOAA_ERDDAP,WPP_712_Laut_Jawa
2023-02-16 00:00:00+00:00,-1.9791694,108.97917,0.76352507,NOAA_ERDDAP,WPP_712_Laut_Jawa
2023-02-16 00:00:00+00:00,-1.9791694,109.06251,0.5847477,NOAA_ERDDAP,WPP_712_Laut_Jawa
2023-02-16 00:00:00+00:00,-1.9791694,109.22917,0.59350204,NOAA_ERDDAP,WPP_712_Laut_Jawa
2023-02-16 00:00:00+00:00,-1.9791694,109.31251,0.64318734,NOAA_ERDDAP,WPP_712_Laut_Jawa
2023-02-16 00:00:00+00:00,-1.9791694,109.39584,0.79645526,NOAA_ERDDAP,WPP_712_Laut_Jawa
2023-02-16 00:00:00+00:00,-1.9791694,109.47917,1.6388986,NOAA_ERDDAP,WPP_712_Laut_Jawa
2023-02-16 00:00:00+00:00,-1.9791694,109.56251,2.252306,NOAA_ERDDAP,WPP_712_Laut_Jawa
2023-02-16 00:00:00+00:00,-1.9791694,109.64584,2.161191,NOAA_ERDDAP,WPP_712_Laut_Jawa
2023-02-16 00:00:00+00:00,-1.9791694,109.72917,2.6611135,NOAA_ERDDAP,WPP_712_Laut_Jawa
2023-02-16 00:00:00+00:00,-1.9791694,109.81251,3.1394668,NOAA_ERDDAP,WPP_712_Laut_Jawa
2023-02-16 00:00:00+00:00,-1.9791694,109.89584,4.222582,NOAA_ERDDAP,WPP_712_Laut_Jawa
2023-02-16 00:00:00+00:00,-1.9791694,109.97917,5.9970584,NOAA_ERDDAP,WPP_712_Laut_Jawa
2023-02-16 00:00:00+00:00,-1.9791694,110.06251,6.9946027,NOAA_ERDDAP,WPP_712_Laut_Jawa
2023-02-16 00:00:00+00:00,2.0208306,118.14584,3.3273368,NOAA_ERDDAP,WPP_713_Selat_Makassar
2023-02-16 00:00:00+00:00,2.0208306,118.22917,0.8251113,NOAA_ERDDAP,WPP_713_Selat_Makassar
2023-02-16 00:00:00+00:00,2.0208306,118.39584,0.31996536,NOAA_ERDDAP,WPP_713_Selat_Makassar
2023-02-16 00:00:00+00:00,2.0208306,119.06251,0.339708,NOAA_ERDDAP,WPP_713_Selat_Makassar
2023-02-16 00:00:00+00:00,2.0208306,119.22918,0.15929097,NOAA_ERDDAP,WPP_713_Selat_Makassar
2023-02-16 00:00:00+00:00,2.0208306,119.31251,0.17583673,NOAA_ERDDAP,WPP_713_Selat_Makassar
2023-02-16 00:00:00+00:00,2.0208306,119.39584,0.17578255,NOAA_ERDDAP,WPP_713_Selat_Makassar
2023-02-16 00:00:00+00:00,2.0208306,119.47918,0.1943426,NOAA_ERDDAP,WPP_713_Selat_Makassar
2023-02-16 00:00:00+00:00,2.0208306,119.56251,0.20616378,NOAA_ERDDAP,WPP_713_Selat_Makassar
2023-02-16 00:00:00+00:00,2.0208306,119.64584,0.24866116,NOAA_ERDDAP,WPP_713_Selat_Makassar
2023-02-16 00:00:00+00:00,2.0208306,119.72918,0.29283547,NOAA_ERDDAP,WPP_713_Selat_Makassar
2023-02-16 00:00:00+00:00,2.0208306,120.22918,0.16184865,NOAA_ERDDAP,WPP_713_Selat_Makassar
2023-02-16 00:00:00+00:00,2.0208306,120.31251,0.16241139,NOAA_ERDDAP,WPP_713_Selat_Makassar
2023-02-16 00:00:00+00:00,2.0208306,120.39584,0.15294074,NOAA_ERDDAP,WPP_713_Selat_Makassar
2023-02-16 00:00:00+00:00,2.0208306,120.47918,0.11722537,NOAA_ERDDAP,WPP_713_Selat_Makassar
2023-02-16 00:00:00+00:00,2.0208306,120.56251,0.13783774,NOAA_ERDDAP,WPP_713_Selat_Makassar
2023-02-16 00:00:00+00:00,2.0208306,120.64584,0.16818385,NOAA_ERDDAP,WPP_713_Selat_Makassar
2023-02-16 00:00:00+00:00,2.0208306,120.72918,0.17446075,NOAA_ERDDAP,WPP_713_Selat_Makassar
2023-02-16 00:00:00+00:00,2.0208306,120.81251,0.17825602,NOAA_ERDDAP,WPP_713_Selat_Makassar
2023-02-16 00:00:00+00:00,2.0208306,120.89584,0.17639455,NOAA_ERDDAP,WPP_713_Selat_Makassar
2023-02-16 00:00:00+00:00,2.0208306,120.97918,0.18079637,NOAA_ERDDAP,WPP_713_Selat_Makassar
2023-02-16 00:00:00+00:00,2.0208306,121.06251,0.17132963,NOAA_ERDDAP,WPP_713_Selat_Makassar
2023-02-16 00:00:00+00:00,2.0208306,121.14584,0.20368518,NOAA_ERDDAP,WPP_713_Selat_Makassar
2023-02-16 00:00:00+00:00,2.0208306,121.22918,0.17953347,NOAA_ERDDAP,WPP_713_Selat_Makassar
2023-02-16 00:00:00+00:00,2.0208306,121.31251,0.16607004,NOAA_ERDDAP,WPP_713_Selat_Makassar
2023-02-16 00:00:00+00:00,2.0208306,121.39584,0.19051732,NOAA_ERDDAP,WPP_713_Selat_Makassar
2023-02-16 00:00:00+00:00,2.0208306,121.47918,0.18463038,NOAA_ERDDAP,WPP_713_Selat_Makassar
2023-02-16 00:00:00+00:00,2.0208306,121.56251,0.19246645,NOAA_ERDDAP,WPP_713_Selat_Makassar
2023-02-16 00:00:00+00:00,2.0208306,121.72918,0.1644096,NOAA_ERDDAP,WPP_713_Selat_Makassar
2023-02-16 00:00:00+00:00,2.0208306,121.81251,0.1573839,NOAA_ERDDAP,WPP_713_Selat_Makassar
2023-02-16 00:00:00+00:00,2.0208306,121.89584,0.15645742,NOAA_ERDDAP,WPP_713_Selat_Makassar
2023-02-16 00:00:00+00:00,2.0208306,121.97918,0.15984954,NOAA_ERDDAP,WPP_713_Selat_Makassar
2023-02-16 00:00:00+00:00,-1.9791694,121.97918,0.08450828,NOAA_ERDDAP,WPP_714_Laut_Banda
2023-02-16 00:00:00+00:00,-1.9791694,122.06251,0.06748507,NOAA_ERDDAP,WPP_714_Laut_Banda
2023-02-16 00:00:00+00:00,-1.9791694,122.14584,0.06250651,NOAA_ERDDAP,WPP_714_Laut_Banda
2023-02-16 00:00:00+00:00,-1.9791694,122.22918,0.061975077,NOAA_ERDDAP,WPP_714_Laut_Banda
2023-02-16 00:00:00+00:00,-1.9791694,122.31251,0.070454106,NOAA_ERDDAP,WPP_714_Laut_Banda
2023-02-16 00:00:00+00:00,-1.9791694,122.39584,0.07524748,NOAA_ERDDAP,WPP_714_Laut_Banda
2023-02-16 00:00:00+00:00,-1.9791694,122.47918,0.077073514,NOAA_ERDDAP,WPP_714_Laut_Banda
2023-02-16 00:00:00+00:00,-1.9791694,122.56251,0.09079929,NOAA_ERDDAP,WPP_714_Laut_Banda
2023-02-16 00:00:00+00:00,-1.9791694,122.64584,0.11218194,NOAA_ERDDAP,WPP_714_Laut_Banda
2023-02-16 00:00:00+00:00,-1.9791694,122.72918,0.12272926,NOAA_ERDDAP,WPP_714_Laut_Banda
2023-02-16 00:00:00+00:00,-1.9791694,122.81251,0.13073356,NOAA_ERDDAP,WPP_714_Laut_Banda
2023-02-16 00:00:00+00:00,-1.9791694,122.89584,0.11791444,NOAA_ERDDAP,WPP_714_Laut_Banda
2023-02-16 00:00:00+00:00,-1.9791694,122.97918,0.12087927,NOAA_ERDDAP,WPP_714_Laut_Banda
2023-02-16 00:00:00+00:00,-1.9791694,123.06251,0.13505611,NOAA_ERDDAP,WPP_714_Laut_Banda
2023-02-16 00:00:00+00:00,-1.9791694,123.14584,0.13776444,NOAA_ERDDAP,WPP_714_Laut_Banda
2023-02-16 00:00:00+00:00,-1.9791694,123.56251,0.23964949,NOAA_ERDDAP,WPP_714_Laut_Banda
2023-02-16 00:00:00+00:00,-1.9791694,123.64584,0.33007702,NOAA_ERDDAP,WPP_714_Laut_Banda
2023-02-16 00:00:00+00:00,-1.9791694,123.72918,0.30893072,NOAA_ERDDAP,WPP_714_Laut_Banda
2023-02-16 00:00:00+00:00,-1.9791694,123.81251,0.2439589,NOAA_ERDDAP,WPP_714_Laut_Banda
2023-02-16 00:00:00+00:00,-1.9791694,123.89584,0.12179556,NOAA_ERDDAP,WPP_714_Laut_Banda
2023-02-16 00:00:00+00:00,-1.9791694,123.97918,0.13494954,NOAA_ERDDAP,WPP_714_Laut_Banda
2023-02-16 00:00:00+00:00,-1.9791694,124.06251,0.17887901,NOAA_ERDDAP,WPP_714_Laut_Banda
2023-02-16 00:00:00+00:00,-1.9791694,124.14584,0.21977237,NOAA_ERDDAP,WPP_714_Laut_Banda
2023-02-16 00:00:00+00:00,-1.9791694,124.22918,0.22463116,NOAA_ERDDAP,WPP_714_Laut_Banda
2023-02-16 00:00:00+00:00,-1.9791694,124.47918,0.8080002,NOAA_ERDDAP,WPP_714_Laut_Banda
2023-02-16 00:00:00+00:00,-1.9791694,124.56251,0.2223441,NOAA_ERDDAP,WPP_714_Laut_Banda
2023-02-16 00:00:00+00:00,-1.9791694,124.64584,0.114592224,NOAA_ERDDAP,WPP_714_Laut_Banda
2023-02-16 00:00:00+00:00,-1.9791694,124.72918,0.11419554,NOAA_ERDDAP,WPP_714_Laut_Banda
2023-02-16 00:00:00+00:00,-1.9791694,124.89584,0.08501007,NOAA_ERDDAP,WPP_714_Laut_Banda
2023-02-16 00:00:00+00:00,-1.9791694,124.97918,0.108834736,NOAA_ERDDAP,WPP_714_Laut_Banda
2023-02-16 00:00:00+00:00,-1.9791694,125.06251,0.117814295,NOAA_ERDDAP,WPP_714_Laut_Banda
2023-02-16 00:00:00+00:00,-1.9791694,125.14584,0.102722704,NOAA_ERDDAP,WPP_714_Laut_Banda
2023-02-16 00:00:00+00:00,-1.9791694,125.39584,0.10849286,NOAA_ERDDAP,WPP_714_Laut_Banda
2023-02-16 00:00:00+00:00,-1.9791694,125.47918,0.09932829,NOAA_ERDDAP,WPP_714_Laut_Banda
2023-02-16 00:00:00+00:00,-1.9791694,125.56251,0.08892986,NOAA_ERDDAP,WPP_714_Laut_Banda
2023-02-16 00:00:00+00:00,-1.9791694,125.64584,0.087460876,NOAA_ERDDAP,WPP_714_Laut_Banda
2023-02-16 00:00:00+00:00,-1.9791694,125.72918,0.11056851,NOAA_ERDDAP,WPP_714_Laut_Banda
2023-02-16 00:00:00+00:00,-1.9791694,125.81251,0.12987389,NOAA_ERDDAP,WPP_714_Laut_Banda
2023-02-16 00:00:00+00:00,-1.9791694,125.89584,0.13368438,NOAA_ERDDAP,WPP_714_Laut_Banda
2023-02-16 00:00:00+00:00,-1.9791694,125.97918,0.16326934,NOAA_ERDDAP,WPP_714_Laut_Banda
2023-02-16 00:00:00+00:00,-1.9791694,126.06251,0.18860473,NOAA_ERDDAP,WPP_714_Laut_Banda
2023-02-16 00:00:00+00:00,-1.9791694,126.14584,0.1909377,NOAA_ERDDAP,WPP_714_Laut_Banda
2023-02-16 00:00:00+00:00,-1.9791694,126.22918,0.20803457,NOAA_ERDDAP,WPP_714_Laut_Banda
2023-02-16 00:00:00+00:00,-1.9791694,126.56251,0.08224719,NOAA_ERDDAP,WPP_714_Laut_Banda
2023-02-16 00:00:00+00:00,-1.9791694,126.64584,0.11890046,NOAA_ERDDAP,WPP_714_Laut_Banda
2023-02-16 00:00:00+00:00,-1.9791694,126.72918,0.12282155,NOAA_ERDDAP,WPP_714_Laut_Banda
2023-02-16 00:00:00+00:00,-1.9791694,126.81251,0.12991716,NOAA_ERDDAP,WPP_714_Laut_Banda
2023-02-16 00:00:00+00:00,-1.9791694,126.89584,0.11421577,NOAA_ERDDAP,WPP_714_Laut_Banda
2023-02-16 00:00:00+00:00,-1.9791694,126.97918,0.10064529,NOAA_ERDDAP,WPP_714_Laut_Banda
2023-02-16 00:00:00+00:00,-1.9791694,128.31252,0.12666246,NOAA_ERDDAP,WPP_714_Laut_Banda
2023-02-16 00:00:00+00:00,-1.9791694,128.39584,0.08838617,NOAA_ERDDAP,WPP_714_Laut_Banda
2023-02-16 00:00:00+00:00,-1.9791694,128.47917,0.13070026,NOAA_ERDDAP,WPP_714_Laut_Banda
2023-02-16 00:00:00+00:00,-1.9791694,128.56252,0.11365099,NOAA_ERDDAP,WPP_714_Laut_Banda
2023-02-16 00:00:00+00:00,-1.9791694,128.64584,0.11047188,NOAA_ERDDAP,WPP_714_Laut_Banda
2023-02-16 00:00:00+00:00,-1.9791694,128.97917,0.12134439,NOAA_ERDDAP,WPP_714_Laut_Banda
2023-02-16 00:00:00+00:00,-1.9791694,129.06252,0.1272439,NOAA_ERDDAP,WPP_714_Laut_Banda
2023-02-16 00:00:00+00:00,-1.9791694,129.14584,0.11224663,NOAA_ERDDAP,WPP_714_Laut_Banda
2023-02-16 00:00:00+00:00,-1.9791694,129.31252,0.11153629,NOAA_ERDDAP,WPP_714_Laut_Banda
2023-02-16 00:00:00+00:00,4.0208306,123.97918,0.106280304,NOAA_ERDDAP,WPP_715_Laut_Maluku
2023-02-16 00:00:00+00:00,4.0208306,124.14584,0.07427864,NOAA_ERDDAP,WPP_715_Laut_Maluku
2023-02-16 00:00:00+00:00,4.0208306,124.22918,0.07475022,NOAA_ERDDAP,WPP_715_Laut_Maluku
2023-02-16 00:00:00+00:00,4.0208306,124.31251,0.07272294,NOAA_ERDDAP,WPP_715_Laut_Maluku
2023-02-16 00:00:00+00:00,4.0208306,124.39584,0.07752436,NOAA_ERDDAP,WPP_715_Laut_Maluku
2023-02-16 00:00:00+00:00,4.0208306,124.47918,0.08699508,NOAA_ERDDAP,WPP_715_Laut_Maluku
2023-02-16 00:00:00+00:00,4.0208306,124.56251,0.084503904,NOAA_ERDDAP,WPP_715_Laut_Maluku
2023-02-16 00:00:00+00:00,4.0208306,124.64584,0.08201617,NOAA_ERDDAP,WPP_715_Laut_Maluku
2023-02-16 00:00:00+00:00,4.0208306,124.72918,0.08863743,NOAA_ERDDAP,WPP_715_Laut_Maluku
2023-02-16 00:00:00+00:00,4.0208306,124.81251,0.09254289,NOAA_ERDDAP,WPP_715_Laut_Maluku
2023-02-16 00:00:00+00:00,4.0208306,124.89584,0.09162875,NOAA_ERDDAP,WPP_715_Laut_Maluku
2023-02-16 00:00:00+00:00,4.0208306,124.97918,0.13125941,NOAA_ERDDAP,WPP_715_Laut_Maluku
2023-02-16 00:00:00+00:00,4.0208306,125.06251,0.11528757,NOAA_ERDDAP,WPP_715_Laut_Maluku
2023-02-16 00:00:00+00:00,4.0208306,125.14584,0.09100807,NOAA_ERDDAP,WPP_715_Laut_Maluku
2023-02-16 00:00:00+00:00,4.0208306,125.22918,0.086029336,NOAA_ERDDAP,WPP_715_Laut_Maluku
2023-02-16 00:00:00+00:00,4.0208306,125.31251,0.07935478,NOAA_ERDDAP,WPP_715_Laut_Maluku
2023-02-16 00:00:00+00:00,4.0208306,125.39584,0.0915715,NOAA_ERDDAP,WPP_715_Laut_Maluku
2023-02-16 00:00:00+00:00,4.0208306,125.47918,0.06510786,NOAA_ERDDAP,WPP_715_Laut_Maluku
2023-02-16 00:00:00+00:00,4.0208306,125.56251,0.054727644,NOAA_ERDDAP,WPP_715_Laut_Maluku
2023-02-16 00:00:00+00:00,4.0208306,125.64584,0.057041973,NOAA_ERDDAP,WPP_715_Laut_Maluku
2023-02-16 00:00:00+00:00,4.0208306,125.72918,0.060721535,NOAA_ERDDAP,WPP_715_Laut_Maluku
2023-02-16 00:00:00+00:00,4.0208306,125.81251,0.04561815,NOAA_ERDDAP,WPP_715_Laut_Maluku
2023-02-16 00:00:00+00:00,4.0208306,125.89584,0.058446776,NOAA_ERDDAP,WPP_715_Laut_Maluku
2023-02-16 00:00:00+00:00,4.0208306,125.97918,0.03624243,NOAA_ERDDAP,WPP_715_Laut_Maluku
2023-02-16 00:00:00+00:00,4.0208306,126.06251,0.02537904,NOAA_ERDDAP,WPP_715_Laut_Maluku
2023-02-16 00:00:00+00:00,4.0208306,126.14584,0.0734079,NOAA_ERDDAP,WPP_715_Laut_Maluku
2023-02-16 00:00:00+00:00,4.0208306,126.22918,0.03052136,NOAA_ERDDAP,WPP_715_Laut_Maluku
2023-02-16 00:00:00+00:00,4.0208306,126.31251,0.029308135,NOAA_ERDDAP,WPP_715_Laut_Maluku
2023-02-16 00:00:00+00:00,4.0208306,126.39584,0.025868228,NOAA_ERDDAP,WPP_715_Laut_Maluku
2023-02-16 00:00:00+00:00,4.0208306,126.47918,0.02808518,NOAA_ERDDAP,WPP_715_Laut_Maluku
2023-02-16 00:00:00+00:00,4.0208306,126.56251,0.030226141,NOAA_ERDDAP,WPP_715_Laut_Maluku
2023-02-16 00:00:00+00:00,4.0208306,126.64584,0.059871174,NOAA_ERDDAP,WPP_715_Laut_Maluku
2023-02-16 00:00:00+00:00,4.0208306,126.81251,0.03245168,NOAA_ERDDAP,WPP_715_Laut_Maluku
2023-02-16 00:00:00+00:00,4.0208306,126.89584,0.030167812,NOAA_ERDDAP,WPP_715_Laut_Maluku
2023-02-16 00:00:00+00:00,4.0208306,126.97918,0.032235388,NOAA_ERDDAP,WPP_715_Laut_Maluku
2023-02-16 00:00:00+00:00,4.0208306,127.06251,0.031515814,NOAA_ERDDAP,WPP_715_Laut_Maluku
2023-02-16 00:00:00+00:00,4.0208306,127.14584,0.02536019,NOAA_ERDDAP,WPP_715_Laut_Maluku
2023-02-16 00:00:00+00:00,4.0208306,127.22918,0.03167507,NOAA_ERDDAP,WPP_715_Laut_Maluku
2023-02-16 00:00:00+00:00,4.0208306,127.31251,0.03679166,NOAA_ERDDAP,WPP_715_Laut_Maluku
2023-02-16 00:00:00+00:00,4.0208306,127.39584,0.038245633,NOAA_ERDDAP,WPP_715_Laut_Maluku
2023-02-16 00:00:00+00:00,4.0208306,127.47918,0.027516017,NOAA_ERDDAP,WPP_715_Laut_Maluku
2023-02-16 00:00:00+00:00,4.0208306,127.56251,0.028417807,NOAA_ERDDAP,WPP_715_Laut_Maluku
2023-02-16 00:00:00+00:00,4.0208306,127.64584,0.021814674,NOAA_ERDDAP,WPP_715_Laut_Maluku
2023-02-16 00:00:00+00:00,4.0208306,127.72918,0.021591239,NOAA_ERDDAP,WPP_715_Laut_Maluku
2023-02-16 00:00:00+00:00,4.0208306,127.81251,0.028430162,NOAA_ERDDAP,WPP_715_Laut_Maluku
2023-02-16 00:00:00+00:00,4.0208306,127.89584,0.028079232,NOAA_ERDDAP,WPP_715_Laut_Maluku
2023-02-16 00:00:00+00:00,4.0208306,127.97918,0.06288783,NOAA_ERDDAP,WPP_715_Laut_Maluku
2023-02-16 00:00:00+00:00,4.0208306,128.06252,0.054756593,NOAA_ERDDAP,WPP_715_Laut_Maluku
2023-02-16 00:00:00+00:00,4.0208306,128.22917,0.1441266,NOAA_ERDDAP,WPP_715_Laut_Maluku
2023-02-16 00:00:00+00:00,4.0208306,128.31252,0.12171466,NOAA_ERDDAP,WPP_715_Laut_Maluku
2023-02-16 00:00:00+00:00,4.0208306,128.39584,0.07410692,NOAA_ERDDAP,WPP_715_Laut_Maluku
2023-02-16 00:00:00+00:00,4.0208306,128.47917,0.14361718,NOAA_ERDDAP,WPP_715_Laut_Maluku
2023-02-16 00:00:00+00:00,4.0208306,128.56252,0.13439815,NOAA_ERDDAP,WPP_715_Laut_Maluku
2023-02-16 00:00:00+00:00,4.0208306,128.64584,0.13074712,NOAA_ERDDAP,WPP_715_Laut_Maluku
2023-02-16 00:00:00+00:00,4.0208306,128.72917,0.13184346,NOAA_ERDDAP,WPP_715_Laut_Maluku
2023-02-16 00:00:00+00:00,4.0208306,128.81252,0.10648235,NOAA_ERDDAP,WPP_715_Laut_Maluku
2023-02-16 00:00:00+00:00,4.0208306,128.89584,0.10050077,NOAA_ERDDAP,WPP_715_Laut_Maluku
2023-02-16 00:00:00+00:00,4.0208306,128.97917,0.12977888,NOAA_ERDDAP,WPP_715_Laut_Maluku
2023-02-16 00:00:00+00:00,4.0208306,129.06252,0.11502579,NOAA_ERDDAP,WPP_715_Laut_Maluku
2023-02-16 00:00:00+00:00,4.0208306,129.14584,0.102656275,NOAA_ERDDAP,WPP_715_Laut_Maluku
2023-02-16 00:00:00+00:00,4.0208306,129.22917,0.099873506,NOAA_ERDDAP,WPP_715_Laut_Maluku
2023-02-16 00:00:00+00:00,4.0208306,129.31252,0.08831939,NOAA_ERDDAP,WPP_715_Laut_Maluku
2023-02-16 00:00:00+00:00,4.0208306,129.39584,0.096257485,NOAA_ERDDAP,WPP_715_Laut_Maluku
2023-02-16 00:00:00+00:00,4.0208306,129.47917,0.10641041,NOAA_ERDDAP,WPP_715_Laut_Maluku
2023-02-16 00:00:00+00:00,4.0208306,129.56252,0.11734201,NOAA_ERDDAP,WPP_715_Laut_Maluku
2023-02-16 00:00:00+00:00,4.0208306,129.64584,0.08525382,NOAA_ERDDAP,WPP_715_Laut_Maluku
2023-02-16 00:00:00+00:00,4.0208306,129.72917,0.081758,NOAA_ERDDAP,WPP_715_Laut_Maluku
2023-02-16 00:00:00+00:00,4.0208306,129.81252,0.07701229,NOAA_ERDDAP,WPP_715_Laut_Maluku
2023-02-16 00:00:00+00:00,4.0208306,129.89584,0.07680614,NOAA_ERDDAP,WPP_715_Laut_Maluku
2023-02-16 00:00:00+00:00,4.0208306,129.97917,0.07998899,NOAA_ERDDAP,WPP_715_Laut_Maluku
2023-02-16 00:00:00+00:00,4.0208306,130.06252,0.08158122,NOAA_ERDDAP,WPP_715_Laut_Maluku
2023-02-16 00:00:00+00:00,4.0208306,130.14584,0.08383532,NOAA_ERDDAP,WPP_715_Laut_Maluku
2023-02-16 00:00:00+00:00,4.0208306,130.22917,0.078470744,NOAA_ERDDAP,WPP_715_Laut_Maluku
2023-02-16 00:00:00+00:00,4.0208306,130.31252,0.0800528,NOAA_ERDDAP,WPP_715_Laut_Maluku
2023-02-16 00:00:00+00:00,4.0208306,130.39584,0.07528861,NOAA_ERDDAP,WPP_715_Laut_Maluku
2023-02-16 00:00:00+00:00,4.0208306,130.47917,0.07846453,NOAA_ERDDAP,WPP_715_Laut_Maluku
2023-02-16 00:00:00+00:00,4.0208306,130.56252,0.0742804,NOAA_ERDDAP,WPP_715_Laut_Maluku
2023-02-16 00:00:00+00:00,4.0208306,130.64584,0.07980897,NOAA_ERDDAP,WPP_715_Laut_Maluku
2023-02-16 00:00:00+00:00,4.0208306,130.72917,0.0664959,NOAA_ERDDAP,WPP_715_Laut_Maluku
2023-02-16 00:00:00+00:00,4.0208306,130.81252,0.071396865,NOAA_ERDDAP,WPP_715_Laut_Maluku
2023-02-16 00:00:00+00:00,4.0208306,130.89584,0.059998326,NOAA_ERDDAP,WPP_715_Laut_Maluku
2023-02-16 00:00:00+00:00,4.0208306,130.97917,0.055666134,NOAA_ERDDAP,WPP_715_Laut_Maluku
2023-02-16 00:00:00+00:00,4.0208306,131.06252,0.05906176,NOAA_ERDDAP,WPP_715_Laut_Maluku
2023-02-16 00:00:00+00:00,4.0208306,131.14584,0.061218962,NOAA_ERDDAP,WPP_715_Laut_Maluku
2023-02-16 00:00:00+00:00,4.0208306,131.22917,0.058842856,NOAA_ERDDAP,WPP_715_Laut_Maluku
2023-02-16 00:00:00+00:00,4.0208306,131.31252,0.05598079,NOAA_ERDDAP,WPP_715_Laut_Maluku
2023-02-16 00:00:00+00:00,4.0208306,131.39584,0.06314305,NOAA_ERDDAP,WPP_715_Laut_Maluku
2023-02-16 00:00:00+00:00,6.0208306,118.06251,4.287492,NOAA_ERDDAP,WPP_716_Laut_Sulawesi
2023-02-16 00:00:00+00:00,6.0208306,118.14584,4.4661136,NOAA_ERDDAP,WPP_716_Laut_Sulawesi
2023-02-16 00:00:00+00:00,6.0208306,118.22917,1.451077,NOAA_ERDDAP,WPP_716_Laut_Sulawesi
2023-02-16 00:00:00+00:00,6.0208306,118.39584,0.42472667,NOAA_ERDDAP,WPP_716_Laut_Sulawesi
2023-02-16 00:00:00+00:00,6.0208306,118.47917,0.2574238,NOAA_ERDDAP,WPP_716_Laut_Sulawesi
2023-02-16 00:00:00+00:00,6.0208306,118.56251,0.21333182,NOAA_ERDDAP,WPP_716_Laut_Sulawesi
2023-02-16 00:00:00+00:00,6.0208306,118.64584,0.16983145,NOAA_ERDDAP,WPP_716_Laut_Sulawesi
2023-02-16 00:00:00+00:00,6.0208306,118.72918,0.12210542,NOAA_ERDDAP,WPP_716_Laut_Sulawesi
2023-02-16 00:00:00+00:00,6.0208306,118.81251,0.10952214,NOAA_ERDDAP,WPP_716_Laut_Sulawesi
2023-02-16 00:00:00+00:00,6.0208306,118.89584,0.10368328,NOAA_ERDDAP,WPP_716_Laut_Sulawesi
2023-02-16 00:00:00+00:00,6.0208306,118.97918,0.10922362,NOAA_ERDDAP,WPP_716_Laut_Sulawesi
2023-02-16 00:00:00+00:00,6.0208306,119.06251,0.13095269,NOAA_ERDDAP,WPP_716_Laut_Sulawesi
2023-02-16 00:00:00+00:00,6.0208306,119.14584,0.14089578,NOAA_ERDDAP,WPP_716_Laut_Sulawesi
2023-02-16 00:00:00+00:00,6.0208306,119.22918,0.093893416,NOAA_ERDDAP,WPP_716_Laut_Sulawesi
2023-02-16 00:00:00+00:00,6.0208306,119.31251,0.08940005,NOAA_ERDDAP,WPP_716_Laut_Sulawesi
2023-02-16 00:00:00+00:00,6.0208306,119.39584,0.09857667,NOAA_ERDDAP,WPP_716_Laut_Sulawesi
2023-02-16 00:00:00+00:00,6.0208306,119.47918,0.08848213,NOAA_ERDDAP,WPP_716_Laut_Sulawesi
2023-02-16 00:00:00+00:00,6.0208306,119.56251,0.09892292,NOAA_ERDDAP,WPP_716_Laut_Sulawesi
2023-02-16 00:00:00+00:00,6.0208306,119.64584,0.113811605,NOAA_ERDDAP,WPP_716_Laut_Sulawesi
2023-02-16 00:00:00+00:00,6.0208306,119.72918,0.11333358,NOAA_ERDDAP,WPP_716_Laut_Sulawesi
2023-02-16 00:00:00+00:00,6.0208306,119.81251,0.13069536,NOAA_ERDDAP,WPP_716_Laut_Sulawesi
2023-02-16 00:00:00+00:00,6.0208306,119.89584,0.13842385,NOAA_ERDDAP,WPP_716_Laut_Sulawesi
2023-02-16 00:00:00+00:00,6.0208306,119.97918,0.14851178,NOAA_ERDDAP,WPP_716_Laut_Sulawesi
2023-02-16 00:00:00+00:00,6.0208306,120.06251,0.19449012,NOAA_ERDDAP,WPP_716_Laut_Sulawesi
2023-02-16 00:00:00+00:00,6.0208306,120.14584,0.21440086,NOAA_ERDDAP,WPP_716_Laut_Sulawesi
2023-02-16 00:00:00+00:00,6.0208306,120.22918,0.80236536,NOAA_ERDDAP,WPP_716_Laut_Sulawesi
2023-02-16 00:00:00+00:00,6.0208306,120.31251,0.9257231,NOAA_ERDDAP,WPP_716_Laut_Sulawesi
2023-02-16 00:00:00+00:00,6.0208306,120.39584,1.2340425,NOAA_ERDDAP,WPP_716_Laut_Sulawesi
2023-02-16 00:00:00+00:00,6.0208306,120.47918,0.76129806,NOAA_ERDDAP,WPP_716_Laut_Sulawesi
2023-02-16 00:00:00+00:00,6.0208306,120.56251,0.46558946,NOAA_ERDDAP,WPP_716_Laut_Sulawesi
2023-02-16 00:00:00+00:00,6.0208306,120.64584,0.46575794,NOAA_ERDDAP,WPP_716_Laut_Sulawesi
2023-02-16 00:00:00+00:00,6.0208306,120.72918,0.5183827,NOAA_ERDDAP,WPP_716_Laut_Sulawesi
2023-02-16 00:00:00+00:00,6.0208306,120.81251,0.5509905,NOAA_ERDDAP,WPP_716_Laut_Sulawesi
2023-02-16 00:00:00+00:00,6.0208306,120.89584,0.87494403,NOAA_ERDDAP,WPP_716_Laut_Sulawesi
2023-02-16 00:00:00+00:00,6.0208306,120.97918,0.8409208,NOAA_ERDDAP,WPP_716_Laut_Sulawesi
2023-02-16 00:00:00+00:00,6.0208306,121.22918,0.6011721,NOAA_ERDDAP,WPP_716_Laut_Sulawesi
2023-02-16 00:00:00+00:00,6.0208306,121.31251,0.62639683,NOAA_ERDDAP,WPP_716_Laut_Sulawesi
2023-02-16 00:00:00+00:00,6.0208306,121.39584,1.0877556,NOAA_ERDDAP,WPP_716_Laut_Sulawesi
2023-02-16 00:00:00+00:00,6.0208306,121.47918,0.21851628,NOAA_ERDDAP,WPP_716_Laut_Sulawesi
2023-02-16 00:00:00+00:00,6.0208306,121.56251,0.23337524,NOAA_ERDDAP,WPP_716_Laut_Sulawesi
2023-02-16 00:00:00+00:00,6.0208306,121.64584,0.2966344,NOAA_ERDDAP,WPP_716_Laut_Sulawesi
2023-02-16 00:00:00+00:00,6.0208306,121.72918,0.22283787,NOAA_ERDDAP,WPP_716_Laut_Sulawesi
2023-02-16 00:00:00+00:00,6.0208306,121.81251,0.20531154,NOAA_ERDDAP,WPP_716_Laut_Sulawesi
2023-02-16 00:00:00+00:00,6.0208306,121.89584,0.17580819,NOAA_ERDDAP,WPP_716_Laut_Sulawesi
2023-02-16 00:00:00+00:00,6.0208306,121.97918,0.16867463,NOAA_ERDDAP,WPP_716_Laut_Sulawesi
2023-02-16 00:00:00+00:00,6.0208306,122.06251,0.16434304,NOAA_ERDDAP,WPP_716_Laut_Sulawesi
2023-02-16 00:00:00+00:00,6.0208306,122.14584,0.1547454,NOAA_ERDDAP,WPP_716_Laut_Sulawesi
2023-02-16 00:00:00+00:00,6.0208306,122.22918,0.13958877,NOAA_ERDDAP,WPP_716_Laut_Sulawesi
2023-02-16 00:00:00+00:00,6.0208306,122.31251,0.12290399,NOAA_ERDDAP,WPP_716_Laut_Sulawesi
2023-02-16 00:00:00+00:00,6.0208306,122.39584,0.120634615,NOAA_ERDDAP,WPP_716_Laut_Sulawesi
2023-02-16 00:00:00+00:00,6.0208306,122.47918,0.10748793,NOAA_ERDDAP,WPP_716_Laut_Sulawesi
2023-02-16 00:00:00+00:00,6.0208306,122.56251,0.10166664,NOAA_ERDDAP,WPP_716_Laut_Sulawesi
2023-02-16 00:00:00+00:00,6.0208306,122.64584,0.08801018,NOAA_ERDDAP,WPP_716_Laut_Sulawesi
2023-02-16 00:00:00+00:00,6.0208306,122.72918,0.09144119,NOAA_ERDDAP,WPP_716_Laut_Sulawesi
2023-02-16 00:00:00+00:00,6.0208306,122.81251,0.09775233,NOAA_ERDDAP,WPP_716_Laut_Sulawesi
2023-02-16 00:00:00+00:00,6.0208306,122.89584,0.092994675,NOAA_ERDDAP,WPP_716_Laut_Sulawesi
2023-02-16 00:00:00+00:00,6.0208306,122.97918,0.08863226,NOAA_ERDDAP,WPP_716_Laut_Sulawesi
2023-02-16 00:00:00+00:00,6.0208306,123.06251,0.088878214,NOAA_ERDDAP,WPP_716_Laut_Sulawesi
2023-02-16 00:00:00+00:00,6.0208306,123.14584,0.090132475,NOAA_ERDDAP,WPP_716_Laut_Sulawesi
2023-02-16 00:00:00+00:00,6.0208306,123.22918,0.10289403,NOAA_ERDDAP,WPP_716_Laut_Sulawesi
2023-02-16 00:00:00+00:00,6.0208306,123.31251,0.107198924,NOAA_ERDDAP,WPP_716_Laut_Sulawesi
2023-02-16 00:00:00+00:00,6.0208306,123.39584,0.11829387,NOAA_ERDDAP,WPP_716_Laut_Sulawesi
2023-02-16 00:00:00+00:00,6.0208306,123.47918,0.124705344,NOAA_ERDDAP,WPP_716_Laut_Sulawesi
2023-02-16 00:00:00+00:00,6.0208306,123.56251,0.12885484,NOAA_ERDDAP,WPP_716_Laut_Sulawesi
2023-02-16 00:00:00+00:00,6.0208306,123.64584,0.119310744,NOAA_ERDDAP,WPP_716_Laut_Sulawesi
2023-02-16 00:00:00+00:00,6.0208306,123.72918,0.11773872,NOAA_ERDDAP,WPP_716_Laut_Sulawesi
2023-02-16 00:00:00+00:00,6.0208306,123.81251,0.11531242,NOAA_ERDDAP,WPP_716_Laut_Sulawesi
2023-02-16 00:00:00+00:00,6.0208306,123.89584,0.1182302,NOAA_ERDDAP,WPP_716_Laut_Sulawesi
2023-02-16 00:00:00+00:00,6.0208306,123.97918,0.10525667,NOAA_ERDDAP,WPP_716_Laut_Sulawesi
2023-02-16 00:00:00+00:00,6.0208306,124.06251,0.093241096,NOAA_ERDDAP,WPP_716_Laut_Sulawesi
2023-02-16 00:00:00+00:00,6.0208306,124.14584,0.09035265,NOAA_ERDDAP,WPP_716_Laut_Sulawesi
2023-02-16 00:00:00+00:00,6.0208306,124.22918,0.08813715,NOAA_ERDDAP,WPP_716_Laut_Sulawesi
2023-02-16 00:00:00+00:00,6.0208306,124.31251,0.08862706,NOAA_ERDDAP,WPP_716_Laut_Sulawesi
2023-02-16 00:00:00+00:00,6.0208306,124.39584,0.12228984,NOAA_ERDDAP,WPP_716_Laut_Sulawesi
2023-02-16 00:00:00+00:00,6.0208306,124.47918,0.1383365,NOAA_ERDDAP,WPP_716_Laut_Sulawesi
2023-02-16 00:00:00+00:00,6.0208306,125.14584,0.4883495,NOAA_ERDDAP,WPP_716_Laut_Sulawesi
2023-02-16 00:00:00+00:00,6.0208306,125.22918,0.52634495,NOAA_ERDDAP,WPP_716_Laut_Sulawesi
2023-02-16 00:00:00+00:00,2.0208306,131.97917,0.07154935,NOAA_ERDDAP,WPP_717_Teluk_Cendrawasih
2023-02-16 00:00:00+00:00,2.0208306,132.06252,0.07033646,NOAA_ERDDAP,WPP_717_Teluk_Cendrawasih
2023-02-16 00:00:00+00:00,2.0208306,132.14584,0.066829726,NOAA_ERDDAP,WPP_717_Teluk_Cendrawasih
2023-02-16 00:00:00+00:00,2.0208306,132.22917,0.067443065,NOAA_ERDDAP,WPP_717_Teluk_Cendrawasih
2023-02-16 00:00:00+00:00,2.0208306,132.31252,0.06990101,NOAA_ERDDAP,WPP_717_Teluk_Cendrawasih
2023-02-16 00:00:00+00:00,2.0208306,132.39584,0.067197464,NOAA_ERDDAP,WPP_717_Teluk_Cendrawasih
2023-02-16 00:00:00+00:00,2.0208306,132.56252,0.07382382,NOAA_ERDDAP,WPP_717_Teluk_Cendrawasih
2023-02-16 00:00:00+00:00,2.0208306,132.72917,0.06518477,NOAA_ERDDAP,WPP_717_Teluk_Cendrawasih
2023-02-16 00:00:00+00:00,2.0208306,132.81252,0.065235905,NOAA_ERDDAP,WPP_717_Teluk_Cendrawasih
2023-02-16 00:00:00+00:00,2.0208306,132.89584,0.060212918,NOAA_ERDDAP,WPP_717_Teluk_Cendrawasih
2023-02-16 00:00:00+00:00,2.0208306,132.97917,0.06653184,NOAA_ERDDAP,WPP_717_Teluk_Cendrawasih
2023-02-16 00:00:00+00:00,2.0208306,133.06252,0.059824895,NOAA_ERDDAP,WPP_717_Teluk_Cendrawasih
2023-02-16 00:00:00+00:00,2.0208306,133.14584,0.057579603,NOAA_ERDDAP,WPP_717_Teluk_Cendrawasih
2023-02-16 00:00:00+00:00,2.0208306,133.22917,0.06972773,NOAA_ERDDAP,WPP_717_Teluk_Cendrawasih
2023-02-16 00:00:00+00:00,2.0208306,133.31252,0.07847405,NOAA_ERDDAP,WPP_717_Teluk_Cendrawasih
2023-02-16 00:00:00+00:00,2.0208306,133.39584,0.07300576,NOAA_ERDDAP,WPP_717_Teluk_Cendrawasih
2023-02-16 00:00:00+00:00,2.0208306,133.47917,0.06887046,NOAA_ERDDAP,WPP_717_Teluk_Cendrawasih
2023-02-16 00:00:00+00:00,2.0208306,133.56252,0.08664608,NOAA_ERDDAP,WPP_717_Teluk_Cendrawasih
2023-02-16 00:00:00+00:00,2.0208306,133.64584,0.093976445,NOAA_ERDDAP,WPP_717_Teluk_Cendrawasih
2023-02-16 00:00:00+00:00,2.0208306,133.72917,0.086166166,NOAA_ERDDAP,WPP_717_Teluk_Cendrawasih
2023-02-16 00:00:00+00:00,2.0208306,133.81252,0.097038254,NOAA_ERDDAP,WPP_717_Teluk_Cendrawasih
2023-02-16 00:00:00+00:00,2.0208306,133.89584,0.10604779,NOAA_ERDDAP,WPP_717_Teluk_Cendrawasih
2023-02-16 00:00:00+00:00,2.0208306,133.97917,0.11563799,NOAA_ERDDAP,WPP_717_Teluk_Cendrawasih
2023-02-16 00:00:00+00:00,2.0208306,134.06252,0.13117541,NOAA_ERDDAP,WPP_717_Teluk_Cendrawasih
2023-02-16 00:00:00+00:00,2.0208306,134.14584,0.10001071,NOAA_ERDDAP,WPP_717_Teluk_Cendrawasih
2023-02-16 00:00:00+00:00,2.0208306,134.22917,0.12299336,NOAA_ERDDAP,WPP_717_Teluk_Cendrawasih
2023-02-16 00:00:00+00:00,2.0208306,134.31252,0.13111296,NOAA_ERDDAP,WPP_717_Teluk_Cendrawasih
2023-02-16 00:00:00+00:00,2.0208306,134.39584,0.12364731,NOAA_ERDDAP,WPP_717_Teluk_Cendrawasih
2023-02-16 00:00:00+00:00,2.0208306,134.72917,0.10935794,NOAA_ERDDAP,WPP_717_Teluk_Cendrawasih
2023-02-16 00:00:00+00:00,2.0208306,134.81252,0.118694894,NOAA_ERDDAP,WPP_717_Teluk_Cendrawasih
2023-02-16 00:00:00+00:00,2.0208306,134.89584,0.1260889,NOAA_ERDDAP,WPP_717_Teluk_Cendrawasih
2023-02-16 00:00:00+00:00,2.0208306,135.97917,0.037622068,NOAA_ERDDAP,WPP_717_Teluk_Cendrawasih
2023-02-16 00:00:00+00:00,2.0208306,136.06252,0.03640601,NOAA_ERDDAP,WPP_717_Teluk_Cendrawasih
2023-02-16 00:00:00+00:00,2.0208306,136.14584,0.04111047,NOAA_ERDDAP,WPP_717_Teluk_Cendrawasih
2023-02-16 00:00:00+00:00,2.0208306,136.22917,0.039980404,NOAA_ERDDAP,WPP_717_Teluk_Cendrawasih
2023-02-16 00:00:00+00:00,2.0208306,136.31252,0.0344077,NOAA_ERDDAP,WPP_717_Teluk_Cendrawasih
2023-02-16 00:00:00+00:00,2.0208306,136.39584,0.028035065,NOAA_ERDDAP,WPP_717_Teluk_Cendrawasih
2023-02-16 00:00:00+00:00,2.0208306,136.56252,0.045042746,NOAA_ERDDAP,WPP_717_Teluk_Cendrawasih
2023-02-16 00:00:00+00:00,2.0208306,136.64584,0.051853187,NOAA_ERDDAP,WPP_717_Teluk_Cendrawasih
2023-02-16 00:00:00+00:00,2.0208306,136.72917,0.055052556,NOAA_ERDDAP,WPP_717_Teluk_Cendrawasih
2023-02-16 00:00:00+00:00,2.0208306,136.81252,0.04608396,NOAA_ERDDAP,WPP_717_Teluk_Cendrawasih
2023-02-16 00:00:00+00:00,2.0208306,136.97917,0.0518231,NOAA_ERDDAP,WPP_717_Teluk_Cendrawasih
2023-02-16 00:00:00+00:00,2.0208306,137.06252,0.046930663,NOAA_ERDDAP,WPP_717_Teluk_Cendrawasih
2023-02-16 00:00:00+00:00,2.0208306,137.22917,0.040401135,NOAA_ERDDAP,WPP_717_Teluk_Cendrawasih
2023-02-16 00:00:00+00:00,2.0208306,137.31252,0.035601407,NOAA_ERDDAP,WPP_717_Teluk_Cendrawasih
2023-02-16 00:00:00+00:00,2.0208306,137.39584,0.033603836,NOAA_ERDDAP,WPP_717_Teluk_Cendrawasih
2023-02-16 00:00:00+00:00,2.0208306,137.47917,0.040119264,NOAA_ERDDAP,WPP_717_Teluk_Cendrawasih
2023-02-16 00:00:00+00:00,2.0208306,137.56252,0.044915874,NOAA_ERDDAP,WPP_717_Teluk_Cendrawasih
2023-02-16 00:00:00+00:00,2.0208306,137.64584,0.045515135,NOAA_ERDDAP,WPP_717_Teluk_Cendrawasih
2023-02-16 00:00:00+00:00,2.0208306,137.72917,0.055515897,NOAA_ERDDAP,WPP_717_Teluk_Cendrawasih
2023-02-16 00:00:00+00:00,2.0208306,137.81252,0.06311567,NOAA_ERDDAP,WPP_717_Teluk_Cendrawasih
2023-02-16 00:00:00+00:00,2.0208306,137.89584,0.06721262,NOAA_ERDDAP,WPP_717_Teluk_Cendrawasih
2023-02-16 00:00:00+00:00,2.0208306,137.97917,0.064973794,NOAA_ERDDAP,WPP_717_Teluk_Cendrawasih
2023-02-16 00:00:00+00:00,1.9374974,132.06252,0.062362295,NOAA_ERDDAP,WPP_717_Teluk_Cendrawasih
2023-02-16 00:00:00+00:00,1.9374974,132.14584,0.060985148,NOAA_ERDDAP,WPP_717_Teluk_Cendrawasih
2023-02-16 00:00:00+00:00,1.9374974,132.22917,0.06577094,NOAA_ERDDAP,WPP_717_Teluk_Cendrawasih
2023-02-16 00:00:00+00:00,1.9374974,132.31252,0.06740314,NOAA_ERDDAP,WPP_717_Teluk_Cendrawasih
2023-02-16 00:00:00+00:00,1.9374974,132.72917,0.0637539,NOAA_ERDDAP,WPP_717_Teluk_Cendrawasih
2023-02-16 00:00:00+00:00,1.9374974,132.81252,0.056954913,NOAA_ERDDAP,WPP_717_Teluk_Cendrawasih
2023-02-16 00:00:00+00:00,1.9374974,132.97917,0.072679475,NOAA_ERDDAP,WPP_717_Teluk_Cendrawasih
2023-02-16 00:00:00+00:00,1.9374974,133.06252,0.07616197,NOAA_ERDDAP,WPP_717_Teluk_Cendrawasih
2023-02-16 00:00:00+00:00,1.9374974,133.14584,0.07493087,NOAA_ERDDAP,WPP_717_Teluk_Cendrawasih
2023-02-16 00:00:00+00:00,1.9374974,133.22917,0.066807084,NOAA_ERDDAP,WPP_717_Teluk_Cendrawasih
2023-02-16 00:00:00+00:00,1.9374974,133.31252,0.05474881,NOAA_ERDDAP,WPP_717_Teluk_Cendrawasih
2023-02-16 00:00:00+00:00,-3.9791694,131.97917,0.08429661,NOAA_ERDDAP,WPP_718_Laut_Arafuru
2023-02-16 00:00:00+00:00,-3.9791694,132.06252,0.08025027,NOAA_ERDDAP,WPP_718_Laut_Arafuru
2023-02-16 00:00:00+00:00,-3.9791694,132.14584,0.07594228,NOAA_ERDDAP,WPP_718_Laut_Arafuru
2023-02-16 00:00:00+00:00,-3.9791694,132.22917,0.070922785,NOAA_ERDDAP,WPP_718_Laut_Arafuru
2023-02-16 00:00:00+00:00,-3.9791694,133.56252,0.47387666,NOAA_ERDDAP,WPP_718_Laut_Arafuru
2023-02-16 00:00:00+00:00,-3.9791694,133.64584,0.45551652,NOAA_ERDDAP,WPP_718_Laut_Arafuru
2023-02-16 00:00:00+00:00,-3.9791694,133.72917,0.251579,NOAA_ERDDAP,WPP_718_Laut_Arafuru
2023-02-16 00:00:00+00:00,-3.9791694,133.81252,0.20833841,NOAA_ERDDAP,WPP_718_Laut_Arafuru
2023-02-16 00:00:00+00:00,-3.9791694,133.89584,0.18740419,NOAA_ERDDAP,WPP_718_Laut_Arafuru
2023-02-16 00:00:00+00:00,-3.9791694,133.97917,0.20240164,NOAA_ERDDAP,WPP_718_Laut_Arafuru
2023-02-16 00:00:00+00:00,-3.9791694,134.06252,0.19666326,NOAA_ERDDAP,WPP_718_Laut_Arafuru
2023-02-16 00:00:00+00:00,-3.9791694,134.39584,0.44679403,NOAA_ERDDAP,WPP_718_Laut_Arafuru
2023-03-16 00:00:00+00:00,6.0208306,94.97917,0.20844398,NOAA_ERDDAP,WPP_571_Selat_Malaka
2023-03-16 00:00:00+00:00,6.0208306,95.06251,0.23233138,NOAA_ERDDAP,WPP_571_Selat_Malaka
2023-03-16 00:00:00+00:00,6.0208306,95.14584,0.23425595,NOAA_ERDDAP,WPP_571_Selat_Malaka
2023-03-16 00:00:00+00:00,6.0208306,95.22917,0.25519285,NOAA_ERDDAP,WPP_571_Selat_Malaka
2023-03-16 00:00:00+00:00,6.0208306,95.31251,0.2685931,NOAA_ERDDAP,WPP_571_Selat_Malaka
2023-03-16 00:00:00+00:00,6.0208306,95.39584,0.18711562,NOAA_ERDDAP,WPP_571_Selat_Malaka
2023-03-16 00:00:00+00:00,6.0208306,95.47917,0.19775786,NOAA_ERDDAP,WPP_571_Selat_Malaka
2023-03-16 00:00:00+00:00,6.0208306,95.56251,0.23298298,NOAA_ERDDAP,WPP_571_Selat_Malaka
2023-03-16 00:00:00+00:00,6.0208306,95.64584,0.23254234,NOAA_ERDDAP,WPP_571_Selat_Malaka
2023-03-16 00:00:00+00:00,6.0208306,95.72917,0.21677136,NOAA_ERDDAP,WPP_571_Selat_Malaka
2023-03-16 00:00:00+00:00,6.0208306,95.81251,0.20184582,NOAA_ERDDAP,WPP_571_Selat_Malaka
2023-03-16 00:00:00+00:00,6.0208306,95.89584,0.20574744,NOAA_ERDDAP,WPP_571_Selat_Malaka
2023-03-16 00:00:00+00:00,6.0208306,95.97917,0.21222712,NOAA_ERDDAP,WPP_571_Selat_Malaka
2023-03-16 00:00:00+00:00,6.0208306,96.06251,0.21544306,NOAA_ERDDAP,WPP_571_Selat_Malaka
2023-03-16 00:00:00+00:00,6.0208306,96.14584,0.22474952,NOAA_ERDDAP,WPP_571_Selat_Malaka
2023-03-16 00:00:00+00:00,6.0208306,96.22917,0.22603123,NOAA_ERDDAP,WPP_571_Selat_Malaka
2023-03-16 00:00:00+00:00,6.0208306,96.31251,0.22191629,NOAA_ERDDAP,WPP_571_Selat_Malaka
2023-03-16 00:00:00+00:00,6.0208306,96.39584,0.21098007,NOAA_ERDDAP,WPP_571_Selat_Malaka
2023-03-16 00:00:00+00:00,6.0208306,96.47917,0.19402301,NOAA_ERDDAP,WPP_571_Selat_Malaka
2023-03-16 00:00:00+00:00,6.0208306,96.56251,0.19444746,NOAA_ERDDAP,WPP_571_Selat_Malaka
2023-03-16 00:00:00+00:00,6.0208306,96.64584,0.21952397,NOAA_ERDDAP,WPP_571_Selat_Malaka
2023-03-16 00:00:00+00:00,6.0208306,96.72917,0.2623553,NOAA_ERDDAP,WPP_571_Selat_Malaka
2023-03-16 00:00:00+00:00,6.0208306,96.81251,0.2212314,NOAA_ERDDAP,WPP_571_Selat_Malaka
2023-03-16 00:00:00+00:00,6.0208306,96.89584,0.22782135,NOAA_ERDDAP,WPP_571_Selat_Malaka
2023-03-16 00:00:00+00:00,6.0208306,96.97917,0.21755613,NOAA_ERDDAP,WPP_571_Selat_Malaka
2023-03-16 00:00:00+00:00,6.0208306,97.06251,0.24781924,NOAA_ERDDAP,WPP_571_Selat_Malaka
2023-03-16 00:00:00+00:00,6.0208306,97.14584,0.29571742,NOAA_ERDDAP,WPP_571_Selat_Malaka
2023-03-16 00:00:00+00:00,6.0208306,97.22917,0.3034565,NOAA_ERDDAP,WPP_571_Selat_Malaka
2023-03-16 00:00:00+00:00,6.0208306,97.31251,0.30354506,NOAA_ERDDAP,WPP_571_Selat_Malaka
2023-03-16 00:00:00+00:00,6.0208306,97.39584,0.3104547,NOAA_ERDDAP,WPP_571_Selat_Malaka
2023-03-16 00:00:00+00:00,6.0208306,97.47917,0.2845007,NOAA_ERDDAP,WPP_571_Selat_Malaka
2023-03-16 00:00:00+00:00,6.0208306,97.56251,0.29536283,NOAA_ERDDAP,WPP_571_Selat_Malaka
2023-03-16 00:00:00+00:00,6.0208306,97.64584,0.34458068,NOAA_ERDDAP,WPP_571_Selat_Malaka
2023-03-16 00:00:00+00:00,6.0208306,97.72917,0.4042517,NOAA_ERDDAP,WPP_571_Selat_Malaka
2023-03-16 00:00:00+00:00,6.0208306,97.81251,0.37307417,NOAA_ERDDAP,WPP_571_Selat_Malaka
2023-03-16 00:00:00+00:00,6.0208306,97.89584,0.4068298,NOAA_ERDDAP,WPP_571_Selat_Malaka
2023-03-16 00:00:00+00:00,6.0208306,97.97917,0.32524398,NOAA_ERDDAP,WPP_571_Selat_Malaka
2023-03-16 00:00:00+00:00,6.0208306,98.06251,0.3033915,NOAA_ERDDAP,WPP_571_Selat_Malaka
2023-03-16 00:00:00+00:00,6.0208306,98.14584,0.31503236,NOAA_ERDDAP,WPP_571_Selat_Malaka
2023-03-16 00:00:00+00:00,6.0208306,98.22917,0.36366805,NOAA_ERDDAP,WPP_571_Selat_Malaka
2023-03-16 00:00:00+00:00,6.0208306,98.31251,0.30681622,NOAA_ERDDAP,WPP_571_Selat_Malaka
2023-03-16 00:00:00+00:00,6.0208306,98.39584,0.29497182,NOAA_ERDDAP,WPP_571_Selat_Malaka
2023-03-16 00:00:00+00:00,6.0208306,98.47917,0.32276896,NOAA_ERDDAP,WPP_571_Selat_Malaka
2023-03-16 00:00:00+00:00,6.0208306,98.56251,0.41006792,NOAA_ERDDAP,WPP_571_Selat_Malaka
2023-03-16 00:00:00+00:00,6.0208306,98.64584,0.49232927,NOAA_ERDDAP,WPP_571_Selat_Malaka
2023-03-16 00:00:00+00:00,6.0208306,98.72917,0.59483,NOAA_ERDDAP,WPP_571_Selat_Malaka
2023-03-16 00:00:00+00:00,6.0208306,98.81251,0.47776178,NOAA_ERDDAP,WPP_571_Selat_Malaka
2023-03-16 00:00:00+00:00,6.0208306,98.89584,0.4281769,NOAA_ERDDAP,WPP_571_Selat_Malaka
2023-03-16 00:00:00+00:00,6.0208306,98.97917,0.41471985,NOAA_ERDDAP,WPP_571_Selat_Malaka
2023-03-16 00:00:00+00:00,6.0208306,99.06251,0.42585045,NOAA_ERDDAP,WPP_571_Selat_Malaka
2023-03-16 00:00:00+00:00,6.0208306,99.14584,0.34812266,NOAA_ERDDAP,WPP_571_Selat_Malaka
2023-03-16 00:00:00+00:00,6.0208306,99.22917,0.36287364,NOAA_ERDDAP,WPP_571_Selat_Malaka
2023-03-16 00:00:00+00:00,6.0208306,99.31251,0.3854149,NOAA_ERDDAP,WPP_571_Selat_Malaka
2023-03-16 00:00:00+00:00,6.0208306,99.39584,0.42681724,NOAA_ERDDAP,WPP_571_Selat_Malaka
2023-03-16 00:00:00+00:00,6.0208306,99.47917,0.47571644,NOAA_ERDDAP,WPP_571_Selat_Malaka
2023-03-16 00:00:00+00:00,6.0208306,99.56251,0.55346733,NOAA_ERDDAP,WPP_571_Selat_Malaka
2023-03-16 00:00:00+00:00,6.0208306,99.64584,0.5575677,NOAA_ERDDAP,WPP_571_Selat_Malaka
2023-03-16 00:00:00+00:00,6.0208306,99.72917,0.55044484,NOAA_ERDDAP,WPP_571_Selat_Malaka
2023-03-16 00:00:00+00:00,6.0208306,99.81251,0.54442054,NOAA_ERDDAP,WPP_571_Selat_Malaka
2023-03-16 00:00:00+00:00,6.0208306,99.89584,0.6201627,NOAA_ERDDAP,WPP_571_Selat_Malaka
2023-03-16 00:00:00+00:00,6.0208306,99.97917,0.67968297,NOAA_ERDDAP,WPP_571_Selat_Malaka
2023-03-16 00:00:00+00:00,6.0208306,100.06251,0.6585145,NOAA_ERDDAP,WPP_571_Selat_Malaka
2023-03-16 00:00:00+00:00,6.0208306,100.14584,0.6308407,NOAA_ERDDAP,WPP_571_Selat_Malaka
2023-03-16 00:00:00+00:00,6.0208306,100.22917,2.1258645,NOAA_ERDDAP,WPP_571_Selat_Malaka
2023-03-16 00:00:00+00:00,6.0208306,100.31251,6.1970925,NOAA_ERDDAP,WPP_571_Selat_Malaka
2023-03-16 00:00:00+00:00,2.0208306,94.97917,0.052266985,NOAA_ERDDAP,WPP_572_Samudera_Hindia_Barat
2023-03-16 00:00:00+00:00,2.0208306,95.06251,0.0643755,NOAA_ERDDAP,WPP_572_Samudera_Hindia_Barat
2023-03-16 00:00:00+00:00,2.0208306,95.14584,0.055477437,NOAA_ERDDAP,WPP_572_Samudera_Hindia_Barat
2023-03-16 00:00:00+00:00,2.0208306,95.22917,0.045928612,NOAA_ERDDAP,WPP_572_Samudera_Hindia_Barat
2023-03-16 00:00:00+00:00,2.0208306,95.31251,0.05501578,NOAA_ERDDAP,WPP_572_Samudera_Hindia_Barat
2023-03-16 00:00:00+00:00,2.0208306,95.39584,0.049416155,NOAA_ERDDAP,WPP_572_Samudera_Hindia_Barat
2023-03-16 00:00:00+00:00,2.0208306,95.47917,0.050678086,NOAA_ERDDAP,WPP_572_Samudera_Hindia_Barat
2023-03-16 00:00:00+00:00,2.0208306,95.56251,0.05581239,NOAA_ERDDAP,WPP_572_Samudera_Hindia_Barat
2023-03-16 00:00:00+00:00,2.0208306,95.64584,0.05112963,NOAA_ERDDAP,WPP_572_Samudera_Hindia_Barat
2023-03-16 00:00:00+00:00,2.0208306,95.72917,0.0613551,NOAA_ERDDAP,WPP_572_Samudera_Hindia_Barat
2023-03-16 00:00:00+00:00,2.0208306,95.81251,0.06271992,NOAA_ERDDAP,WPP_572_Samudera_Hindia_Barat
2023-03-16 00:00:00+00:00,2.0208306,95.89584,0.06688303,NOAA_ERDDAP,WPP_572_Samudera_Hindia_Barat
2023-03-16 00:00:00+00:00,2.0208306,95.97917,0.074090056,NOAA_ERDDAP,WPP_572_Samudera_Hindia_Barat
2023-03-16 00:00:00+00:00,2.0208306,96.06251,0.08205926,NOAA_ERDDAP,WPP_572_Samudera_Hindia_Barat
2023-03-16 00:00:00+00:00,2.0208306,96.14584,0.08557185,NOAA_ERDDAP,WPP_572_Samudera_Hindia_Barat
2023-03-16 00:00:00+00:00,2.0208306,96.22917,0.09565764,NOAA_ERDDAP,WPP_572_Samudera_Hindia_Barat
2023-03-16 00:00:00+00:00,2.0208306,96.31251,0.079917185,NOAA_ERDDAP,WPP_572_Samudera_Hindia_Barat
2023-03-16 00:00:00+00:00,2.0208306,96.39584,0.07303935,NOAA_ERDDAP,WPP_572_Samudera_Hindia_Barat
2023-03-16 00:00:00+00:00,2.0208306,96.47917,0.08112378,NOAA_ERDDAP,WPP_572_Samudera_Hindia_Barat
2023-03-16 00:00:00+00:00,2.0208306,96.56251,0.07397066,NOAA_ERDDAP,WPP_572_Samudera_Hindia_Barat
2023-03-16 00:00:00+00:00,2.0208306,96.64584,0.0946601,NOAA_ERDDAP,WPP_572_Samudera_Hindia_Barat
2023-03-16 00:00:00+00:00,2.0208306,96.72917,0.105844796,NOAA_ERDDAP,WPP_572_Samudera_Hindia_Barat
2023-03-16 00:00:00+00:00,2.0208306,96.81251,0.08010127,NOAA_ERDDAP,WPP_572_Samudera_Hindia_Barat
2023-03-16 00:00:00+00:00,2.0208306,96.89584,0.08907486,NOAA_ERDDAP,WPP_572_Samudera_Hindia_Barat
2023-03-16 00:00:00+00:00,2.0208306,96.97917,0.1035027,NOAA_ERDDAP,WPP_572_Samudera_Hindia_Barat
2023-03-16 00:00:00+00:00,2.0208306,97.06251,0.095429145,NOAA_ERDDAP,WPP_572_Samudera_Hindia_Barat
2023-03-16 00:00:00+00:00,2.0208306,97.14584,0.11671979,NOAA_ERDDAP,WPP_572_Samudera_Hindia_Barat
2023-03-16 00:00:00+00:00,2.0208306,97.22917,0.100004084,NOAA_ERDDAP,WPP_572_Samudera_Hindia_Barat
2023-03-16 00:00:00+00:00,2.0208306,97.31251,0.13836417,NOAA_ERDDAP,WPP_572_Samudera_Hindia_Barat
2023-03-16 00:00:00+00:00,2.0208306,97.39584,0.17194782,NOAA_ERDDAP,WPP_572_Samudera_Hindia_Barat
2023-03-16 00:00:00+00:00,2.0208306,97.47917,0.17121753,NOAA_ERDDAP,WPP_572_Samudera_Hindia_Barat
2023-03-16 00:00:00+00:00,2.0208306,97.56251,0.17118067,NOAA_ERDDAP,WPP_572_Samudera_Hindia_Barat
2023-03-16 00:00:00+00:00,2.0208306,97.64584,0.1760153,NOAA_ERDDAP,WPP_572_Samudera_Hindia_Barat
2023-03-16 00:00:00+00:00,2.0208306,97.72917,0.24360804,NOAA_ERDDAP,WPP_572_Samudera_Hindia_Barat
2023-03-16 00:00:00+00:00,2.0208306,97.81251,0.2555012,NOAA_ERDDAP,WPP_572_Samudera_Hindia_Barat
2023-03-16 00:00:00+00:00,2.0208306,97.89584,0.17173585,NOAA_ERDDAP,WPP_572_Samudera_Hindia_Barat
2023-03-16 00:00:00+00:00,2.0208306,97.97917,0.14858879,NOAA_ERDDAP,WPP_572_Samudera_Hindia_Barat
2023-03-16 00:00:00+00:00,2.0208306,98.06251,0.15358855,NOAA_ERDDAP,WPP_572_Samudera_Hindia_Barat
2023-03-16 00:00:00+00:00,2.0208306,98.14584,0.20954143,NOAA_ERDDAP,WPP_572_Samudera_Hindia_Barat
2023-03-16 00:00:00+00:00,2.0208306,98.22917,0.28098148,NOAA_ERDDAP,WPP_572_Samudera_Hindia_Barat
2023-03-16 00:00:00+00:00,2.0208306,98.31251,0.83643323,NOAA_ERDDAP,WPP_572_Samudera_Hindia_Barat
2023-03-16 00:00:00+00:00,2.0208306,98.39584,0.6249589,NOAA_ERDDAP,WPP_572_Samudera_Hindia_Barat
2023-03-16 00:00:00+00:00,2.0208306,101.31251,8.116494,NOAA_ERDDAP,WPP_572_Samudera_Hindia_Barat
2023-03-16 00:00:00+00:00,2.0208306,101.39584,8.802888,NOAA_ERDDAP,WPP_572_Samudera_Hindia_Barat
2023-03-16 00:00:00+00:00,2.0208306,101.72917,7.1576266,NOAA_ERDDAP,WPP_572_Samudera_Hindia_Barat
2023-03-16 00:00:00+00:00,2.0208306,101.81251,6.2608624,NOAA_ERDDAP,WPP_572_Samudera_Hindia_Barat
2023-03-16 00:00:00+00:00,2.0208306,101.89584,4.7430296,NOAA_ERDDAP,WPP_572_Samudera_Hindia_Barat
2023-03-16 00:00:00+00:00,2.0208306,101.97917,3.4323275,NOAA_ERDDAP,WPP_572_Samudera_Hindia_Barat
2023-03-16 00:00:00+00:00,2.0208306,102.06251,3.0988061,NOAA_ERDDAP,WPP_572_Samudera_Hindia_Barat
2023-03-16 00:00:00+00:00,2.0208306,102.14584,2.686388,NOAA_ERDDAP,WPP_572_Samudera_Hindia_Barat
2023-03-16 00:00:00+00:00,2.0208306,102.22917,2.7458262,NOAA_ERDDAP,WPP_572_Samudera_Hindia_Barat
2023-03-16 00:00:00+00:00,2.0208306,102.31251,2.5511646,NOAA_ERDDAP,WPP_572_Samudera_Hindia_Barat
2023-03-16 00:00:00+00:00,2.0208306,102.39584,3.1314278,NOAA_ERDDAP,WPP_572_Samudera_Hindia_Barat
2023-03-16 00:00:00+00:00,-5.9791694,101.97917,0.11035955,NOAA_ERDDAP,WPP_573_Samudera_Hindia_Selatan
2023-03-16 00:00:00+00:00,-5.9791694,102.06251,0.07734332,NOAA_ERDDAP,WPP_573_Samudera_Hindia_Selatan
2023-03-16 00:00:00+00:00,-5.9791694,102.14584,0.10025648,NOAA_ERDDAP,WPP_573_Samudera_Hindia_Selatan
2023-03-16 00:00:00+00:00,-5.9791694,102.22917,0.09390413,NOAA_ERDDAP,WPP_573_Samudera_Hindia_Selatan
2023-03-16 00:00:00+00:00,-5.9791694,102.31251,0.062188946,NOAA_ERDDAP,WPP_573_Samudera_Hindia_Selatan
2023-03-16 00:00:00+00:00,-5.9791694,102.39584,0.10006573,NOAA_ERDDAP,WPP_573_Samudera_Hindia_Selatan
2023-03-16 00:00:00+00:00,-5.9791694,102.47917,0.105274424,NOAA_ERDDAP,WPP_573_Samudera_Hindia_Selatan
2023-03-16 00:00:00+00:00,-5.9791694,102.56251,0.091434464,NOAA_ERDDAP,WPP_573_Samudera_Hindia_Selatan
2023-03-16 00:00:00+00:00,-5.9791694,102.64584,0.102747284,NOAA_ERDDAP,WPP_573_Samudera_Hindia_Selatan
2023-03-16 00:00:00+00:00,-5.9791694,102.72917,0.050070424,NOAA_ERDDAP,WPP_573_Samudera_Hindia_Selatan
2023-03-16 00:00:00+00:00,-5.9791694,102.81251,0.05716415,NOAA_ERDDAP,WPP_573_Samudera_Hindia_Selatan
2023-03-16 00:00:00+00:00,-5.9791694,102.89584,0.0496818,NOAA_ERDDAP,WPP_573_Samudera_Hindia_Selatan
2023-03-16 00:00:00+00:00,-5.9791694,102.97917,0.06815019,NOAA_ERDDAP,WPP_573_Samudera_Hindia_Selatan
2023-03-16 00:00:00+00:00,-5.9791694,103.06251,0.06341726,NOAA_ERDDAP,WPP_573_Samudera_Hindia_Selatan
2023-03-16 00:00:00+00:00,-5.9791694,103.14584,0.082758784,NOAA_ERDDAP,WPP_573_Samudera_Hindia_Selatan
2023-03-16 00:00:00+00:00,-5.9791694,103.22917,0.06476129,NOAA_ERDDAP,WPP_573_Samudera_Hindia_Selatan
2023-03-16 00:00:00+00:00,-5.9791694,103.31251,0.056929093,NOAA_ERDDAP,WPP_573_Samudera_Hindia_Selatan
2023-03-16 00:00:00+00:00,-5.9791694,103.39584,0.06609421,NOAA_ERDDAP,WPP_573_Samudera_Hindia_Selatan
2023-03-16 00:00:00+00:00,-5.9791694,103.47917,0.073864155,NOAA_ERDDAP,WPP_573_Samudera_Hindia_Selatan
2023-03-16 00:00:00+00:00,-5.9791694,103.56251,0.07644338,NOAA_ERDDAP,WPP_573_Samudera_Hindia_Selatan
2023-03-16 00:00:00+00:00,-5.9791694,103.64584,0.08100639,NOAA_ERDDAP,WPP_573_Samudera_Hindia_Selatan
2023-03-16 00:00:00+00:00,-5.9791694,103.72917,0.08399205,NOAA_ERDDAP,WPP_573_Samudera_Hindia_Selatan
2023-03-16 00:00:00+00:00,-5.9791694,103.81251,0.08169317,NOAA_ERDDAP,WPP_573_Samudera_Hindia_Selatan
2023-03-16 00:00:00+00:00,-5.9791694,103.89584,0.10186245,NOAA_ERDDAP,WPP_573_Samudera_Hindia_Selatan
2023-03-16 00:00:00+00:00,-5.9791694,103.97917,0.12051534,NOAA_ERDDAP,WPP_573_Samudera_Hindia_Selatan
2023-03-16 00:00:00+00:00,-5.9791694,104.06251,0.11980771,NOAA_ERDDAP,WPP_573_Samudera_Hindia_Selatan
2023-03-16 00:00:00+00:00,-5.9791694,104.14584,0.10092785,NOAA_ERDDAP,WPP_573_Samudera_Hindia_Selatan
2023-03-16 00:00:00+00:00,-5.9791694,104.22917,0.09128338,NOAA_ERDDAP,WPP_573_Samudera_Hindia_Selatan
2023-03-16 00:00:00+00:00,-5.9791694,104.31251,0.09358788,NOAA_ERDDAP,WPP_573_Samudera_Hindia_Selatan
2023-03-16 00:00:00+00:00,-5.9791694,104.39584,0.1144616,NOAA_ERDDAP,WPP_573_Samudera_Hindia_Selatan
2023-03-16 00:00:00+00:00,-5.9791694,104.47917,0.17496642,NOAA_ERDDAP,WPP_573_Samudera_Hindia_Selatan
2023-03-16 00:00:00+00:00,-5.9791694,104.56251,0.40763828,NOAA_ERDDAP,WPP_573_Samudera_Hindia_Selatan
2023-03-16 00:00:00+00:00,-5.9791694,104.64584,0.31001216,NOAA_ERDDAP,WPP_573_Samudera_Hindia_Selatan
2023-03-16 00:00:00+00:00,-5.9791694,104.72917,0.27425796,NOAA_ERDDAP,WPP_573_Samudera_Hindia_Selatan
2023-03-16 00:00:00+00:00,-5.9791694,104.81251,0.21320923,NOAA_ERDDAP,WPP_573_Samudera_Hindia_Selatan
2023-03-16 00:00:00+00:00,-5.9791694,104.89584,0.28262845,NOAA_ERDDAP,WPP_573_Samudera_Hindia_Selatan
2023-03-16 00:00:00+00:00,-5.9791694,104.97917,0.39361405,NOAA_ERDDAP,WPP_573_Samudera_Hindia_Selatan
2023-03-16 00:00:00+00:00,-5.9791694,105.06251,0.46266484,NOAA_ERDDAP,WPP_573_Samudera_Hindia_Selatan
2023-03-16 00:00:00+00:00,-5.9791694,105.14584,0.49812508,NOAA_ERDDAP,WPP_573_Samudera_Hindia_Selatan
2023-03-16 00:00:00+00:00,-5.9791694,105.22917,0.45148307,NOAA_ERDDAP,WPP_573_Samudera_Hindia_Selatan
2023-03-16 00:00:00+00:00,-5.9791694,105.31251,0.48217735,NOAA_ERDDAP,WPP_573_Samudera_Hindia_Selatan
2023-03-16 00:00:00+00:00,-5.9791694,105.39584,0.7107971,NOAA_ERDDAP,WPP_573_Samudera_Hindia_Selatan
2023-03-16 00:00:00+00:00,-5.9791694,105.47917,0.66498595,NOAA_ERDDAP,WPP_573_Samudera_Hindia_Selatan
2023-03-16 00:00:00+00:00,-5.9791694,105.56251,0.6056055,NOAA_ERDDAP,WPP_573_Samudera_Hindia_Selatan
2023-03-16 00:00:00+00:00,-5.9791694,105.64584,0.58948165,NOAA_ERDDAP,WPP_573_Samudera_Hindia_Selatan
2023-03-16 00:00:00+00:00,-5.9791694,105.72917,0.69480515,NOAA_ERDDAP,WPP_573_Samudera_Hindia_Selatan
2023-03-16 00:00:00+00:00,-5.9791694,105.81251,0.6517115,NOAA_ERDDAP,WPP_573_Samudera_Hindia_Selatan
2023-03-16 00:00:00+00:00,-5.9791694,105.89584,0.8649382,NOAA_ERDDAP,WPP_573_Samudera_Hindia_Selatan
2023-03-16 00:00:00+00:00,-5.9791694,105.97917,1.1326532,NOAA_ERDDAP,WPP_573_Samudera_Hindia_Selatan
2023-03-16 00:00:00+00:00,-5.9791694,106.14584,3.8517883,NOAA_ERDDAP,WPP_573_Samudera_Hindia_Selatan
2023-03-16 00:00:00+00:00,-5.9791694,106.22917,3.201653,NOAA_ERDDAP,WPP_573_Samudera_Hindia_Selatan
2023-03-16 00:00:00+00:00,-5.9791694,106.31251,2.5852559,NOAA_ERDDAP,WPP_573_Samudera_Hindia_Selatan
2023-03-16 00:00:00+00:00,-5.9791694,106.39584,3.1008615,NOAA_ERDDAP,WPP_573_Samudera_Hindia_Selatan
2023-03-16 00:00:00+00:00,-5.9791694,106.47917,3.0782833,NOAA_ERDDAP,WPP_573_Samudera_Hindia_Selatan
2023-03-16 00:00:00+00:00,-5.9791694,106.56251,2.6862621,NOAA_ERDDAP,WPP_573_Samudera_Hindia_Selatan
2023-03-16 00:00:00+00:00,-5.9791694,106.64584,2.2463455,NOAA_ERDDAP,WPP_573_Samudera_Hindia_Selatan
2023-03-16 00:00:00+00:00,-5.9791694,106.72917,3.5180895,NOAA_ERDDAP,WPP_573_Samudera_Hindia_Selatan
2023-03-16 00:00:00+00:00,-5.9791694,106.81251,2.8355758,NOAA_ERDDAP,WPP_573_Samudera_Hindia_Selatan
2023-03-16 00:00:00+00:00,-5.9791694,106.89584,4.0169735,NOAA_ERDDAP,WPP_573_Samudera_Hindia_Selatan
2023-03-16 00:00:00+00:00,-5.9791694,106.97917,3.9635253,NOAA_ERDDAP,WPP_573_Samudera_Hindia_Selatan
2023-03-16 00:00:00+00:00,-5.9791694,107.14584,2.3949776,NOAA_ERDDAP,WPP_573_Samudera_Hindia_Selatan
2023-03-16 00:00:00+00:00,-5.9791694,107.22917,2.4527152,NOAA_ERDDAP,WPP_573_Samudera_Hindia_Selatan
2023-03-16 00:00:00+00:00,-5.9791694,107.31251,1.5417991,NOAA_ERDDAP,WPP_573_Samudera_Hindia_Selatan
2023-03-16 00:00:00+00:00,-5.9791694,107.39584,2.7067025,NOAA_ERDDAP,WPP_573_Samudera_Hindia_Selatan
2023-03-16 00:00:00+00:00,-5.9791694,107.47917,0.49602175,NOAA_ERDDAP,WPP_573_Samudera_Hindia_Selatan
2023-03-16 00:00:00+00:00,-5.9791694,107.56251,0.28072605,NOAA_ERDDAP,WPP_573_Samudera_Hindia_Selatan
2023-03-16 00:00:00+00:00,-5.9791694,107.64584,0.22876899,NOAA_ERDDAP,WPP_573_Samudera_Hindia_Selatan
2023-03-16 00:00:00+00:00,-5.9791694,107.72917,0.18154496,NOAA_ERDDAP,WPP_573_Samudera_Hindia_Selatan
2023-03-16 00:00:00+00:00,-5.9791694,107.81251,0.18657587,NOAA_ERDDAP,WPP_573_Samudera_Hindia_Selatan
2023-03-16 00:00:00+00:00,-5.9791694,107.89584,0.18949322,NOAA_ERDDAP,WPP_573_Samudera_Hindia_Selatan
2023-03-16 00:00:00+00:00,-5.9791694,107.97917,0.19594218,NOAA_ERDDAP,WPP_573_Samudera_Hindia_Selatan
2023-03-16 00:00:00+00:00,-5.9791694,108.06251,0.20425735,NOAA_ERDDAP,WPP_573_Samudera_Hindia_Selatan
2023-03-16 00:00:00+00:00,-5.9791694,108.14584,0.16829188,NOAA_ERDDAP,WPP_573_Samudera_Hindia_Selatan
2023-03-16 00:00:00+00:00,-5.9791694,108.39584,0.15095465,NOAA_ERDDAP,WPP_573_Samudera_Hindia_Selatan
2023-03-16 00:00:00+00:00,-5.9791694,108.47917,0.18041143,NOAA_ERDDAP,WPP_573_Samudera_Hindia_Selatan
2023-03-16 00:00:00+00:00,-5.9791694,108.56251,0.13023469,NOAA_ERDDAP,WPP_573_Samudera_Hindia_Selatan
2023-03-16 00:00:00+00:00,-5.9791694,108.64584,0.13274902,NOAA_ERDDAP,WPP_573_Samudera_Hindia_Selatan
2023-03-16 00:00:00+00:00,-5.9791694,108.72917,0.13735807,NOAA_ERDDAP,WPP_573_Samudera_Hindia_Selatan
2023-03-16 00:00:00+00:00,-5.9791694,108.81251,0.13922387,NOAA_ERDDAP,WPP_573_Samudera_Hindia_Selatan
2023-03-16 00:00:00+00:00,-5.9791694,108.89584,0.16611584,NOAA_ERDDAP,WPP_573_Samudera_Hindia_Selatan
2023-03-16 00:00:00+00:00,-5.9791694,108.97917,0.17281722,NOAA_ERDDAP,WPP_573_Samudera_Hindia_Selatan
2023-03-16 00:00:00+00:00,-5.9791694,109.06251,0.16391398,NOAA_ERDDAP,WPP_573_Samudera_Hindia_Selatan
2023-03-16 00:00:00+00:00,-5.9791694,109.14584,0.14061223,NOAA_ERDDAP,WPP_573_Samudera_Hindia_Selatan
2023-03-16 00:00:00+00:00,-5.9791694,109.22917,0.2547245,NOAA_ERDDAP,WPP_573_Samudera_Hindia_Selatan
2023-03-16 00:00:00+00:00,-5.9791694,109.31251,0.13189355,NOAA_ERDDAP,WPP_573_Samudera_Hindia_Selatan
2023-03-16 00:00:00+00:00,-5.9791694,109.39584,0.18805091,NOAA_ERDDAP,WPP_573_Samudera_Hindia_Selatan
2023-03-16 00:00:00+00:00,6.0208306,103.97917,0.07372646,NOAA_ERDDAP,WPP_711_Laut_Natuna
2023-03-16 00:00:00+00:00,6.0208306,104.06251,0.069301136,NOAA_ERDDAP,WPP_711_Laut_Natuna
2023-03-16 00:00:00+00:00,6.0208306,104.14584,0.084689535,NOAA_ERDDAP,WPP_711_Laut_Natuna
2023-03-16 00:00:00+00:00,6.0208306,104.22917,0.071802765,NOAA_ERDDAP,WPP_711_Laut_Natuna
2023-03-16 00:00:00+00:00,6.0208306,104.31251,0.060575694,NOAA_ERDDAP,WPP_711_Laut_Natuna
2023-03-16 00:00:00+00:00,6.0208306,104.39584,0.05834674,NOAA_ERDDAP,WPP_711_Laut_Natuna
2023-03-16 00:00:00+00:00,6.0208306,104.47917,0.06651829,NOAA_ERDDAP,WPP_711_Laut_Natuna
2023-03-16 00:00:00+00:00,6.0208306,104.56251,0.08282467,NOAA_ERDDAP,WPP_711_Laut_Natuna
2023-03-16 00:00:00+00:00,6.0208306,104.64584,0.08711142,NOAA_ERDDAP,WPP_711_Laut_Natuna
2023-03-16 00:00:00+00:00,6.0208306,104.72917,0.09130115,NOAA_ERDDAP,WPP_711_Laut_Natuna
2023-03-16 00:00:00+00:00,6.0208306,104.81251,0.06209928,NOAA_ERDDAP,WPP_711_Laut_Natuna
2023-03-16 00:00:00+00:00,6.0208306,104.89584,0.068212986,NOAA_ERDDAP,WPP_711_Laut_Natuna
2023-03-16 00:00:00+00:00,6.0208306,104.97917,0.060596965,NOAA_ERDDAP,WPP_711_Laut_Natuna
2023-03-16 00:00:00+00:00,6.0208306,105.06251,0.06175636,NOAA_ERDDAP,WPP_711_Laut_Natuna
2023-03-16 00:00:00+00:00,6.0208306,105.14584,0.054783538,NOAA_ERDDAP,WPP_711_Laut_Natuna
2023-03-16 00:00:00+00:00,6.0208306,105.22917,0.095791414,NOAA_ERDDAP,WPP_711_Laut_Natuna
2023-03-16 00:00:00+00:00,6.0208306,105.31251,0.10655018,NOAA_ERDDAP,WPP_711_Laut_Natuna
2023-03-16 00:00:00+00:00,6.0208306,105.39584,0.07989541,NOAA_ERDDAP,WPP_711_Laut_Natuna
2023-03-16 00:00:00+00:00,6.0208306,105.47917,0.122766875,NOAA_ERDDAP,WPP_711_Laut_Natuna
2023-03-16 00:00:00+00:00,6.0208306,105.56251,0.07389234,NOAA_ERDDAP,WPP_711_Laut_Natuna
2023-03-16 00:00:00+00:00,6.0208306,105.64584,0.052248903,NOAA_ERDDAP,WPP_711_Laut_Natuna
2023-03-16 00:00:00+00:00,6.0208306,105.72917,0.050733116,NOAA_ERDDAP,WPP_711_Laut_Natuna
2023-03-16 00:00:00+00:00,6.0208306,105.81251,0.049814582,NOAA_ERDDAP,WPP_711_Laut_Natuna
2023-03-16 00:00:00+00:00,6.0208306,105.89584,0.0428383,NOAA_ERDDAP,WPP_711_Laut_Natuna
2023-03-16 00:00:00+00:00,6.0208306,105.97917,0.049211428,NOAA_ERDDAP,WPP_711_Laut_Natuna
2023-03-16 00:00:00+00:00,6.0208306,106.06251,0.042594027,NOAA_ERDDAP,WPP_711_Laut_Natuna
2023-03-16 00:00:00+00:00,6.0208306,106.14584,0.04170689,NOAA_ERDDAP,WPP_711_Laut_Natuna
2023-03-16 00:00:00+00:00,6.0208306,106.22917,0.057388082,NOAA_ERDDAP,WPP_711_Laut_Natuna
2023-03-16 00:00:00+00:00,6.0208306,106.31251,0.0689155,NOAA_ERDDAP,WPP_711_Laut_Natuna
2023-03-16 00:00:00+00:00,6.0208306,106.39584,0.06079357,NOAA_ERDDAP,WPP_711_Laut_Natuna
2023-03-16 00:00:00+00:00,6.0208306,106.47917,0.0616528,NOAA_ERDDAP,WPP_711_Laut_Natuna
2023-03-16 00:00:00+00:00,6.0208306,106.64584,0.034436706,NOAA_ERDDAP,WPP_711_Laut_Natuna
2023-03-16 00:00:00+00:00,6.0208306,106.72917,0.07102109,NOAA_ERDDAP,WPP_711_Laut_Natuna
2023-03-16 00:00:00+00:00,6.0208306,106.81251,0.06974614,NOAA_ERDDAP,WPP_711_Laut_Natuna
2023-03-16 00:00:00+00:00,6.0208306,106.89584,0.077073775,NOAA_ERDDAP,WPP_711_Laut_Natuna
2023-03-16 00:00:00+00:00,6.0208306,106.97917,0.07550283,NOAA_ERDDAP,WPP_711_Laut_Natuna
2023-03-16 00:00:00+00:00,6.0208306,107.06251,0.07676173,NOAA_ERDDAP,WPP_711_Laut_Natuna
2023-03-16 00:00:00+00:00,6.0208306,107.14584,0.07018919,NOAA_ERDDAP,WPP_711_Laut_Natuna
2023-03-16 00:00:00+00:00,6.0208306,107.22917,0.06587215,NOAA_ERDDAP,WPP_711_Laut_Natuna
2023-03-16 00:00:00+00:00,6.0208306,107.31251,0.06910389,NOAA_ERDDAP,WPP_711_Laut_Natuna
2023-03-16 00:00:00+00:00,6.0208306,107.39584,0.0649876,NOAA_ERDDAP,WPP_711_Laut_Natuna
2023-03-16 00:00:00+00:00,6.0208306,107.47917,0.071078174,NOAA_ERDDAP,WPP_711_Laut_Natuna
2023-03-16 00:00:00+00:00,6.0208306,107.56251,0.065168574,NOAA_ERDDAP,WPP_711_Laut_Natuna
2023-03-16 00:00:00+00:00,6.0208306,107.64584,0.054958276,NOAA_ERDDAP,WPP_711_Laut_Natuna
2023-03-16 00:00:00+00:00,6.0208306,107.72917,0.08474143,NOAA_ERDDAP,WPP_711_Laut_Natuna
2023-03-16 00:00:00+00:00,6.0208306,107.81251,0.08471263,NOAA_ERDDAP,WPP_711_Laut_Natuna
2023-03-16 00:00:00+00:00,6.0208306,107.89584,0.090991646,NOAA_ERDDAP,WPP_711_Laut_Natuna
2023-03-16 00:00:00+00:00,6.0208306,107.97917,0.095247336,NOAA_ERDDAP,WPP_711_Laut_Natuna
2023-03-16 00:00:00+00:00,6.0208306,108.06251,0.13974388,NOAA_ERDDAP,WPP_711_Laut_Natuna
2023-03-16 00:00:00+00:00,6.0208306,108.14584,0.14507662,NOAA_ERDDAP,WPP_711_Laut_Natuna
2023-03-16 00:00:00+00:00,6.0208306,108.22917,0.13867383,NOAA_ERDDAP,WPP_711_Laut_Natuna
2023-03-16 00:00:00+00:00,6.0208306,108.31251,0.122252725,NOAA_ERDDAP,WPP_711_Laut_Natuna
2023-03-16 00:00:00+00:00,6.0208306,108.39584,0.11771557,NOAA_ERDDAP,WPP_711_Laut_Natuna
2023-03-16 00:00:00+00:00,6.0208306,108.47917,0.112672344,NOAA_ERDDAP,WPP_711_Laut_Natuna
2023-03-16 00:00:00+00:00,6.0208306,108.56251,0.118455574,NOAA_ERDDAP,WPP_711_Laut_Natuna
2023-03-16 00:00:00+00:00,6.0208306,108.64584,0.12075462,NOAA_ERDDAP,WPP_711_Laut_Natuna
2023-03-16 00:00:00+00:00,6.0208306,108.72917,0.12235141,NOAA_ERDDAP,WPP_711_Laut_Natuna
2023-03-16 00:00:00+00:00,6.0208306,108.81251,0.119251914,NOAA_ERDDAP,WPP_711_Laut_Natuna
2023-03-16 00:00:00+00:00,6.0208306,108.89584,0.12374609,NOAA_ERDDAP,WPP_711_Laut_Natuna
2023-03-16 00:00:00+00:00,6.0208306,108.97917,0.05994907,NOAA_ERDDAP,WPP_711_Laut_Natuna
2023-03-16 00:00:00+00:00,6.0208306,109.06251,0.06641514,NOAA_ERDDAP,WPP_711_Laut_Natuna
2023-03-16 00:00:00+00:00,6.0208306,109.14584,0.05905184,NOAA_ERDDAP,WPP_711_Laut_Natuna
2023-03-16 00:00:00+00:00,6.0208306,109.31251,0.06761136,NOAA_ERDDAP,WPP_711_Laut_Natuna
2023-03-16 00:00:00+00:00,6.0208306,109.39584,0.086564764,NOAA_ERDDAP,WPP_711_Laut_Natuna
2023-03-16 00:00:00+00:00,6.0208306,109.47917,0.101195335,NOAA_ERDDAP,WPP_711_Laut_Natuna
2023-03-16 00:00:00+00:00,6.0208306,109.56251,0.114388876,NOAA_ERDDAP,WPP_711_Laut_Natuna
2023-03-16 00:00:00+00:00,6.0208306,109.64584,0.09381097,NOAA_ERDDAP,WPP_711_Laut_Natuna
2023-03-16 00:00:00+00:00,6.0208306,109.72917,0.08160188,NOAA_ERDDAP,WPP_711_Laut_Natuna
2023-03-16 00:00:00+00:00,6.0208306,109.81251,0.07515281,NOAA_ERDDAP,WPP_711_Laut_Natuna
2023-03-16 00:00:00+00:00,6.0208306,109.89584,0.07700032,NOAA_ERDDAP,WPP_711_Laut_Natuna
2023-03-16 00:00:00+00:00,6.0208306,109.97917,0.07897859,NOAA_ERDDAP,WPP_711_Laut_Natuna
2023-03-16 00:00:00+00:00,5.9374976,103.97917,0.14213918,NOAA_ERDDAP,WPP_711_Laut_Natuna
2023-03-16 00:00:00+00:00,5.9374976,104.06251,0.085626915,NOAA_ERDDAP,WPP_711_Laut_Natuna
2023-03-16 00:00:00+00:00,5.9374976,104.14584,0.09030162,NOAA_ERDDAP,WPP_711_Laut_Natuna
2023-03-16 00:00:00+00:00,5.9374976,104.22917,0.061511386,NOAA_ERDDAP,WPP_711_Laut_Natuna
2023-03-16 00:00:00+00:00,5.9374976,104.31251,0.0585386,NOAA_ERDDAP,WPP_711_Laut_Natuna
2023-03-16 00:00:00+00:00,5.9374976,104.39584,0.059335615,NOAA_ERDDAP,WPP_711_Laut_Natuna
2023-03-16 00:00:00+00:00,5.9374976,104.47917,0.05487816,NOAA_ERDDAP,WPP_711_Laut_Natuna
2023-03-16 00:00:00+00:00,5.9374976,104.56251,0.065470904,NOAA_ERDDAP,WPP_711_Laut_Natuna
2023-03-16 00:00:00+00:00,5.9374976,104.64584,0.08046639,NOAA_ERDDAP,WPP_711_Laut_Natuna
2023-03-16 00:00:00+00:00,5.9374976,104.72917,0.08987701,NOAA_ERDDAP,WPP_711_Laut_Natuna
2023-03-16 00:00:00+00:00,5.9374976,104.81251,0.07874501,NOAA_ERDDAP,WPP_711_Laut_Natuna
2023-03-16 00:00:00+00:00,5.9374976,104.89584,0.07144393,NOAA_ERDDAP,WPP_711_Laut_Natuna
2023-03-16 00:00:00+00:00,5.9374976,104.97917,0.06727174,NOAA_ERDDAP,WPP_711_Laut_Natuna
2023-03-16 00:00:00+00:00,5.9374976,105.06251,0.062326048,NOAA_ERDDAP,WPP_711_Laut_Natuna
2023-03-16 00:00:00+00:00,5.9374976,105.14584,0.06275142,NOAA_ERDDAP,WPP_711_Laut_Natuna
2023-03-16 00:00:00+00:00,5.9374976,105.22917,0.08128076,NOAA_ERDDAP,WPP_711_Laut_Natuna
2023-03-16 00:00:00+00:00,5.9374976,105.31251,0.08985178,NOAA_ERDDAP,WPP_711_Laut_Natuna
2023-03-16 00:00:00+00:00,-1.9791694,106.14584,2.3374262,NOAA_ERDDAP,WPP_712_Laut_Jawa
2023-03-16 00:00:00+00:00,-1.9791694,106.22917,0.69260377,NOAA_ERDDAP,WPP_712_Laut_Jawa
2023-03-16 00:00:00+00:00,-1.9791694,106.31251,0.3235945,NOAA_ERDDAP,WPP_712_Laut_Jawa
2023-03-16 00:00:00+00:00,-1.9791694,106.39584,0.2663212,NOAA_ERDDAP,WPP_712_Laut_Jawa
2023-03-16 00:00:00+00:00,-1.9791694,106.47917,0.18918376,NOAA_ERDDAP,WPP_712_Laut_Jawa
2023-03-16 00:00:00+00:00,-1.9791694,106.56251,0.20613945,NOAA_ERDDAP,WPP_712_Laut_Jawa
2023-03-16 00:00:00+00:00,-1.9791694,106.64584,0.27986002,NOAA_ERDDAP,WPP_712_Laut_Jawa
2023-03-16 00:00:00+00:00,-1.9791694,106.72917,0.30927017,NOAA_ERDDAP,WPP_712_Laut_Jawa
2023-03-16 00:00:00+00:00,-1.9791694,106.81251,0.2532692,NOAA_ERDDAP,WPP_712_Laut_Jawa
2023-03-16 00:00:00+00:00,-1.9791694,106.89584,0.23272993,NOAA_ERDDAP,WPP_712_Laut_Jawa
2023-03-16 00:00:00+00:00,-1.9791694,106.97917,0.1975405,NOAA_ERDDAP,WPP_712_Laut_Jawa
2023-03-16 00:00:00+00:00,-1.9791694,107.06251,0.16309573,NOAA_ERDDAP,WPP_712_Laut_Jawa
2023-03-16 00:00:00+00:00,-1.9791694,107.14584,0.12044208,NOAA_ERDDAP,WPP_712_Laut_Jawa
2023-03-16 00:00:00+00:00,-1.9791694,107.22917,0.105496146,NOAA_ERDDAP,WPP_712_Laut_Jawa
2023-03-16 00:00:00+00:00,-1.9791694,107.31251,0.11189584,NOAA_ERDDAP,WPP_712_Laut_Jawa
2023-03-16 00:00:00+00:00,-1.9791694,107.39584,0.114054896,NOAA_ERDDAP,WPP_712_Laut_Jawa
2023-03-16 00:00:00+00:00,-1.9791694,107.47917,0.101471685,NOAA_ERDDAP,WPP_712_Laut_Jawa
2023-03-16 00:00:00+00:00,-1.9791694,107.56251,0.08815301,NOAA_ERDDAP,WPP_712_Laut_Jawa
2023-03-16 00:00:00+00:00,-1.9791694,107.64584,0.079471946,NOAA_ERDDAP,WPP_712_Laut_Jawa
2023-03-16 00:00:00+00:00,-1.9791694,107.72917,0.21643183,NOAA_ERDDAP,WPP_712_Laut_Jawa
2023-03-16 00:00:00+00:00,-1.9791694,107.81251,0.070302315,NOAA_ERDDAP,WPP_712_Laut_Jawa
2023-03-16 00:00:00+00:00,-1.9791694,107.89584,0.08486234,NOAA_ERDDAP,WPP_712_Laut_Jawa
2023-03-16 00:00:00+00:00,-1.9791694,107.97917,0.06355836,NOAA_ERDDAP,WPP_712_Laut_Jawa
2023-03-16 00:00:00+00:00,-1.9791694,108.06251,0.061556436,NOAA_ERDDAP,WPP_712_Laut_Jawa
2023-03-16 00:00:00+00:00,-1.9791694,108.14584,0.17242199,NOAA_ERDDAP,WPP_712_Laut_Jawa
2023-03-16 00:00:00+00:00,-1.9791694,108.22917,0.19248252,NOAA_ERDDAP,WPP_712_Laut_Jawa
2023-03-16 00:00:00+00:00,-1.9791694,108.31251,0.1699134,NOAA_ERDDAP,WPP_712_Laut_Jawa
2023-03-16 00:00:00+00:00,-1.9791694,108.39584,0.087274045,NOAA_ERDDAP,WPP_712_Laut_Jawa
2023-03-16 00:00:00+00:00,-1.9791694,108.47917,0.050734494,NOAA_ERDDAP,WPP_712_Laut_Jawa
2023-03-16 00:00:00+00:00,-1.9791694,108.56251,0.3802126,NOAA_ERDDAP,WPP_712_Laut_Jawa
2023-03-16 00:00:00+00:00,-1.9791694,108.64584,0.3263249,NOAA_ERDDAP,WPP_712_Laut_Jawa
2023-03-16 00:00:00+00:00,-1.9791694,108.72917,0.29938275,NOAA_ERDDAP,WPP_712_Laut_Jawa
2023-03-16 00:00:00+00:00,-1.9791694,108.81251,0.3551477,NOAA_ERDDAP,WPP_712_Laut_Jawa
2023-03-16 00:00:00+00:00,-1.9791694,108.89584,0.31468257,NOAA_ERDDAP,WPP_712_Laut_Jawa
2023-03-16 00:00:00+00:00,-1.9791694,108.97917,0.18465266,NOAA_ERDDAP,WPP_712_Laut_Jawa
2023-03-16 00:00:00+00:00,-1.9791694,109.06251,0.34093764,NOAA_ERDDAP,WPP_712_Laut_Jawa
2023-03-16 00:00:00+00:00,-1.9791694,109.14584,0.5204686,NOAA_ERDDAP,WPP_712_Laut_Jawa
2023-03-16 00:00:00+00:00,-1.9791694,109.22917,0.5346759,NOAA_ERDDAP,WPP_712_Laut_Jawa
2023-03-16 00:00:00+00:00,-1.9791694,109.31251,0.3588587,NOAA_ERDDAP,WPP_712_Laut_Jawa
2023-03-16 00:00:00+00:00,-1.9791694,109.39584,0.52445066,NOAA_ERDDAP,WPP_712_Laut_Jawa
2023-03-16 00:00:00+00:00,-1.9791694,109.47917,0.5370429,NOAA_ERDDAP,WPP_712_Laut_Jawa
2023-03-16 00:00:00+00:00,-1.9791694,109.56251,0.640464,NOAA_ERDDAP,WPP_712_Laut_Jawa
2023-03-16 00:00:00+00:00,-1.9791694,109.64584,0.6544846,NOAA_ERDDAP,WPP_712_Laut_Jawa
2023-03-16 00:00:00+00:00,-1.9791694,109.72917,1.0093716,NOAA_ERDDAP,WPP_712_Laut_Jawa
2023-03-16 00:00:00+00:00,-1.9791694,109.81251,1.897777,NOAA_ERDDAP,WPP_712_Laut_Jawa
2023-03-16 00:00:00+00:00,-1.9791694,109.89584,5.091561,NOAA_ERDDAP,WPP_712_Laut_Jawa
2023-03-16 00:00:00+00:00,-1.9791694,109.97917,3.451078,NOAA_ERDDAP,WPP_712_Laut_Jawa
2023-03-16 00:00:00+00:00,-1.9791694,110.06251,1.5842719,NOAA_ERDDAP,WPP_712_Laut_Jawa
2023-03-16 00:00:00+00:00,2.0208306,117.97917,8.511625,NOAA_ERDDAP,WPP_713_Selat_Makassar
2023-03-16 00:00:00+00:00,2.0208306,118.06251,6.70988,NOAA_ERDDAP,WPP_713_Selat_Makassar
2023-03-16 00:00:00+00:00,2.0208306,118.14584,2.6697464,NOAA_ERDDAP,WPP_713_Selat_Makassar
2023-03-16 00:00:00+00:00,2.0208306,118.22917,0.89384997,NOAA_ERDDAP,WPP_713_Selat_Makassar
2023-03-16 00:00:00+00:00,2.0208306,118.31251,0.49548733,NOAA_ERDDAP,WPP_713_Selat_Makassar
2023-03-16 00:00:00+00:00,2.0208306,118.39584,0.4516065,NOAA_ERDDAP,WPP_713_Selat_Makassar
2023-03-16 00:00:00+00:00,2.0208306,118.47917,0.25577116,NOAA_ERDDAP,WPP_713_Selat_Makassar
2023-03-16 00:00:00+00:00,2.0208306,118.56251,0.21675903,NOAA_ERDDAP,WPP_713_Selat_Makassar
2023-03-16 00:00:00+00:00,2.0208306,118.64584,0.1835731,NOAA_ERDDAP,WPP_713_Selat_Makassar
2023-03-16 00:00:00+00:00,2.0208306,118.72918,0.17853181,NOAA_ERDDAP,WPP_713_Selat_Makassar
2023-03-16 00:00:00+00:00,2.0208306,118.81251,0.18677819,NOAA_ERDDAP,WPP_713_Selat_Makassar
2023-03-16 00:00:00+00:00,2.0208306,118.89584,0.136144,NOAA_ERDDAP,WPP_713_Selat_Makassar
2023-03-16 00:00:00+00:00,2.0208306,118.97918,0.13592893,NOAA_ERDDAP,WPP_713_Selat_Makassar
2023-03-16 00:00:00+00:00,2.0208306,119.06251,0.12653472,NOAA_ERDDAP,WPP_713_Selat_Makassar
2023-03-16 00:00:00+00:00,2.0208306,119.14584,0.13979885,NOAA_ERDDAP,WPP_713_Selat_Makassar
2023-03-16 00:00:00+00:00,2.0208306,119.22918,0.18584338,NOAA_ERDDAP,WPP_713_Selat_Makassar
2023-03-16 00:00:00+00:00,2.0208306,119.31251,0.14639148,NOAA_ERDDAP,WPP_713_Selat_Makassar
2023-03-16 00:00:00+00:00,2.0208306,119.39584,0.15673901,NOAA_ERDDAP,WPP_713_Selat_Makassar
2023-03-16 00:00:00+00:00,2.0208306,119.47918,0.1646256,NOAA_ERDDAP,WPP_713_Selat_Makassar
2023-03-16 00:00:00+00:00,2.0208306,119.56251,0.16673163,NOAA_ERDDAP,WPP_713_Selat_Makassar
2023-03-16 00:00:00+00:00,2.0208306,119.64584,0.1647867,NOAA_ERDDAP,WPP_713_Selat_Makassar
2023-03-16 00:00:00+00:00,2.0208306,119.72918,0.16600282,NOAA_ERDDAP,WPP_713_Selat_Makassar
2023-03-16 00:00:00+00:00,2.0208306,119.81251,0.15707329,NOAA_ERDDAP,WPP_713_Selat_Makassar
2023-03-16 00:00:00+00:00,2.0208306,119.89584,0.15281402,NOAA_ERDDAP,WPP_713_Selat_Makassar
2023-03-16 00:00:00+00:00,2.0208306,119.97918,0.16674493,NOAA_ERDDAP,WPP_713_Selat_Makassar
2023-03-16 00:00:00+00:00,2.0208306,120.06251,0.089401975,NOAA_ERDDAP,WPP_713_Selat_Makassar
2023-03-16 00:00:00+00:00,2.0208306,120.14584,0.1475287,NOAA_ERDDAP,WPP_713_Selat_Makassar
2023-03-16 00:00:00+00:00,2.0208306,120.22918,0.17206246,NOAA_ERDDAP,WPP_713_Selat_Makassar
2023-03-16 00:00:00+00:00,2.0208306,120.31251,0.16220672,NOAA_ERDDAP,WPP_713_Selat_Makassar
2023-03-16 00:00:00+00:00,2.0208306,120.39584,0.14379403,NOAA_ERDDAP,WPP_713_Selat_Makassar
2023-03-16 00:00:00+00:00,2.0208306,120.47918,0.12799734,NOAA_ERDDAP,WPP_713_Selat_Makassar
2023-03-16 00:00:00+00:00,2.0208306,120.56251,0.13600169,NOAA_ERDDAP,WPP_713_Selat_Makassar
2023-03-16 00:00:00+00:00,2.0208306,120.64584,0.16069473,NOAA_ERDDAP,WPP_713_Selat_Makassar
2023-03-16 00:00:00+00:00,2.0208306,120.72918,0.12929285,NOAA_ERDDAP,WPP_713_Selat_Makassar
2023-03-16 00:00:00+00:00,2.0208306,120.81251,0.17186312,NOAA_ERDDAP,WPP_713_Selat_Makassar
2023-03-16 00:00:00+00:00,2.0208306,120.89584,0.18658507,NOAA_ERDDAP,WPP_713_Selat_Makassar
2023-03-16 00:00:00+00:00,2.0208306,120.97918,0.17058012,NOAA_ERDDAP,WPP_713_Selat_Makassar
2023-03-16 00:00:00+00:00,2.0208306,121.06251,0.16529974,NOAA_ERDDAP,WPP_713_Selat_Makassar
2023-03-16 00:00:00+00:00,2.0208306,121.14584,0.16115521,NOAA_ERDDAP,WPP_713_Selat_Makassar
2023-03-16 00:00:00+00:00,2.0208306,121.22918,0.14816387,NOAA_ERDDAP,WPP_713_Selat_Makassar
2023-03-16 00:00:00+00:00,2.0208306,121.31251,0.13691631,NOAA_ERDDAP,WPP_713_Selat_Makassar
2023-03-16 00:00:00+00:00,2.0208306,121.39584,0.11953065,NOAA_ERDDAP,WPP_713_Selat_Makassar
2023-03-16 00:00:00+00:00,2.0208306,121.47918,0.11320098,NOAA_ERDDAP,WPP_713_Selat_Makassar
2023-03-16 00:00:00+00:00,2.0208306,121.56251,0.113593265,NOAA_ERDDAP,WPP_713_Selat_Makassar
2023-03-16 00:00:00+00:00,2.0208306,121.64584,0.112040274,NOAA_ERDDAP,WPP_713_Selat_Makassar
2023-03-16 00:00:00+00:00,2.0208306,121.72918,0.1152712,NOAA_ERDDAP,WPP_713_Selat_Makassar
2023-03-16 00:00:00+00:00,2.0208306,121.81251,0.112943195,NOAA_ERDDAP,WPP_713_Selat_Makassar
2023-03-16 00:00:00+00:00,2.0208306,121.89584,0.10881472,NOAA_ERDDAP,WPP_713_Selat_Makassar
2023-03-16 00:00:00+00:00,2.0208306,121.97918,0.10252776,NOAA_ERDDAP,WPP_713_Selat_Makassar
2023-03-16 00:00:00+00:00,-1.9791694,121.97918,0.16177864,NOAA_ERDDAP,WPP_714_Laut_Banda
2023-03-16 00:00:00+00:00,-1.9791694,122.06251,0.16430944,NOAA_ERDDAP,WPP_714_Laut_Banda
2023-03-16 00:00:00+00:00,-1.9791694,122.14584,0.12029635,NOAA_ERDDAP,WPP_714_Laut_Banda
2023-03-16 00:00:00+00:00,-1.9791694,122.22918,0.096227475,NOAA_ERDDAP,WPP_714_Laut_Banda
2023-03-16 00:00:00+00:00,-1.9791694,122.31251,0.07988831,NOAA_ERDDAP,WPP_714_Laut_Banda
2023-03-16 00:00:00+00:00,-1.9791694,122.39584,0.0763143,NOAA_ERDDAP,WPP_714_Laut_Banda
2023-03-16 00:00:00+00:00,-1.9791694,122.47918,0.078123264,NOAA_ERDDAP,WPP_714_Laut_Banda
2023-03-16 00:00:00+00:00,-1.9791694,122.56251,0.0799062,NOAA_ERDDAP,WPP_714_Laut_Banda
2023-03-16 00:00:00+00:00,-1.9791694,122.64584,0.08526352,NOAA_ERDDAP,WPP_714_Laut_Banda
2023-03-16 00:00:00+00:00,-1.9791694,122.72918,0.08518377,NOAA_ERDDAP,WPP_714_Laut_Banda
2023-03-16 00:00:00+00:00,-1.9791694,122.81251,0.08933374,NOAA_ERDDAP,WPP_714_Laut_Banda
2023-03-16 00:00:00+00:00,-1.9791694,122.89584,0.09326402,NOAA_ERDDAP,WPP_714_Laut_Banda
2023-03-16 00:00:00+00:00,-1.9791694,122.97918,0.09218597,NOAA_ERDDAP,WPP_714_Laut_Banda
2023-03-16 00:00:00+00:00,-1.9791694,123.06251,0.13571088,NOAA_ERDDAP,WPP_714_Laut_Banda
2023-03-16 00:00:00+00:00,-1.9791694,123.14584,0.12974037,NOAA_ERDDAP,WPP_714_Laut_Banda
2023-03-16 00:00:00+00:00,-1.9791694,123.22918,0.35571063,NOAA_ERDDAP,WPP_714_Laut_Banda
2023-03-16 00:00:00+00:00,-1.9791694,123.31251,0.31286153,NOAA_ERDDAP,WPP_714_Laut_Banda
2023-03-16 00:00:00+00:00,-1.9791694,123.39584,0.41414467,NOAA_ERDDAP,WPP_714_Laut_Banda
2023-03-16 00:00:00+00:00,-1.9791694,123.47918,0.44441453,NOAA_ERDDAP,WPP_714_Laut_Banda
2023-03-16 00:00:00+00:00,-1.9791694,123.56251,0.36587974,NOAA_ERDDAP,WPP_714_Laut_Banda
2023-03-16 00:00:00+00:00,-1.9791694,123.64584,0.46574977,NOAA_ERDDAP,WPP_714_Laut_Banda
2023-03-16 00:00:00+00:00,-1.9791694,123.72918,0.4227672,NOAA_ERDDAP,WPP_714_Laut_Banda
2023-03-16 00:00:00+00:00,-1.9791694,123.81251,0.37383085,NOAA_ERDDAP,WPP_714_Laut_Banda
2023-03-16 00:00:00+00:00,-1.9791694,123.89584,0.20623599,NOAA_ERDDAP,WPP_714_Laut_Banda
2023-03-16 00:00:00+00:00,-1.9791694,123.97918,0.2072557,NOAA_ERDDAP,WPP_714_Laut_Banda
2023-03-16 00:00:00+00:00,-1.9791694,124.06251,0.43716195,NOAA_ERDDAP,WPP_714_Laut_Banda
2023-03-16 00:00:00+00:00,-1.9791694,124.14584,0.19679561,NOAA_ERDDAP,WPP_714_Laut_Banda
2023-03-16 00:00:00+00:00,-1.9791694,124.22918,0.22076893,NOAA_ERDDAP,WPP_714_Laut_Banda
2023-03-16 00:00:00+00:00,-1.9791694,124.31251,0.268005,NOAA_ERDDAP,WPP_714_Laut_Banda
2023-03-16 00:00:00+00:00,-1.9791694,124.47918,0.39191988,NOAA_ERDDAP,WPP_714_Laut_Banda
2023-03-16 00:00:00+00:00,-1.9791694,124.56251,0.21166384,NOAA_ERDDAP,WPP_714_Laut_Banda
2023-03-16 00:00:00+00:00,-1.9791694,124.64584,0.15258764,NOAA_ERDDAP,WPP_714_Laut_Banda
2023-03-16 00:00:00+00:00,-1.9791694,124.72918,0.21839562,NOAA_ERDDAP,WPP_714_Laut_Banda
2023-03-16 00:00:00+00:00,-1.9791694,124.81251,0.19277029,NOAA_ERDDAP,WPP_714_Laut_Banda
2023-03-16 00:00:00+00:00,-1.9791694,124.89584,0.16896993,NOAA_ERDDAP,WPP_714_Laut_Banda
2023-03-16 00:00:00+00:00,-1.9791694,124.97918,0.161378,NOAA_ERDDAP,WPP_714_Laut_Banda
2023-03-16 00:00:00+00:00,-1.9791694,125.06251,0.12089479,NOAA_ERDDAP,WPP_714_Laut_Banda
2023-03-16 00:00:00+00:00,-1.9791694,125.14584,0.10451063,NOAA_ERDDAP,WPP_714_Laut_Banda
2023-03-16 00:00:00+00:00,-1.9791694,125.22918,0.11676975,NOAA_ERDDAP,WPP_714_Laut_Banda
2023-03-16 00:00:00+00:00,-1.9791694,125.31251,0.12947537,NOAA_ERDDAP,WPP_714_Laut_Banda
2023-03-16 00:00:00+00:00,-1.9791694,125.39584,0.13388532,NOAA_ERDDAP,WPP_714_Laut_Banda
2023-03-16 00:00:00+00:00,-1.9791694,125.47918,0.119500116,NOAA_ERDDAP,WPP_714_Laut_Banda
2023-03-16 00:00:00+00:00,-1.9791694,125.56251,0.09721396,NOAA_ERDDAP,WPP_714_Laut_Banda
2023-03-16 00:00:00+00:00,-1.9791694,125.64584,0.08106744,NOAA_ERDDAP,WPP_714_Laut_Banda
2023-03-16 00:00:00+00:00,-1.9791694,125.72918,0.081421405,NOAA_ERDDAP,WPP_714_Laut_Banda
2023-03-16 00:00:00+00:00,-1.9791694,125.81251,0.09244358,NOAA_ERDDAP,WPP_714_Laut_Banda
2023-03-16 00:00:00+00:00,-1.9791694,125.89584,0.12398569,NOAA_ERDDAP,WPP_714_Laut_Banda
2023-03-16 00:00:00+00:00,-1.9791694,125.97918,0.086613074,NOAA_ERDDAP,WPP_714_Laut_Banda
2023-03-16 00:00:00+00:00,-1.9791694,126.06251,0.11908999,NOAA_ERDDAP,WPP_714_Laut_Banda
2023-03-16 00:00:00+00:00,-1.9791694,126.14584,0.129729,NOAA_ERDDAP,WPP_714_Laut_Banda
2023-03-16 00:00:00+00:00,-1.9791694,126.22918,0.123800874,NOAA_ERDDAP,WPP_714_Laut_Banda
2023-03-16 00:00:00+00:00,-1.9791694,126.31251,0.10126108,NOAA_ERDDAP,WPP_714_Laut_Banda
2023-03-16 00:00:00+00:00,-1.9791694,126.39584,0.09881887,NOAA_ERDDAP,WPP_714_Laut_Banda
2023-03-16 00:00:00+00:00,-1.9791694,126.47918,0.088223,NOAA_ERDDAP,WPP_714_Laut_Banda
2023-03-16 00:00:00+00:00,-1.9791694,126.56251,0.0797669,NOAA_ERDDAP,WPP_714_Laut_Banda
2023-03-16 00:00:00+00:00,-1.9791694,126.64584,0.071726225,NOAA_ERDDAP,WPP_714_Laut_Banda
2023-03-16 00:00:00+00:00,-1.9791694,126.72918,0.06970637,NOAA_ERDDAP,WPP_714_Laut_Banda
2023-03-16 00:00:00+00:00,-1.9791694,126.81251,0.08167129,NOAA_ERDDAP,WPP_714_Laut_Banda
2023-03-16 00:00:00+00:00,-1.9791694,126.89584,0.09477771,NOAA_ERDDAP,WPP_714_Laut_Banda
2023-03-16 00:00:00+00:00,-1.9791694,126.97918,0.09733901,NOAA_ERDDAP,WPP_714_Laut_Banda
2023-03-16 00:00:00+00:00,-1.9791694,127.06251,0.08750673,NOAA_ERDDAP,WPP_714_Laut_Banda
2023-03-16 00:00:00+00:00,-1.9791694,127.14584,0.08583739,NOAA_ERDDAP,WPP_714_Laut_Banda
2023-03-16 00:00:00+00:00,-1.9791694,127.22918,0.08271282,NOAA_ERDDAP,WPP_714_Laut_Banda
2023-03-16 00:00:00+00:00,-1.9791694,127.31251,0.088841796,NOAA_ERDDAP,WPP_714_Laut_Banda
2023-03-16 00:00:00+00:00,-1.9791694,127.39584,0.09448557,NOAA_ERDDAP,WPP_714_Laut_Banda
2023-03-16 00:00:00+00:00,-1.9791694,127.47918,0.10075631,NOAA_ERDDAP,WPP_714_Laut_Banda
2023-03-16 00:00:00+00:00,-1.9791694,127.56251,0.10212463,NOAA_ERDDAP,WPP_714_Laut_Banda
2023-03-16 00:00:00+00:00,-1.9791694,127.64584,0.10333238,NOAA_ERDDAP,WPP_714_Laut_Banda
2023-03-16 00:00:00+00:00,-1.9791694,127.72918,0.10444323,NOAA_ERDDAP,WPP_714_Laut_Banda
2023-03-16 00:00:00+00:00,-1.9791694,127.81251,0.099825315,NOAA_ERDDAP,WPP_714_Laut_Banda
2023-03-16 00:00:00+00:00,-1.9791694,127.89584,0.09619423,NOAA_ERDDAP,WPP_714_Laut_Banda
2023-03-16 00:00:00+00:00,-1.9791694,127.97918,0.095232435,NOAA_ERDDAP,WPP_714_Laut_Banda
2023-03-16 00:00:00+00:00,-1.9791694,128.06252,0.09297216,NOAA_ERDDAP,WPP_714_Laut_Banda
2023-03-16 00:00:00+00:00,-1.9791694,128.14584,0.09426205,NOAA_ERDDAP,WPP_714_Laut_Banda
2023-03-16 00:00:00+00:00,-1.9791694,128.22917,0.09277219,NOAA_ERDDAP,WPP_714_Laut_Banda
2023-03-16 00:00:00+00:00,-1.9791694,128.31252,0.09030778,NOAA_ERDDAP,WPP_714_Laut_Banda
2023-03-16 00:00:00+00:00,-1.9791694,128.39584,0.081517786,NOAA_ERDDAP,WPP_714_Laut_Banda
2023-03-16 00:00:00+00:00,-1.9791694,128.47917,0.08270714,NOAA_ERDDAP,WPP_714_Laut_Banda
2023-03-16 00:00:00+00:00,-1.9791694,128.56252,0.083543584,NOAA_ERDDAP,WPP_714_Laut_Banda
2023-03-16 00:00:00+00:00,-1.9791694,128.64584,0.08677745,NOAA_ERDDAP,WPP_714_Laut_Banda
2023-03-16 00:00:00+00:00,-1.9791694,128.72917,0.08917004,NOAA_ERDDAP,WPP_714_Laut_Banda
2023-03-16 00:00:00+00:00,-1.9791694,128.81252,0.09505533,NOAA_ERDDAP,WPP_714_Laut_Banda
2023-03-16 00:00:00+00:00,-1.9791694,128.89584,0.08912745,NOAA_ERDDAP,WPP_714_Laut_Banda
2023-03-16 00:00:00+00:00,-1.9791694,128.97917,0.08987354,NOAA_ERDDAP,WPP_714_Laut_Banda
2023-03-16 00:00:00+00:00,-1.9791694,129.06252,0.08493311,NOAA_ERDDAP,WPP_714_Laut_Banda
2023-03-16 00:00:00+00:00,-1.9791694,129.14584,0.07771246,NOAA_ERDDAP,WPP_714_Laut_Banda
2023-03-16 00:00:00+00:00,-1.9791694,129.22917,0.0764333,NOAA_ERDDAP,WPP_714_Laut_Banda
2023-03-16 00:00:00+00:00,-1.9791694,129.31252,0.07946052,NOAA_ERDDAP,WPP_714_Laut_Banda
2023-03-16 00:00:00+00:00,-1.9791694,129.39584,0.08605215,NOAA_ERDDAP,WPP_714_Laut_Banda
2023-03-16 00:00:00+00:00,4.0208306,123.97918,0.073768504,NOAA_ERDDAP,WPP_715_Laut_Maluku
2023-03-16 00:00:00+00:00,4.0208306,124.06251,0.08595049,NOAA_ERDDAP,WPP_715_Laut_Maluku
2023-03-16 00:00:00+00:00,4.0208306,124.14584,0.096367694,NOAA_ERDDAP,WPP_715_Laut_Maluku
2023-03-16 00:00:00+00:00,4.0208306,124.22918,0.089725316,NOAA_ERDDAP,WPP_715_Laut_Maluku
2023-03-16 00:00:00+00:00,4.0208306,124.31251,0.09212559,NOAA_ERDDAP,WPP_715_Laut_Maluku
2023-03-16 00:00:00+00:00,4.0208306,124.39584,0.0869728,NOAA_ERDDAP,WPP_715_Laut_Maluku
2023-03-16 00:00:00+00:00,4.0208306,124.47918,0.08519777,NOAA_ERDDAP,WPP_715_Laut_Maluku
2023-03-16 00:00:00+00:00,4.0208306,124.56251,0.08354135,NOAA_ERDDAP,WPP_715_Laut_Maluku
2023-03-16 00:00:00+00:00,4.0208306,124.64584,0.07293944,NOAA_ERDDAP,WPP_715_Laut_Maluku
2023-03-16 00:00:00+00:00,4.0208306,124.72918,0.080164015,NOAA_ERDDAP,WPP_715_Laut_Maluku
2023-03-16 00:00:00+00:00,4.0208306,124.81251,0.083427645,NOAA_ERDDAP,WPP_715_Laut_Maluku
2023-03-16 00:00:00+00:00,4.0208306,124.89584,0.09224811,NOAA_ERDDAP,WPP_715_Laut_Maluku
2023-03-16 00:00:00+00:00,4.0208306,124.97918,0.10053919,NOAA_ERDDAP,WPP_715_Laut_Maluku
2023-03-16 00:00:00+00:00,4.0208306,125.06251,0.096337795,NOAA_ERDDAP,WPP_715_Laut_Maluku
2023-03-16 00:00:00+00:00,4.0208306,125.14584,0.08393185,NOAA_ERDDAP,WPP_715_Laut_Maluku
2023-03-16 00:00:00+00:00,4.0208306,125.22918,0.07338843,NOAA_ERDDAP,WPP_715_Laut_Maluku
2023-03-16 00:00:00+00:00,4.0208306,125.31251,0.06989103,NOAA_ERDDAP,WPP_715_Laut_Maluku
2023-03-16 00:00:00+00:00,4.0208306,125.39584,0.055414744,NOAA_ERDDAP,WPP_715_Laut_Maluku
2023-03-16 00:00:00+00:00,4.0208306,125.47918,0.0565842,NOAA_ERDDAP,WPP_715_Laut_Maluku
2023-03-16 00:00:00+00:00,4.0208306,125.56251,0.059360437,NOAA_ERDDAP,WPP_715_Laut_Maluku
2023-03-16 00:00:00+00:00,4.0208306,125.64584,0.04910102,NOAA_ERDDAP,WPP_715_Laut_Maluku
2023-03-16 00:00:00+00:00,4.0208306,125.72918,0.04388231,NOAA_ERDDAP,WPP_715_Laut_Maluku
2023-03-16 00:00:00+00:00,4.0208306,125.81251,0.042458404,NOAA_ERDDAP,WPP_715_Laut_Maluku
2023-03-16 00:00:00+00:00,4.0208306,125.89584,0.034324855,NOAA_ERDDAP,WPP_715_Laut_Maluku
2023-03-16 00:00:00+00:00,4.0208306,125.97918,0.028267965,NOAA_ERDDAP,WPP_715_Laut_Maluku
2023-03-16 00:00:00+00:00,4.0208306,126.06251,0.028747307,NOAA_ERDDAP,WPP_715_Laut_Maluku
2023-03-16 00:00:00+00:00,4.0208306,126.14584,0.025867494,NOAA_ERDDAP,WPP_715_Laut_Maluku
2023-03-16 00:00:00+00:00,4.0208306,126.22918,0.026806606,NOAA_ERDDAP,WPP_715_Laut_Maluku
2023-03-16 00:00:00+00:00,4.0208306,126.31251,0.024899358,NOAA_ERDDAP,WPP_715_Laut_Maluku
2023-03-16 00:00:00+00:00,4.0208306,126.39584,0.025943773,NOAA_ERDDAP,WPP_715_Laut_Maluku
2023-03-16 00:00:00+00:00,4.0208306,126.47918,0.02396407,NOAA_ERDDAP,WPP_715_Laut_Maluku
2023-03-16 00:00:00+00:00,4.0208306,126.56251,0.025289845,NOAA_ERDDAP,WPP_715_Laut_Maluku
2023-03-16 00:00:00+00:00,4.0208306,126.64584,0.034886874,NOAA_ERDDAP,WPP_715_Laut_Maluku
2023-03-16 00:00:00+00:00,4.0208306,126.81251,0.03909374,NOAA_ERDDAP,WPP_715_Laut_Maluku
2023-03-16 00:00:00+00:00,4.0208306,126.89584,0.026468534,NOAA_ERDDAP,WPP_715_Laut_Maluku
2023-03-16 00:00:00+00:00,4.0208306,126.97918,0.029768022,NOAA_ERDDAP,WPP_715_Laut_Maluku
2023-03-16 00:00:00+00:00,4.0208306,127.06251,0.029536212,NOAA_ERDDAP,WPP_715_Laut_Maluku
2023-03-16 00:00:00+00:00,4.0208306,127.14584,0.029217869,NOAA_ERDDAP,WPP_715_Laut_Maluku
2023-03-16 00:00:00+00:00,4.0208306,127.22918,0.029140161,NOAA_ERDDAP,WPP_715_Laut_Maluku
2023-03-16 00:00:00+00:00,4.0208306,127.31251,0.031385127,NOAA_ERDDAP,WPP_715_Laut_Maluku
2023-03-16 00:00:00+00:00,4.0208306,127.39584,0.02616592,NOAA_ERDDAP,WPP_715_Laut_Maluku
2023-03-16 00:00:00+00:00,4.0208306,127.47918,0.030899497,NOAA_ERDDAP,WPP_715_Laut_Maluku
2023-03-16 00:00:00+00:00,4.0208306,127.56251,0.027716784,NOAA_ERDDAP,WPP_715_Laut_Maluku
2023-03-16 00:00:00+00:00,4.0208306,127.64584,0.029074453,NOAA_ERDDAP,WPP_715_Laut_Maluku
2023-03-16 00:00:00+00:00,4.0208306,127.72918,0.028795745,NOAA_ERDDAP,WPP_715_Laut_Maluku
2023-03-16 00:00:00+00:00,4.0208306,127.81251,0.03353264,NOAA_ERDDAP,WPP_715_Laut_Maluku
2023-03-16 00:00:00+00:00,4.0208306,127.89584,0.04557859,NOAA_ERDDAP,WPP_715_Laut_Maluku
2023-03-16 00:00:00+00:00,4.0208306,127.97918,0.052329566,NOAA_ERDDAP,WPP_715_Laut_Maluku
2023-03-16 00:00:00+00:00,4.0208306,128.06252,0.0703278,NOAA_ERDDAP,WPP_715_Laut_Maluku
2023-03-16 00:00:00+00:00,4.0208306,128.14584,0.07697873,NOAA_ERDDAP,WPP_715_Laut_Maluku
2023-03-16 00:00:00+00:00,4.0208306,128.22917,0.084239885,NOAA_ERDDAP,WPP_715_Laut_Maluku
2023-03-16 00:00:00+00:00,4.0208306,128.31252,0.097367,NOAA_ERDDAP,WPP_715_Laut_Maluku
2023-03-16 00:00:00+00:00,4.0208306,128.39584,0.09991146,NOAA_ERDDAP,WPP_715_Laut_Maluku
2023-03-16 00:00:00+00:00,4.0208306,128.47917,0.09746833,NOAA_ERDDAP,WPP_715_Laut_Maluku
2023-03-16 00:00:00+00:00,4.0208306,128.56252,0.08472941,NOAA_ERDDAP,WPP_715_Laut_Maluku
2023-03-16 00:00:00+00:00,4.0208306,128.64584,0.06003953,NOAA_ERDDAP,WPP_715_Laut_Maluku
2023-03-16 00:00:00+00:00,4.0208306,128.72917,0.066553004,NOAA_ERDDAP,WPP_715_Laut_Maluku
2023-03-16 00:00:00+00:00,4.0208306,128.81252,0.09441161,NOAA_ERDDAP,WPP_715_Laut_Maluku
2023-03-16 00:00:00+00:00,4.0208306,128.89584,0.16586067,NOAA_ERDDAP,WPP_715_Laut_Maluku
2023-03-16 00:00:00+00:00,4.0208306,128.97917,0.111724384,NOAA_ERDDAP,WPP_715_Laut_Maluku
2023-03-16 00:00:00+00:00,4.0208306,129.06252,0.1004565,NOAA_ERDDAP,WPP_715_Laut_Maluku
2023-03-16 00:00:00+00:00,4.0208306,129.14584,0.067436524,NOAA_ERDDAP,WPP_715_Laut_Maluku
2023-03-16 00:00:00+00:00,4.0208306,129.22917,0.084665515,NOAA_ERDDAP,WPP_715_Laut_Maluku
2023-03-16 00:00:00+00:00,4.0208306,129.31252,0.07564295,NOAA_ERDDAP,WPP_715_Laut_Maluku
2023-03-16 00:00:00+00:00,4.0208306,129.39584,0.07772549,NOAA_ERDDAP,WPP_715_Laut_Maluku
2023-03-16 00:00:00+00:00,4.0208306,129.47917,0.07537588,NOAA_ERDDAP,WPP_715_Laut_Maluku
2023-03-16 00:00:00+00:00,4.0208306,129.56252,0.0740033,NOAA_ERDDAP,WPP_715_Laut_Maluku
2023-03-16 00:00:00+00:00,4.0208306,129.64584,0.0630389,NOAA_ERDDAP,WPP_715_Laut_Maluku
2023-03-16 00:00:00+00:00,4.0208306,129.72917,0.07679283,NOAA_ERDDAP,WPP_715_Laut_Maluku
2023-03-16 00:00:00+00:00,4.0208306,129.81252,0.08407212,NOAA_ERDDAP,WPP_715_Laut_Maluku
2023-03-16 00:00:00+00:00,4.0208306,129.89584,0.06366783,NOAA_ERDDAP,WPP_715_Laut_Maluku
2023-03-16 00:00:00+00:00,4.0208306,129.97917,0.060984157,NOAA_ERDDAP,WPP_715_Laut_Maluku
2023-03-16 00:00:00+00:00,4.0208306,130.06252,0.06250842,NOAA_ERDDAP,WPP_715_Laut_Maluku
2023-03-16 00:00:00+00:00,4.0208306,130.14584,0.062372006,NOAA_ERDDAP,WPP_715_Laut_Maluku
2023-03-16 00:00:00+00:00,4.0208306,130.22917,0.061087474,NOAA_ERDDAP,WPP_715_Laut_Maluku
2023-03-16 00:00:00+00:00,4.0208306,130.31252,0.060304813,NOAA_ERDDAP,WPP_715_Laut_Maluku
2023-03-16 00:00:00+00:00,4.0208306,130.39584,0.057250578,NOAA_ERDDAP,WPP_715_Laut_Maluku
2023-03-16 00:00:00+00:00,4.0208306,130.47917,0.05539343,NOAA_ERDDAP,WPP_715_Laut_Maluku
2023-03-16 00:00:00+00:00,4.0208306,130.56252,0.052470073,NOAA_ERDDAP,WPP_715_Laut_Maluku
2023-03-16 00:00:00+00:00,4.0208306,130.64584,0.05386539,NOAA_ERDDAP,WPP_715_Laut_Maluku
2023-03-16 00:00:00+00:00,4.0208306,130.72917,0.0565535,NOAA_ERDDAP,WPP_715_Laut_Maluku
2023-03-16 00:00:00+00:00,4.0208306,130.81252,0.059331346,NOAA_ERDDAP,WPP_715_Laut_Maluku
2023-03-16 00:00:00+00:00,4.0208306,130.89584,0.059118096,NOAA_ERDDAP,WPP_715_Laut_Maluku
2023-03-16 00:00:00+00:00,4.0208306,130.97917,0.056827232,NOAA_ERDDAP,WPP_715_Laut_Maluku
2023-03-16 00:00:00+00:00,4.0208306,131.06252,0.051041033,NOAA_ERDDAP,WPP_715_Laut_Maluku
2023-03-16 00:00:00+00:00,4.0208306,131.14584,0.048534326,NOAA_ERDDAP,WPP_715_Laut_Maluku
2023-03-16 00:00:00+00:00,4.0208306,131.22917,0.05582383,NOAA_ERDDAP,WPP_715_Laut_Maluku
2023-03-16 00:00:00+00:00,4.0208306,131.31252,0.05040275,NOAA_ERDDAP,WPP_715_Laut_Maluku
2023-03-16 00:00:00+00:00,4.0208306,131.39584,0.083079256,NOAA_ERDDAP,WPP_715_Laut_Maluku
2023-03-16 00:00:00+00:00,6.0208306,118.06251,4.3355994,NOAA_ERDDAP,WPP_716_Laut_Sulawesi
2023-03-16 00:00:00+00:00,6.0208306,118.14584,1.7681087,NOAA_ERDDAP,WPP_716_Laut_Sulawesi
2023-03-16 00:00:00+00:00,6.0208306,118.22917,0.78205365,NOAA_ERDDAP,WPP_716_Laut_Sulawesi
2023-03-16 00:00:00+00:00,6.0208306,118.31251,0.7345051,NOAA_ERDDAP,WPP_716_Laut_Sulawesi
2023-03-16 00:00:00+00:00,6.0208306,118.39584,0.23730715,NOAA_ERDDAP,WPP_716_Laut_Sulawesi
2023-03-16 00:00:00+00:00,6.0208306,118.47917,0.16414696,NOAA_ERDDAP,WPP_716_Laut_Sulawesi
2023-03-16 00:00:00+00:00,6.0208306,118.56251,0.13612118,NOAA_ERDDAP,WPP_716_Laut_Sulawesi
2023-03-16 00:00:00+00:00,6.0208306,118.64584,0.11910615,NOAA_ERDDAP,WPP_716_Laut_Sulawesi
2023-03-16 00:00:00+00:00,6.0208306,118.72918,0.09221978,NOAA_ERDDAP,WPP_716_Laut_Sulawesi
2023-03-16 00:00:00+00:00,6.0208306,118.81251,0.10476189,NOAA_ERDDAP,WPP_716_Laut_Sulawesi
2023-03-16 00:00:00+00:00,6.0208306,118.89584,0.09678091,NOAA_ERDDAP,WPP_716_Laut_Sulawesi
2023-03-16 00:00:00+00:00,6.0208306,119.06251,0.102280326,NOAA_ERDDAP,WPP_716_Laut_Sulawesi
2023-03-16 00:00:00+00:00,6.0208306,119.14584,0.097595155,NOAA_ERDDAP,WPP_716_Laut_Sulawesi
2023-03-16 00:00:00+00:00,6.0208306,119.72918,0.07673037,NOAA_ERDDAP,WPP_716_Laut_Sulawesi
2023-03-16 00:00:00+00:00,6.0208306,119.81251,0.084867604,NOAA_ERDDAP,WPP_716_Laut_Sulawesi
2023-03-16 00:00:00+00:00,6.0208306,119.89584,0.09100514,NOAA_ERDDAP,WPP_716_Laut_Sulawesi
2023-03-16 00:00:00+00:00,6.0208306,119.97918,0.15003416,NOAA_ERDDAP,WPP_716_Laut_Sulawesi
2023-03-16 00:00:00+00:00,6.0208306,120.06251,0.14603075,NOAA_ERDDAP,WPP_716_Laut_Sulawesi
2023-03-16 00:00:00+00:00,6.0208306,120.14584,0.23172857,NOAA_ERDDAP,WPP_716_Laut_Sulawesi
2023-03-16 00:00:00+00:00,6.0208306,120.22918,0.53224933,NOAA_ERDDAP,WPP_716_Laut_Sulawesi
2023-03-16 00:00:00+00:00,6.0208306,120.31251,0.6630407,NOAA_ERDDAP,WPP_716_Laut_Sulawesi
2023-03-16 00:00:00+00:00,6.0208306,120.39584,0.658784,NOAA_ERDDAP,WPP_716_Laut_Sulawesi
2023-03-16 00:00:00+00:00,6.0208306,120.47918,0.38467345,NOAA_ERDDAP,WPP_716_Laut_Sulawesi
2023-03-16 00:00:00+00:00,6.0208306,120.56251,0.4249583,NOAA_ERDDAP,WPP_716_Laut_Sulawesi
2023-03-16 00:00:00+00:00,6.0208306,120.64584,0.40820348,NOAA_ERDDAP,WPP_716_Laut_Sulawesi
2023-03-16 00:00:00+00:00,6.0208306,120.72918,0.5147643,NOAA_ERDDAP,WPP_716_Laut_Sulawesi
2023-03-16 00:00:00+00:00,6.0208306,120.81251,0.36346778,NOAA_ERDDAP,WPP_716_Laut_Sulawesi
2023-03-16 00:00:00+00:00,6.0208306,120.89584,0.33279246,NOAA_ERDDAP,WPP_716_Laut_Sulawesi
2023-03-16 00:00:00+00:00,6.0208306,121.31251,0.2959717,NOAA_ERDDAP,WPP_716_Laut_Sulawesi
2023-03-16 00:00:00+00:00,6.0208306,121.39584,1.0115424,NOAA_ERDDAP,WPP_716_Laut_Sulawesi
2023-03-16 00:00:00+00:00,6.0208306,121.47918,0.16934374,NOAA_ERDDAP,WPP_716_Laut_Sulawesi
2023-03-16 00:00:00+00:00,6.0208306,121.56251,0.24460337,NOAA_ERDDAP,WPP_716_Laut_Sulawesi
2023-03-16 00:00:00+00:00,6.0208306,121.64584,0.36079037,NOAA_ERDDAP,WPP_716_Laut_Sulawesi
2023-03-16 00:00:00+00:00,6.0208306,121.72918,0.23569055,NOAA_ERDDAP,WPP_716_Laut_Sulawesi
2023-03-16 00:00:00+00:00,6.0208306,121.81251,0.19399174,NOAA_ERDDAP,WPP_716_Laut_Sulawesi
2023-03-16 00:00:00+00:00,6.0208306,121.89584,0.56695783,NOAA_ERDDAP,WPP_716_Laut_Sulawesi
2023-03-16 00:00:00+00:00,6.0208306,121.97918,0.13557842,NOAA_ERDDAP,WPP_716_Laut_Sulawesi
2023-03-16 00:00:00+00:00,6.0208306,122.06251,0.14622883,NOAA_ERDDAP,WPP_716_Laut_Sulawesi
2023-03-16 00:00:00+00:00,6.0208306,122.14584,0.14709534,NOAA_ERDDAP,WPP_716_Laut_Sulawesi
2023-03-16 00:00:00+00:00,6.0208306,122.22918,0.13447778,NOAA_ERDDAP,WPP_716_Laut_Sulawesi
2023-03-16 00:00:00+00:00,6.0208306,122.31251,0.12602052,NOAA_ERDDAP,WPP_716_Laut_Sulawesi
2023-03-16 00:00:00+00:00,6.0208306,122.39584,0.112472646,NOAA_ERDDAP,WPP_716_Laut_Sulawesi
2023-03-16 00:00:00+00:00,6.0208306,122.47918,0.11767631,NOAA_ERDDAP,WPP_716_Laut_Sulawesi
2023-03-16 00:00:00+00:00,6.0208306,122.56251,0.10221196,NOAA_ERDDAP,WPP_716_Laut_Sulawesi
2023-03-16 00:00:00+00:00,6.0208306,122.64584,0.093730085,NOAA_ERDDAP,WPP_716_Laut_Sulawesi
2023-03-16 00:00:00+00:00,6.0208306,122.72918,0.101577744,NOAA_ERDDAP,WPP_716_Laut_Sulawesi
2023-03-16 00:00:00+00:00,6.0208306,122.81251,0.08505895,NOAA_ERDDAP,WPP_716_Laut_Sulawesi
2023-03-16 00:00:00+00:00,6.0208306,122.89584,0.087008834,NOAA_ERDDAP,WPP_716_Laut_Sulawesi
2023-03-16 00:00:00+00:00,6.0208306,122.97918,0.07197387,NOAA_ERDDAP,WPP_716_Laut_Sulawesi
2023-03-16 00:00:00+00:00,6.0208306,123.06251,0.07710864,NOAA_ERDDAP,WPP_716_Laut_Sulawesi
2023-03-16 00:00:00+00:00,6.0208306,123.14584,0.08518847,NOAA_ERDDAP,WPP_716_Laut_Sulawesi
2023-03-16 00:00:00+00:00,6.0208306,123.22918,0.08092085,NOAA_ERDDAP,WPP_716_Laut_Sulawesi
2023-03-16 00:00:00+00:00,6.0208306,123.31251,0.08364192,NOAA_ERDDAP,WPP_716_Laut_Sulawesi
2023-03-16 00:00:00+00:00,6.0208306,123.39584,0.08295626,NOAA_ERDDAP,WPP_716_Laut_Sulawesi
2023-03-16 00:00:00+00:00,6.0208306,123.47918,0.08580841,NOAA_ERDDAP,WPP_716_Laut_Sulawesi
2023-03-16 00:00:00+00:00,6.0208306,123.56251,0.08650369,NOAA_ERDDAP,WPP_716_Laut_Sulawesi
2023-03-16 00:00:00+00:00,6.0208306,123.64584,0.08548444,NOAA_ERDDAP,WPP_716_Laut_Sulawesi
2023-03-16 00:00:00+00:00,6.0208306,123.72918,0.083997525,NOAA_ERDDAP,WPP_716_Laut_Sulawesi
2023-03-16 00:00:00+00:00,6.0208306,123.81251,0.08972783,NOAA_ERDDAP,WPP_716_Laut_Sulawesi
2023-03-16 00:00:00+00:00,6.0208306,123.89584,0.09067131,NOAA_ERDDAP,WPP_716_Laut_Sulawesi
2023-03-16 00:00:00+00:00,6.0208306,123.97918,0.10913599,NOAA_ERDDAP,WPP_716_Laut_Sulawesi
2023-03-16 00:00:00+00:00,6.0208306,124.06251,0.09423619,NOAA_ERDDAP,WPP_716_Laut_Sulawesi
2023-03-16 00:00:00+00:00,6.0208306,124.14584,0.08206208,NOAA_ERDDAP,WPP_716_Laut_Sulawesi
2023-03-16 00:00:00+00:00,6.0208306,124.22918,0.099778704,NOAA_ERDDAP,WPP_716_Laut_Sulawesi
2023-03-16 00:00:00+00:00,6.0208306,124.39584,0.08399852,NOAA_ERDDAP,WPP_716_Laut_Sulawesi
2023-03-16 00:00:00+00:00,6.0208306,124.47918,0.074542806,NOAA_ERDDAP,WPP_716_Laut_Sulawesi
2023-03-16 00:00:00+00:00,6.0208306,125.14584,0.3048704,NOAA_ERDDAP,WPP_716_Laut_Sulawesi
2023-03-16 00:00:00+00:00,6.0208306,125.22918,0.28574175,NOAA_ERDDAP,WPP_716_Laut_Sulawesi
2023-03-16 00:00:00+00:00,2.0208306,131.97917,0.06424726,NOAA_ERDDAP,WPP_717_Teluk_Cendrawasih
2023-03-16 00:00:00+00:00,2.0208306,132.06252,0.06414453,NOAA_ERDDAP,WPP_717_Teluk_Cendrawasih
2023-03-16 00:00:00+00:00,2.0208306,132.14584,0.06474918,NOAA_ERDDAP,WPP_717_Teluk_Cendrawasih
2023-03-16 00:00:00+00:00,2.0208306,132.22917,0.0692888,NOAA_ERDDAP,WPP_717_Teluk_Cendrawasih
2023-03-16 00:00:00+00:00,2.0208306,132.31252,0.07297459,NOAA_ERDDAP,WPP_717_Teluk_Cendrawasih
2023-03-16 00:00:00+00:00,2.0208306,132.39584,0.07276538,NOAA_ERDDAP,WPP_717_Teluk_Cendrawasih
2023-03-16 00:00:00+00:00,2.0208306,132.47917,0.0698166,NOAA_ERDDAP,WPP_717_Teluk_Cendrawasih
2023-03-16 00:00:00+00:00,2.0208306,132.56252,0.061775953,NOAA_ERDDAP,WPP_717_Teluk_Cendrawasih
2023-03-16 00:00:00+00:00,2.0208306,132.64584,0.06574839,NOAA_ERDDAP,WPP_717_Teluk_Cendrawasih
2023-03-16 00:00:00+00:00,2.0208306,132.72917,0.06851994,NOAA_ERDDAP,WPP_717_Teluk_Cendrawasih
2023-03-16 00:00:00+00:00,2.0208306,132.81252,0.07717658,NOAA_ERDDAP,WPP_717_Teluk_Cendrawasih
2023-03-16 00:00:00+00:00,2.0208306,132.89584,0.0723787,NOAA_ERDDAP,WPP_717_Teluk_Cendrawasih
2023-03-16 00:00:00+00:00,2.0208306,132.97917,0.07201509,NOAA_ERDDAP,WPP_717_Teluk_Cendrawasih
2023-03-16 00:00:00+00:00,2.0208306,133.06252,0.07219283,NOAA_ERDDAP,WPP_717_Teluk_Cendrawasih
2023-03-16 00:00:00+00:00,2.0208306,133.14584,0.0720226,NOAA_ERDDAP,WPP_717_Teluk_Cendrawasih
2023-03-16 00:00:00+00:00,2.0208306,133.22917,0.070375405,NOAA_ERDDAP,WPP_717_Teluk_Cendrawasih
2023-03-16 00:00:00+00:00,2.0208306,133.31252,0.069750294,NOAA_ERDDAP,WPP_717_Teluk_Cendrawasih
2023-03-16 00:00:00+00:00,2.0208306,133.39584,0.060378227,NOAA_ERDDAP,WPP_717_Teluk_Cendrawasih
2023-03-16 00:00:00+00:00,2.0208306,133.47917,0.05851052,NOAA_ERDDAP,WPP_717_Teluk_Cendrawasih
2023-03-16 00:00:00+00:00,2.0208306,133.56252,0.048529793,NOAA_ERDDAP,WPP_717_Teluk_Cendrawasih
2023-03-16 00:00:00+00:00,2.0208306,133.64584,0.067670666,NOAA_ERDDAP,WPP_717_Teluk_Cendrawasih
2023-03-16 00:00:00+00:00,2.0208306,133.72917,0.07835327,NOAA_ERDDAP,WPP_717_Teluk_Cendrawasih
2023-03-16 00:00:00+00:00,2.0208306,133.81252,0.07957031,NOAA_ERDDAP,WPP_717_Teluk_Cendrawasih
2023-03-16 00:00:00+00:00,2.0208306,133.89584,0.07033462,NOAA_ERDDAP,WPP_717_Teluk_Cendrawasih
2023-03-16 00:00:00+00:00,2.0208306,133.97917,0.06697132,NOAA_ERDDAP,WPP_717_Teluk_Cendrawasih
2023-03-16 00:00:00+00:00,2.0208306,134.06252,0.06465712,NOAA_ERDDAP,WPP_717_Teluk_Cendrawasih
2023-03-16 00:00:00+00:00,2.0208306,134.14584,0.078319535,NOAA_ERDDAP,WPP_717_Teluk_Cendrawasih
2023-03-16 00:00:00+00:00,2.0208306,134.22917,0.07326455,NOAA_ERDDAP,WPP_717_Teluk_Cendrawasih
2023-03-16 00:00:00+00:00,2.0208306,134.31252,0.06572181,NOAA_ERDDAP,WPP_717_Teluk_Cendrawasih
2023-03-16 00:00:00+00:00,2.0208306,134.39584,0.062426902,NOAA_ERDDAP,WPP_717_Teluk_Cendrawasih
2023-03-16 00:00:00+00:00,2.0208306,134.47917,0.05646731,NOAA_ERDDAP,WPP_717_Teluk_Cendrawasih
2023-03-16 00:00:00+00:00,2.0208306,134.56252,0.055423375,NOAA_ERDDAP,WPP_717_Teluk_Cendrawasih
2023-03-16 00:00:00+00:00,2.0208306,134.64584,0.052320957,NOAA_ERDDAP,WPP_717_Teluk_Cendrawasih
2023-03-16 00:00:00+00:00,2.0208306,134.72917,0.055888534,NOAA_ERDDAP,WPP_717_Teluk_Cendrawasih
2023-03-16 00:00:00+00:00,2.0208306,134.81252,0.049043454,NOAA_ERDDAP,WPP_717_Teluk_Cendrawasih
2023-03-16 00:00:00+00:00,2.0208306,134.89584,0.044123866,NOAA_ERDDAP,WPP_717_Teluk_Cendrawasih
2023-03-16 00:00:00+00:00,2.0208306,134.97917,0.048812695,NOAA_ERDDAP,WPP_717_Teluk_Cendrawasih
2023-03-16 00:00:00+00:00,2.0208306,135.06252,0.058954272,NOAA_ERDDAP,WPP_717_Teluk_Cendrawasih
2023-03-16 00:00:00+00:00,2.0208306,135.14584,0.060380064,NOAA_ERDDAP,WPP_717_Teluk_Cendrawasih
2023-03-16 00:00:00+00:00,2.0208306,135.22917,0.05559301,NOAA_ERDDAP,WPP_717_Teluk_Cendrawasih
2023-03-16 00:00:00+00:00,2.0208306,135.31252,0.057056587,NOAA_ERDDAP,WPP_717_Teluk_Cendrawasih
2023-03-16 00:00:00+00:00,2.0208306,135.39584,0.052633356,NOAA_ERDDAP,WPP_717_Teluk_Cendrawasih
2023-03-16 00:00:00+00:00,2.0208306,135.47917,0.061138727,NOAA_ERDDAP,WPP_717_Teluk_Cendrawasih
2023-03-16 00:00:00+00:00,2.0208306,135.56252,0.050526507,NOAA_ERDDAP,WPP_717_Teluk_Cendrawasih
2023-03-16 00:00:00+00:00,2.0208306,135.64584,0.05527741,NOAA_ERDDAP,WPP_717_Teluk_Cendrawasih
2023-03-16 00:00:00+00:00,2.0208306,135.72917,0.041181747,NOAA_ERDDAP,WPP_717_Teluk_Cendrawasih
2023-03-16 00:00:00+00:00,2.0208306,135.81252,0.05415846,NOAA_ERDDAP,WPP_717_Teluk_Cendrawasih
2023-03-16 00:00:00+00:00,2.0208306,135.89584,0.051124994,NOAA_ERDDAP,WPP_717_Teluk_Cendrawasih
2023-03-16 00:00:00+00:00,2.0208306,135.97917,0.06167972,NOAA_ERDDAP,WPP_717_Teluk_Cendrawasih
2023-03-16 00:00:00+00:00,2.0208306,136.06252,0.064723045,NOAA_ERDDAP,WPP_717_Teluk_Cendrawasih
2023-03-16 00:00:00+00:00,2.0208306,136.14584,0.060627814,NOAA_ERDDAP,WPP_717_Teluk_Cendrawasih
2023-03-16 00:00:00+00:00,2.0208306,136.22917,0.05863376,NOAA_ERDDAP,WPP_717_Teluk_Cendrawasih
2023-03-16 00:00:00+00:00,2.0208306,136.31252,0.050555944,NOAA_ERDDAP,WPP_717_Teluk_Cendrawasih
2023-03-16 00:00:00+00:00,2.0208306,136.39584,0.04445819,NOAA_ERDDAP,WPP_717_Teluk_Cendrawasih
2023-03-16 00:00:00+00:00,2.0208306,136.47917,0.037266985,NOAA_ERDDAP,WPP_717_Teluk_Cendrawasih
2023-03-16 00:00:00+00:00,2.0208306,136.56252,0.03759884,NOAA_ERDDAP,WPP_717_Teluk_Cendrawasih
2023-03-16 00:00:00+00:00,2.0208306,136.64584,0.042462997,NOAA_ERDDAP,WPP_717_Teluk_Cendrawasih
2023-03-16 00:00:00+00:00,2.0208306,136.72917,0.042550437,NOAA_ERDDAP,WPP_717_Teluk_Cendrawasih
2023-03-16 00:00:00+00:00,2.0208306,136.81252,0.04642999,NOAA_ERDDAP,WPP_717_Teluk_Cendrawasih
2023-03-16 00:00:00+00:00,2.0208306,136.89584,0.044120252,NOAA_ERDDAP,WPP_717_Teluk_Cendrawasih
2023-03-16 00:00:00+00:00,2.0208306,136.97917,0.041358218,NOAA_ERDDAP,WPP_717_Teluk_Cendrawasih
2023-03-16 00:00:00+00:00,2.0208306,137.06252,0.04300788,NOAA_ERDDAP,WPP_717_Teluk_Cendrawasih
2023-03-16 00:00:00+00:00,2.0208306,137.14584,0.04185854,NOAA_ERDDAP,WPP_717_Teluk_Cendrawasih
2023-03-16 00:00:00+00:00,2.0208306,137.22917,0.041211102,NOAA_ERDDAP,WPP_717_Teluk_Cendrawasih
2023-03-16 00:00:00+00:00,2.0208306,137.31252,0.040516924,NOAA_ERDDAP,WPP_717_Teluk_Cendrawasih
2023-03-16 00:00:00+00:00,2.0208306,137.39584,0.028328275,NOAA_ERDDAP,WPP_717_Teluk_Cendrawasih
2023-03-16 00:00:00+00:00,2.0208306,137.47917,0.044805136,NOAA_ERDDAP,WPP_717_Teluk_Cendrawasih
2023-03-16 00:00:00+00:00,2.0208306,137.56252,0.042374462,NOAA_ERDDAP,WPP_717_Teluk_Cendrawasih
2023-03-16 00:00:00+00:00,2.0208306,137.64584,0.04292007,NOAA_ERDDAP,WPP_717_Teluk_Cendrawasih
2023-03-16 00:00:00+00:00,2.0208306,137.72917,0.045018822,NOAA_ERDDAP,WPP_717_Teluk_Cendrawasih
2023-03-16 00:00:00+00:00,2.0208306,137.81252,0.046643265,NOAA_ERDDAP,WPP_717_Teluk_Cendrawasih
2023-03-16 00:00:00+00:00,2.0208306,137.89584,0.038632013,NOAA_ERDDAP,WPP_717_Teluk_Cendrawasih
2023-03-16 00:00:00+00:00,2.0208306,137.97917,0.046892032,NOAA_ERDDAP,WPP_717_Teluk_Cendrawasih
2023-03-16 00:00:00+00:00,1.9374974,131.97917,0.06644585,NOAA_ERDDAP,WPP_717_Teluk_Cendrawasih
2023-03-16 00:00:00+00:00,1.9374974,132.06252,0.072925955,NOAA_ERDDAP,WPP_717_Teluk_Cendrawasih
2023-03-16 00:00:00+00:00,1.9374974,132.14584,0.06950997,NOAA_ERDDAP,WPP_717_Teluk_Cendrawasih
2023-03-16 00:00:00+00:00,1.9374974,132.22917,0.06977822,NOAA_ERDDAP,WPP_717_Teluk_Cendrawasih
2023-03-16 00:00:00+00:00,1.9374974,132.31252,0.07105455,NOAA_ERDDAP,WPP_717_Teluk_Cendrawasih
2023-03-16 00:00:00+00:00,1.9374974,132.39584,0.06845375,NOAA_ERDDAP,WPP_717_Teluk_Cendrawasih
2023-03-16 00:00:00+00:00,1.9374974,132.47917,0.070092544,NOAA_ERDDAP,WPP_717_Teluk_Cendrawasih
2023-03-16 00:00:00+00:00,1.9374974,132.56252,0.066388264,NOAA_ERDDAP,WPP_717_Teluk_Cendrawasih
2023-03-16 00:00:00+00:00,1.9374974,132.64584,0.06709477,NOAA_ERDDAP,WPP_717_Teluk_Cendrawasih
2023-03-16 00:00:00+00:00,1.9374974,132.72917,0.07548822,NOAA_ERDDAP,WPP_717_Teluk_Cendrawasih
2023-03-16 00:00:00+00:00,1.9374974,132.81252,0.07842347,NOAA_ERDDAP,WPP_717_Teluk_Cendrawasih
2023-03-16 00:00:00+00:00,1.9374974,132.89584,0.074797064,NOAA_ERDDAP,WPP_717_Teluk_Cendrawasih
2023-03-16 00:00:00+00:00,1.9374974,132.97917,0.074193135,NOAA_ERDDAP,WPP_717_Teluk_Cendrawasih
2023-03-16 00:00:00+00:00,1.9374974,133.06252,0.07478493,NOAA_ERDDAP,WPP_717_Teluk_Cendrawasih
2023-03-16 00:00:00+00:00,1.9374974,133.14584,0.07412828,NOAA_ERDDAP,WPP_717_Teluk_Cendrawasih
2023-03-16 00:00:00+00:00,1.9374974,133.22917,0.081769936,NOAA_ERDDAP,WPP_717_Teluk_Cendrawasih
2023-03-16 00:00:00+00:00,1.9374974,133.31252,0.07858303,NOAA_ERDDAP,WPP_717_Teluk_Cendrawasih
2023-03-16 00:00:00+00:00,-3.9791694,131.97917,0.12470117,NOAA_ERDDAP,WPP_718_Laut_Arafuru
2023-03-16 00:00:00+00:00,-3.9791694,132.06252,0.11890922,NOAA_ERDDAP,WPP_718_Laut_Arafuru
2023-03-16 00:00:00+00:00,-3.9791694,132.14584,0.114457406,NOAA_ERDDAP,WPP_718_Laut_Arafuru
2023-03-16 00:00:00+00:00,-3.9791694,132.22917,0.12241218,NOAA_ERDDAP,WPP_718_Laut_Arafuru
2023-03-16 00:00:00+00:00,-3.9791694,132.31252,0.13195479,NOAA_ERDDAP,WPP_718_Laut_Arafuru
2023-03-16 00:00:00+00:00,-3.9791694,132.39584,0.12723848,NOAA_ERDDAP,WPP_718_Laut_Arafuru
2023-03-16 00:00:00+00:00,-3.9791694,132.47917,0.13548283,NOAA_ERDDAP,WPP_718_Laut_Arafuru
2023-03-16 00:00:00+00:00,-3.9791694,132.56252,0.13692617,NOAA_ERDDAP,WPP_718_Laut_Arafuru
2023-03-16 00:00:00+00:00,-3.9791694,132.64584,0.13064872,NOAA_ERDDAP,WPP_718_Laut_Arafuru
2023-03-16 00:00:00+00:00,-3.9791694,132.72917,0.101277426,NOAA_ERDDAP,WPP_718_Laut_Arafuru
2023-03-16 00:00:00+00:00,-3.9791694,132.81252,0.0952056,NOAA_ERDDAP,WPP_718_Laut_Arafuru
2023-03-16 00:00:00+00:00,-3.9791694,133.47917,0.7897276,NOAA_ERDDAP,WPP_718_Laut_Arafuru
2023-03-16 00:00:00+00:00,-3.9791694,133.56252,0.34007463,NOAA_ERDDAP,WPP_718_Laut_Arafuru
2023-03-16 00:00:00+00:00,-3.9791694,133.64584,0.2895968,NOAA_ERDDAP,WPP_718_Laut_Arafuru
2023-03-16 00:00:00+00:00,-3.9791694,133.72917,0.22971475,NOAA_ERDDAP,WPP_718_Laut_Arafuru
2023-03-16 00:00:00+00:00,-3.9791694,133.81252,0.1946069,NOAA_ERDDAP,WPP_718_Laut_Arafuru
2023-03-16 00:00:00+00:00,-3.9791694,133.89584,0.1938973,NOAA_ERDDAP,WPP_718_Laut_Arafuru
2023-03-16 00:00:00+00:00,-3.9791694,133.97917,0.20005189,NOAA_ERDDAP,WPP_718_Laut_Arafuru
2023-03-16 00:00:00+00:00,-3.9791694,134.06252,0.20917967,NOAA_ERDDAP,WPP_718_Laut_Arafuru
2023-03-16 00:00:00+00:00,-3.9791694,134.22917,0.269122,NOAA_ERDDAP,WPP_718_Laut_Arafuru
2023-03-16 00:00:00+00:00,-3.9791694,134.39584,0.3951364,NOAA_ERDDAP,WPP_718_Laut_Arafuru
