time,latitude,longitude,wpp_region,fishing_effort_hours,vessel_count,source
2023-01-01,1.25,95.25,WPP_571_Selat_Malaka,5.94,11,GFW_MOCK
2023-01-01,1.25,95.75,WPP_571_Selat_Malaka,64.4,7,GFW_MOCK
2023-01-01,1.25,96.25,WPP_571_Selat_Malaka,83.89,9,GFW_MOCK
2023-01-01,1.25,96.75,WPP_571_Selat_Malaka,1.63,13,GFW_MOCK
2023-01-01,1.25,97.25,WPP_571_Selat_Malaka,55.69,8,GFW_MOCK
2023-01-01,1.25,97.75,WPP_571_Selat_Malaka,10.51,10,GFW_MOCK
2023-01-01,1.25,98.25,WPP_571_Selat_Malaka,17.29,8,GFW_MOCK
2023-01-01,1.25,98.75,WPP_571_Selat_Malaka,29.18,7,GFW_MOCK
2023-01-01,1.25,99.25,WPP_571_Selat_Malaka,6.04,11,GFW_MOCK
2023-01-01,1.25,99.75,WPP_571_Selat_Malaka,96.43,7,GFW_MOCK
2023-01-01,1.25,100.25,WPP_571_Selat_Malaka,12.01,9,GFW_MOCK
2023-01-01,1.25,100.75,WPP_571_Selat_Malaka,15.17,9,GFW_MOCK
2023-01-01,1.25,101.25,WPP_571_Selat_Malaka,20.84,7,GFW_MOCK
2023-01-01,1.25,101.75,WPP_571_Selat_Malaka,17.49,9,GFW_MOCK
2023-01-01,1.25,102.25,WPP_571_Selat_Malaka,9.39,9,GFW_MOCK
2023-01-01,1.25,102.75,WPP_571_Selat_Malaka,9.95,8,GFW_MOCK
2023-01-01,1.25,103.25,WPP_571_Selat_Malaka,6.44,9,GFW_MOCK
2023-01-01,1.25,103.75,WPP_571_Selat_Malaka,11.48,11,GFW_MOCK
2023-01-01,1.75,95.25,WPP_571_Selat_Malaka,15.79,8,GFW_MOCK
2023-01-01,1.75,95.75,WPP_571_Selat_Malaka,6.59,12,GFW_MOCK
2023-01-01,1.75,96.25,WPP_571_Selat_Malaka,10.7,4,GFW_MOCK
2023-01-01,1.75,96.75,WPP_571_Selat_Malaka,16.7,7,GFW_MOCK
2023-01-01,1.75,97.25,WPP_571_Selat_Malaka,48.07,5,GFW_MOCK
2023-01-01,1.75,97.75,WPP_571_Selat_Malaka,5.72,8,GFW_MOCK
2023-01-01,1.75,98.25,WPP_571_Selat_Malaka,2.18,9,GFW_MOCK
2023-01-01,1.75,98.75,WPP_571_Selat_Malaka,123.61,5,GFW_MOCK
2023-01-01,1.75,99.25,WPP_571_Selat_Malaka,139.14,6,GFW_MOCK
2023-01-01,1.75,99.75,WPP_571_Selat_Malaka,0.13,8,GFW_MOCK
2023-01-01,1.75,100.25,WPP_571_Selat_Malaka,33.24,13,GFW_MOCK
2023-01-01,1.75,100.75,WPP_571_Selat_Malaka,9.29,3,GFW_MOCK
2023-01-01,1.75,101.25,WPP_571_Selat_Malaka,2.29,10,GFW_MOCK
2023-01-01,1.75,101.75,WPP_571_Selat_Malaka,88.34,8,GFW_MOCK
2023-01-01,1.75,102.25,WPP_571_Selat_Malaka,1.18,10,GFW_MOCK
2023-01-01,1.75,102.75,WPP_571_Selat_Malaka,46.32,10,GFW_MOCK
2023-01-01,1.75,103.25,WPP_571_Selat_Malaka,4.36,4,GFW_MOCK
2023-01-01,1.75,103.75,WPP_571_Selat_Malaka,12.11,7,GFW_MOCK
2023-01-01,2.25,95.25,WPP_571_Selat_Malaka,14.4,8,GFW_MOCK
2023-01-01,2.25,95.75,WPP_571_Selat_Malaka,13.39,4,GFW_MOCK
2023-01-01,2.25,96.25,WPP_571_Selat_Malaka,6.37,9,GFW_MOCK
2023-01-01,2.25,96.75,WPP_571_Selat_Malaka,1.84,4,GFW_MOCK
2023-01-01,2.25,97.25,WPP_571_Selat_Malaka,74.98,11,GFW_MOCK
2023-01-01,2.25,97.75,WPP_571_Selat_Malaka,17.16,7,GFW_MOCK
2023-01-01,2.25,98.25,WPP_571_Selat_Malaka,49.52,12,GFW_MOCK
2023-01-01,2.25,98.75,WPP_571_Selat_Malaka,9.36,5,GFW_MOCK
2023-01-01,2.25,99.25,WPP_571_Selat_Malaka,15.42,7,GFW_MOCK
2023-01-01,2.25,99.75,WPP_571_Selat_Malaka,3.27,10,GFW_MOCK
2023-01-01,2.25,100.25,WPP_571_Selat_Malaka,24.46,5,GFW_MOCK
2023-01-01,2.25,100.75,WPP_571_Selat_Malaka,6.33,7,GFW_MOCK
2023-01-01,2.25,101.25,WPP_571_Selat_Malaka,28.59,9,GFW_MOCK
2023-01-01,2.25,101.75,WPP_571_Selat_Malaka,1.36,15,GFW_MOCK
2023-01-01,2.25,102.25,WPP_571_Selat_Malaka,6.94,5,GFW_MOCK
2023-01-01,2.25,102.75,WPP_571_Selat_Malaka,26.44,10,GFW_MOCK
2023-01-01,2.25,103.25,WPP_571_Selat_Malaka,22.05,5,GFW_MOCK
2023-01-01,2.25,103.75,WPP_571_Selat_Malaka,8.82,5,GFW_MOCK
2023-01-01,2.75,95.25,WPP_571_Selat_Malaka,1.0,6,GFW_MOCK
2023-01-01,2.75,95.75,WPP_571_Selat_Malaka,1.35,7,GFW_MOCK
2023-01-01,2.75,96.25,WPP_571_Selat_Malaka,2.0,12,GFW_MOCK
2023-01-01,2.75,96.75,WPP_571_Selat_Malaka,12.41,4,GFW_MOCK
2023-01-01,2.75,97.25,WPP_571_Selat_Malaka,13.28,15,GFW_MOCK
2023-01-01,2.75,97.75,WPP_571_Selat_Malaka,99.42,5,GFW_MOCK
2023-01-01,2.75,98.25,WPP_571_Selat_Malaka,24.07,7,GFW_MOCK
2023-01-01,2.75,98.75,WPP_571_Selat_Malaka,3.58,6,GFW_MOCK
2023-01-01,2.75,99.25,WPP_571_Selat_Malaka,14.96,6,GFW_MOCK
2023-01-01,2.75,99.75,WPP_571_Selat_Malaka,9.69,3,GFW_MOCK
2023-01-01,2.75,100.25,WPP_571_Selat_Malaka,4.31,6,GFW_MOCK
2023-01-01,2.75,100.75,WPP_571_Selat_Malaka,27.75,8,GFW_MOCK
2023-01-01,2.75,101.25,WPP_571_Selat_Malaka,7.33,5,GFW_MOCK
2023-01-01,2.75,101.75,WPP_571_Selat_Malaka,37.38,3,GFW_MOCK
2023-01-01,2.75,102.25,WPP_571_Selat_Malaka,27.26,10,GFW_MOCK
2023-01-01,2.75,102.75,WPP_571_Selat_Malaka,1.0,10,GFW_MOCK
2023-01-01,2.75,103.25,WPP_571_Selat_Malaka,32.09,8,GFW_MOCK
2023-01-01,2.75,103.75,WPP_571_Selat_Malaka,6.5,13,GFW_MOCK
2023-01-01,3.25,95.25,WPP_571_Selat_Malaka,2.28,7,GFW_MOCK
2023-01-01,3.25,95.75,WPP_571_Selat_Malaka,221.16,9,GFW_MOCK
2023-01-01,3.25,96.25,WPP_571_Selat_Malaka,4.32,12,GFW_MOCK
2023-01-01,3.25,96.75,WPP_571_Selat_Malaka,15.44,4,GFW_MOCK
2023-01-01,3.25,97.25,WPP_571_Selat_Malaka,4.01,9,GFW_MOCK
2023-01-01,3.25,97.75,WPP_571_Selat_Malaka,12.12,14,GFW_MOCK
2023-01-01,3.25,98.25,WPP_571_Selat_Malaka,23.75,9,GFW_MOCK
2023-01-01,3.25,98.75,WPP_571_Selat_Malaka,2.37,10,GFW_MOCK
2023-01-01,3.25,99.25,WPP_571_Selat_Malaka,11.87,7,GFW_MOCK
2023-01-01,3.25,99.75,WPP_571_Selat_Malaka,13.98,5,GFW_MOCK
2023-01-01,3.25,100.25,WPP_571_Selat_Malaka,2.69,6,GFW_MOCK
2023-01-01,3.25,100.75,WPP_571_Selat_Malaka,32.95,3,GFW_MOCK
2023-01-01,3.25,101.25,WPP_571_Selat_Malaka,12.48,6,GFW_MOCK
2023-01-01,3.25,101.75,WPP_571_Selat_Malaka,17.3,7,GFW_MOCK
2023-01-01,3.25,102.25,WPP_571_Selat_Malaka,21.57,7,GFW_MOCK
2023-01-01,3.25,102.75,WPP_571_Selat_Malaka,2.01,6,GFW_MOCK
2023-01-01,3.25,103.25,WPP_571_Selat_Malaka,93.84,6,GFW_MOCK
2023-01-01,3.25,103.75,WPP_571_Selat_Malaka,8.89,12,GFW_MOCK
2023-01-01,3.75,95.25,WPP_571_Selat_Malaka,290.31,10,GFW_MOCK
2023-01-01,3.75,95.75,WPP_571_Selat_Malaka,11.39,7,GFW_MOCK
2023-01-01,3.75,96.25,WPP_571_Selat_Malaka,186.39,7,GFW_MOCK
2023-01-01,3.75,96.75,WPP_571_Selat_Malaka,44.52,7,GFW_MOCK
2023-01-01,3.75,97.25,WPP_571_Selat_Malaka,18.36,9,GFW_MOCK
2023-01-01,3.75,97.75,WPP_571_Selat_Malaka,3.08,11,GFW_MOCK
2023-01-01,3.75,98.25,WPP_571_Selat_Malaka,24.67,8,GFW_MOCK
2023-01-01,3.75,98.75,WPP_571_Selat_Malaka,4.21,8,GFW_MOCK
2023-01-01,3.75,99.25,WPP_571_Selat_Malaka,7.0,6,GFW_MOCK
2023-01-01,3.75,99.75,WPP_571_Selat_Malaka,345.64,7,GFW_MOCK
2023-01-01,3.75,100.25,WPP_571_Selat_Malaka,393.36,8,GFW_MOCK
2023-01-01,3.75,100.75,WPP_571_Selat_Malaka,41.76,15,GFW_MOCK
2023-01-01,3.75,101.25,WPP_571_Selat_Malaka,2.73,4,GFW_MOCK
2023-01-01,3.75,101.75,WPP_571_Selat_Malaka,23.99,12,GFW_MOCK
2023-01-01,3.75,102.25,WPP_571_Selat_Malaka,14.81,11,GFW_MOCK
2023-01-01,3.75,102.75,WPP_571_Selat_Malaka,37.86,5,GFW_MOCK
2023-01-01,3.75,103.25,WPP_571_Selat_Malaka,1.98,6,GFW_MOCK
2023-01-01,3.75,103.75,WPP_571_Selat_Malaka,1.83,8,GFW_MOCK
2023-01-01,4.25,95.25,WPP_571_Selat_Malaka,216.86,13,GFW_MOCK
2023-01-01,4.25,95.75,WPP_571_Selat_Malaka,2.43,7,GFW_MOCK
2023-01-01,4.25,96.25,WPP_571_Selat_Malaka,2.28,10,GFW_MOCK
2023-01-01,4.25,96.75,WPP_571_Selat_Malaka,4.17,6,GFW_MOCK
2023-01-01,4.25,97.25,WPP_571_Selat_Malaka,32.57,10,GFW_MOCK
2023-01-01,4.25,97.75,WPP_571_Selat_Malaka,18.06,8,GFW_MOCK
2023-01-01,4.25,98.25,WPP_571_Selat_Malaka,8.78,9,GFW_MOCK
2023-01-01,4.25,98.75,WPP_571_Selat_Malaka,3.5,8,GFW_MOCK
2023-01-01,4.25,99.25,WPP_571_Selat_Malaka,22.03,11,GFW_MOCK
2023-01-01,4.25,99.75,WPP_571_Selat_Malaka,2.29,7,GFW_MOCK
2023-01-01,4.25,100.25,WPP_571_Selat_Malaka,6.79,5,GFW_MOCK
2023-01-01,4.25,100.75,WPP_571_Selat_Malaka,15.14,4,GFW_MOCK
2023-01-01,4.25,101.25,WPP_571_Selat_Malaka,5.19,14,GFW_MOCK
2023-01-01,4.25,101.75,WPP_571_Selat_Malaka,10.82,10,GFW_MOCK
2023-01-01,4.25,102.25,WPP_571_Selat_Malaka,33.21,5,GFW_MOCK
2023-01-01,4.25,102.75,WPP_571_Selat_Malaka,4.73,8,GFW_MOCK
2023-01-01,4.25,103.25,WPP_571_Selat_Malaka,5.72,8,GFW_MOCK
2023-01-01,4.25,103.75,WPP_571_Selat_Malaka,4.12,11,GFW_MOCK
2023-01-01,4.75,95.25,WPP_571_Selat_Malaka,30.4,7,GFW_MOCK
2023-01-01,4.75,95.75,WPP_571_Selat_Malaka,19.31,9,GFW_MOCK
2023-01-01,4.75,96.25,WPP_571_Selat_Malaka,119.34,9,GFW_MOCK
2023-01-01,4.75,96.75,WPP_571_Selat_Malaka,182.76,3,GFW_MOCK
2023-01-01,4.75,97.25,WPP_571_Selat_Malaka,21.59,10,GFW_MOCK
2023-01-01,4.75,97.75,WPP_571_Selat_Malaka,5.2,5,GFW_MOCK
2023-01-01,4.75,98.25,WPP_571_Selat_Malaka,28.13,4,GFW_MOCK
2023-01-01,4.75,98.75,WPP_571_Selat_Malaka,15.56,10,GFW_MOCK
2023-01-01,4.75,99.25,WPP_571_Selat_Malaka,103.8,15,GFW_MOCK
2023-01-01,4.75,99.75,WPP_571_Selat_Malaka,65.07,9,GFW_MOCK
2023-01-01,4.75,100.25,WPP_571_Selat_Malaka,15.16,12,GFW_MOCK
2023-01-01,4.75,100.75,WPP_571_Selat_Malaka,13.27,8,GFW_MOCK
2023-01-01,4.75,101.25,WPP_571_Selat_Malaka,4.28,6,GFW_MOCK
2023-01-01,4.75,101.75,WPP_571_Selat_Malaka,11.1,15,GFW_MOCK
2023-01-01,4.75,102.25,WPP_571_Selat_Malaka,0.84,6,GFW_MOCK
2023-01-01,4.75,102.75,WPP_571_Selat_Malaka,15.93,13,GFW_MOCK
2023-01-01,4.75,103.25,WPP_571_Selat_Malaka,7.37,4,GFW_MOCK
2023-01-01,4.75,103.75,WPP_571_Selat_Malaka,36.33,7,GFW_MOCK
2023-01-01,5.25,95.25,WPP_571_Selat_Malaka,28.52,11,GFW_MOCK
2023-01-01,5.25,95.75,WPP_571_Selat_Malaka,3.77,7,GFW_MOCK
2023-01-01,5.25,96.25,WPP_571_Selat_Malaka,32.0,9,GFW_MOCK
2023-01-01,5.25,96.75,WPP_571_Selat_Malaka,59.45,10,GFW_MOCK
2023-01-01,5.25,97.25,WPP_571_Selat_Malaka,3.3,5,GFW_MOCK
2023-01-01,5.25,97.75,WPP_571_Selat_Malaka,45.98,10,GFW_MOCK
2023-01-01,5.25,98.25,WPP_571_Selat_Malaka,13.09,6,GFW_MOCK
2023-01-01,5.25,98.75,WPP_571_Selat_Malaka,25.72,8,GFW_MOCK
2023-01-01,5.25,99.25,WPP_571_Selat_Malaka,22.88,5,GFW_MOCK
2023-01-01,5.25,99.75,WPP_571_Selat_Malaka,8.45,8,GFW_MOCK
2023-01-01,5.25,100.25,WPP_571_Selat_Malaka,15.05,7,GFW_MOCK
2023-01-01,5.25,100.75,WPP_571_Selat_Malaka,17.38,7,GFW_MOCK
2023-01-01,5.25,101.25,WPP_571_Selat_Malaka,29.76,6,GFW_MOCK
2023-01-01,5.25,101.75,WPP_571_Selat_Malaka,23.19,5,GFW_MOCK
2023-01-01,5.25,102.25,WPP_571_Selat_Malaka,28.9,5,GFW_MOCK
2023-01-01,5.25,102.75,WPP_571_Selat_Malaka,58.45,8,GFW_MOCK
2023-01-01,5.25,103.25,WPP_571_Selat_Malaka,46.92,12,GFW_MOCK
2023-01-01,5.25,103.75,WPP_571_Selat_Malaka,2.63,7,GFW_MOCK
2023-01-01,5.75,95.25,WPP_571_Selat_Malaka,16.73,7,GFW_MOCK
2023-01-01,5.75,95.75,WPP_571_Selat_Malaka,29.31,8,GFW_MOCK
2023-01-01,5.75,96.25,WPP_571_Selat_Malaka,8.83,8,GFW_MOCK
2023-01-01,5.75,96.75,WPP_571_Selat_Malaka,105.35,7,GFW_MOCK
2023-01-01,5.75,97.25,WPP_571_Selat_Malaka,1.59,2,GFW_MOCK
2023-01-01,5.75,97.75,WPP_571_Selat_Malaka,4.82,7,GFW_MOCK
2023-01-01,5.75,98.25,WPP_571_Selat_Malaka,0.75,8,GFW_MOCK
2023-01-01,5.75,98.75,WPP_571_Selat_Malaka,39.59,5,GFW_MOCK
2023-01-01,5.75,99.25,WPP_571_Selat_Malaka,6.19,6,GFW_MOCK
2023-01-01,5.75,99.75,WPP_571_Selat_Malaka,105.13,7,GFW_MOCK
2023-01-01,5.75,100.25,WPP_571_Selat_Malaka,9.19,6,GFW_MOCK
2023-01-01,5.75,100.75,WPP_571_Selat_Malaka,13.63,2,GFW_MOCK
2023-01-01,5.75,101.25,WPP_571_Selat_Malaka,9.82,7,GFW_MOCK
2023-01-01,5.75,101.75,WPP_571_Selat_Malaka,35.16,11,GFW_MOCK
2023-01-01,5.75,102.25,WPP_571_Selat_Malaka,5.81,9,GFW_MOCK
2023-01-01,5.75,102.75,WPP_571_Selat_Malaka,7.39,7,GFW_MOCK
2023-01-01,5.75,103.25,WPP_571_Selat_Malaka,52.06,11,GFW_MOCK
2023-01-01,5.75,103.75,WPP_571_Selat_Malaka,17.16,10,GFW_MOCK
2023-02-01,1.25,95.25,WPP_571_Selat_Malaka,13.83,5,GFW_MOCK
2023-02-01,1.25,95.75,WPP_571_Selat_Malaka,9.5,7,GFW_MOCK
2023-02-01,1.25,96.25,WPP_571_Selat_Malaka,9.56,7,GFW_MOCK
2023-02-01,1.25,96.75,WPP_571_Selat_Malaka,76.63,9,GFW_MOCK
2023-02-01,1.25,97.25,WPP_571_Selat_Malaka,3.13,9,GFW_MOCK
2023-02-01,1.25,97.75,WPP_571_Selat_Malaka,47.83,9,GFW_MOCK
2023-02-01,1.25,98.25,WPP_571_Selat_Malaka,53.19,9,GFW_MOCK
2023-02-01,1.25,98.75,WPP_571_Selat_Malaka,6.73,6,GFW_MOCK
2023-02-01,1.25,99.25,WPP_571_Selat_Malaka,15.82,7,GFW_MOCK
2023-02-01,1.25,99.75,WPP_571_Selat_Malaka,303.33,4,GFW_MOCK
2023-02-01,1.25,100.25,WPP_571_Selat_Malaka,1.05,7,GFW_MOCK
2023-02-01,1.25,100.75,WPP_571_Selat_Malaka,2.23,6,GFW_MOCK
2023-02-01,1.25,101.25,WPP_571_Selat_Malaka,11.02,10,GFW_MOCK
2023-02-01,1.25,101.75,WPP_571_Selat_Malaka,152.62,5,GFW_MOCK
2023-02-01,1.25,102.25,WPP_571_Selat_Malaka,32.81,10,GFW_MOCK
2023-02-01,1.25,102.75,WPP_571_Selat_Malaka,10.4,15,GFW_MOCK
2023-02-01,1.25,103.25,WPP_571_Selat_Malaka,0.56,4,GFW_MOCK
2023-02-01,1.25,103.75,WPP_571_Selat_Malaka,6.75,5,GFW_MOCK
2023-02-01,1.75,95.25,WPP_571_Selat_Malaka,68.09,7,GFW_MOCK
2023-02-01,1.75,95.75,WPP_571_Selat_Malaka,1.61,5,GFW_MOCK
2023-02-01,1.75,96.25,WPP_571_Selat_Malaka,66.0,3,GFW_MOCK
2023-02-01,1.75,96.75,WPP_571_Selat_Malaka,71.88,12,GFW_MOCK
2023-02-01,1.75,97.25,WPP_571_Selat_Malaka,3.38,6,GFW_MOCK
2023-02-01,1.75,97.75,WPP_571_Selat_Malaka,8.07,6,GFW_MOCK
2023-02-01,1.75,98.25,WPP_571_Selat_Malaka,0.9,4,GFW_MOCK
2023-02-01,1.75,98.75,WPP_571_Selat_Malaka,9.0,14,GFW_MOCK
2023-02-01,1.75,99.25,WPP_571_Selat_Malaka,14.2,6,GFW_MOCK
2023-02-01,1.75,99.75,WPP_571_Selat_Malaka,7.28,11,GFW_MOCK
2023-02-01,1.75,100.25,WPP_571_Selat_Malaka,94.47,7,GFW_MOCK
2023-02-01,1.75,100.75,WPP_571_Selat_Malaka,27.8,6,GFW_MOCK
2023-02-01,1.75,101.25,WPP_571_Selat_Malaka,2.42,7,GFW_MOCK
2023-02-01,1.75,101.75,WPP_571_Selat_Malaka,13.87,13,GFW_MOCK
2023-02-01,1.75,102.25,WPP_571_Selat_Malaka,4.5,8,GFW_MOCK
2023-02-01,1.75,102.75,WPP_571_Selat_Malaka,9.9,2,GFW_MOCK
2023-02-01,1.75,103.25,WPP_571_Selat_Malaka,6.41,7,GFW_MOCK
2023-02-01,1.75,103.75,WPP_571_Selat_Malaka,3.87,11,GFW_MOCK
2023-02-01,2.25,95.25,WPP_571_Selat_Malaka,29.95,5,GFW_MOCK
2023-02-01,2.25,95.75,WPP_571_Selat_Malaka,6.71,9,GFW_MOCK
2023-02-01,2.25,96.25,WPP_571_Selat_Malaka,36.16,8,GFW_MOCK
2023-02-01,2.25,96.75,WPP_571_Selat_Malaka,77.28,5,GFW_MOCK
2023-02-01,2.25,97.25,WPP_571_Selat_Malaka,23.8,10,GFW_MOCK
2023-02-01,2.25,97.75,WPP_571_Selat_Malaka,4.61,7,GFW_MOCK
2023-02-01,2.25,98.25,WPP_571_Selat_Malaka,8.2,9,GFW_MOCK
2023-02-01,2.25,98.75,WPP_571_Selat_Malaka,25.26,9,GFW_MOCK
2023-02-01,2.25,99.25,WPP_571_Selat_Malaka,31.32,7,GFW_MOCK
2023-02-01,2.25,99.75,WPP_571_Selat_Malaka,24.08,7,GFW_MOCK
2023-02-01,2.25,100.25,WPP_571_Selat_Malaka,32.38,6,GFW_MOCK
2023-02-01,2.25,100.75,WPP_571_Selat_Malaka,149.94,10,GFW_MOCK
2023-02-01,2.25,101.25,WPP_571_Selat_Malaka,19.7,14,GFW_MOCK
2023-02-01,2.25,101.75,WPP_571_Selat_Malaka,25.25,6,GFW_MOCK
2023-02-01,2.25,102.25,WPP_571_Selat_Malaka,17.44,11,GFW_MOCK
2023-02-01,2.25,102.75,WPP_571_Selat_Malaka,13.46,9,GFW_MOCK
2023-02-01,2.25,103.25,WPP_571_Selat_Malaka,4.94,5,GFW_MOCK
2023-02-01,2.25,103.75,WPP_571_Selat_Malaka,3.58,5,GFW_MOCK
2023-02-01,2.75,95.25,WPP_571_Selat_Malaka,45.69,7,GFW_MOCK
2023-02-01,2.75,95.75,WPP_571_Selat_Malaka,8.81,12,GFW_MOCK
2023-02-01,2.75,96.25,WPP_571_Selat_Malaka,41.0,11,GFW_MOCK
2023-02-01,2.75,96.75,WPP_571_Selat_Malaka,38.0,3,GFW_MOCK
2023-02-01,2.75,97.25,WPP_571_Selat_Malaka,9.67,8,GFW_MOCK
2023-02-01,2.75,97.75,WPP_571_Selat_Malaka,6.46,13,GFW_MOCK
2023-02-01,2.75,98.25,WPP_571_Selat_Malaka,36.5,7,GFW_MOCK
2023-02-01,2.75,98.75,WPP_571_Selat_Malaka,4.3,8,GFW_MOCK
2023-02-01,2.75,99.25,WPP_571_Selat_Malaka,4.48,5,GFW_MOCK
2023-02-01,2.75,99.75,WPP_571_Selat_Malaka,12.82,12,GFW_MOCK
2023-02-01,2.75,100.25,WPP_571_Selat_Malaka,12.99,9,GFW_MOCK
2023-02-01,2.75,100.75,WPP_571_Selat_Malaka,10.05,8,GFW_MOCK
2023-02-01,2.75,101.25,WPP_571_Selat_Malaka,10.47,8,GFW_MOCK
2023-02-01,2.75,101.75,WPP_571_Selat_Malaka,6.12,12,GFW_MOCK
2023-02-01,2.75,102.25,WPP_571_Selat_Malaka,27.71,6,GFW_MOCK
2023-02-01,2.75,102.75,WPP_571_Selat_Malaka,2.67,7,GFW_MOCK
2023-02-01,2.75,103.25,WPP_571_Selat_Malaka,48.32,8,GFW_MOCK
2023-02-01,2.75,103.75,WPP_571_Selat_Malaka,12.45,7,GFW_MOCK
2023-02-01,3.25,95.25,WPP_571_Selat_Malaka,6.62,8,GFW_MOCK
2023-02-01,3.25,95.75,WPP_571_Selat_Malaka,150.97,7,GFW_MOCK
2023-02-01,3.25,96.25,WPP_571_Selat_Malaka,25.63,11,GFW_MOCK
2023-02-01,3.25,96.75,WPP_571_Selat_Malaka,5.46,8,GFW_MOCK
2023-02-01,3.25,97.25,WPP_571_Selat_Malaka,6.13,11,GFW_MOCK
2023-02-01,3.25,97.75,WPP_571_Selat_Malaka,4.61,16,GFW_MOCK
2023-02-01,3.25,98.25,WPP_571_Selat_Malaka,25.52,7,GFW_MOCK
2023-02-01,3.25,98.75,WPP_571_Selat_Malaka,13.81,8,GFW_MOCK
2023-02-01,3.25,99.25,WPP_571_Selat_Malaka,148.88,14,GFW_MOCK
2023-02-01,3.25,99.75,WPP_571_Selat_Malaka,21.54,13,GFW_MOCK
2023-02-01,3.25,100.25,WPP_571_Selat_Malaka,0.66,5,GFW_MOCK
2023-02-01,3.25,100.75,WPP_571_Selat_Malaka,11.44,5,GFW_MOCK
2023-02-01,3.25,101.25,WPP_571_Selat_Malaka,44.73,10,GFW_MOCK
2023-02-01,3.25,101.75,WPP_571_Selat_Malaka,137.21,7,GFW_MOCK
2023-02-01,3.25,102.25,WPP_571_Selat_Malaka,31.45,10,GFW_MOCK
2023-02-01,3.25,102.75,WPP_571_Selat_Malaka,6.33,8,GFW_MOCK
2023-02-01,3.25,103.25,WPP_571_Selat_Malaka,9.45,7,GFW_MOCK
2023-02-01,3.25,103.75,WPP_571_Selat_Malaka,10.17,6,GFW_MOCK
2023-02-01,3.75,95.25,WPP_571_Selat_Malaka,47.64,12,GFW_MOCK
2023-02-01,3.75,95.75,WPP_571_Selat_Malaka,1.03,8,GFW_MOCK
2023-02-01,3.75,96.25,WPP_571_Selat_Malaka,2.55,14,GFW_MOCK
2023-02-01,3.75,96.75,WPP_571_Selat_Malaka,27.8,9,GFW_MOCK
2023-02-01,3.75,97.25,WPP_571_Selat_Malaka,1.93,14,GFW_MOCK
2023-02-01,3.75,97.75,WPP_571_Selat_Malaka,35.37,10,GFW_MOCK
2023-02-01,3.75,98.25,WPP_571_Selat_Malaka,29.27,9,GFW_MOCK
2023-02-01,3.75,98.75,WPP_571_Selat_Malaka,43.21,3,GFW_MOCK
2023-02-01,3.75,99.25,WPP_571_Selat_Malaka,5.2,6,GFW_MOCK
2023-02-01,3.75,99.75,WPP_571_Selat_Malaka,38.91,6,GFW_MOCK
2023-02-01,3.75,100.25,WPP_571_Selat_Malaka,19.12,7,GFW_MOCK
2023-02-01,3.75,100.75,WPP_571_Selat_Malaka,16.09,6,GFW_MOCK
2023-02-01,3.75,101.25,WPP_571_Selat_Malaka,8.22,10,GFW_MOCK
2023-02-01,3.75,101.75,WPP_571_Selat_Malaka,4.19,14,GFW_MOCK
2023-02-01,3.75,102.25,WPP_571_Selat_Malaka,7.3,6,GFW_MOCK
2023-02-01,3.75,102.75,WPP_571_Selat_Malaka,19.47,4,GFW_MOCK
2023-02-01,3.75,103.25,WPP_571_Selat_Malaka,42.55,12,GFW_MOCK
2023-02-01,3.75,103.75,WPP_571_Selat_Malaka,0.73,7,GFW_MOCK
2023-02-01,4.25,95.25,WPP_571_Selat_Malaka,10.92,5,GFW_MOCK
2023-02-01,4.25,95.75,WPP_571_Selat_Malaka,20.84,6,GFW_MOCK
2023-02-01,4.25,96.25,WPP_571_Selat_Malaka,65.97,4,GFW_MOCK
2023-02-01,4.25,96.75,WPP_571_Selat_Malaka,46.13,3,GFW_MOCK
2023-02-01,4.25,97.25,WPP_571_Selat_Malaka,3.54,5,GFW_MOCK
2023-02-01,4.25,97.75,WPP_571_Selat_Malaka,26.03,3,GFW_MOCK
2023-02-01,4.25,98.25,WPP_571_Selat_Malaka,34.85,12,GFW_MOCK
2023-02-01,4.25,98.75,WPP_571_Selat_Malaka,34.59,5,GFW_MOCK
2023-02-01,4.25,99.25,WPP_571_Selat_Malaka,14.7,8,GFW_MOCK
2023-02-01,4.25,99.75,WPP_571_Selat_Malaka,3.26,8,GFW_MOCK
2023-02-01,4.25,100.25,WPP_571_Selat_Malaka,14.72,9,GFW_MOCK
2023-02-01,4.25,100.75,WPP_571_Selat_Malaka,1.6,13,GFW_MOCK
2023-02-01,4.25,101.25,WPP_571_Selat_Malaka,41.01,11,GFW_MOCK
2023-02-01,4.25,101.75,WPP_571_Selat_Malaka,103.49,8,GFW_MOCK
2023-02-01,4.25,102.25,WPP_571_Selat_Malaka,3.23,12,GFW_MOCK
2023-02-01,4.25,102.75,WPP_571_Selat_Malaka,17.36,9,GFW_MOCK
2023-02-01,4.25,103.25,WPP_571_Selat_Malaka,39.74,10,GFW_MOCK
2023-02-01,4.25,103.75,WPP_571_Selat_Malaka,27.16,16,GFW_MOCK
2023-02-01,4.75,95.25,WPP_571_Selat_Malaka,26.07,8,GFW_MOCK
2023-02-01,4.75,95.75,WPP_571_Selat_Malaka,19.11,12,GFW_MOCK
2023-02-01,4.75,96.25,WPP_571_Selat_Malaka,4.31,5,GFW_MOCK
2023-02-01,4.75,96.75,WPP_571_Selat_Malaka,6.41,12,GFW_MOCK
2023-02-01,4.75,97.25,WPP_571_Selat_Malaka,1.71,7,GFW_MOCK
2023-02-01,4.75,97.75,WPP_571_Selat_Malaka,40.45,11,GFW_MOCK
2023-02-01,4.75,98.25,WPP_571_Selat_Malaka,13.64,8,GFW_MOCK
2023-02-01,4.75,98.75,WPP_571_Selat_Malaka,5.84,8,GFW_MOCK
2023-02-01,4.75,99.25,WPP_571_Selat_Malaka,7.22,7,GFW_MOCK
2023-02-01,4.75,99.75,WPP_571_Selat_Malaka,1.43,10,GFW_MOCK
2023-02-01,4.75,100.25,WPP_571_Selat_Malaka,11.88,8,GFW_MOCK
2023-02-01,4.75,100.75,WPP_571_Selat_Malaka,249.74,9,GFW_MOCK
2023-02-01,4.75,101.25,WPP_571_Selat_Malaka,7.54,6,GFW_MOCK
2023-02-01,4.75,101.75,WPP_571_Selat_Malaka,6.22,7,GFW_MOCK
2023-02-01,4.75,102.25,WPP_571_Selat_Malaka,19.53,13,GFW_MOCK
2023-02-01,4.75,102.75,WPP_571_Selat_Malaka,2.56,5,GFW_MOCK
2023-02-01,4.75,103.25,WPP_571_Selat_Malaka,4.55,3,GFW_MOCK
2023-02-01,4.75,103.75,WPP_571_Selat_Malaka,19.54,7,GFW_MOCK
2023-02-01,5.25,95.25,WPP_571_Selat_Malaka,29.31,11,GFW_MOCK
2023-02-01,5.25,95.75,WPP_571_Selat_Malaka,15.47,6,GFW_MOCK
2023-02-01,5.25,96.25,WPP_571_Selat_Malaka,1.9,7,GFW_MOCK
2023-02-01,5.25,96.75,WPP_571_Selat_Malaka,10.82,9,GFW_MOCK
2023-02-01,5.25,97.25,WPP_571_Selat_Malaka,2.2,8,GFW_MOCK
2023-02-01,5.25,97.75,WPP_571_Selat_Malaka,178.03,10,GFW_MOCK
2023-02-01,5.25,98.25,WPP_571_Selat_Malaka,22.81,7,GFW_MOCK
2023-02-01,5.25,98.75,WPP_571_Selat_Malaka,14.33,8,GFW_MOCK
2023-02-01,5.25,99.25,WPP_571_Selat_Malaka,0.59,9,GFW_MOCK
2023-02-01,5.25,99.75,WPP_571_Selat_Malaka,3.0,6,GFW_MOCK
2023-02-01,5.25,100.25,WPP_571_Selat_Malaka,20.45,9,GFW_MOCK
2023-02-01,5.25,100.75,WPP_571_Selat_Malaka,16.66,7,GFW_MOCK
2023-02-01,5.25,101.25,WPP_571_Selat_Malaka,2.22,6,GFW_MOCK
2023-02-01,5.25,101.75,WPP_571_Selat_Malaka,22.23,9,GFW_MOCK
2023-02-01,5.25,102.25,WPP_571_Selat_Malaka,8.43,10,GFW_MOCK
2023-02-01,5.25,102.75,WPP_571_Selat_Malaka,24.66,4,GFW_MOCK
2023-02-01,5.25,103.25,WPP_571_Selat_Malaka,16.74,10,GFW_MOCK
2023-02-01,5.25,103.75,WPP_571_Selat_Malaka,7.55,9,GFW_MOCK
2023-02-01,5.75,95.25,WPP_571_Selat_Malaka,5.36,9,GFW_MOCK
2023-02-01,5.75,95.75,WPP_571_Selat_Malaka,73.91,10,GFW_MOCK
2023-02-01,5.75,96.25,WPP_571_Selat_Malaka,40.32,7,GFW_MOCK
2023-02-01,5.75,96.75,WPP_571_Selat_Malaka,23.99,8,GFW_MOCK
2023-02-01,5.75,97.25,WPP_571_Selat_Malaka,11.83,16,GFW_MOCK
2023-02-01,5.75,97.75,WPP_571_Selat_Malaka,6.72,6,GFW_MOCK
2023-02-01,5.75,98.25,WPP_571_Selat_Malaka,12.45,9,GFW_MOCK
2023-02-01,5.75,98.75,WPP_571_Selat_Malaka,3.16,10,GFW_MOCK
2023-02-01,5.75,99.25,WPP_571_Selat_Malaka,3.45,15,GFW_MOCK
2023-02-01,5.75,99.75,WPP_571_Selat_Malaka,19.08,8,GFW_MOCK
2023-02-01,5.75,100.25,WPP_571_Selat_Malaka,56.17,6,GFW_MOCK
2023-02-01,5.75,100.75,WPP_571_Selat_Malaka,30.72,7,GFW_MOCK
2023-02-01,5.75,101.25,WPP_571_Selat_Malaka,8.88,7,GFW_MOCK
2023-02-01,5.75,101.75,WPP_571_Selat_Malaka,7.99,10,GFW_MOCK
2023-02-01,5.75,102.25,WPP_571_Selat_Malaka,16.08,8,GFW_MOCK
2023-02-01,5.75,102.75,WPP_571_Selat_Malaka,25.01,7,GFW_MOCK
2023-02-01,5.75,103.25,WPP_571_Selat_Malaka,5.74,11,GFW_MOCK
2023-02-01,5.75,103.75,WPP_571_Selat_Malaka,71.58,8,GFW_MOCK
2023-03-01,1.25,95.25,WPP_571_Selat_Malaka,7.38,13,GFW_MOCK
2023-03-01,1.25,95.75,WPP_571_Selat_Malaka,0.49,8,GFW_MOCK
2023-03-01,1.25,96.25,WPP_571_Selat_Malaka,85.11,3,GFW_MOCK
2023-03-01,1.25,96.75,WPP_571_Selat_Malaka,3.52,7,GFW_MOCK
2023-03-01,1.25,97.25,WPP_571_Selat_Malaka,9.77,7,GFW_MOCK
2023-03-01,1.25,97.75,WPP_571_Selat_Malaka,2.74,8,GFW_MOCK
2023-03-01,1.25,98.25,WPP_571_Selat_Malaka,49.2,12,GFW_MOCK
2023-03-01,1.25,98.75,WPP_571_Selat_Malaka,10.66,8,GFW_MOCK
2023-03-01,1.25,99.25,WPP_571_Selat_Malaka,20.13,8,GFW_MOCK
2023-03-01,1.25,99.75,WPP_571_Selat_Malaka,2.81,9,GFW_MOCK
2023-03-01,1.25,100.25,WPP_571_Selat_Malaka,31.14,10,GFW_MOCK
2023-03-01,1.25,100.75,WPP_571_Selat_Malaka,11.18,8,GFW_MOCK
2023-03-01,1.25,101.25,WPP_571_Selat_Malaka,13.39,7,GFW_MOCK
2023-03-01,1.25,101.75,WPP_571_Selat_Malaka,27.46,8,GFW_MOCK
2023-03-01,1.25,102.25,WPP_571_Selat_Malaka,76.99,12,GFW_MOCK
2023-03-01,1.25,102.75,WPP_571_Selat_Malaka,29.04,3,GFW_MOCK
2023-03-01,1.25,103.25,WPP_571_Selat_Malaka,37.75,7,GFW_MOCK
2023-03-01,1.25,103.75,WPP_571_Selat_Malaka,108.61,10,GFW_MOCK
2023-03-01,1.75,95.25,WPP_571_Selat_Malaka,47.06,7,GFW_MOCK
2023-03-01,1.75,95.75,WPP_571_Selat_Malaka,4.27,9,GFW_MOCK
2023-03-01,1.75,96.25,WPP_571_Selat_Malaka,80.56,8,GFW_MOCK
2023-03-01,1.75,96.75,WPP_571_Selat_Malaka,24.43,9,GFW_MOCK
2023-03-01,1.75,97.25,WPP_571_Selat_Malaka,61.05,10,GFW_MOCK
2023-03-01,1.75,97.75,WPP_571_Selat_Malaka,3.73,8,GFW_MOCK
2023-03-01,1.75,98.25,WPP_571_Selat_Malaka,19.36,12,GFW_MOCK
2023-03-01,1.75,98.75,WPP_571_Selat_Malaka,11.24,5,GFW_MOCK
2023-03-01,1.75,99.25,WPP_571_Selat_Malaka,3.89,7,GFW_MOCK
2023-03-01,1.75,99.75,WPP_571_Selat_Malaka,9.06,8,GFW_MOCK
2023-03-01,1.75,100.25,WPP_571_Selat_Malaka,1.92,7,GFW_MOCK
2023-03-01,1.75,100.75,WPP_571_Selat_Malaka,27.62,8,GFW_MOCK
2023-03-01,1.75,101.25,WPP_571_Selat_Malaka,43.91,8,GFW_MOCK
2023-03-01,1.75,101.75,WPP_571_Selat_Malaka,37.62,12,GFW_MOCK
2023-03-01,1.75,102.25,WPP_571_Selat_Malaka,39.27,7,GFW_MOCK
2023-03-01,1.75,102.75,WPP_571_Selat_Malaka,7.22,9,GFW_MOCK
2023-03-01,1.75,103.25,WPP_571_Selat_Malaka,42.82,5,GFW_MOCK
2023-03-01,1.75,103.75,WPP_571_Selat_Malaka,28.25,12,GFW_MOCK
2023-03-01,2.25,95.25,WPP_571_Selat_Malaka,7.39,4,GFW_MOCK
2023-03-01,2.25,95.75,WPP_571_Selat_Malaka,10.1,9,GFW_MOCK
2023-03-01,2.25,96.25,WPP_571_Selat_Malaka,158.28,12,GFW_MOCK
2023-03-01,2.25,96.75,WPP_571_Selat_Malaka,6.4,13,GFW_MOCK
2023-03-01,2.25,97.25,WPP_571_Selat_Malaka,51.49,10,GFW_MOCK
2023-03-01,2.25,97.75,WPP_571_Selat_Malaka,13.9,10,GFW_MOCK
2023-03-01,2.25,98.25,WPP_571_Selat_Malaka,3.85,13,GFW_MOCK
2023-03-01,2.25,98.75,WPP_571_Selat_Malaka,9.46,7,GFW_MOCK
2023-03-01,2.25,99.25,WPP_571_Selat_Malaka,43.31,3,GFW_MOCK
2023-03-01,2.25,99.75,WPP_571_Selat_Malaka,13.09,12,GFW_MOCK
2023-03-01,2.25,100.25,WPP_571_Selat_Malaka,10.5,7,GFW_MOCK
2023-03-01,2.25,100.75,WPP_571_Selat_Malaka,30.5,6,GFW_MOCK
2023-03-01,2.25,101.25,WPP_571_Selat_Malaka,5.61,6,GFW_MOCK
2023-03-01,2.25,101.75,WPP_571_Selat_Malaka,4.29,7,GFW_MOCK
2023-03-01,2.25,102.25,WPP_571_Selat_Malaka,7.32,11,GFW_MOCK
2023-03-01,2.25,102.75,WPP_571_Selat_Malaka,46.46,9,GFW_MOCK
2023-03-01,2.25,103.25,WPP_571_Selat_Malaka,1.58,7,GFW_MOCK
2023-03-01,2.25,103.75,WPP_571_Selat_Malaka,10.09,10,GFW_MOCK
2023-03-01,2.75,95.25,WPP_571_Selat_Malaka,3.75,21,GFW_MOCK
2023-03-01,2.75,95.75,WPP_571_Selat_Malaka,32.32,12,GFW_MOCK
2023-03-01,2.75,96.25,WPP_571_Selat_Malaka,10.76,7,GFW_MOCK
2023-03-01,2.75,96.75,WPP_571_Selat_Malaka,17.77,10,GFW_MOCK
2023-03-01,2.75,97.25,WPP_571_Selat_Malaka,39.9,3,GFW_MOCK
2023-03-01,2.75,97.75,WPP_571_Selat_Malaka,21.54,5,GFW_MOCK
2023-03-01,2.75,98.25,WPP_571_Selat_Malaka,31.25,11,GFW_MOCK
2023-03-01,2.75,98.75,WPP_571_Selat_Malaka,0.87,9,GFW_MOCK
2023-03-01,2.75,99.25,WPP_571_Selat_Malaka,2.09,11,GFW_MOCK
2023-03-01,2.75,99.75,WPP_571_Selat_Malaka,9.71,8,GFW_MOCK
2023-03-01,2.75,100.25,WPP_571_Selat_Malaka,9.29,8,GFW_MOCK
2023-03-01,2.75,100.75,WPP_571_Selat_Malaka,34.54,12,GFW_MOCK
2023-03-01,2.75,101.25,WPP_571_Selat_Malaka,14.92,9,GFW_MOCK
2023-03-01,2.75,101.75,WPP_571_Selat_Malaka,19.99,9,GFW_MOCK
2023-03-01,2.75,102.25,WPP_571_Selat_Malaka,8.2,7,GFW_MOCK
2023-03-01,2.75,102.75,WPP_571_Selat_Malaka,5.03,6,GFW_MOCK
2023-03-01,2.75,103.25,WPP_571_Selat_Malaka,77.22,6,GFW_MOCK
2023-03-01,2.75,103.75,WPP_571_Selat_Malaka,130.85,4,GFW_MOCK
2023-03-01,3.25,95.25,WPP_571_Selat_Malaka,25.22,7,GFW_MOCK
2023-03-01,3.25,95.75,WPP_571_Selat_Malaka,111.34,5,GFW_MOCK
2023-03-01,3.25,96.25,WPP_571_Selat_Malaka,8.17,3,GFW_MOCK
2023-03-01,3.25,96.75,WPP_571_Selat_Malaka,1.66,6,GFW_MOCK
2023-03-01,3.25,97.25,WPP_571_Selat_Malaka,5.01,8,GFW_MOCK
2023-03-01,3.25,97.75,WPP_571_Selat_Malaka,28.72,13,GFW_MOCK
2023-03-01,3.25,98.25,WPP_571_Selat_Malaka,14.87,8,GFW_MOCK
2023-03-01,3.25,98.75,WPP_571_Selat_Malaka,64.48,6,GFW_MOCK
2023-03-01,3.25,99.25,WPP_571_Selat_Malaka,2.53,6,GFW_MOCK
2023-03-01,3.25,99.75,WPP_571_Selat_Malaka,8.04,7,GFW_MOCK
2023-03-01,3.25,100.25,WPP_571_Selat_Malaka,8.82,7,GFW_MOCK
2023-03-01,3.25,100.75,WPP_571_Selat_Malaka,7.78,6,GFW_MOCK
2023-03-01,3.25,101.25,WPP_571_Selat_Malaka,6.43,9,GFW_MOCK
2023-03-01,3.25,101.75,WPP_571_Selat_Malaka,2.27,8,GFW_MOCK
2023-03-01,3.25,102.25,WPP_571_Selat_Malaka,14.76,9,GFW_MOCK
2023-03-01,3.25,102.75,WPP_571_Selat_Malaka,17.94,5,GFW_MOCK
2023-03-01,3.25,103.25,WPP_571_Selat_Malaka,2.13,10,GFW_MOCK
2023-03-01,3.25,103.75,WPP_571_Selat_Malaka,13.39,4,GFW_MOCK
2023-03-01,3.75,95.25,WPP_571_Selat_Malaka,2.33,9,GFW_MOCK
2023-03-01,3.75,95.75,WPP_571_Selat_Malaka,4.32,5,GFW_MOCK
2023-03-01,3.75,96.25,WPP_571_Selat_Malaka,14.2,8,GFW_MOCK
2023-03-01,3.75,96.75,WPP_571_Selat_Malaka,1.83,8,GFW_MOCK
2023-03-01,3.75,97.25,WPP_571_Selat_Malaka,5.54,9,GFW_MOCK
2023-03-01,3.75,97.75,WPP_571_Selat_Malaka,23.09,10,GFW_MOCK
2023-03-01,3.75,98.25,WPP_571_Selat_Malaka,1.2,6,GFW_MOCK
2023-03-01,3.75,98.75,WPP_571_Selat_Malaka,23.8,8,GFW_MOCK
2023-03-01,3.75,99.25,WPP_571_Selat_Malaka,22.01,7,GFW_MOCK
2023-03-01,3.75,99.75,WPP_571_Selat_Malaka,3.63,4,GFW_MOCK
2023-03-01,3.75,100.25,WPP_571_Selat_Malaka,1.33,11,GFW_MOCK
2023-03-01,3.75,100.75,WPP_571_Selat_Malaka,20.76,8,GFW_MOCK
2023-03-01,3.75,101.25,WPP_571_Selat_Malaka,7.89,9,GFW_MOCK
2023-03-01,3.75,101.75,WPP_571_Selat_Malaka,4.11,2,GFW_MOCK
2023-03-01,3.75,102.25,WPP_571_Selat_Malaka,5.66,7,GFW_MOCK
2023-03-01,3.75,102.75,WPP_571_Selat_Malaka,67.3,7,GFW_MOCK
2023-03-01,3.75,103.25,WPP_571_Selat_Malaka,25.5,8,GFW_MOCK
2023-03-01,3.75,103.75,WPP_571_Selat_Malaka,23.09,9,GFW_MOCK
2023-03-01,4.25,95.25,WPP_571_Selat_Malaka,3.88,10,GFW_MOCK
2023-03-01,4.25,95.75,WPP_571_Selat_Malaka,19.44,7,GFW_MOCK
2023-03-01,4.25,96.25,WPP_571_Selat_Malaka,4.16,9,GFW_MOCK
2023-03-01,4.25,96.75,WPP_571_Selat_Malaka,11.65,8,GFW_MOCK
2023-03-01,4.25,97.25,WPP_571_Selat_Malaka,9.28,9,GFW_MOCK
2023-03-01,4.25,97.75,WPP_571_Selat_Malaka,2.63,15,GFW_MOCK
2023-03-01,4.25,98.25,WPP_571_Selat_Malaka,32.92,10,GFW_MOCK
2023-03-01,4.25,98.75,WPP_571_Selat_Malaka,2.49,7,GFW_MOCK
2023-03-01,4.25,99.25,WPP_571_Selat_Malaka,25.92,4,GFW_MOCK
2023-03-01,4.25,99.75,WPP_571_Selat_Malaka,72.7,7,GFW_MOCK
2023-03-01,4.25,100.25,WPP_571_Selat_Malaka,32.01,6,GFW_MOCK
2023-03-01,4.25,100.75,WPP_571_Selat_Malaka,1.35,10,GFW_MOCK
2023-03-01,4.25,101.25,WPP_571_Selat_Malaka,17.28,2,GFW_MOCK
2023-03-01,4.25,101.75,WPP_571_Selat_Malaka,5.76,15,GFW_MOCK
2023-03-01,4.25,102.25,WPP_571_Selat_Malaka,2.95,8,GFW_MOCK
2023-03-01,4.25,102.75,WPP_571_Selat_Malaka,36.5,6,GFW_MOCK
2023-03-01,4.25,103.25,WPP_571_Selat_Malaka,30.12,5,GFW_MOCK
2023-03-01,4.25,103.75,WPP_571_Selat_Malaka,9.38,9,GFW_MOCK
2023-03-01,4.75,95.25,WPP_571_Selat_Malaka,225.15,5,GFW_MOCK
2023-03-01,4.75,95.75,WPP_571_Selat_Malaka,29.25,8,GFW_MOCK
2023-03-01,4.75,96.25,WPP_571_Selat_Malaka,10.07,11,GFW_MOCK
2023-03-01,4.75,96.75,WPP_571_Selat_Malaka,3.54,6,GFW_MOCK
2023-03-01,4.75,97.25,WPP_571_Selat_Malaka,36.14,9,GFW_MOCK
2023-03-01,4.75,97.75,WPP_571_Selat_Malaka,45.88,8,GFW_MOCK
2023-03-01,4.75,98.25,WPP_571_Selat_Malaka,9.85,9,GFW_MOCK
2023-03-01,4.75,98.75,WPP_571_Selat_Malaka,8.96,16,GFW_MOCK
2023-03-01,4.75,99.25,WPP_571_Selat_Malaka,89.36,7,GFW_MOCK
2023-03-01,4.75,99.75,WPP_571_Selat_Malaka,13.14,12,GFW_MOCK
2023-03-01,4.75,100.25,WPP_571_Selat_Malaka,36.76,4,GFW_MOCK
2023-03-01,4.75,100.75,WPP_571_Selat_Malaka,30.59,7,GFW_MOCK
2023-03-01,4.75,101.25,WPP_571_Selat_Malaka,25.51,9,GFW_MOCK
2023-03-01,4.75,101.75,WPP_571_Selat_Malaka,11.99,11,GFW_MOCK
2023-01-01,-5.75,95.25,WPP_572_Samudera_Hindia_Barat,7.71,5,GFW_MOCK
2023-01-01,-5.75,95.75,WPP_572_Samudera_Hindia_Barat,16.89,5,GFW_MOCK
2023-01-01,-5.75,96.25,WPP_572_Samudera_Hindia_Barat,11.42,14,GFW_MOCK
2023-01-01,-5.75,96.75,WPP_572_Samudera_Hindia_Barat,33.61,13,GFW_MOCK
2023-01-01,-5.75,97.25,WPP_572_Samudera_Hindia_Barat,6.55,8,GFW_MOCK
2023-01-01,-5.75,97.75,WPP_572_Samudera_Hindia_Barat,168.02,5,GFW_MOCK
2023-01-01,-5.75,98.25,WPP_572_Samudera_Hindia_Barat,18.16,6,GFW_MOCK
2023-01-01,-5.75,98.75,WPP_572_Samudera_Hindia_Barat,5.73,8,GFW_MOCK
2023-01-01,-5.75,99.25,WPP_572_Samudera_Hindia_Barat,7.2,4,GFW_MOCK
2023-01-01,-5.75,99.75,WPP_572_Samudera_Hindia_Barat,16.68,7,GFW_MOCK
2023-01-01,-5.75,100.25,WPP_572_Samudera_Hindia_Barat,8.84,5,GFW_MOCK
2023-01-01,-5.75,100.75,WPP_572_Samudera_Hindia_Barat,48.69,7,GFW_MOCK
2023-01-01,-5.75,101.25,WPP_572_Samudera_Hindia_Barat,16.01,6,GFW_MOCK
2023-01-01,-5.75,101.75,WPP_572_Samudera_Hindia_Barat,33.06,10,GFW_MOCK
2023-01-01,-5.75,102.25,WPP_572_Samudera_Hindia_Barat,2.62,10,GFW_MOCK
2023-01-01,-5.75,102.75,WPP_572_Samudera_Hindia_Barat,25.03,3,GFW_MOCK
2023-01-01,-5.75,103.25,WPP_572_Samudera_Hindia_Barat,8.51,11,GFW_MOCK
2023-01-01,-5.75,103.75,WPP_572_Samudera_Hindia_Barat,11.13,10,GFW_MOCK
2023-01-01,-5.75,104.25,WPP_572_Samudera_Hindia_Barat,2.92,8,GFW_MOCK
2023-01-01,-5.75,104.75,WPP_572_Samudera_Hindia_Barat,68.7,4,GFW_MOCK
2023-01-01,-5.25,95.25,WPP_572_Samudera_Hindia_Barat,7.2,13,GFW_MOCK
2023-01-01,-5.25,95.75,WPP_572_Samudera_Hindia_Barat,31.95,5,GFW_MOCK
2023-01-01,-5.25,96.25,WPP_572_Samudera_Hindia_Barat,35.89,4,GFW_MOCK
2023-01-01,-5.25,96.75,WPP_572_Samudera_Hindia_Barat,12.37,10,GFW_MOCK
2023-01-01,-5.25,97.25,WPP_572_Samudera_Hindia_Barat,41.53,12,GFW_MOCK
2023-01-01,-5.25,97.75,WPP_572_Samudera_Hindia_Barat,42.13,5,GFW_MOCK
2023-01-01,-5.25,98.25,WPP_572_Samudera_Hindia_Barat,5.59,10,GFW_MOCK
2023-01-01,-5.25,98.75,WPP_572_Samudera_Hindia_Barat,3.33,10,GFW_MOCK
2023-01-01,-5.25,99.25,WPP_572_Samudera_Hindia_Barat,10.79,8,GFW_MOCK
2023-01-01,-5.25,99.75,WPP_572_Samudera_Hindia_Barat,27.09,11,GFW_MOCK
2023-01-01,-5.25,100.25,WPP_572_Samudera_Hindia_Barat,29.24,7,GFW_MOCK
2023-01-01,-5.25,100.75,WPP_572_Samudera_Hindia_Barat,25.9,9,GFW_MOCK
2023-01-01,-5.25,101.25,WPP_572_Samudera_Hindia_Barat,3.66,4,GFW_MOCK
2023-01-01,-5.25,101.75,WPP_572_Samudera_Hindia_Barat,8.49,2,GFW_MOCK
2023-01-01,-5.25,102.25,WPP_572_Samudera_Hindia_Barat,2.14,10,GFW_MOCK
2023-01-01,-5.25,102.75,WPP_572_Samudera_Hindia_Barat,20.32,5,GFW_MOCK
2023-01-01,-5.25,103.25,WPP_572_Samudera_Hindia_Barat,32.59,6,GFW_MOCK
2023-01-01,-5.25,103.75,WPP_572_Samudera_Hindia_Barat,7.21,3,GFW_MOCK
2023-01-01,-5.25,104.25,WPP_572_Samudera_Hindia_Barat,144.51,11,GFW_MOCK
2023-01-01,-5.25,104.75,WPP_572_Samudera_Hindia_Barat,16.68,17,GFW_MOCK
2023-01-01,-4.75,95.25,WPP_572_Samudera_Hindia_Barat,14.76,11,GFW_MOCK
2023-01-01,-4.75,95.75,WPP_572_Samudera_Hindia_Barat,52.7,10,GFW_MOCK
2023-01-01,-4.75,96.25,WPP_572_Samudera_Hindia_Barat,35.38,8,GFW_MOCK
2023-01-01,-4.75,96.75,WPP_572_Samudera_Hindia_Barat,26.77,10,GFW_MOCK
2023-01-01,-4.75,97.25,WPP_572_Samudera_Hindia_Barat,11.3,11,GFW_MOCK
2023-01-01,-4.75,97.75,WPP_572_Samudera_Hindia_Barat,15.23,11,GFW_MOCK
2023-01-01,-4.75,98.25,WPP_572_Samudera_Hindia_Barat,15.88,16,GFW_MOCK
2023-01-01,-4.75,98.75,WPP_572_Samudera_Hindia_Barat,4.42,4,GFW_MOCK
2023-01-01,-4.75,99.25,WPP_572_Samudera_Hindia_Barat,3.33,10,GFW_MOCK
2023-01-01,-4.75,99.75,WPP_572_Samudera_Hindia_Barat,2.98,8,GFW_MOCK
2023-01-01,-4.75,100.25,WPP_572_Samudera_Hindia_Barat,47.92,8,GFW_MOCK
2023-01-01,-4.75,100.75,WPP_572_Samudera_Hindia_Barat,11.25,8,GFW_MOCK
2023-01-01,-4.75,101.25,WPP_572_Samudera_Hindia_Barat,4.0,7,GFW_MOCK
2023-01-01,-4.75,101.75,WPP_572_Samudera_Hindia_Barat,12.29,7,GFW_MOCK
2023-01-01,-4.75,102.25,WPP_572_Samudera_Hindia_Barat,31.85,6,GFW_MOCK
2023-01-01,-4.75,102.75,WPP_572_Samudera_Hindia_Barat,19.09,6,GFW_MOCK
2023-01-01,-4.75,103.25,WPP_572_Samudera_Hindia_Barat,12.38,6,GFW_MOCK
2023-01-01,-4.75,103.75,WPP_572_Samudera_Hindia_Barat,44.2,10,GFW_MOCK
2023-01-01,-4.75,104.25,WPP_572_Samudera_Hindia_Barat,17.18,7,GFW_MOCK
2023-01-01,-4.75,104.75,WPP_572_Samudera_Hindia_Barat,1.11,4,GFW_MOCK
2023-01-01,-4.25,95.25,WPP_572_Samudera_Hindia_Barat,3.57,10,GFW_MOCK
2023-01-01,-4.25,95.75,WPP_572_Samudera_Hindia_Barat,4.52,10,GFW_MOCK
2023-01-01,-4.25,96.25,WPP_572_Samudera_Hindia_Barat,0.58,8,GFW_MOCK
2023-01-01,-4.25,96.75,WPP_572_Samudera_Hindia_Barat,18.56,9,GFW_MOCK
2023-01-01,-4.25,97.25,WPP_572_Samudera_Hindia_Barat,8.73,7,GFW_MOCK
2023-01-01,-4.25,97.75,WPP_572_Samudera_Hindia_Barat,51.1,7,GFW_MOCK
2023-01-01,-4.25,98.25,WPP_572_Samudera_Hindia_Barat,277.82,12,GFW_MOCK
2023-01-01,-4.25,98.75,WPP_572_Samudera_Hindia_Barat,82.55,8,GFW_MOCK
2023-01-01,-4.25,99.25,WPP_572_Samudera_Hindia_Barat,5.83,8,GFW_MOCK
2023-01-01,-4.25,99.75,WPP_572_Samudera_Hindia_Barat,11.82,5,GFW_MOCK
2023-01-01,-4.25,100.25,WPP_572_Samudera_Hindia_Barat,40.04,10,GFW_MOCK
2023-01-01,-4.25,100.75,WPP_572_Samudera_Hindia_Barat,1.61,7,GFW_MOCK
2023-01-01,-4.25,101.25,WPP_572_Samudera_Hindia_Barat,19.22,10,GFW_MOCK
2023-01-01,-4.25,101.75,WPP_572_Samudera_Hindia_Barat,5.41,12,GFW_MOCK
2023-01-01,-4.25,102.25,WPP_572_Samudera_Hindia_Barat,158.98,8,GFW_MOCK
2023-01-01,-4.25,102.75,WPP_572_Samudera_Hindia_Barat,6.25,4,GFW_MOCK
2023-01-01,-4.25,103.25,WPP_572_Samudera_Hindia_Barat,25.73,12,GFW_MOCK
2023-01-01,-4.25,103.75,WPP_572_Samudera_Hindia_Barat,19.87,5,GFW_MOCK
2023-01-01,-4.25,104.25,WPP_572_Samudera_Hindia_Barat,28.98,6,GFW_MOCK
2023-01-01,-4.25,104.75,WPP_572_Samudera_Hindia_Barat,26.4,7,GFW_MOCK
2023-01-01,-3.75,95.25,WPP_572_Samudera_Hindia_Barat,29.63,7,GFW_MOCK
2023-01-01,-3.75,95.75,WPP_572_Samudera_Hindia_Barat,35.38,6,GFW_MOCK
2023-01-01,-3.75,96.25,WPP_572_Samudera_Hindia_Barat,4.18,8,GFW_MOCK
2023-01-01,-3.75,96.75,WPP_572_Samudera_Hindia_Barat,2.75,7,GFW_MOCK
2023-01-01,-3.75,97.25,WPP_572_Samudera_Hindia_Barat,11.78,11,GFW_MOCK
2023-01-01,-3.75,97.75,WPP_572_Samudera_Hindia_Barat,5.84,8,GFW_MOCK
2023-01-01,-3.75,98.25,WPP_572_Samudera_Hindia_Barat,50.35,6,GFW_MOCK
2023-01-01,-3.75,98.75,WPP_572_Samudera_Hindia_Barat,21.78,11,GFW_MOCK
2023-01-01,-3.75,99.25,WPP_572_Samudera_Hindia_Barat,16.15,11,GFW_MOCK
2023-01-01,-3.75,99.75,WPP_572_Samudera_Hindia_Barat,25.21,4,GFW_MOCK
2023-01-01,-3.75,100.25,WPP_572_Samudera_Hindia_Barat,5.98,9,GFW_MOCK
2023-01-01,-3.75,100.75,WPP_572_Samudera_Hindia_Barat,13.4,5,GFW_MOCK
2023-01-01,-3.75,101.25,WPP_572_Samudera_Hindia_Barat,3.98,13,GFW_MOCK
2023-01-01,-3.75,101.75,WPP_572_Samudera_Hindia_Barat,9.53,5,GFW_MOCK
2023-01-01,-3.75,102.25,WPP_572_Samudera_Hindia_Barat,14.78,6,GFW_MOCK
2023-01-01,-3.75,102.75,WPP_572_Samudera_Hindia_Barat,9.96,10,GFW_MOCK
2023-01-01,-3.75,103.25,WPP_572_Samudera_Hindia_Barat,30.98,8,GFW_MOCK
2023-01-01,-3.75,103.75,WPP_572_Samudera_Hindia_Barat,5.81,4,GFW_MOCK
2023-01-01,-3.75,104.25,WPP_572_Samudera_Hindia_Barat,10.13,7,GFW_MOCK
2023-01-01,-3.75,104.75,WPP_572_Samudera_Hindia_Barat,5.12,14,GFW_MOCK
2023-01-01,-3.25,95.25,WPP_572_Samudera_Hindia_Barat,49.38,6,GFW_MOCK
2023-01-01,-3.25,95.75,WPP_572_Samudera_Hindia_Barat,15.76,4,GFW_MOCK
2023-01-01,-3.25,96.25,WPP_572_Samudera_Hindia_Barat,8.05,5,GFW_MOCK
2023-01-01,-3.25,96.75,WPP_572_Samudera_Hindia_Barat,14.96,9,GFW_MOCK
2023-01-01,-3.25,97.25,WPP_572_Samudera_Hindia_Barat,144.68,11,GFW_MOCK
2023-01-01,-3.25,97.75,WPP_572_Samudera_Hindia_Barat,24.12,10,GFW_MOCK
2023-01-01,-3.25,98.25,WPP_572_Samudera_Hindia_Barat,11.03,8,GFW_MOCK
2023-01-01,-3.25,98.75,WPP_572_Samudera_Hindia_Barat,51.13,2,GFW_MOCK
2023-01-01,-3.25,99.25,WPP_572_Samudera_Hindia_Barat,14.58,5,GFW_MOCK
2023-01-01,-3.25,99.75,WPP_572_Samudera_Hindia_Barat,11.82,8,GFW_MOCK
2023-01-01,-3.25,100.25,WPP_572_Samudera_Hindia_Barat,4.94,4,GFW_MOCK
2023-01-01,-3.25,100.75,WPP_572_Samudera_Hindia_Barat,16.59,11,GFW_MOCK
2023-01-01,-3.25,101.25,WPP_572_Samudera_Hindia_Barat,44.85,9,GFW_MOCK
2023-01-01,-3.25,101.75,WPP_572_Samudera_Hindia_Barat,5.07,3,GFW_MOCK
2023-01-01,-3.25,102.25,WPP_572_Samudera_Hindia_Barat,10.71,12,GFW_MOCK
2023-01-01,-3.25,102.75,WPP_572_Samudera_Hindia_Barat,15.59,5,GFW_MOCK
2023-01-01,-3.25,103.25,WPP_572_Samudera_Hindia_Barat,8.39,12,GFW_MOCK
2023-01-01,-3.25,103.75,WPP_572_Samudera_Hindia_Barat,2.98,7,GFW_MOCK
2023-01-01,-3.25,104.25,WPP_572_Samudera_Hindia_Barat,7.55,6,GFW_MOCK
2023-01-01,-3.25,104.75,WPP_572_Samudera_Hindia_Barat,88.68,6,GFW_MOCK
2023-01-01,-2.75,95.25,WPP_572_Samudera_Hindia_Barat,7.49,6,GFW_MOCK
2023-01-01,-2.75,95.75,WPP_572_Samudera_Hindia_Barat,12.53,6,GFW_MOCK
2023-01-01,-2.75,96.25,WPP_572_Samudera_Hindia_Barat,7.5,6,GFW_MOCK
2023-01-01,-2.75,96.75,WPP_572_Samudera_Hindia_Barat,9.58,10,GFW_MOCK
2023-01-01,-2.75,97.25,WPP_572_Samudera_Hindia_Barat,17.31,8,GFW_MOCK
2023-01-01,-2.75,97.75,WPP_572_Samudera_Hindia_Barat,1.83,5,GFW_MOCK
2023-01-01,-2.75,98.25,WPP_572_Samudera_Hindia_Barat,29.23,8,GFW_MOCK
2023-01-01,-2.75,98.75,WPP_572_Samudera_Hindia_Barat,60.31,9,GFW_MOCK
2023-01-01,-2.75,99.25,WPP_572_Samudera_Hindia_Barat,4.67,10,GFW_MOCK
2023-01-01,-2.75,99.75,WPP_572_Samudera_Hindia_Barat,34.03,3,GFW_MOCK
2023-01-01,-2.75,100.25,WPP_572_Samudera_Hindia_Barat,9.09,9,GFW_MOCK
2023-01-01,-2.75,100.75,WPP_572_Samudera_Hindia_Barat,7.59,10,GFW_MOCK
2023-01-01,-2.75,101.25,WPP_572_Samudera_Hindia_Barat,100.49,6,GFW_MOCK
2023-01-01,-2.75,101.75,WPP_572_Samudera_Hindia_Barat,14.01,12,GFW_MOCK
2023-01-01,-2.75,102.25,WPP_572_Samudera_Hindia_Barat,14.32,7,GFW_MOCK
2023-01-01,-2.75,102.75,WPP_572_Samudera_Hindia_Barat,143.75,14,GFW_MOCK
2023-01-01,-2.75,103.25,WPP_572_Samudera_Hindia_Barat,1.7,7,GFW_MOCK
2023-01-01,-2.75,103.75,WPP_572_Samudera_Hindia_Barat,32.64,8,GFW_MOCK
2023-01-01,-2.75,104.25,WPP_572_Samudera_Hindia_Barat,92.56,11,GFW_MOCK
2023-01-01,-2.75,104.75,WPP_572_Samudera_Hindia_Barat,9.6,11,GFW_MOCK
2023-01-01,-2.25,95.25,WPP_572_Samudera_Hindia_Barat,4.54,3,GFW_MOCK
2023-01-01,-2.25,95.75,WPP_572_Samudera_Hindia_Barat,11.49,13,GFW_MOCK
2023-01-01,-2.25,96.25,WPP_572_Samudera_Hindia_Barat,1.12,6,GFW_MOCK
2023-01-01,-2.25,96.75,WPP_572_Samudera_Hindia_Barat,9.3,5,GFW_MOCK
2023-01-01,-2.25,97.25,WPP_572_Samudera_Hindia_Barat,15.25,8,GFW_MOCK
2023-01-01,-2.25,97.75,WPP_572_Samudera_Hindia_Barat,38.71,6,GFW_MOCK
2023-01-01,-2.25,98.25,WPP_572_Samudera_Hindia_Barat,2.27,7,GFW_MOCK
2023-01-01,-2.25,98.75,WPP_572_Samudera_Hindia_Barat,33.64,6,GFW_MOCK
2023-01-01,-2.25,99.25,WPP_572_Samudera_Hindia_Barat,58.56,8,GFW_MOCK
2023-01-01,-2.25,99.75,WPP_572_Samudera_Hindia_Barat,15.83,4,GFW_MOCK
2023-01-01,-2.25,100.25,WPP_572_Samudera_Hindia_Barat,23.36,4,GFW_MOCK
2023-01-01,-2.25,100.75,WPP_572_Samudera_Hindia_Barat,30.04,6,GFW_MOCK
2023-01-01,-2.25,101.25,WPP_572_Samudera_Hindia_Barat,3.06,5,GFW_MOCK
2023-01-01,-2.25,101.75,WPP_572_Samudera_Hindia_Barat,5.24,9,GFW_MOCK
2023-01-01,-2.25,102.25,WPP_572_Samudera_Hindia_Barat,44.59,8,GFW_MOCK
2023-01-01,-2.25,102.75,WPP_572_Samudera_Hindia_Barat,10.83,10,GFW_MOCK
2023-01-01,-2.25,103.25,WPP_572_Samudera_Hindia_Barat,25.77,7,GFW_MOCK
2023-01-01,-2.25,103.75,WPP_572_Samudera_Hindia_Barat,10.83,5,GFW_MOCK
2023-01-01,-2.25,104.25,WPP_572_Samudera_Hindia_Barat,8.89,4,GFW_MOCK
2023-01-01,-2.25,104.75,WPP_572_Samudera_Hindia_Barat,6.3,7,GFW_MOCK
2023-01-01,-1.75,95.25,WPP_572_Samudera_Hindia_Barat,10.57,7,GFW_MOCK
2023-01-01,-1.75,95.75,WPP_572_Samudera_Hindia_Barat,10.49,7,GFW_MOCK
2023-01-01,-1.75,96.25,WPP_572_Samudera_Hindia_Barat,35.59,4,GFW_MOCK
2023-01-01,-1.75,96.75,WPP_572_Samudera_Hindia_Barat,1.95,6,GFW_MOCK
2023-01-01,-1.75,97.25,WPP_572_Samudera_Hindia_Barat,20.2,8,GFW_MOCK
2023-01-01,-1.75,97.75,WPP_572_Samudera_Hindia_Barat,58.64,6,GFW_MOCK
2023-01-01,-1.75,98.25,WPP_572_Samudera_Hindia_Barat,140.91,5,GFW_MOCK
2023-01-01,-1.75,98.75,WPP_572_Samudera_Hindia_Barat,10.79,8,GFW_MOCK
2023-01-01,-1.75,99.25,WPP_572_Samudera_Hindia_Barat,18.25,4,GFW_MOCK
2023-01-01,-1.75,99.75,WPP_572_Samudera_Hindia_Barat,3.55,6,GFW_MOCK
2023-01-01,-1.75,100.25,WPP_572_Samudera_Hindia_Barat,24.68,8,GFW_MOCK
2023-01-01,-1.75,100.75,WPP_572_Samudera_Hindia_Barat,23.09,6,GFW_MOCK
2023-01-01,-1.75,101.25,WPP_572_Samudera_Hindia_Barat,3.97,10,GFW_MOCK
2023-01-01,-1.75,101.75,WPP_572_Samudera_Hindia_Barat,7.16,7,GFW_MOCK
2023-01-01,-1.75,102.25,WPP_572_Samudera_Hindia_Barat,3.94,8,GFW_MOCK
2023-01-01,-1.75,102.75,WPP_572_Samudera_Hindia_Barat,9.16,8,GFW_MOCK
2023-01-01,-1.75,103.25,WPP_572_Samudera_Hindia_Barat,6.2,11,GFW_MOCK
2023-01-01,-1.75,103.75,WPP_572_Samudera_Hindia_Barat,1.66,13,GFW_MOCK
2023-01-01,-1.75,104.25,WPP_572_Samudera_Hindia_Barat,10.12,8,GFW_MOCK
2023-01-01,-1.75,104.75,WPP_572_Samudera_Hindia_Barat,11.49,10,GFW_MOCK
2023-01-01,-1.25,95.25,WPP_572_Samudera_Hindia_Barat,184.91,11,GFW_MOCK
2023-01-01,-1.25,95.75,WPP_572_Samudera_Hindia_Barat,1.25,7,GFW_MOCK
2023-01-01,-1.25,96.25,WPP_572_Samudera_Hindia_Barat,16.69,11,GFW_MOCK
2023-01-01,-1.25,96.75,WPP_572_Samudera_Hindia_Barat,61.31,7,GFW_MOCK
2023-01-01,-1.25,97.25,WPP_572_Samudera_Hindia_Barat,18.86,5,GFW_MOCK
2023-01-01,-1.25,97.75,WPP_572_Samudera_Hindia_Barat,14.73,5,GFW_MOCK
2023-01-01,-1.25,98.25,WPP_572_Samudera_Hindia_Barat,9.87,8,GFW_MOCK
2023-01-01,-1.25,98.75,WPP_572_Samudera_Hindia_Barat,40.28,5,GFW_MOCK
2023-01-01,-1.25,99.25,WPP_572_Samudera_Hindia_Barat,27.98,11,GFW_MOCK
2023-01-01,-1.25,99.75,WPP_572_Samudera_Hindia_Barat,24.4,11,GFW_MOCK
2023-01-01,-1.25,100.25,WPP_572_Samudera_Hindia_Barat,0.95,9,GFW_MOCK
2023-01-01,-1.25,100.75,WPP_572_Samudera_Hindia_Barat,15.52,8,GFW_MOCK
2023-01-01,-1.25,101.25,WPP_572_Samudera_Hindia_Barat,15.0,16,GFW_MOCK
2023-01-01,-1.25,101.75,WPP_572_Samudera_Hindia_Barat,2.49,5,GFW_MOCK
2023-01-01,-1.25,102.25,WPP_572_Samudera_Hindia_Barat,10.14,5,GFW_MOCK
2023-01-01,-1.25,102.75,WPP_572_Samudera_Hindia_Barat,3.06,10,GFW_MOCK
2023-01-01,-1.25,103.25,WPP_572_Samudera_Hindia_Barat,56.47,6,GFW_MOCK
2023-01-01,-1.25,103.75,WPP_572_Samudera_Hindia_Barat,165.88,12,GFW_MOCK
2023-01-01,-1.25,104.25,WPP_572_Samudera_Hindia_Barat,12.71,5,GFW_MOCK
2023-01-01,-1.25,104.75,WPP_572_Samudera_Hindia_Barat,14.93,8,GFW_MOCK
2023-01-01,-0.75,95.25,WPP_572_Samudera_Hindia_Barat,6.77,8,GFW_MOCK
2023-01-01,-0.75,95.75,WPP_572_Samudera_Hindia_Barat,17.46,18,GFW_MOCK
2023-01-01,-0.75,96.25,WPP_572_Samudera_Hindia_Barat,7.37,11,GFW_MOCK
2023-01-01,-0.75,96.75,WPP_572_Samudera_Hindia_Barat,40.44,7,GFW_MOCK
2023-01-01,-0.75,97.25,WPP_572_Samudera_Hindia_Barat,39.89,9,GFW_MOCK
2023-01-01,-0.75,97.75,WPP_572_Samudera_Hindia_Barat,14.16,8,GFW_MOCK
2023-01-01,-0.75,98.25,WPP_572_Samudera_Hindia_Barat,5.62,10,GFW_MOCK
2023-01-01,-0.75,98.75,WPP_572_Samudera_Hindia_Barat,11.03,7,GFW_MOCK
2023-01-01,-0.75,99.25,WPP_572_Samudera_Hindia_Barat,5.9,11,GFW_MOCK
2023-01-01,-0.75,99.75,WPP_572_Samudera_Hindia_Barat,7.79,6,GFW_MOCK
2023-01-01,-0.75,100.25,WPP_572_Samudera_Hindia_Barat,10.71,8,GFW_MOCK
2023-01-01,-0.75,100.75,WPP_572_Samudera_Hindia_Barat,9.54,5,GFW_MOCK
2023-01-01,-0.75,101.25,WPP_572_Samudera_Hindia_Barat,22.41,7,GFW_MOCK
2023-01-01,-0.75,101.75,WPP_572_Samudera_Hindia_Barat,9.6,7,GFW_MOCK
2023-01-01,-0.75,102.25,WPP_572_Samudera_Hindia_Barat,12.73,10,GFW_MOCK
2023-01-01,-0.75,102.75,WPP_572_Samudera_Hindia_Barat,4.36,14,GFW_MOCK
2023-01-01,-0.75,103.25,WPP_572_Samudera_Hindia_Barat,6.36,8,GFW_MOCK
2023-01-01,-0.75,103.75,WPP_572_Samudera_Hindia_Barat,3.77,5,GFW_MOCK
2023-01-01,-0.75,104.25,WPP_572_Samudera_Hindia_Barat,12.66,8,GFW_MOCK
2023-01-01,-0.75,104.75,WPP_572_Samudera_Hindia_Barat,4.21,10,GFW_MOCK
2023-01-01,-0.25,95.25,WPP_572_Samudera_Hindia_Barat,51.47,7,GFW_MOCK
2023-01-01,-0.25,95.75,WPP_572_Samudera_Hindia_Barat,4.31,6,GFW_MOCK
2023-01-01,-0.25,96.25,WPP_572_Samudera_Hindia_Barat,17.34,7,GFW_MOCK
2023-01-01,-0.25,96.75,WPP_572_Samudera_Hindia_Barat,14.1,5,GFW_MOCK
2023-01-01,-0.25,97.25,WPP_572_Samudera_Hindia_Barat,84.78,6,GFW_MOCK
2023-01-01,-0.25,97.75,WPP_572_Samudera_Hindia_Barat,13.3,10,GFW_MOCK
2023-01-01,-0.25,98.25,WPP_572_Samudera_Hindia_Barat,2.93,13,GFW_MOCK
2023-01-01,-0.25,98.75,WPP_572_Samudera_Hindia_Barat,31.22,8,GFW_MOCK
2023-01-01,-0.25,99.25,WPP_572_Samudera_Hindia_Barat,57.86,6,GFW_MOCK
2023-01-01,-0.25,99.75,WPP_572_Samudera_Hindia_Barat,210.1,8,GFW_MOCK
2023-01-01,-0.25,100.25,WPP_572_Samudera_Hindia_Barat,16.03,4,GFW_MOCK
2023-01-01,-0.25,100.75,WPP_572_Samudera_Hindia_Barat,5.84,14,GFW_MOCK
2023-01-01,-0.25,101.25,WPP_572_Samudera_Hindia_Barat,8.53,8,GFW_MOCK
2023-01-01,-0.25,101.75,WPP_572_Samudera_Hindia_Barat,8.3,7,GFW_MOCK
2023-01-01,-0.25,102.25,WPP_572_Samudera_Hindia_Barat,23.13,12,GFW_MOCK
2023-01-01,-0.25,102.75,WPP_572_Samudera_Hindia_Barat,17.03,10,GFW_MOCK
2023-01-01,-0.25,103.25,WPP_572_Samudera_Hindia_Barat,17.04,9,GFW_MOCK
2023-01-01,-0.25,103.75,WPP_572_Samudera_Hindia_Barat,40.37,4,GFW_MOCK
2023-01-01,-0.25,104.25,WPP_572_Samudera_Hindia_Barat,89.46,15,GFW_MOCK
2023-01-01,-0.25,104.75,WPP_572_Samudera_Hindia_Barat,3.04,5,GFW_MOCK
2023-01-01,0.25,95.25,WPP_572_Samudera_Hindia_Barat,29.58,8,GFW_MOCK
2023-01-01,0.25,95.75,WPP_572_Samudera_Hindia_Barat,35.07,13,GFW_MOCK
2023-01-01,0.25,96.25,WPP_572_Samudera_Hindia_Barat,2.07,6,GFW_MOCK
2023-01-01,0.25,96.75,WPP_572_Samudera_Hindia_Barat,96.65,8,GFW_MOCK
2023-01-01,0.25,97.25,WPP_572_Samudera_Hindia_Barat,21.63,10,GFW_MOCK
2023-01-01,0.25,97.75,WPP_572_Samudera_Hindia_Barat,2.97,9,GFW_MOCK
2023-01-01,0.25,98.25,WPP_572_Samudera_Hindia_Barat,93.65,15,GFW_MOCK
2023-01-01,0.25,98.75,WPP_572_Samudera_Hindia_Barat,25.11,5,GFW_MOCK
2023-01-01,0.25,99.25,WPP_572_Samudera_Hindia_Barat,6.36,7,GFW_MOCK
2023-01-01,0.25,99.75,WPP_572_Samudera_Hindia_Barat,29.54,15,GFW_MOCK
2023-01-01,0.25,100.25,WPP_572_Samudera_Hindia_Barat,4.53,11,GFW_MOCK
2023-01-01,0.25,100.75,WPP_572_Samudera_Hindia_Barat,6.47,3,GFW_MOCK
2023-01-01,0.25,101.25,WPP_572_Samudera_Hindia_Barat,3.23,7,GFW_MOCK
2023-01-01,0.25,101.75,WPP_572_Samudera_Hindia_Barat,12.14,12,GFW_MOCK
2023-01-01,0.25,102.25,WPP_572_Samudera_Hindia_Barat,12.83,6,GFW_MOCK
2023-01-01,0.25,102.75,WPP_572_Samudera_Hindia_Barat,17.69,9,GFW_MOCK
2023-01-01,0.25,103.25,WPP_572_Samudera_Hindia_Barat,11.84,9,GFW_MOCK
2023-01-01,0.25,103.75,WPP_572_Samudera_Hindia_Barat,1.58,10,GFW_MOCK
2023-01-01,0.25,104.25,WPP_572_Samudera_Hindia_Barat,4.11,2,GFW_MOCK
2023-01-01,0.25,104.75,WPP_572_Samudera_Hindia_Barat,27.96,3,GFW_MOCK
2023-01-01,0.75,95.25,WPP_572_Samudera_Hindia_Barat,83.31,10,GFW_MOCK
2023-01-01,0.75,95.75,WPP_572_Samudera_Hindia_Barat,6.64,9,GFW_MOCK
2023-01-01,0.75,96.25,WPP_572_Samudera_Hindia_Barat,18.59,12,GFW_MOCK
2023-01-01,0.75,96.75,WPP_572_Samudera_Hindia_Barat,12.19,12,GFW_MOCK
2023-01-01,0.75,97.25,WPP_572_Samudera_Hindia_Barat,16.43,7,GFW_MOCK
2023-01-01,0.75,97.75,WPP_572_Samudera_Hindia_Barat,8.03,9,GFW_MOCK
2023-01-01,0.75,98.25,WPP_572_Samudera_Hindia_Barat,23.86,5,GFW_MOCK
2023-01-01,0.75,98.75,WPP_572_Samudera_Hindia_Barat,14.49,8,GFW_MOCK
2023-01-01,0.75,99.25,WPP_572_Samudera_Hindia_Barat,6.65,6,GFW_MOCK
2023-01-01,0.75,99.75,WPP_572_Samudera_Hindia_Barat,2.63,10,GFW_MOCK
2023-01-01,0.75,100.25,WPP_572_Samudera_Hindia_Barat,2.98,10,GFW_MOCK
2023-01-01,0.75,100.75,WPP_572_Samudera_Hindia_Barat,9.69,6,GFW_MOCK
2023-01-01,0.75,101.25,WPP_572_Samudera_Hindia_Barat,1.67,9,GFW_MOCK
2023-01-01,0.75,101.75,WPP_572_Samudera_Hindia_Barat,5.44,10,GFW_MOCK
2023-01-01,0.75,102.25,WPP_572_Samudera_Hindia_Barat,26.53,9,GFW_MOCK
2023-01-01,0.75,102.75,WPP_572_Samudera_Hindia_Barat,30.47,9,GFW_MOCK
2023-01-01,0.75,103.25,WPP_572_Samudera_Hindia_Barat,11.45,9,GFW_MOCK
2023-01-01,0.75,103.75,WPP_572_Samudera_Hindia_Barat,15.95,5,GFW_MOCK
2023-01-01,0.75,104.25,WPP_572_Samudera_Hindia_Barat,4.77,5,GFW_MOCK
2023-01-01,0.75,104.75,WPP_572_Samudera_Hindia_Barat,88.87,9,GFW_MOCK
2023-01-01,1.25,95.25,WPP_572_Samudera_Hindia_Barat,0.69,7,GFW_MOCK
2023-01-01,1.25,95.75,WPP_572_Samudera_Hindia_Barat,22.93,12,GFW_MOCK
2023-01-01,1.25,96.25,WPP_572_Samudera_Hindia_Barat,56.23,11,GFW_MOCK
2023-01-01,1.25,96.75,WPP_572_Samudera_Hindia_Barat,73.17,13,GFW_MOCK
2023-01-01,1.25,97.25,WPP_572_Samudera_Hindia_Barat,16.78,10,GFW_MOCK
2023-01-01,1.25,97.75,WPP_572_Samudera_Hindia_Barat,16.08,15,GFW_MOCK
2023-01-01,1.25,98.25,WPP_572_Samudera_Hindia_Barat,155.9,6,GFW_MOCK
2023-01-01,1.25,98.75,WPP_572_Samudera_Hindia_Barat,27.78,5,GFW_MOCK
2023-01-01,1.25,99.25,WPP_572_Samudera_Hindia_Barat,9.74,7,GFW_MOCK
2023-01-01,1.25,99.75,WPP_572_Samudera_Hindia_Barat,14.48,7,GFW_MOCK
2023-01-01,1.25,100.25,WPP_572_Samudera_Hindia_Barat,6.98,11,GFW_MOCK
2023-01-01,1.25,100.75,WPP_572_Samudera_Hindia_Barat,14.96,9,GFW_MOCK
2023-01-01,1.25,101.25,WPP_572_Samudera_Hindia_Barat,38.37,8,GFW_MOCK
2023-01-01,1.25,101.75,WPP_572_Samudera_Hindia_Barat,59.39,5,GFW_MOCK
2023-01-01,1.25,102.25,WPP_572_Samudera_Hindia_Barat,6.29,5,GFW_MOCK
2023-01-01,1.25,102.75,WPP_572_Samudera_Hindia_Barat,3.02,13,GFW_MOCK
2023-01-01,1.25,103.25,WPP_572_Samudera_Hindia_Barat,14.6,13,GFW_MOCK
2023-01-01,1.25,103.75,WPP_572_Samudera_Hindia_Barat,10.71,5,GFW_MOCK
2023-01-01,1.25,104.25,WPP_572_Samudera_Hindia_Barat,14.71,4,GFW_MOCK
2023-01-01,1.25,104.75,WPP_572_Samudera_Hindia_Barat,27.35,12,GFW_MOCK
2023-01-01,1.75,95.25,WPP_572_Samudera_Hindia_Barat,10.87,8,GFW_MOCK
2023-01-01,1.75,95.75,WPP_572_Samudera_Hindia_Barat,6.62,11,GFW_MOCK
2023-01-01,1.75,96.25,WPP_572_Samudera_Hindia_Barat,7.97,4,GFW_MOCK
2023-01-01,1.75,96.75,WPP_572_Samudera_Hindia_Barat,3.51,11,GFW_MOCK
2023-01-01,1.75,97.25,WPP_572_Samudera_Hindia_Barat,9.69,10,GFW_MOCK
2023-01-01,1.75,97.75,WPP_572_Samudera_Hindia_Barat,24.01,7,GFW_MOCK
2023-01-01,1.75,98.25,WPP_572_Samudera_Hindia_Barat,34.98,5,GFW_MOCK
2023-01-01,1.75,98.75,WPP_572_Samudera_Hindia_Barat,41.27,9,GFW_MOCK
2023-01-01,1.75,99.25,WPP_572_Samudera_Hindia_Barat,37.66,5,GFW_MOCK
2023-01-01,1.75,99.75,WPP_572_Samudera_Hindia_Barat,10.19,11,GFW_MOCK
2023-01-01,1.75,100.25,WPP_572_Samudera_Hindia_Barat,5.03,11,GFW_MOCK
2023-01-01,1.75,100.75,WPP_572_Samudera_Hindia_Barat,8.47,6,GFW_MOCK
2023-01-01,1.75,101.25,WPP_572_Samudera_Hindia_Barat,20.1,10,GFW_MOCK
2023-01-01,1.75,101.75,WPP_572_Samudera_Hindia_Barat,3.97,10,GFW_MOCK
2023-01-01,1.75,102.25,WPP_572_Samudera_Hindia_Barat,30.09,10,GFW_MOCK
2023-01-01,1.75,102.75,WPP_572_Samudera_Hindia_Barat,15.81,5,GFW_MOCK
2023-01-01,1.75,103.25,WPP_572_Samudera_Hindia_Barat,17.86,3,GFW_MOCK
2023-01-01,1.75,103.75,WPP_572_Samudera_Hindia_Barat,2.7,8,GFW_MOCK
2023-01-01,1.75,104.25,WPP_572_Samudera_Hindia_Barat,6.87,10,GFW_MOCK
2023-01-01,1.75,104.75,WPP_572_Samudera_Hindia_Barat,11.81,5,GFW_MOCK
2023-02-01,-5.75,95.25,WPP_572_Samudera_Hindia_Barat,10.37,6,GFW_MOCK
2023-02-01,-5.75,95.75,WPP_572_Samudera_Hindia_Barat,1.82,6,GFW_MOCK
2023-02-01,-5.75,96.25,WPP_572_Samudera_Hindia_Barat,13.74,11,GFW_MOCK
2023-02-01,-5.75,96.75,WPP_572_Samudera_Hindia_Barat,6.47,3,GFW_MOCK
2023-02-01,-5.75,97.25,WPP_572_Samudera_Hindia_Barat,51.09,8,GFW_MOCK
2023-02-01,-5.75,97.75,WPP_572_Samudera_Hindia_Barat,8.72,8,GFW_MOCK
2023-02-01,-5.75,98.25,WPP_572_Samudera_Hindia_Barat,14.39,9,GFW_MOCK
2023-02-01,-5.75,98.75,WPP_572_Samudera_Hindia_Barat,43.84,13,GFW_MOCK
2023-02-01,-5.75,99.25,WPP_572_Samudera_Hindia_Barat,41.89,7,GFW_MOCK
2023-02-01,-5.75,99.75,WPP_572_Samudera_Hindia_Barat,0.9,6,GFW_MOCK
2023-02-01,-5.75,100.25,WPP_572_Samudera_Hindia_Barat,8.12,12,GFW_MOCK
2023-02-01,-5.75,100.75,WPP_572_Samudera_Hindia_Barat,2.14,6,GFW_MOCK
2023-02-01,-5.75,101.25,WPP_572_Samudera_Hindia_Barat,38.32,7,GFW_MOCK
2023-02-01,-5.75,101.75,WPP_572_Samudera_Hindia_Barat,8.14,3,GFW_MOCK
2023-02-01,-5.75,102.25,WPP_572_Samudera_Hindia_Barat,55.65,6,GFW_MOCK
2023-02-01,-5.75,102.75,WPP_572_Samudera_Hindia_Barat,11.71,12,GFW_MOCK
2023-02-01,-5.75,103.25,WPP_572_Samudera_Hindia_Barat,3.46,10,GFW_MOCK
2023-02-01,-5.75,103.75,WPP_572_Samudera_Hindia_Barat,11.83,4,GFW_MOCK
2023-02-01,-5.75,104.25,WPP_572_Samudera_Hindia_Barat,3.72,7,GFW_MOCK
2023-02-01,-5.75,104.75,WPP_572_Samudera_Hindia_Barat,40.09,9,GFW_MOCK
2023-02-01,-5.25,95.25,WPP_572_Samudera_Hindia_Barat,82.28,8,GFW_MOCK
2023-02-01,-5.25,95.75,WPP_572_Samudera_Hindia_Barat,87.11,4,GFW_MOCK
2023-02-01,-5.25,96.25,WPP_572_Samudera_Hindia_Barat,1.93,6,GFW_MOCK
2023-02-01,-5.25,96.75,WPP_572_Samudera_Hindia_Barat,4.06,3,GFW_MOCK
2023-02-01,-5.25,97.25,WPP_572_Samudera_Hindia_Barat,4.63,8,GFW_MOCK
2023-02-01,-5.25,97.75,WPP_572_Samudera_Hindia_Barat,1.08,12,GFW_MOCK
2023-02-01,-5.25,98.25,WPP_572_Samudera_Hindia_Barat,14.44,9,GFW_MOCK
2023-02-01,-5.25,98.75,WPP_572_Samudera_Hindia_Barat,4.79,4,GFW_MOCK
2023-02-01,-5.25,99.25,WPP_572_Samudera_Hindia_Barat,21.51,6,GFW_MOCK
2023-02-01,-5.25,99.75,WPP_572_Samudera_Hindia_Barat,11.12,12,GFW_MOCK
2023-02-01,-5.25,100.25,WPP_572_Samudera_Hindia_Barat,54.92,8,GFW_MOCK
2023-02-01,-5.25,100.75,WPP_572_Samudera_Hindia_Barat,25.0,13,GFW_MOCK
2023-02-01,-5.25,101.25,WPP_572_Samudera_Hindia_Barat,6.02,10,GFW_MOCK
2023-02-01,-5.25,101.75,WPP_572_Samudera_Hindia_Barat,45.83,11,GFW_MOCK
2023-02-01,-5.25,102.25,WPP_572_Samudera_Hindia_Barat,16.51,10,GFW_MOCK
2023-02-01,-5.25,102.75,WPP_572_Samudera_Hindia_Barat,7.14,11,GFW_MOCK
2023-02-01,-5.25,103.25,WPP_572_Samudera_Hindia_Barat,9.66,6,GFW_MOCK
2023-02-01,-5.25,103.75,WPP_572_Samudera_Hindia_Barat,21.91,8,GFW_MOCK
2023-02-01,-5.25,104.25,WPP_572_Samudera_Hindia_Barat,81.92,11,GFW_MOCK
2023-02-01,-5.25,104.75,WPP_572_Samudera_Hindia_Barat,103.91,4,GFW_MOCK
2023-02-01,-4.75,95.25,WPP_572_Samudera_Hindia_Barat,7.36,11,GFW_MOCK
2023-02-01,-4.75,95.75,WPP_572_Samudera_Hindia_Barat,3.31,1,GFW_MOCK
2023-02-01,-4.75,96.25,WPP_572_Samudera_Hindia_Barat,7.44,6,GFW_MOCK
2023-02-01,-4.75,96.75,WPP_572_Samudera_Hindia_Barat,33.82,4,GFW_MOCK
2023-02-01,-4.75,97.25,WPP_572_Samudera_Hindia_Barat,1.74,3,GFW_MOCK
2023-02-01,-4.75,97.75,WPP_572_Samudera_Hindia_Barat,6.0,6,GFW_MOCK
2023-02-01,-4.75,98.25,WPP_572_Samudera_Hindia_Barat,7.81,10,GFW_MOCK
2023-02-01,-4.75,98.75,WPP_572_Samudera_Hindia_Barat,10.37,6,GFW_MOCK
2023-02-01,-4.75,99.25,WPP_572_Samudera_Hindia_Barat,8.71,7,GFW_MOCK
2023-02-01,-4.75,99.75,WPP_572_Samudera_Hindia_Barat,4.58,5,GFW_MOCK
2023-02-01,-4.75,100.25,WPP_572_Samudera_Hindia_Barat,8.15,7,GFW_MOCK
2023-02-01,-4.75,100.75,WPP_572_Samudera_Hindia_Barat,25.94,7,GFW_MOCK
2023-02-01,-4.75,101.25,WPP_572_Samudera_Hindia_Barat,58.87,5,GFW_MOCK
2023-02-01,-4.75,101.75,WPP_572_Samudera_Hindia_Barat,2.81,10,GFW_MOCK
2023-02-01,-4.75,102.25,WPP_572_Samudera_Hindia_Barat,3.58,8,GFW_MOCK
2023-02-01,-4.75,102.75,WPP_572_Samudera_Hindia_Barat,12.91,11,GFW_MOCK
2023-02-01,-4.75,103.25,WPP_572_Samudera_Hindia_Barat,3.45,5,GFW_MOCK
2023-02-01,-4.75,103.75,WPP_572_Samudera_Hindia_Barat,20.95,6,GFW_MOCK
2023-02-01,-4.75,104.25,WPP_572_Samudera_Hindia_Barat,9.21,6,GFW_MOCK
2023-02-01,-4.75,104.75,WPP_572_Samudera_Hindia_Barat,0.49,8,GFW_MOCK
2023-02-01,-4.25,95.25,WPP_572_Samudera_Hindia_Barat,3.62,9,GFW_MOCK
2023-02-01,-4.25,95.75,WPP_572_Samudera_Hindia_Barat,45.23,8,GFW_MOCK
2023-02-01,-4.25,96.25,WPP_572_Samudera_Hindia_Barat,10.75,12,GFW_MOCK
2023-02-01,-4.25,96.75,WPP_572_Samudera_Hindia_Barat,3.54,4,GFW_MOCK
2023-02-01,-4.25,97.25,WPP_572_Samudera_Hindia_Barat,6.99,7,GFW_MOCK
2023-02-01,-4.25,97.75,WPP_572_Samudera_Hindia_Barat,10.16,9,GFW_MOCK
2023-02-01,-4.25,98.25,WPP_572_Samudera_Hindia_Barat,23.24,5,GFW_MOCK
2023-02-01,-4.25,98.75,WPP_572_Samudera_Hindia_Barat,37.87,9,GFW_MOCK
2023-02-01,-4.25,99.25,WPP_572_Samudera_Hindia_Barat,4.67,7,GFW_MOCK
2023-02-01,-4.25,99.75,WPP_572_Samudera_Hindia_Barat,6.37,8,GFW_MOCK
2023-02-01,-4.25,100.25,WPP_572_Samudera_Hindia_Barat,25.72,4,GFW_MOCK
2023-02-01,-4.25,100.75,WPP_572_Samudera_Hindia_Barat,17.98,5,GFW_MOCK
2023-02-01,-4.25,101.25,WPP_572_Samudera_Hindia_Barat,8.33,8,GFW_MOCK
2023-02-01,-4.25,101.75,WPP_572_Samudera_Hindia_Barat,62.53,13,GFW_MOCK
2023-02-01,-4.25,102.25,WPP_572_Samudera_Hindia_Barat,11.49,9,GFW_MOCK
2023-02-01,-4.25,102.75,WPP_572_Samudera_Hindia_Barat,14.74,7,GFW_MOCK
2023-02-01,-4.25,103.25,WPP_572_Samudera_Hindia_Barat,14.45,6,GFW_MOCK
2023-02-01,-4.25,103.75,WPP_572_Samudera_Hindia_Barat,8.2,6,GFW_MOCK
2023-02-01,-4.25,104.25,WPP_572_Samudera_Hindia_Barat,10.81,12,GFW_MOCK
2023-02-01,-4.25,104.75,WPP_572_Samudera_Hindia_Barat,3.88,8,GFW_MOCK
2023-02-01,-3.75,95.25,WPP_572_Samudera_Hindia_Barat,0.67,9,GFW_MOCK
2023-02-01,-3.75,95.75,WPP_572_Samudera_Hindia_Barat,37.28,3,GFW_MOCK
2023-02-01,-3.75,96.25,WPP_572_Samudera_Hindia_Barat,2.04,9,GFW_MOCK
2023-02-01,-3.75,96.75,WPP_572_Samudera_Hindia_Barat,58.51,7,GFW_MOCK
2023-02-01,-3.75,97.25,WPP_572_Samudera_Hindia_Barat,37.47,8,GFW_MOCK
2023-02-01,-3.75,97.75,WPP_572_Samudera_Hindia_Barat,10.92,5,GFW_MOCK
2023-02-01,-3.75,98.25,WPP_572_Samudera_Hindia_Barat,13.58,10,GFW_MOCK
2023-02-01,-3.75,98.75,WPP_572_Samudera_Hindia_Barat,5.21,7,GFW_MOCK
2023-02-01,-3.75,99.25,WPP_572_Samudera_Hindia_Barat,33.06,12,GFW_MOCK
2023-02-01,-3.75,99.75,WPP_572_Samudera_Hindia_Barat,6.39,11,GFW_MOCK
2023-02-01,-3.75,100.25,WPP_572_Samudera_Hindia_Barat,8.55,7,GFW_MOCK
2023-02-01,-3.75,100.75,WPP_572_Samudera_Hindia_Barat,6.81,5,GFW_MOCK
2023-02-01,-3.75,101.25,WPP_572_Samudera_Hindia_Barat,61.44,8,GFW_MOCK
2023-02-01,-3.75,101.75,WPP_572_Samudera_Hindia_Barat,28.06,5,GFW_MOCK
2023-02-01,-3.75,102.25,WPP_572_Samudera_Hindia_Barat,22.99,9,GFW_MOCK
2023-02-01,-3.75,102.75,WPP_572_Samudera_Hindia_Barat,46.05,5,GFW_MOCK
2023-02-01,-3.75,103.25,WPP_572_Samudera_Hindia_Barat,5.51,6,GFW_MOCK
2023-02-01,-3.75,103.75,WPP_572_Samudera_Hindia_Barat,66.99,10,GFW_MOCK
2023-02-01,-3.75,104.25,WPP_572_Samudera_Hindia_Barat,59.68,10,GFW_MOCK
2023-02-01,-3.75,104.75,WPP_572_Samudera_Hindia_Barat,8.14,12,GFW_MOCK
2023-02-01,-3.25,95.25,WPP_572_Samudera_Hindia_Barat,14.83,7,GFW_MOCK
2023-02-01,-3.25,95.75,WPP_572_Samudera_Hindia_Barat,37.75,6,GFW_MOCK
2023-02-01,-3.25,96.25,WPP_572_Samudera_Hindia_Barat,14.21,7,GFW_MOCK
2023-02-01,-3.25,96.75,WPP_572_Samudera_Hindia_Barat,8.85,3,GFW_MOCK
2023-02-01,-3.25,97.25,WPP_572_Samudera_Hindia_Barat,25.19,11,GFW_MOCK
2023-02-01,-3.25,97.75,WPP_572_Samudera_Hindia_Barat,23.31,3,GFW_MOCK
2023-02-01,-3.25,98.25,WPP_572_Samudera_Hindia_Barat,10.04,6,GFW_MOCK
2023-02-01,-3.25,98.75,WPP_572_Samudera_Hindia_Barat,5.05,7,GFW_MOCK
2023-02-01,-3.25,99.25,WPP_572_Samudera_Hindia_Barat,11.68,9,GFW_MOCK
2023-02-01,-3.25,99.75,WPP_572_Samudera_Hindia_Barat,15.02,9,GFW_MOCK
2023-02-01,-3.25,100.25,WPP_572_Samudera_Hindia_Barat,8.36,5,GFW_MOCK
2023-02-01,-3.25,100.75,WPP_572_Samudera_Hindia_Barat,15.61,11,GFW_MOCK
2023-02-01,-3.25,101.25,WPP_572_Samudera_Hindia_Barat,70.7,7,GFW_MOCK
2023-02-01,-3.25,101.75,WPP_572_Samudera_Hindia_Barat,269.31,6,GFW_MOCK
2023-02-01,-3.25,102.25,WPP_572_Samudera_Hindia_Barat,28.76,2,GFW_MOCK
2023-02-01,-3.25,102.75,WPP_572_Samudera_Hindia_Barat,97.02,10,GFW_MOCK
2023-02-01,-3.25,103.25,WPP_572_Samudera_Hindia_Barat,5.48,8,GFW_MOCK
2023-02-01,-3.25,103.75,WPP_572_Samudera_Hindia_Barat,56.32,3,GFW_MOCK
2023-02-01,-3.25,104.25,WPP_572_Samudera_Hindia_Barat,52.85,11,GFW_MOCK
2023-02-01,-3.25,104.75,WPP_572_Samudera_Hindia_Barat,148.08,10,GFW_MOCK
2023-02-01,-2.75,95.25,WPP_572_Samudera_Hindia_Barat,14.48,8,GFW_MOCK
2023-02-01,-2.75,95.75,WPP_572_Samudera_Hindia_Barat,24.25,3,GFW_MOCK
2023-02-01,-2.75,96.25,WPP_572_Samudera_Hindia_Barat,93.5,6,GFW_MOCK
2023-02-01,-2.75,96.75,WPP_572_Samudera_Hindia_Barat,1.13,15,GFW_MOCK
2023-02-01,-2.75,97.25,WPP_572_Samudera_Hindia_Barat,11.87,4,GFW_MOCK
2023-02-01,-2.75,97.75,WPP_572_Samudera_Hindia_Barat,15.05,11,GFW_MOCK
2023-02-01,-2.75,98.25,WPP_572_Samudera_Hindia_Barat,8.91,6,GFW_MOCK
2023-02-01,-2.75,98.75,WPP_572_Samudera_Hindia_Barat,7.79,5,GFW_MOCK
2023-02-01,-2.75,99.25,WPP_572_Samudera_Hindia_Barat,73.23,9,GFW_MOCK
2023-02-01,-2.75,99.75,WPP_572_Samudera_Hindia_Barat,9.76,7,GFW_MOCK
2023-02-01,-2.75,100.25,WPP_572_Samudera_Hindia_Barat,0.86,10,GFW_MOCK
2023-02-01,-2.75,100.75,WPP_572_Samudera_Hindia_Barat,27.19,5,GFW_MOCK
2023-02-01,-2.75,101.25,WPP_572_Samudera_Hindia_Barat,27.51,11,GFW_MOCK
2023-02-01,-2.75,101.75,WPP_572_Samudera_Hindia_Barat,26.27,7,GFW_MOCK
2023-02-01,-2.75,102.25,WPP_572_Samudera_Hindia_Barat,32.08,7,GFW_MOCK
2023-02-01,-2.75,102.75,WPP_572_Samudera_Hindia_Barat,60.12,8,GFW_MOCK
2023-02-01,-2.75,103.25,WPP_572_Samudera_Hindia_Barat,75.15,9,GFW_MOCK
2023-02-01,-2.75,103.75,WPP_572_Samudera_Hindia_Barat,19.0,10,GFW_MOCK
2023-02-01,-2.75,104.25,WPP_572_Samudera_Hindia_Barat,65.54,11,GFW_MOCK
2023-02-01,-2.75,104.75,WPP_572_Samudera_Hindia_Barat,1.74,6,GFW_MOCK
2023-02-01,-2.25,95.25,WPP_572_Samudera_Hindia_Barat,13.17,7,GFW_MOCK
2023-02-01,-2.25,95.75,WPP_572_Samudera_Hindia_Barat,10.92,8,GFW_MOCK
2023-02-01,-2.25,96.25,WPP_572_Samudera_Hindia_Barat,7.29,5,GFW_MOCK
2023-02-01,-2.25,96.75,WPP_572_Samudera_Hindia_Barat,12.51,6,GFW_MOCK
2023-02-01,-2.25,97.25,WPP_572_Samudera_Hindia_Barat,39.6,9,GFW_MOCK
2023-02-01,-2.25,97.75,WPP_572_Samudera_Hindia_Barat,38.71,10,GFW_MOCK
2023-02-01,-2.25,98.25,WPP_572_Samudera_Hindia_Barat,3.96,12,GFW_MOCK
2023-02-01,-2.25,98.75,WPP_572_Samudera_Hindia_Barat,30.45,13,GFW_MOCK
2023-02-01,-2.25,99.25,WPP_572_Samudera_Hindia_Barat,3.82,6,GFW_MOCK
2023-02-01,-2.25,99.75,WPP_572_Samudera_Hindia_Barat,5.21,8,GFW_MOCK
2023-02-01,-2.25,100.25,WPP_572_Samudera_Hindia_Barat,7.29,10,GFW_MOCK
2023-02-01,-2.25,100.75,WPP_572_Samudera_Hindia_Barat,9.58,9,GFW_MOCK
2023-02-01,-2.25,101.25,WPP_572_Samudera_Hindia_Barat,10.82,8,GFW_MOCK
2023-02-01,-2.25,101.75,WPP_572_Samudera_Hindia_Barat,0.86,8,GFW_MOCK
2023-02-01,-2.25,102.25,WPP_572_Samudera_Hindia_Barat,53.21,7,GFW_MOCK
2023-02-01,-2.25,102.75,WPP_572_Samudera_Hindia_Barat,47.27,5,GFW_MOCK
2023-02-01,-2.25,103.25,WPP_572_Samudera_Hindia_Barat,12.13,9,GFW_MOCK
2023-02-01,-2.25,103.75,WPP_572_Samudera_Hindia_Barat,12.98,5,GFW_MOCK
2023-02-01,-2.25,104.25,WPP_572_Samudera_Hindia_Barat,45.01,7,GFW_MOCK
2023-02-01,-2.25,104.75,WPP_572_Samudera_Hindia_Barat,31.16,7,GFW_MOCK
2023-02-01,-1.75,95.25,WPP_572_Samudera_Hindia_Barat,8.58,6,GFW_MOCK
2023-02-01,-1.75,95.75,WPP_572_Samudera_Hindia_Barat,9.39,5,GFW_MOCK
2023-02-01,-1.75,96.25,WPP_572_Samudera_Hindia_Barat,20.47,12,GFW_MOCK
2023-02-01,-1.75,96.75,WPP_572_Samudera_Hindia_Barat,1.4,9,GFW_MOCK
2023-02-01,-1.75,97.25,WPP_572_Samudera_Hindia_Barat,25.28,9,GFW_MOCK
2023-02-01,-1.75,97.75,WPP_572_Samudera_Hindia_Barat,6.45,9,GFW_MOCK
2023-02-01,-1.75,98.25,WPP_572_Samudera_Hindia_Barat,39.1,6,GFW_MOCK
2023-02-01,-1.75,98.75,WPP_572_Samudera_Hindia_Barat,2.5,8,GFW_MOCK
2023-02-01,-1.75,99.25,WPP_572_Samudera_Hindia_Barat,11.6,5,GFW_MOCK
2023-02-01,-1.75,99.75,WPP_572_Samudera_Hindia_Barat,17.27,5,GFW_MOCK
2023-02-01,-1.75,100.25,WPP_572_Samudera_Hindia_Barat,1.92,5,GFW_MOCK
2023-02-01,-1.75,100.75,WPP_572_Samudera_Hindia_Barat,7.1,12,GFW_MOCK
2023-02-01,-1.75,101.25,WPP_572_Samudera_Hindia_Barat,12.23,7,GFW_MOCK
2023-02-01,-1.75,101.75,WPP_572_Samudera_Hindia_Barat,2.27,7,GFW_MOCK
2023-02-01,-1.75,102.25,WPP_572_Samudera_Hindia_Barat,11.55,11,GFW_MOCK
2023-02-01,-1.75,102.75,WPP_572_Samudera_Hindia_Barat,31.56,3,GFW_MOCK
2023-02-01,-1.75,103.25,WPP_572_Samudera_Hindia_Barat,2.52,7,GFW_MOCK
2023-02-01,-1.75,103.75,WPP_572_Samudera_Hindia_Barat,5.9,7,GFW_MOCK
2023-02-01,-1.75,104.25,WPP_572_Samudera_Hindia_Barat,5.42,14,GFW_MOCK
2023-02-01,-1.75,104.75,WPP_572_Samudera_Hindia_Barat,39.49,14,GFW_MOCK
2023-01-01,-10.75,102.25,WPP_573_Samudera_Hindia_Selatan,5.5,5,GFW_MOCK
2023-01-01,-10.75,102.75,WPP_573_Samudera_Hindia_Selatan,19.46,12,GFW_MOCK
2023-01-01,-10.75,103.25,WPP_573_Samudera_Hindia_Selatan,6.34,14,GFW_MOCK
2023-01-01,-10.75,103.75,WPP_573_Samudera_Hindia_Selatan,6.09,5,GFW_MOCK
2023-01-01,-10.75,104.25,WPP_573_Samudera_Hindia_Selatan,5.9,9,GFW_MOCK
2023-01-01,-10.75,104.75,WPP_573_Samudera_Hindia_Selatan,8.33,3,GFW_MOCK
2023-01-01,-10.75,105.25,WPP_573_Samudera_Hindia_Selatan,21.43,13,GFW_MOCK
2023-01-01,-10.75,105.75,WPP_573_Samudera_Hindia_Selatan,40.32,9,GFW_MOCK
2023-01-01,-10.75,106.25,WPP_573_Samudera_Hindia_Selatan,24.97,5,GFW_MOCK
2023-01-01,-10.75,106.75,WPP_573_Samudera_Hindia_Selatan,3.32,10,GFW_MOCK
2023-01-01,-10.75,107.25,WPP_573_Samudera_Hindia_Selatan,72.14,10,GFW_MOCK
2023-01-01,-10.75,107.75,WPP_573_Samudera_Hindia_Selatan,6.44,3,GFW_MOCK
2023-01-01,-10.75,108.25,WPP_573_Samudera_Hindia_Selatan,51.44,3,GFW_MOCK
2023-01-01,-10.75,108.75,WPP_573_Samudera_Hindia_Selatan,26.02,7,GFW_MOCK
2023-01-01,-10.75,109.25,WPP_573_Samudera_Hindia_Selatan,2.29,3,GFW_MOCK
2023-01-01,-10.75,109.75,WPP_573_Samudera_Hindia_Selatan,0.91,9,GFW_MOCK
2023-01-01,-10.75,110.25,WPP_573_Samudera_Hindia_Selatan,21.01,8,GFW_MOCK
2023-01-01,-10.75,110.75,WPP_573_Samudera_Hindia_Selatan,27.67,11,GFW_MOCK
2023-01-01,-10.75,111.25,WPP_573_Samudera_Hindia_Selatan,12.75,9,GFW_MOCK
2023-01-01,-10.75,111.75,WPP_573_Samudera_Hindia_Selatan,18.45,7,GFW_MOCK
2023-01-01,-10.75,112.25,WPP_573_Samudera_Hindia_Selatan,15.58,4,GFW_MOCK
2023-01-01,-10.75,112.75,WPP_573_Samudera_Hindia_Selatan,0.58,10,GFW_MOCK
2023-01-01,-10.75,113.25,WPP_573_Samudera_Hindia_Selatan,133.64,10,GFW_MOCK
2023-01-01,-10.75,113.75,WPP_573_Samudera_Hindia_Selatan,6.97,8,GFW_MOCK
2023-01-01,-10.75,114.25,WPP_573_Samudera_Hindia_Selatan,9.89,4,GFW_MOCK
2023-01-01,-10.75,114.75,WPP_573_Samudera_Hindia_Selatan,40.15,7,GFW_MOCK
2023-01-01,-10.25,102.25,WPP_573_Samudera_Hindia_Selatan,51.18,7,GFW_MOCK
2023-01-01,-10.25,102.75,WPP_573_Samudera_Hindia_Selatan,34.95,9,GFW_MOCK
2023-01-01,-10.25,103.25,WPP_573_Samudera_Hindia_Selatan,2.35,5,GFW_MOCK
2023-01-01,-10.25,103.75,WPP_573_Samudera_Hindia_Selatan,31.12,8,GFW_MOCK
2023-01-01,-10.25,104.25,WPP_573_Samudera_Hindia_Selatan,12.2,9,GFW_MOCK
2023-01-01,-10.25,104.75,WPP_573_Samudera_Hindia_Selatan,10.28,8,GFW_MOCK
2023-01-01,-10.25,105.25,WPP_573_Samudera_Hindia_Selatan,11.16,6,GFW_MOCK
2023-01-01,-10.25,105.75,WPP_573_Samudera_Hindia_Selatan,7.38,4,GFW_MOCK
2023-01-01,-10.25,106.25,WPP_573_Samudera_Hindia_Selatan,7.36,10,GFW_MOCK
2023-01-01,-10.25,106.75,WPP_573_Samudera_Hindia_Selatan,40.72,8,GFW_MOCK
2023-01-01,-10.25,107.25,WPP_573_Samudera_Hindia_Selatan,3.34,10,GFW_MOCK
2023-01-01,-10.25,107.75,WPP_573_Samudera_Hindia_Selatan,19.66,11,GFW_MOCK
2023-01-01,-10.25,108.25,WPP_573_Samudera_Hindia_Selatan,6.86,8,GFW_MOCK
2023-01-01,-10.25,108.75,WPP_573_Samudera_Hindia_Selatan,18.05,7,GFW_MOCK
2023-01-01,-10.25,109.25,WPP_573_Samudera_Hindia_Selatan,10.49,14,GFW_MOCK
2023-01-01,-10.25,109.75,WPP_573_Samudera_Hindia_Selatan,46.89,8,GFW_MOCK
2023-01-01,-10.25,110.25,WPP_573_Samudera_Hindia_Selatan,43.57,4,GFW_MOCK
2023-01-01,-10.25,110.75,WPP_573_Samudera_Hindia_Selatan,2.95,5,GFW_MOCK
2023-01-01,-10.25,111.25,WPP_573_Samudera_Hindia_Selatan,6.23,14,GFW_MOCK
2023-01-01,-10.25,111.75,WPP_573_Samudera_Hindia_Selatan,12.41,8,GFW_MOCK
2023-01-01,-10.25,112.25,WPP_573_Samudera_Hindia_Selatan,4.91,3,GFW_MOCK
2023-01-01,-10.25,112.75,WPP_573_Samudera_Hindia_Selatan,3.71,6,GFW_MOCK
2023-01-01,-10.25,113.25,WPP_573_Samudera_Hindia_Selatan,5.43,10,GFW_MOCK
2023-01-01,-10.25,113.75,WPP_573_Samudera_Hindia_Selatan,18.2,6,GFW_MOCK
2023-01-01,-10.25,114.25,WPP_573_Samudera_Hindia_Selatan,13.26,10,GFW_MOCK
2023-01-01,-10.25,114.75,WPP_573_Samudera_Hindia_Selatan,1.63,3,GFW_MOCK
2023-01-01,-9.75,102.25,WPP_573_Samudera_Hindia_Selatan,4.59,8,GFW_MOCK
2023-01-01,-9.75,102.75,WPP_573_Samudera_Hindia_Selatan,40.18,8,GFW_MOCK
2023-01-01,-9.75,103.25,WPP_573_Samudera_Hindia_Selatan,27.6,3,GFW_MOCK
2023-01-01,-9.75,103.75,WPP_573_Samudera_Hindia_Selatan,14.17,8,GFW_MOCK
2023-01-01,-9.75,104.25,WPP_573_Samudera_Hindia_Selatan,5.26,11,GFW_MOCK
2023-01-01,-9.75,104.75,WPP_573_Samudera_Hindia_Selatan,6.99,7,GFW_MOCK
2023-01-01,-9.75,105.25,WPP_573_Samudera_Hindia_Selatan,62.11,4,GFW_MOCK
2023-01-01,-9.75,105.75,WPP_573_Samudera_Hindia_Selatan,43.4,10,GFW_MOCK
2023-01-01,-9.75,106.25,WPP_573_Samudera_Hindia_Selatan,13.77,9,GFW_MOCK
2023-01-01,-9.75,106.75,WPP_573_Samudera_Hindia_Selatan,3.83,12,GFW_MOCK
2023-01-01,-9.75,107.25,WPP_573_Samudera_Hindia_Selatan,31.76,4,GFW_MOCK
2023-01-01,-9.75,107.75,WPP_573_Samudera_Hindia_Selatan,48.82,6,GFW_MOCK
2023-01-01,-9.75,108.25,WPP_573_Samudera_Hindia_Selatan,16.89,7,GFW_MOCK
2023-01-01,-9.75,108.75,WPP_573_Samudera_Hindia_Selatan,11.53,7,GFW_MOCK
2023-01-01,-9.75,109.25,WPP_573_Samudera_Hindia_Selatan,38.23,2,GFW_MOCK
2023-01-01,-9.75,109.75,WPP_573_Samudera_Hindia_Selatan,30.38,3,GFW_MOCK
2023-01-01,-9.75,110.25,WPP_573_Samudera_Hindia_Selatan,30.08,5,GFW_MOCK
2023-01-01,-9.75,110.75,WPP_573_Samudera_Hindia_Selatan,9.73,5,GFW_MOCK
2023-01-01,-9.75,111.25,WPP_573_Samudera_Hindia_Selatan,24.79,15,GFW_MOCK
2023-01-01,-9.75,111.75,WPP_573_Samudera_Hindia_Selatan,120.95,7,GFW_MOCK
2023-01-01,-9.75,112.25,WPP_573_Samudera_Hindia_Selatan,40.39,12,GFW_MOCK
2023-01-01,-9.75,112.75,WPP_573_Samudera_Hindia_Selatan,27.03,15,GFW_MOCK
2023-01-01,-9.75,113.25,WPP_573_Samudera_Hindia_Selatan,3.76,5,GFW_MOCK
2023-01-01,-9.75,113.75,WPP_573_Samudera_Hindia_Selatan,10.28,15,GFW_MOCK
2023-01-01,-9.75,114.25,WPP_573_Samudera_Hindia_Selatan,58.57,5,GFW_MOCK
2023-01-01,-9.75,114.75,WPP_573_Samudera_Hindia_Selatan,26.7,7,GFW_MOCK
2023-01-01,-9.25,102.25,WPP_573_Samudera_Hindia_Selatan,106.55,10,GFW_MOCK
2023-01-01,-9.25,102.75,WPP_573_Samudera_Hindia_Selatan,28.27,8,GFW_MOCK
2023-01-01,-9.25,103.25,WPP_573_Samudera_Hindia_Selatan,16.93,4,GFW_MOCK
2023-01-01,-9.25,103.75,WPP_573_Samudera_Hindia_Selatan,11.88,6,GFW_MOCK
2023-01-01,-9.25,104.25,WPP_573_Samudera_Hindia_Selatan,13.14,14,GFW_MOCK
2023-01-01,-9.25,104.75,WPP_573_Samudera_Hindia_Selatan,6.5,8,GFW_MOCK
2023-01-01,-9.25,105.25,WPP_573_Samudera_Hindia_Selatan,43.17,4,GFW_MOCK
2023-01-01,-9.25,105.75,WPP_573_Samudera_Hindia_Selatan,8.77,6,GFW_MOCK
2023-01-01,-9.25,106.25,WPP_573_Samudera_Hindia_Selatan,6.69,7,GFW_MOCK
2023-01-01,-9.25,106.75,WPP_573_Samudera_Hindia_Selatan,8.19,6,GFW_MOCK
2023-01-01,-9.25,107.25,WPP_573_Samudera_Hindia_Selatan,7.34,10,GFW_MOCK
2023-01-01,-9.25,107.75,WPP_573_Samudera_Hindia_Selatan,16.45,8,GFW_MOCK
2023-01-01,-9.25,108.25,WPP_573_Samudera_Hindia_Selatan,209.78,8,GFW_MOCK
2023-01-01,-9.25,108.75,WPP_573_Samudera_Hindia_Selatan,1.92,12,GFW_MOCK
2023-01-01,-9.25,109.25,WPP_573_Samudera_Hindia_Selatan,7.08,7,GFW_MOCK
2023-01-01,-9.25,109.75,WPP_573_Samudera_Hindia_Selatan,34.41,11,GFW_MOCK
2023-01-01,-9.25,110.25,WPP_573_Samudera_Hindia_Selatan,34.85,6,GFW_MOCK
2023-01-01,-9.25,110.75,WPP_573_Samudera_Hindia_Selatan,21.97,7,GFW_MOCK
2023-01-01,-9.25,111.25,WPP_573_Samudera_Hindia_Selatan,3.03,6,GFW_MOCK
2023-01-01,-9.25,111.75,WPP_573_Samudera_Hindia_Selatan,76.7,6,GFW_MOCK
2023-01-01,-9.25,112.25,WPP_573_Samudera_Hindia_Selatan,3.19,7,GFW_MOCK
2023-01-01,-9.25,112.75,WPP_573_Samudera_Hindia_Selatan,1.32,9,GFW_MOCK
2023-01-01,-9.25,113.25,WPP_573_Samudera_Hindia_Selatan,1.77,5,GFW_MOCK
2023-01-01,-9.25,113.75,WPP_573_Samudera_Hindia_Selatan,2.19,9,GFW_MOCK
2023-01-01,-9.25,114.25,WPP_573_Samudera_Hindia_Selatan,2.3,10,GFW_MOCK
2023-01-01,-9.25,114.75,WPP_573_Samudera_Hindia_Selatan,3.75,9,GFW_MOCK
2023-01-01,-8.75,102.25,WPP_573_Samudera_Hindia_Selatan,1.43,7,GFW_MOCK
2023-01-01,-8.75,102.75,WPP_573_Samudera_Hindia_Selatan,21.07,15,GFW_MOCK
2023-01-01,-8.75,103.25,WPP_573_Samudera_Hindia_Selatan,11.68,5,GFW_MOCK
2023-01-01,-8.75,103.75,WPP_573_Samudera_Hindia_Selatan,16.44,9,GFW_MOCK
2023-01-01,-8.75,104.25,WPP_573_Samudera_Hindia_Selatan,10.33,7,GFW_MOCK
2023-01-01,-8.75,104.75,WPP_573_Samudera_Hindia_Selatan,12.81,4,GFW_MOCK
2023-01-01,-8.75,105.25,WPP_573_Samudera_Hindia_Selatan,2.18,9,GFW_MOCK
2023-01-01,-8.75,105.75,WPP_573_Samudera_Hindia_Selatan,24.75,7,GFW_MOCK
2023-01-01,-8.75,106.25,WPP_573_Samudera_Hindia_Selatan,9.78,10,GFW_MOCK
2023-01-01,-8.75,106.75,WPP_573_Samudera_Hindia_Selatan,16.77,6,GFW_MOCK
2023-01-01,-8.75,107.25,WPP_573_Samudera_Hindia_Selatan,16.51,10,GFW_MOCK
2023-01-01,-8.75,107.75,WPP_573_Samudera_Hindia_Selatan,5.97,9,GFW_MOCK
2023-01-01,-8.75,108.25,WPP_573_Samudera_Hindia_Selatan,2.01,8,GFW_MOCK
2023-01-01,-8.75,108.75,WPP_573_Samudera_Hindia_Selatan,63.46,6,GFW_MOCK
2023-01-01,-8.75,109.25,WPP_573_Samudera_Hindia_Selatan,86.5,12,GFW_MOCK
2023-01-01,-8.75,109.75,WPP_573_Samudera_Hindia_Selatan,185.66,9,GFW_MOCK
2023-01-01,-8.75,110.25,WPP_573_Samudera_Hindia_Selatan,5.8,6,GFW_MOCK
2023-01-01,-8.75,110.75,WPP_573_Samudera_Hindia_Selatan,11.52,5,GFW_MOCK
2023-01-01,-8.75,111.25,WPP_573_Samudera_Hindia_Selatan,2.42,9,GFW_MOCK
2023-01-01,-8.75,111.75,WPP_573_Samudera_Hindia_Selatan,27.62,9,GFW_MOCK
2023-01-01,-8.75,112.25,WPP_573_Samudera_Hindia_Selatan,4.67,10,GFW_MOCK
2023-01-01,-8.75,112.75,WPP_573_Samudera_Hindia_Selatan,16.86,3,GFW_MOCK
2023-01-01,-8.75,113.25,WPP_573_Samudera_Hindia_Selatan,5.07,9,GFW_MOCK
2023-01-01,-8.75,113.75,WPP_573_Samudera_Hindia_Selatan,15.54,3,GFW_MOCK
2023-01-01,-8.75,114.25,WPP_573_Samudera_Hindia_Selatan,9.26,5,GFW_MOCK
2023-01-01,-8.75,114.75,WPP_573_Samudera_Hindia_Selatan,18.97,10,GFW_MOCK
2023-01-01,-8.25,102.25,WPP_573_Samudera_Hindia_Selatan,10.89,4,GFW_MOCK
2023-01-01,-8.25,102.75,WPP_573_Samudera_Hindia_Selatan,7.94,2,GFW_MOCK
2023-01-01,-8.25,103.25,WPP_573_Samudera_Hindia_Selatan,6.59,11,GFW_MOCK
2023-01-01,-8.25,103.75,WPP_573_Samudera_Hindia_Selatan,9.54,7,GFW_MOCK
2023-01-01,-8.25,104.25,WPP_573_Samudera_Hindia_Selatan,43.5,12,GFW_MOCK
2023-01-01,-8.25,104.75,WPP_573_Samudera_Hindia_Selatan,19.68,8,GFW_MOCK
2023-01-01,-8.25,105.25,WPP_573_Samudera_Hindia_Selatan,8.15,8,GFW_MOCK
2023-01-01,-8.25,105.75,WPP_573_Samudera_Hindia_Selatan,11.94,7,GFW_MOCK
2023-01-01,-8.25,106.25,WPP_573_Samudera_Hindia_Selatan,7.37,9,GFW_MOCK
2023-01-01,-8.25,106.75,WPP_573_Samudera_Hindia_Selatan,3.89,13,GFW_MOCK
2023-01-01,-8.25,107.25,WPP_573_Samudera_Hindia_Selatan,10.6,8,GFW_MOCK
2023-01-01,-8.25,107.75,WPP_573_Samudera_Hindia_Selatan,6.93,5,GFW_MOCK
2023-01-01,-8.25,108.25,WPP_573_Samudera_Hindia_Selatan,18.84,12,GFW_MOCK
2023-01-01,-8.25,108.75,WPP_573_Samudera_Hindia_Selatan,6.35,7,GFW_MOCK
2023-01-01,-8.25,109.25,WPP_573_Samudera_Hindia_Selatan,12.86,10,GFW_MOCK
2023-01-01,-8.25,109.75,WPP_573_Samudera_Hindia_Selatan,18.15,6,GFW_MOCK
2023-01-01,-8.25,110.25,WPP_573_Samudera_Hindia_Selatan,30.69,9,GFW_MOCK
2023-01-01,-8.25,110.75,WPP_573_Samudera_Hindia_Selatan,3.21,5,GFW_MOCK
2023-01-01,-8.25,111.25,WPP_573_Samudera_Hindia_Selatan,14.32,8,GFW_MOCK
2023-01-01,-8.25,111.75,WPP_573_Samudera_Hindia_Selatan,10.34,4,GFW_MOCK
2023-01-01,-8.25,112.25,WPP_573_Samudera_Hindia_Selatan,0.35,5,GFW_MOCK
2023-01-01,-8.25,112.75,WPP_573_Samudera_Hindia_Selatan,2.13,10,GFW_MOCK
2023-01-01,-8.25,113.25,WPP_573_Samudera_Hindia_Selatan,5.72,8,GFW_MOCK
2023-01-01,-8.25,113.75,WPP_573_Samudera_Hindia_Selatan,5.73,7,GFW_MOCK
2023-01-01,-8.25,114.25,WPP_573_Samudera_Hindia_Selatan,15.17,6,GFW_MOCK
2023-01-01,-8.25,114.75,WPP_573_Samudera_Hindia_Selatan,3.04,6,GFW_MOCK
2023-01-01,-7.75,102.25,WPP_573_Samudera_Hindia_Selatan,39.22,8,GFW_MOCK
2023-01-01,-7.75,102.75,WPP_573_Samudera_Hindia_Selatan,2.52,15,GFW_MOCK
2023-01-01,-7.75,103.25,WPP_573_Samudera_Hindia_Selatan,27.26,14,GFW_MOCK
2023-01-01,-7.75,103.75,WPP_573_Samudera_Hindia_Selatan,1.48,6,GFW_MOCK
2023-01-01,-7.75,104.25,WPP_573_Samudera_Hindia_Selatan,45.78,5,GFW_MOCK
2023-01-01,-7.75,104.75,WPP_573_Samudera_Hindia_Selatan,17.27,10,GFW_MOCK
2023-01-01,-7.75,105.25,WPP_573_Samudera_Hindia_Selatan,7.31,7,GFW_MOCK
2023-01-01,-7.75,105.75,WPP_573_Samudera_Hindia_Selatan,11.14,9,GFW_MOCK
2023-01-01,-7.75,106.25,WPP_573_Samudera_Hindia_Selatan,3.39,3,GFW_MOCK
2023-01-01,-7.75,106.75,WPP_573_Samudera_Hindia_Selatan,124.77,12,GFW_MOCK
2023-01-01,-7.75,107.25,WPP_573_Samudera_Hindia_Selatan,6.88,9,GFW_MOCK
2023-01-01,-7.75,107.75,WPP_573_Samudera_Hindia_Selatan,25.61,9,GFW_MOCK
2023-01-01,-7.75,108.25,WPP_573_Samudera_Hindia_Selatan,29.85,13,GFW_MOCK
2023-01-01,-7.75,108.75,WPP_573_Samudera_Hindia_Selatan,34.26,7,GFW_MOCK
2023-01-01,-7.75,109.25,WPP_573_Samudera_Hindia_Selatan,0.1,10,GFW_MOCK
2023-01-01,-7.75,109.75,WPP_573_Samudera_Hindia_Selatan,4.63,7,GFW_MOCK
2023-01-01,-7.75,110.25,WPP_573_Samudera_Hindia_Selatan,1.9,8,GFW_MOCK
2023-01-01,-7.75,110.75,WPP_573_Samudera_Hindia_Selatan,14.39,6,GFW_MOCK
2023-01-01,-7.75,111.25,WPP_573_Samudera_Hindia_Selatan,8.57,7,GFW_MOCK
2023-01-01,-7.75,111.75,WPP_573_Samudera_Hindia_Selatan,19.22,5,GFW_MOCK
2023-01-01,-7.75,112.25,WPP_573_Samudera_Hindia_Selatan,15.58,7,GFW_MOCK
2023-01-01,-7.75,112.75,WPP_573_Samudera_Hindia_Selatan,15.41,7,GFW_MOCK
2023-01-01,-7.75,113.25,WPP_573_Samudera_Hindia_Selatan,1.78,9,GFW_MOCK
2023-01-01,-7.75,113.75,WPP_573_Samudera_Hindia_Selatan,9.13,8,GFW_MOCK
2023-01-01,-7.75,114.25,WPP_573_Samudera_Hindia_Selatan,7.65,7,GFW_MOCK
2023-01-01,-7.75,114.75,WPP_573_Samudera_Hindia_Selatan,3.21,6,GFW_MOCK
2023-01-01,-7.25,102.25,WPP_573_Samudera_Hindia_Selatan,34.11,6,GFW_MOCK
2023-01-01,-7.25,102.75,WPP_573_Samudera_Hindia_Selatan,21.06,8,GFW_MOCK
2023-01-01,-7.25,103.25,WPP_573_Samudera_Hindia_Selatan,36.75,9,GFW_MOCK
2023-01-01,-7.25,103.75,WPP_573_Samudera_Hindia_Selatan,3.77,7,GFW_MOCK
2023-01-01,-7.25,104.25,WPP_573_Samudera_Hindia_Selatan,9.65,8,GFW_MOCK
2023-01-01,-7.25,104.75,WPP_573_Samudera_Hindia_Selatan,8.23,8,GFW_MOCK
2023-01-01,-7.25,105.25,WPP_573_Samudera_Hindia_Selatan,83.82,10,GFW_MOCK
2023-01-01,-7.25,105.75,WPP_573_Samudera_Hindia_Selatan,4.38,7,GFW_MOCK
2023-01-01,-7.25,106.25,WPP_573_Samudera_Hindia_Selatan,4.97,10,GFW_MOCK
2023-01-01,-7.25,106.75,WPP_573_Samudera_Hindia_Selatan,35.0,11,GFW_MOCK
2023-01-01,-7.25,107.25,WPP_573_Samudera_Hindia_Selatan,12.51,10,GFW_MOCK
2023-01-01,-7.25,107.75,WPP_573_Samudera_Hindia_Selatan,12.9,7,GFW_MOCK
2023-01-01,-7.25,108.25,WPP_573_Samudera_Hindia_Selatan,8.97,8,GFW_MOCK
2023-01-01,-7.25,108.75,WPP_573_Samudera_Hindia_Selatan,20.31,11,GFW_MOCK
2023-01-01,-7.25,109.25,WPP_573_Samudera_Hindia_Selatan,7.44,8,GFW_MOCK
2023-01-01,-7.25,109.75,WPP_573_Samudera_Hindia_Selatan,8.78,7,GFW_MOCK
2023-01-01,-7.25,110.25,WPP_573_Samudera_Hindia_Selatan,3.1,5,GFW_MOCK
2023-01-01,-7.25,110.75,WPP_573_Samudera_Hindia_Selatan,62.03,9,GFW_MOCK
2023-01-01,-7.25,111.25,WPP_573_Samudera_Hindia_Selatan,12.71,11,GFW_MOCK
2023-01-01,-7.25,111.75,WPP_573_Samudera_Hindia_Selatan,90.48,12,GFW_MOCK
2023-01-01,-7.25,112.25,WPP_573_Samudera_Hindia_Selatan,2.08,6,GFW_MOCK
2023-01-01,-7.25,112.75,WPP_573_Samudera_Hindia_Selatan,11.41,9,GFW_MOCK
2023-01-01,-7.25,113.25,WPP_573_Samudera_Hindia_Selatan,77.27,8,GFW_MOCK
2023-01-01,-7.25,113.75,WPP_573_Samudera_Hindia_Selatan,0.69,13,GFW_MOCK
2023-01-01,-7.25,114.25,WPP_573_Samudera_Hindia_Selatan,8.1,7,GFW_MOCK
2023-01-01,-7.25,114.75,WPP_573_Samudera_Hindia_Selatan,74.64,6,GFW_MOCK
2023-01-01,-6.75,102.25,WPP_573_Samudera_Hindia_Selatan,5.49,17,GFW_MOCK
2023-01-01,-6.75,102.75,WPP_573_Samudera_Hindia_Selatan,46.73,4,GFW_MOCK
2023-01-01,-6.75,103.25,WPP_573_Samudera_Hindia_Selatan,1.46,8,GFW_MOCK
2023-01-01,-6.75,103.75,WPP_573_Samudera_Hindia_Selatan,3.41,6,GFW_MOCK
2023-01-01,-6.75,104.25,WPP_573_Samudera_Hindia_Selatan,9.14,9,GFW_MOCK
2023-01-01,-6.75,104.75,WPP_573_Samudera_Hindia_Selatan,6.5,4,GFW_MOCK
2023-01-01,-6.75,105.25,WPP_573_Samudera_Hindia_Selatan,16.36,10,GFW_MOCK
2023-01-01,-6.75,105.75,WPP_573_Samudera_Hindia_Selatan,7.59,6,GFW_MOCK
2023-01-01,-6.75,106.25,WPP_573_Samudera_Hindia_Selatan,15.5,5,GFW_MOCK
2023-01-01,-6.75,106.75,WPP_573_Samudera_Hindia_Selatan,5.1,8,GFW_MOCK
2023-01-01,-6.75,107.25,WPP_573_Samudera_Hindia_Selatan,4.08,13,GFW_MOCK
2023-01-01,-6.75,107.75,WPP_573_Samudera_Hindia_Selatan,24.77,4,GFW_MOCK
2023-01-01,-6.75,108.25,WPP_573_Samudera_Hindia_Selatan,26.25,9,GFW_MOCK
2023-01-01,-6.75,108.75,WPP_573_Samudera_Hindia_Selatan,25.42,8,GFW_MOCK
2023-01-01,-6.75,109.25,WPP_573_Samudera_Hindia_Selatan,12.93,7,GFW_MOCK
2023-01-01,-6.75,109.75,WPP_573_Samudera_Hindia_Selatan,19.29,9,GFW_MOCK
2023-01-01,-6.75,110.25,WPP_573_Samudera_Hindia_Selatan,22.9,11,GFW_MOCK
2023-01-01,-6.75,110.75,WPP_573_Samudera_Hindia_Selatan,33.78,7,GFW_MOCK
2023-01-01,-6.75,111.25,WPP_573_Samudera_Hindia_Selatan,11.54,9,GFW_MOCK
2023-01-01,-6.75,111.75,WPP_573_Samudera_Hindia_Selatan,161.55,6,GFW_MOCK
2023-01-01,-6.75,112.25,WPP_573_Samudera_Hindia_Selatan,8.79,10,GFW_MOCK
2023-01-01,-6.75,112.75,WPP_573_Samudera_Hindia_Selatan,8.7,9,GFW_MOCK
2023-01-01,-6.75,113.25,WPP_573_Samudera_Hindia_Selatan,35.59,9,GFW_MOCK
2023-01-01,-6.75,113.75,WPP_573_Samudera_Hindia_Selatan,12.88,12,GFW_MOCK
2023-01-01,-6.75,114.25,WPP_573_Samudera_Hindia_Selatan,49.15,6,GFW_MOCK
2023-01-01,-6.75,114.75,WPP_573_Samudera_Hindia_Selatan,8.68,6,GFW_MOCK
2023-01-01,-6.25,102.25,WPP_573_Samudera_Hindia_Selatan,234.06,7,GFW_MOCK
2023-01-01,-6.25,102.75,WPP_573_Samudera_Hindia_Selatan,5.11,7,GFW_MOCK
2023-01-01,-6.25,103.25,WPP_573_Samudera_Hindia_Selatan,7.25,9,GFW_MOCK
2023-01-01,-6.25,103.75,WPP_573_Samudera_Hindia_Selatan,23.93,5,GFW_MOCK
2023-01-01,-6.25,104.25,WPP_573_Samudera_Hindia_Selatan,3.83,12,GFW_MOCK
2023-01-01,-6.25,104.75,WPP_573_Samudera_Hindia_Selatan,42.54,9,GFW_MOCK
2023-01-01,-6.25,105.25,WPP_573_Samudera_Hindia_Selatan,43.06,1,GFW_MOCK
2023-01-01,-6.25,105.75,WPP_573_Samudera_Hindia_Selatan,135.41,8,GFW_MOCK
2023-01-01,-6.25,106.25,WPP_573_Samudera_Hindia_Selatan,5.78,10,GFW_MOCK
2023-01-01,-6.25,106.75,WPP_573_Samudera_Hindia_Selatan,48.39,7,GFW_MOCK
2023-01-01,-6.25,107.25,WPP_573_Samudera_Hindia_Selatan,29.43,9,GFW_MOCK
2023-01-01,-6.25,107.75,WPP_573_Samudera_Hindia_Selatan,13.1,4,GFW_MOCK
2023-01-01,-6.25,108.25,WPP_573_Samudera_Hindia_Selatan,271.18,9,GFW_MOCK
2023-01-01,-6.25,108.75,WPP_573_Samudera_Hindia_Selatan,5.13,9,GFW_MOCK
2023-01-01,-6.25,109.25,WPP_573_Samudera_Hindia_Selatan,35.9,11,GFW_MOCK
2023-01-01,-6.25,109.75,WPP_573_Samudera_Hindia_Selatan,12.93,5,GFW_MOCK
2023-01-01,-6.25,110.25,WPP_573_Samudera_Hindia_Selatan,16.74,7,GFW_MOCK
2023-01-01,-6.25,110.75,WPP_573_Samudera_Hindia_Selatan,12.58,9,GFW_MOCK
2023-01-01,-6.25,111.25,WPP_573_Samudera_Hindia_Selatan,0.62,8,GFW_MOCK
2023-01-01,-6.25,111.75,WPP_573_Samudera_Hindia_Selatan,6.91,9,GFW_MOCK
2023-01-01,-6.25,112.25,WPP_573_Samudera_Hindia_Selatan,31.14,13,GFW_MOCK
2023-01-01,-6.25,112.75,WPP_573_Samudera_Hindia_Selatan,13.78,4,GFW_MOCK
2023-01-01,-6.25,113.25,WPP_573_Samudera_Hindia_Selatan,12.17,8,GFW_MOCK
2023-01-01,-6.25,113.75,WPP_573_Samudera_Hindia_Selatan,3.08,10,GFW_MOCK
2023-01-01,-6.25,114.25,WPP_573_Samudera_Hindia_Selatan,2.06,7,GFW_MOCK
2023-01-01,-6.25,114.75,WPP_573_Samudera_Hindia_Selatan,12.21,9,GFW_MOCK
2023-02-01,-10.75,102.25,WPP_573_Samudera_Hindia_Selatan,11.93,10,GFW_MOCK
2023-02-01,-10.75,102.75,WPP_573_Samudera_Hindia_Selatan,10.69,9,GFW_MOCK
2023-02-01,-10.75,103.25,WPP_573_Samudera_Hindia_Selatan,42.87,14,GFW_MOCK
2023-02-01,-10.75,103.75,WPP_573_Samudera_Hindia_Selatan,9.52,8,GFW_MOCK
2023-02-01,-10.75,104.25,WPP_573_Samudera_Hindia_Selatan,13.0,8,GFW_MOCK
2023-02-01,-10.75,104.75,WPP_573_Samudera_Hindia_Selatan,15.12,7,GFW_MOCK
2023-02-01,-10.75,105.25,WPP_573_Samudera_Hindia_Selatan,15.14,7,GFW_MOCK
2023-02-01,-10.75,105.75,WPP_573_Samudera_Hindia_Selatan,3.98,5,GFW_MOCK
2023-02-01,-10.75,106.25,WPP_573_Samudera_Hindia_Selatan,117.61,9,GFW_MOCK
2023-02-01,-10.75,106.75,WPP_573_Samudera_Hindia_Selatan,84.75,6,GFW_MOCK
2023-02-01,-10.75,107.25,WPP_573_Samudera_Hindia_Selatan,8.84,5,GFW_MOCK
2023-02-01,-10.75,107.75,WPP_573_Samudera_Hindia_Selatan,324.79,9,GFW_MOCK
2023-02-01,-10.75,108.25,WPP_573_Samudera_Hindia_Selatan,3.04,10,GFW_MOCK
2023-02-01,-10.75,108.75,WPP_573_Samudera_Hindia_Selatan,28.19,5,GFW_MOCK
2023-02-01,-10.75,109.25,WPP_573_Samudera_Hindia_Selatan,2.02,9,GFW_MOCK
2023-02-01,-10.75,109.75,WPP_573_Samudera_Hindia_Selatan,2.31,7,GFW_MOCK
2023-02-01,-10.75,110.25,WPP_573_Samudera_Hindia_Selatan,10.56,10,GFW_MOCK
2023-02-01,-10.75,110.75,WPP_573_Samudera_Hindia_Selatan,82.44,7,GFW_MOCK
2023-02-01,-10.75,111.25,WPP_573_Samudera_Hindia_Selatan,157.89,9,GFW_MOCK
2023-02-01,-10.75,111.75,WPP_573_Samudera_Hindia_Selatan,3.93,8,GFW_MOCK
2023-02-01,-10.75,112.25,WPP_573_Samudera_Hindia_Selatan,108.8,11,GFW_MOCK
2023-02-01,-10.75,112.75,WPP_573_Samudera_Hindia_Selatan,25.66,9,GFW_MOCK
2023-02-01,-10.75,113.25,WPP_573_Samudera_Hindia_Selatan,17.85,3,GFW_MOCK
2023-02-01,-10.75,113.75,WPP_573_Samudera_Hindia_Selatan,5.86,5,GFW_MOCK
2023-02-01,-10.75,114.25,WPP_573_Samudera_Hindia_Selatan,2.89,11,GFW_MOCK
2023-02-01,-10.75,114.75,WPP_573_Samudera_Hindia_Selatan,20.15,6,GFW_MOCK
2023-02-01,-10.25,102.25,WPP_573_Samudera_Hindia_Selatan,21.5,3,GFW_MOCK
2023-02-01,-10.25,102.75,WPP_573_Samudera_Hindia_Selatan,29.69,4,GFW_MOCK
2023-02-01,-10.25,103.25,WPP_573_Samudera_Hindia_Selatan,15.58,8,GFW_MOCK
2023-02-01,-10.25,103.75,WPP_573_Samudera_Hindia_Selatan,4.0,8,GFW_MOCK
2023-02-01,-10.25,104.25,WPP_573_Samudera_Hindia_Selatan,2.59,4,GFW_MOCK
2023-02-01,-10.25,104.75,WPP_573_Samudera_Hindia_Selatan,58.88,5,GFW_MOCK
2023-02-01,-10.25,105.25,WPP_573_Samudera_Hindia_Selatan,18.66,10,GFW_MOCK
2023-02-01,-10.25,105.75,WPP_573_Samudera_Hindia_Selatan,10.27,14,GFW_MOCK
2023-02-01,-10.25,106.25,WPP_573_Samudera_Hindia_Selatan,171.1,5,GFW_MOCK
2023-02-01,-10.25,106.75,WPP_573_Samudera_Hindia_Selatan,6.22,9,GFW_MOCK
2023-02-01,-10.25,107.25,WPP_573_Samudera_Hindia_Selatan,59.85,12,GFW_MOCK
2023-02-01,-10.25,107.75,WPP_573_Samudera_Hindia_Selatan,186.25,12,GFW_MOCK
2023-02-01,-10.25,108.25,WPP_573_Samudera_Hindia_Selatan,5.4,7,GFW_MOCK
2023-02-01,-10.25,108.75,WPP_573_Samudera_Hindia_Selatan,7.87,7,GFW_MOCK
2023-02-01,-10.25,109.25,WPP_573_Samudera_Hindia_Selatan,10.43,13,GFW_MOCK
2023-02-01,-10.25,109.75,WPP_573_Samudera_Hindia_Selatan,4.37,9,GFW_MOCK
2023-02-01,-10.25,110.25,WPP_573_Samudera_Hindia_Selatan,12.48,8,GFW_MOCK
2023-02-01,-10.25,110.75,WPP_573_Samudera_Hindia_Selatan,34.76,8,GFW_MOCK
2023-02-01,-10.25,111.25,WPP_573_Samudera_Hindia_Selatan,13.03,4,GFW_MOCK
2023-02-01,-10.25,111.75,WPP_573_Samudera_Hindia_Selatan,38.32,9,GFW_MOCK
2023-02-01,-10.25,112.25,WPP_573_Samudera_Hindia_Selatan,10.02,10,GFW_MOCK
2023-02-01,-10.25,112.75,WPP_573_Samudera_Hindia_Selatan,5.74,8,GFW_MOCK
2023-02-01,-10.25,113.25,WPP_573_Samudera_Hindia_Selatan,4.3,9,GFW_MOCK
2023-02-01,-10.25,113.75,WPP_573_Samudera_Hindia_Selatan,13.3,6,GFW_MOCK
2023-02-01,-10.25,114.25,WPP_573_Samudera_Hindia_Selatan,4.31,6,GFW_MOCK
2023-02-01,-10.25,114.75,WPP_573_Samudera_Hindia_Selatan,8.7,9,GFW_MOCK
2023-02-01,-9.75,102.25,WPP_573_Samudera_Hindia_Selatan,10.6,10,GFW_MOCK
2023-02-01,-9.75,102.75,WPP_573_Samudera_Hindia_Selatan,3.7,7,GFW_MOCK
2023-02-01,-9.75,103.25,WPP_573_Samudera_Hindia_Selatan,12.19,12,GFW_MOCK
2023-02-01,-9.75,103.75,WPP_573_Samudera_Hindia_Selatan,14.06,9,GFW_MOCK
2023-02-01,-9.75,104.25,WPP_573_Samudera_Hindia_Selatan,9.33,5,GFW_MOCK
2023-02-01,-9.75,104.75,WPP_573_Samudera_Hindia_Selatan,2.27,9,GFW_MOCK
2023-02-01,-9.75,105.25,WPP_573_Samudera_Hindia_Selatan,38.19,7,GFW_MOCK
2023-02-01,-9.75,105.75,WPP_573_Samudera_Hindia_Selatan,24.26,7,GFW_MOCK
2023-02-01,-9.75,106.25,WPP_573_Samudera_Hindia_Selatan,1.75,9,GFW_MOCK
2023-02-01,-9.75,106.75,WPP_573_Samudera_Hindia_Selatan,7.75,4,GFW_MOCK
2023-02-01,-9.75,107.25,WPP_573_Samudera_Hindia_Selatan,10.94,4,GFW_MOCK
2023-02-01,-9.75,107.75,WPP_573_Samudera_Hindia_Selatan,26.84,9,GFW_MOCK
2023-02-01,-9.75,108.25,WPP_573_Samudera_Hindia_Selatan,26.47,9,GFW_MOCK
2023-02-01,-9.75,108.75,WPP_573_Samudera_Hindia_Selatan,79.54,15,GFW_MOCK
2023-02-01,-9.75,109.25,WPP_573_Samudera_Hindia_Selatan,19.6,9,GFW_MOCK
2023-02-01,-9.75,109.75,WPP_573_Samudera_Hindia_Selatan,7.45,3,GFW_MOCK
2023-02-01,-9.75,110.25,WPP_573_Samudera_Hindia_Selatan,5.72,7,GFW_MOCK
2023-02-01,-9.75,110.75,WPP_573_Samudera_Hindia_Selatan,1.04,8,GFW_MOCK
2023-02-01,-9.75,111.25,WPP_573_Samudera_Hindia_Selatan,9.26,12,GFW_MOCK
2023-02-01,-9.75,111.75,WPP_573_Samudera_Hindia_Selatan,1.54,4,GFW_MOCK
2023-02-01,-9.75,112.25,WPP_573_Samudera_Hindia_Selatan,27.47,9,GFW_MOCK
2023-02-01,-9.75,112.75,WPP_573_Samudera_Hindia_Selatan,38.84,8,GFW_MOCK
2023-02-01,-9.75,113.25,WPP_573_Samudera_Hindia_Selatan,14.26,10,GFW_MOCK
2023-02-01,-9.75,113.75,WPP_573_Samudera_Hindia_Selatan,11.25,10,GFW_MOCK
2023-02-01,-9.75,114.25,WPP_573_Samudera_Hindia_Selatan,6.8,4,GFW_MOCK
2023-02-01,-9.75,114.75,WPP_573_Samudera_Hindia_Selatan,25.92,6,GFW_MOCK
2023-02-01,-9.25,102.25,WPP_573_Samudera_Hindia_Selatan,8.2,7,GFW_MOCK
2023-02-01,-9.25,102.75,WPP_573_Samudera_Hindia_Selatan,30.69,11,GFW_MOCK
2023-02-01,-9.25,103.25,WPP_573_Samudera_Hindia_Selatan,17.16,6,GFW_MOCK
2023-02-01,-9.25,103.75,WPP_573_Samudera_Hindia_Selatan,500.0,9,GFW_MOCK
2023-02-01,-9.25,104.25,WPP_573_Samudera_Hindia_Selatan,4.31,7,GFW_MOCK
2023-02-01,-9.25,104.75,WPP_573_Samudera_Hindia_Selatan,13.07,6,GFW_MOCK
2023-02-01,-9.25,105.25,WPP_573_Samudera_Hindia_Selatan,8.38,7,GFW_MOCK
2023-02-01,-9.25,105.75,WPP_573_Samudera_Hindia_Selatan,8.58,9,GFW_MOCK
2023-02-01,-9.25,106.25,WPP_573_Samudera_Hindia_Selatan,32.28,9,GFW_MOCK
2023-02-01,-9.25,106.75,WPP_573_Samudera_Hindia_Selatan,4.24,15,GFW_MOCK
2023-02-01,-9.25,107.25,WPP_573_Samudera_Hindia_Selatan,30.46,10,GFW_MOCK
2023-02-01,-9.25,107.75,WPP_573_Samudera_Hindia_Selatan,2.26,5,GFW_MOCK
2023-02-01,-9.25,108.25,WPP_573_Samudera_Hindia_Selatan,38.23,7,GFW_MOCK
2023-02-01,-9.25,108.75,WPP_573_Samudera_Hindia_Selatan,46.0,10,GFW_MOCK
2023-02-01,-9.25,109.25,WPP_573_Samudera_Hindia_Selatan,2.51,8,GFW_MOCK
2023-02-01,-9.25,109.75,WPP_573_Samudera_Hindia_Selatan,4.22,8,GFW_MOCK
2023-02-01,-9.25,110.25,WPP_573_Samudera_Hindia_Selatan,1.26,12,GFW_MOCK
2023-02-01,-9.25,110.75,WPP_573_Samudera_Hindia_Selatan,55.12,7,GFW_MOCK
2023-02-01,-9.25,111.25,WPP_573_Samudera_Hindia_Selatan,4.75,4,GFW_MOCK
2023-02-01,-9.25,111.75,WPP_573_Samudera_Hindia_Selatan,10.43,7,GFW_MOCK
2023-02-01,-9.25,112.25,WPP_573_Samudera_Hindia_Selatan,32.6,4,GFW_MOCK
2023-02-01,-9.25,112.75,WPP_573_Samudera_Hindia_Selatan,9.36,10,GFW_MOCK
2023-02-01,-9.25,113.25,WPP_573_Samudera_Hindia_Selatan,56.64,11,GFW_MOCK
2023-02-01,-9.25,113.75,WPP_573_Samudera_Hindia_Selatan,3.12,8,GFW_MOCK
2023-02-01,-9.25,114.25,WPP_573_Samudera_Hindia_Selatan,14.88,9,GFW_MOCK
2023-02-01,-9.25,114.75,WPP_573_Samudera_Hindia_Selatan,1.95,10,GFW_MOCK
2023-02-01,-8.75,102.25,WPP_573_Samudera_Hindia_Selatan,36.27,8,GFW_MOCK
2023-02-01,-8.75,102.75,WPP_573_Samudera_Hindia_Selatan,49.37,12,GFW_MOCK
2023-02-01,-8.75,103.25,WPP_573_Samudera_Hindia_Selatan,2.41,4,GFW_MOCK
2023-02-01,-8.75,103.75,WPP_573_Samudera_Hindia_Selatan,63.03,8,GFW_MOCK
2023-02-01,-8.75,104.25,WPP_573_Samudera_Hindia_Selatan,14.87,9,GFW_MOCK
2023-02-01,-8.75,104.75,WPP_573_Samudera_Hindia_Selatan,2.08,4,GFW_MOCK
2023-02-01,-8.75,105.25,WPP_573_Samudera_Hindia_Selatan,6.75,9,GFW_MOCK
2023-02-01,-8.75,105.75,WPP_573_Samudera_Hindia_Selatan,20.98,6,GFW_MOCK
2023-02-01,-8.75,106.25,WPP_573_Samudera_Hindia_Selatan,20.98,5,GFW_MOCK
2023-02-01,-8.75,106.75,WPP_573_Samudera_Hindia_Selatan,7.1,12,GFW_MOCK
2023-02-01,-8.75,107.25,WPP_573_Samudera_Hindia_Selatan,20.42,8,GFW_MOCK
2023-02-01,-8.75,107.75,WPP_573_Samudera_Hindia_Selatan,7.04,11,GFW_MOCK
2023-02-01,-8.75,108.25,WPP_573_Samudera_Hindia_Selatan,34.66,8,GFW_MOCK
2023-02-01,-8.75,108.75,WPP_573_Samudera_Hindia_Selatan,21.49,9,GFW_MOCK
2023-02-01,-8.75,109.25,WPP_573_Samudera_Hindia_Selatan,42.19,10,GFW_MOCK
2023-02-01,-8.75,109.75,WPP_573_Samudera_Hindia_Selatan,32.27,8,GFW_MOCK
2023-02-01,-8.75,110.25,WPP_573_Samudera_Hindia_Selatan,24.13,7,GFW_MOCK
2023-02-01,-8.75,110.75,WPP_573_Samudera_Hindia_Selatan,7.34,9,GFW_MOCK
2023-02-01,-8.75,111.25,WPP_573_Samudera_Hindia_Selatan,3.78,5,GFW_MOCK
2023-02-01,-8.75,111.75,WPP_573_Samudera_Hindia_Selatan,25.62,7,GFW_MOCK
2023-02-01,-8.75,112.25,WPP_573_Samudera_Hindia_Selatan,6.26,3,GFW_MOCK
2023-02-01,-8.75,112.75,WPP_573_Samudera_Hindia_Selatan,11.06,6,GFW_MOCK
2023-02-01,-8.75,113.25,WPP_573_Samudera_Hindia_Selatan,35.72,5,GFW_MOCK
2023-02-01,-8.75,113.75,WPP_573_Samudera_Hindia_Selatan,5.7,5,GFW_MOCK
2023-02-01,-8.75,114.25,WPP_573_Samudera_Hindia_Selatan,11.7,9,GFW_MOCK
2023-02-01,-8.75,114.75,WPP_573_Samudera_Hindia_Selatan,17.29,9,GFW_MOCK
2023-02-01,-8.25,102.25,WPP_573_Samudera_Hindia_Selatan,7.93,9,GFW_MOCK
2023-02-01,-8.25,102.75,WPP_573_Samudera_Hindia_Selatan,20.46,6,GFW_MOCK
2023-02-01,-8.25,103.25,WPP_573_Samudera_Hindia_Selatan,18.59,6,GFW_MOCK
2023-02-01,-8.25,103.75,WPP_573_Samudera_Hindia_Selatan,30.63,14,GFW_MOCK
2023-02-01,-8.25,104.25,WPP_573_Samudera_Hindia_Selatan,75.0,10,GFW_MOCK
2023-02-01,-8.25,104.75,WPP_573_Samudera_Hindia_Selatan,43.32,5,GFW_MOCK
2023-02-01,-8.25,105.25,WPP_573_Samudera_Hindia_Selatan,3.78,8,GFW_MOCK
2023-02-01,-8.25,105.75,WPP_573_Samudera_Hindia_Selatan,0.61,8,GFW_MOCK
2023-02-01,-8.25,106.25,WPP_573_Samudera_Hindia_Selatan,10.54,9,GFW_MOCK
2023-02-01,-8.25,106.75,WPP_573_Samudera_Hindia_Selatan,22.72,6,GFW_MOCK
2023-02-01,-8.25,107.25,WPP_573_Samudera_Hindia_Selatan,14.11,7,GFW_MOCK
2023-02-01,-8.25,107.75,WPP_573_Samudera_Hindia_Selatan,8.22,3,GFW_MOCK
2023-02-01,-8.25,108.25,WPP_573_Samudera_Hindia_Selatan,19.59,8,GFW_MOCK
2023-02-01,-8.25,108.75,WPP_573_Samudera_Hindia_Selatan,2.51,5,GFW_MOCK
2023-02-01,-8.25,109.25,WPP_573_Samudera_Hindia_Selatan,1.86,11,GFW_MOCK
2023-02-01,-8.25,109.75,WPP_573_Samudera_Hindia_Selatan,29.39,8,GFW_MOCK
2023-02-01,-8.25,110.25,WPP_573_Samudera_Hindia_Selatan,49.01,9,GFW_MOCK
2023-02-01,-8.25,110.75,WPP_573_Samudera_Hindia_Selatan,20.07,7,GFW_MOCK
2023-02-01,-8.25,111.25,WPP_573_Samudera_Hindia_Selatan,2.45,8,GFW_MOCK
2023-02-01,-8.25,111.75,WPP_573_Samudera_Hindia_Selatan,9.64,13,GFW_MOCK
2023-02-01,-8.25,112.25,WPP_573_Samudera_Hindia_Selatan,23.08,11,GFW_MOCK
2023-02-01,-8.25,112.75,WPP_573_Samudera_Hindia_Selatan,9.17,9,GFW_MOCK
2023-02-01,-8.25,113.25,WPP_573_Samudera_Hindia_Selatan,9.28,8,GFW_MOCK
2023-02-01,-8.25,113.75,WPP_573_Samudera_Hindia_Selatan,15.9,7,GFW_MOCK
2023-02-01,-8.25,114.25,WPP_573_Samudera_Hindia_Selatan,20.64,5,GFW_MOCK
2023-02-01,-8.25,114.75,WPP_573_Samudera_Hindia_Selatan,23.04,13,GFW_MOCK
2023-02-01,-7.75,102.25,WPP_573_Samudera_Hindia_Selatan,30.57,10,GFW_MOCK
2023-02-01,-7.75,102.75,WPP_573_Samudera_Hindia_Selatan,8.36,9,GFW_MOCK
2023-02-01,-7.75,103.25,WPP_573_Samudera_Hindia_Selatan,4.95,9,GFW_MOCK
2023-02-01,-7.75,103.75,WPP_573_Samudera_Hindia_Selatan,7.06,6,GFW_MOCK
2023-02-01,-7.75,104.25,WPP_573_Samudera_Hindia_Selatan,8.49,7,GFW_MOCK
2023-02-01,-7.75,104.75,WPP_573_Samudera_Hindia_Selatan,12.67,8,GFW_MOCK
2023-02-01,-7.75,105.25,WPP_573_Samudera_Hindia_Selatan,2.7,10,GFW_MOCK
2023-02-01,-7.75,105.75,WPP_573_Samudera_Hindia_Selatan,8.25,4,GFW_MOCK
2023-02-01,-7.75,106.25,WPP_573_Samudera_Hindia_Selatan,6.13,3,GFW_MOCK
2023-02-01,-7.75,106.75,WPP_573_Samudera_Hindia_Selatan,0.42,10,GFW_MOCK
2023-02-01,-7.75,107.25,WPP_573_Samudera_Hindia_Selatan,29.64,3,GFW_MOCK
2023-02-01,-7.75,107.75,WPP_573_Samudera_Hindia_Selatan,11.85,8,GFW_MOCK
2023-02-01,-7.75,108.25,WPP_573_Samudera_Hindia_Selatan,18.72,9,GFW_MOCK
2023-02-01,-7.75,108.75,WPP_573_Samudera_Hindia_Selatan,9.06,12,GFW_MOCK
2023-02-01,-7.75,109.25,WPP_573_Samudera_Hindia_Selatan,37.48,7,GFW_MOCK
2023-02-01,-7.75,109.75,WPP_573_Samudera_Hindia_Selatan,53.47,10,GFW_MOCK
2023-02-01,-7.75,110.25,WPP_573_Samudera_Hindia_Selatan,1.65,9,GFW_MOCK
2023-02-01,-7.75,110.75,WPP_573_Samudera_Hindia_Selatan,1.48,8,GFW_MOCK
2023-02-01,-7.75,111.25,WPP_573_Samudera_Hindia_Selatan,1.19,9,GFW_MOCK
2023-02-01,-7.75,111.75,WPP_573_Samudera_Hindia_Selatan,37.6,6,GFW_MOCK
2023-02-01,-7.75,112.25,WPP_573_Samudera_Hindia_Selatan,6.12,8,GFW_MOCK
2023-02-01,-7.75,112.75,WPP_573_Samudera_Hindia_Selatan,41.27,3,GFW_MOCK
2023-02-01,-7.75,113.25,WPP_573_Samudera_Hindia_Selatan,2.71,4,GFW_MOCK
2023-02-01,-7.75,113.75,WPP_573_Samudera_Hindia_Selatan,0.56,8,GFW_MOCK
2023-02-01,-7.75,114.25,WPP_573_Samudera_Hindia_Selatan,18.53,10,GFW_MOCK
2023-02-01,-7.75,114.75,WPP_573_Samudera_Hindia_Selatan,6.49,12,GFW_MOCK
2023-02-01,-7.25,102.25,WPP_573_Samudera_Hindia_Selatan,5.42,7,GFW_MOCK
2023-02-01,-7.25,102.75,WPP_573_Samudera_Hindia_Selatan,4.81,7,GFW_MOCK
2023-02-01,-7.25,103.25,WPP_573_Samudera_Hindia_Selatan,22.93,9,GFW_MOCK
2023-02-01,-7.25,103.75,WPP_573_Samudera_Hindia_Selatan,9.61,9,GFW_MOCK
2023-02-01,-7.25,104.25,WPP_573_Samudera_Hindia_Selatan,12.42,8,GFW_MOCK
2023-02-01,-7.25,104.75,WPP_573_Samudera_Hindia_Selatan,100.09,9,GFW_MOCK
2023-02-01,-7.25,105.25,WPP_573_Samudera_Hindia_Selatan,0.45,7,GFW_MOCK
2023-02-01,-7.25,105.75,WPP_573_Samudera_Hindia_Selatan,90.79,8,GFW_MOCK
2023-02-01,-7.25,106.25,WPP_573_Samudera_Hindia_Selatan,21.04,10,GFW_MOCK
2023-02-01,-7.25,106.75,WPP_573_Samudera_Hindia_Selatan,8.6,3,GFW_MOCK
2023-02-01,-7.25,107.25,WPP_573_Samudera_Hindia_Selatan,11.76,7,GFW_MOCK
2023-02-01,-7.25,107.75,WPP_573_Samudera_Hindia_Selatan,22.19,2,GFW_MOCK
2023-02-01,-7.25,108.25,WPP_573_Samudera_Hindia_Selatan,23.08,3,GFW_MOCK
2023-02-01,-7.25,108.75,WPP_573_Samudera_Hindia_Selatan,4.75,3,GFW_MOCK
2023-02-01,-7.25,109.25,WPP_573_Samudera_Hindia_Selatan,5.42,13,GFW_MOCK
2023-02-01,-7.25,109.75,WPP_573_Samudera_Hindia_Selatan,2.25,12,GFW_MOCK
2023-02-01,-7.25,110.25,WPP_573_Samudera_Hindia_Selatan,2.66,3,GFW_MOCK
2023-02-01,-7.25,110.75,WPP_573_Samudera_Hindia_Selatan,0.98,9,GFW_MOCK
2023-02-01,-7.25,111.25,WPP_573_Samudera_Hindia_Selatan,3.81,8,GFW_MOCK
2023-02-01,-7.25,111.75,WPP_573_Samudera_Hindia_Selatan,9.55,8,GFW_MOCK
2023-02-01,-7.25,112.25,WPP_573_Samudera_Hindia_Selatan,6.3,10,GFW_MOCK
2023-02-01,-7.25,112.75,WPP_573_Samudera_Hindia_Selatan,6.61,12,GFW_MOCK
2023-02-01,-7.25,113.25,WPP_573_Samudera_Hindia_Selatan,3.32,8,GFW_MOCK
2023-02-01,-7.25,113.75,WPP_573_Samudera_Hindia_Selatan,11.62,7,GFW_MOCK
2023-02-01,-7.25,114.25,WPP_573_Samudera_Hindia_Selatan,3.7,8,GFW_MOCK
2023-02-01,-7.25,114.75,WPP_573_Samudera_Hindia_Selatan,22.94,14,GFW_MOCK
2023-02-01,-6.75,102.25,WPP_573_Samudera_Hindia_Selatan,66.5,11,GFW_MOCK
2023-02-01,-6.75,102.75,WPP_573_Samudera_Hindia_Selatan,18.13,5,GFW_MOCK
2023-02-01,-6.75,103.25,WPP_573_Samudera_Hindia_Selatan,7.88,9,GFW_MOCK
2023-02-01,-6.75,103.75,WPP_573_Samudera_Hindia_Selatan,31.07,10,GFW_MOCK
2023-02-01,-6.75,104.25,WPP_573_Samudera_Hindia_Selatan,6.86,10,GFW_MOCK
2023-02-01,-6.75,104.75,WPP_573_Samudera_Hindia_Selatan,5.23,10,GFW_MOCK
2023-02-01,-6.75,105.25,WPP_573_Samudera_Hindia_Selatan,3.54,10,GFW_MOCK
2023-02-01,-6.75,105.75,WPP_573_Samudera_Hindia_Selatan,34.91,6,GFW_MOCK
2023-02-01,-6.75,106.25,WPP_573_Samudera_Hindia_Selatan,6.76,6,GFW_MOCK
2023-02-01,-6.75,106.75,WPP_573_Samudera_Hindia_Selatan,11.68,8,GFW_MOCK
2023-02-01,-6.75,107.25,WPP_573_Samudera_Hindia_Selatan,30.95,11,GFW_MOCK
2023-02-01,-6.75,107.75,WPP_573_Samudera_Hindia_Selatan,22.63,5,GFW_MOCK
2023-02-01,-6.75,108.25,WPP_573_Samudera_Hindia_Selatan,16.91,7,GFW_MOCK
2023-02-01,-6.75,108.75,WPP_573_Samudera_Hindia_Selatan,10.04,8,GFW_MOCK
2023-02-01,-6.75,109.25,WPP_573_Samudera_Hindia_Selatan,23.23,12,GFW_MOCK
2023-02-01,-6.75,109.75,WPP_573_Samudera_Hindia_Selatan,9.5,11,GFW_MOCK
2023-02-01,-6.75,110.25,WPP_573_Samudera_Hindia_Selatan,19.83,8,GFW_MOCK
2023-02-01,-6.75,110.75,WPP_573_Samudera_Hindia_Selatan,11.26,8,GFW_MOCK
2023-02-01,-6.75,111.25,WPP_573_Samudera_Hindia_Selatan,110.88,7,GFW_MOCK
2023-02-01,-6.75,111.75,WPP_573_Samudera_Hindia_Selatan,49.2,7,GFW_MOCK
2023-02-01,-6.75,112.25,WPP_573_Samudera_Hindia_Selatan,42.64,11,GFW_MOCK
2023-02-01,-6.75,112.75,WPP_573_Samudera_Hindia_Selatan,6.0,7,GFW_MOCK
2023-02-01,-6.75,113.25,WPP_573_Samudera_Hindia_Selatan,31.06,7,GFW_MOCK
2023-02-01,-6.75,113.75,WPP_573_Samudera_Hindia_Selatan,34.03,7,GFW_MOCK
2023-02-01,-6.75,114.25,WPP_573_Samudera_Hindia_Selatan,8.91,7,GFW_MOCK
2023-02-01,-6.75,114.75,WPP_573_Samudera_Hindia_Selatan,13.6,15,GFW_MOCK
2023-02-01,-6.25,102.25,WPP_573_Samudera_Hindia_Selatan,12.61,11,GFW_MOCK
2023-02-01,-6.25,102.75,WPP_573_Samudera_Hindia_Selatan,34.05,12,GFW_MOCK
2023-02-01,-6.25,103.25,WPP_573_Samudera_Hindia_Selatan,22.49,8,GFW_MOCK
2023-02-01,-6.25,103.75,WPP_573_Samudera_Hindia_Selatan,4.85,5,GFW_MOCK
2023-02-01,-6.25,104.25,WPP_573_Samudera_Hindia_Selatan,8.87,12,GFW_MOCK
2023-02-01,-6.25,104.75,WPP_573_Samudera_Hindia_Selatan,1.5,12,GFW_MOCK
2023-01-01,0.25,104.25,WPP_711_Laut_Natuna,2.5,10,GFW_MOCK
2023-01-01,0.25,104.75,WPP_711_Laut_Natuna,8.56,5,GFW_MOCK
2023-01-01,0.25,105.25,WPP_711_Laut_Natuna,1.26,7,GFW_MOCK
2023-01-01,0.25,105.75,WPP_711_Laut_Natuna,55.27,8,GFW_MOCK
2023-01-01,0.25,106.25,WPP_711_Laut_Natuna,26.17,4,GFW_MOCK
2023-01-01,0.25,106.75,WPP_711_Laut_Natuna,23.34,6,GFW_MOCK
2023-01-01,0.25,107.25,WPP_711_Laut_Natuna,41.07,6,GFW_MOCK
2023-01-01,0.25,107.75,WPP_711_Laut_Natuna,36.92,9,GFW_MOCK
2023-01-01,0.25,108.25,WPP_711_Laut_Natuna,10.12,5,GFW_MOCK
2023-01-01,0.25,108.75,WPP_711_Laut_Natuna,77.3,6,GFW_MOCK
2023-01-01,0.25,109.25,WPP_711_Laut_Natuna,7.59,5,GFW_MOCK
2023-01-01,0.25,109.75,WPP_711_Laut_Natuna,9.32,13,GFW_MOCK
2023-01-01,0.75,104.25,WPP_711_Laut_Natuna,5.69,8,GFW_MOCK
2023-01-01,0.75,104.75,WPP_711_Laut_Natuna,13.65,10,GFW_MOCK
2023-01-01,0.75,105.25,WPP_711_Laut_Natuna,4.34,5,GFW_MOCK
2023-01-01,0.75,105.75,WPP_711_Laut_Natuna,8.73,9,GFW_MOCK
2023-01-01,0.75,106.25,WPP_711_Laut_Natuna,20.34,7,GFW_MOCK
2023-01-01,0.75,106.75,WPP_711_Laut_Natuna,5.13,13,GFW_MOCK
2023-01-01,0.75,107.25,WPP_711_Laut_Natuna,6.15,5,GFW_MOCK
2023-01-01,0.75,107.75,WPP_711_Laut_Natuna,46.95,9,GFW_MOCK
2023-01-01,0.75,108.25,WPP_711_Laut_Natuna,2.87,10,GFW_MOCK
2023-01-01,0.75,108.75,WPP_711_Laut_Natuna,143.57,9,GFW_MOCK
2023-01-01,0.75,109.25,WPP_711_Laut_Natuna,4.63,9,GFW_MOCK
2023-01-01,0.75,109.75,WPP_711_Laut_Natuna,31.35,4,GFW_MOCK
2023-01-01,1.25,104.25,WPP_711_Laut_Natuna,18.4,10,GFW_MOCK
2023-01-01,1.25,104.75,WPP_711_Laut_Natuna,4.42,10,GFW_MOCK
2023-01-01,1.25,105.25,WPP_711_Laut_Natuna,11.2,4,GFW_MOCK
2023-01-01,1.25,105.75,WPP_711_Laut_Natuna,6.0,9,GFW_MOCK
2023-01-01,1.25,106.25,WPP_711_Laut_Natuna,8.0,10,GFW_MOCK
2023-01-01,1.25,106.75,WPP_711_Laut_Natuna,30.45,7,GFW_MOCK
2023-01-01,1.25,107.25,WPP_711_Laut_Natuna,29.82,6,GFW_MOCK
2023-01-01,1.25,107.75,WPP_711_Laut_Natuna,7.87,9,GFW_MOCK
2023-01-01,1.25,108.25,WPP_711_Laut_Natuna,1.86,5,GFW_MOCK
2023-01-01,1.25,108.75,WPP_711_Laut_Natuna,14.25,8,GFW_MOCK
2023-01-01,1.25,109.25,WPP_711_Laut_Natuna,24.5,10,GFW_MOCK
2023-01-01,1.25,109.75,WPP_711_Laut_Natuna,1.13,4,GFW_MOCK
2023-01-01,1.75,104.25,WPP_711_Laut_Natuna,0.97,4,GFW_MOCK
2023-01-01,1.75,104.75,WPP_711_Laut_Natuna,1.86,4,GFW_MOCK
2023-01-01,1.75,105.25,WPP_711_Laut_Natuna,12.48,7,GFW_MOCK
2023-01-01,1.75,105.75,WPP_711_Laut_Natuna,2.56,8,GFW_MOCK
2023-01-01,1.75,106.25,WPP_711_Laut_Natuna,22.13,8,GFW_MOCK
2023-01-01,1.75,106.75,WPP_711_Laut_Natuna,22.84,7,GFW_MOCK
2023-01-01,1.75,107.25,WPP_711_Laut_Natuna,32.87,17,GFW_MOCK
2023-01-01,1.75,107.75,WPP_711_Laut_Natuna,62.41,5,GFW_MOCK
2023-01-01,1.75,108.25,WPP_711_Laut_Natuna,37.97,8,GFW_MOCK
2023-01-01,1.75,108.75,WPP_711_Laut_Natuna,4.24,5,GFW_MOCK
2023-01-01,1.75,109.25,WPP_711_Laut_Natuna,8.77,8,GFW_MOCK
2023-01-01,1.75,109.75,WPP_711_Laut_Natuna,129.16,6,GFW_MOCK
2023-01-01,2.25,104.25,WPP_711_Laut_Natuna,2.83,14,GFW_MOCK
2023-01-01,2.25,104.75,WPP_711_Laut_Natuna,86.42,5,GFW_MOCK
2023-01-01,2.25,105.25,WPP_711_Laut_Natuna,8.81,11,GFW_MOCK
2023-01-01,2.25,105.75,WPP_711_Laut_Natuna,39.61,6,GFW_MOCK
2023-01-01,2.25,106.25,WPP_711_Laut_Natuna,1.48,10,GFW_MOCK
2023-01-01,2.25,106.75,WPP_711_Laut_Natuna,8.84,13,GFW_MOCK
2023-01-01,2.25,107.25,WPP_711_Laut_Natuna,20.43,14,GFW_MOCK
2023-01-01,2.25,107.75,WPP_711_Laut_Natuna,7.87,7,GFW_MOCK
2023-01-01,2.25,108.25,WPP_711_Laut_Natuna,2.97,7,GFW_MOCK
2023-01-01,2.25,108.75,WPP_711_Laut_Natuna,59.55,8,GFW_MOCK
2023-01-01,2.25,109.25,WPP_711_Laut_Natuna,8.16,8,GFW_MOCK
2023-01-01,2.25,109.75,WPP_711_Laut_Natuna,9.66,9,GFW_MOCK
2023-01-01,2.75,104.25,WPP_711_Laut_Natuna,22.02,8,GFW_MOCK
2023-01-01,2.75,104.75,WPP_711_Laut_Natuna,8.82,9,GFW_MOCK
2023-01-01,2.75,105.25,WPP_711_Laut_Natuna,1.85,9,GFW_MOCK
2023-01-01,2.75,105.75,WPP_711_Laut_Natuna,11.29,9,GFW_MOCK
2023-01-01,2.75,106.25,WPP_711_Laut_Natuna,3.38,8,GFW_MOCK
2023-01-01,2.75,106.75,WPP_711_Laut_Natuna,2.43,6,GFW_MOCK
2023-01-01,2.75,107.25,WPP_711_Laut_Natuna,10.93,9,GFW_MOCK
2023-01-01,2.75,107.75,WPP_711_Laut_Natuna,12.66,15,GFW_MOCK
2023-01-01,2.75,108.25,WPP_711_Laut_Natuna,60.12,4,GFW_MOCK
2023-01-01,2.75,108.75,WPP_711_Laut_Natuna,19.13,8,GFW_MOCK
2023-01-01,2.75,109.25,WPP_711_Laut_Natuna,13.06,7,GFW_MOCK
2023-01-01,2.75,109.75,WPP_711_Laut_Natuna,44.0,9,GFW_MOCK
2023-01-01,3.25,104.25,WPP_711_Laut_Natuna,18.09,9,GFW_MOCK
2023-01-01,3.25,104.75,WPP_711_Laut_Natuna,32.03,5,GFW_MOCK
2023-01-01,3.25,105.25,WPP_711_Laut_Natuna,34.58,11,GFW_MOCK
2023-01-01,3.25,105.75,WPP_711_Laut_Natuna,50.83,11,GFW_MOCK
2023-01-01,3.25,106.25,WPP_711_Laut_Natuna,7.4,6,GFW_MOCK
2023-01-01,3.25,106.75,WPP_711_Laut_Natuna,8.44,4,GFW_MOCK
2023-01-01,3.25,107.25,WPP_711_Laut_Natuna,3.53,12,GFW_MOCK
2023-01-01,3.25,107.75,WPP_711_Laut_Natuna,24.58,11,GFW_MOCK
2023-01-01,3.25,108.25,WPP_711_Laut_Natuna,2.88,12,GFW_MOCK
2023-01-01,3.25,108.75,WPP_711_Laut_Natuna,23.53,2,GFW_MOCK
2023-01-01,3.25,109.25,WPP_711_Laut_Natuna,10.49,5,GFW_MOCK
2023-01-01,3.25,109.75,WPP_711_Laut_Natuna,0.99,11,GFW_MOCK
2023-01-01,3.75,104.25,WPP_711_Laut_Natuna,5.51,8,GFW_MOCK
2023-01-01,3.75,104.75,WPP_711_Laut_Natuna,8.8,11,GFW_MOCK
2023-01-01,3.75,105.25,WPP_711_Laut_Natuna,12.47,4,GFW_MOCK
2023-01-01,3.75,105.75,WPP_711_Laut_Natuna,3.41,12,GFW_MOCK
2023-01-01,3.75,106.25,WPP_711_Laut_Natuna,2.59,8,GFW_MOCK
2023-01-01,3.75,106.75,WPP_711_Laut_Natuna,43.23,8,GFW_MOCK
2023-01-01,3.75,107.25,WPP_711_Laut_Natuna,80.09,8,GFW_MOCK
2023-01-01,3.75,107.75,WPP_711_Laut_Natuna,7.53,5,GFW_MOCK
2023-01-01,3.75,108.25,WPP_711_Laut_Natuna,4.37,6,GFW_MOCK
2023-01-01,3.75,108.75,WPP_711_Laut_Natuna,5.12,5,GFW_MOCK
2023-01-01,3.75,109.25,WPP_711_Laut_Natuna,14.24,9,GFW_MOCK
2023-01-01,3.75,109.75,WPP_711_Laut_Natuna,10.07,9,GFW_MOCK
2023-01-01,4.25,104.25,WPP_711_Laut_Natuna,12.0,6,GFW_MOCK
2023-01-01,4.25,104.75,WPP_711_Laut_Natuna,10.08,9,GFW_MOCK
2023-01-01,4.25,105.25,WPP_711_Laut_Natuna,40.95,8,GFW_MOCK
2023-01-01,4.25,105.75,WPP_711_Laut_Natuna,8.87,10,GFW_MOCK
2023-01-01,4.25,106.25,WPP_711_Laut_Natuna,13.4,5,GFW_MOCK
2023-01-01,4.25,106.75,WPP_711_Laut_Natuna,1.81,9,GFW_MOCK
2023-01-01,4.25,107.25,WPP_711_Laut_Natuna,46.89,9,GFW_MOCK
2023-01-01,4.25,107.75,WPP_711_Laut_Natuna,2.56,8,GFW_MOCK
2023-01-01,4.25,108.25,WPP_711_Laut_Natuna,13.38,9,GFW_MOCK
2023-01-01,4.25,108.75,WPP_711_Laut_Natuna,59.12,9,GFW_MOCK
2023-01-01,4.25,109.25,WPP_711_Laut_Natuna,1.62,6,GFW_MOCK
2023-01-01,4.25,109.75,WPP_711_Laut_Natuna,12.14,10,GFW_MOCK
2023-01-01,4.75,104.25,WPP_711_Laut_Natuna,9.87,8,GFW_MOCK
2023-01-01,4.75,104.75,WPP_711_Laut_Natuna,33.76,5,GFW_MOCK
2023-01-01,4.75,105.25,WPP_711_Laut_Natuna,30.56,8,GFW_MOCK
2023-01-01,4.75,105.75,WPP_711_Laut_Natuna,2.68,9,GFW_MOCK
2023-01-01,4.75,106.25,WPP_711_Laut_Natuna,85.96,10,GFW_MOCK
2023-01-01,4.75,106.75,WPP_711_Laut_Natuna,12.96,7,GFW_MOCK
2023-01-01,4.75,107.25,WPP_711_Laut_Natuna,43.13,8,GFW_MOCK
2023-01-01,4.75,107.75,WPP_711_Laut_Natuna,1.74,4,GFW_MOCK
2023-01-01,4.75,108.25,WPP_711_Laut_Natuna,3.43,9,GFW_MOCK
2023-01-01,4.75,108.75,WPP_711_Laut_Natuna,12.51,8,GFW_MOCK
2023-01-01,4.75,109.25,WPP_711_Laut_Natuna,2.75,2,GFW_MOCK
2023-01-01,4.75,109.75,WPP_711_Laut_Natuna,8.42,5,GFW_MOCK
2023-01-01,5.25,104.25,WPP_711_Laut_Natuna,18.71,6,GFW_MOCK
2023-01-01,5.25,104.75,WPP_711_Laut_Natuna,19.17,8,GFW_MOCK
2023-01-01,5.25,105.25,WPP_711_Laut_Natuna,3.23,5,GFW_MOCK
2023-01-01,5.25,105.75,WPP_711_Laut_Natuna,4.27,8,GFW_MOCK
2023-01-01,5.25,106.25,WPP_711_Laut_Natuna,6.66,8,GFW_MOCK
2023-01-01,5.25,106.75,WPP_711_Laut_Natuna,6.08,4,GFW_MOCK
2023-01-01,5.25,107.25,WPP_711_Laut_Natuna,11.38,8,GFW_MOCK
2023-01-01,5.25,107.75,WPP_711_Laut_Natuna,7.67,8,GFW_MOCK
2023-01-01,5.25,108.25,WPP_711_Laut_Natuna,13.12,4,GFW_MOCK
2023-01-01,5.25,108.75,WPP_711_Laut_Natuna,13.0,9,GFW_MOCK
2023-01-01,5.25,109.25,WPP_711_Laut_Natuna,6.8,11,GFW_MOCK
2023-01-01,5.25,109.75,WPP_711_Laut_Natuna,22.2,5,GFW_MOCK
2023-01-01,5.75,104.25,WPP_711_Laut_Natuna,8.73,16,GFW_MOCK
2023-01-01,5.75,104.75,WPP_711_Laut_Natuna,5.81,15,GFW_MOCK
2023-01-01,5.75,105.25,WPP_711_Laut_Natuna,7.14,8,GFW_MOCK
2023-01-01,5.75,105.75,WPP_711_Laut_Natuna,5.22,7,GFW_MOCK
2023-01-01,5.75,106.25,WPP_711_Laut_Natuna,8.22,12,GFW_MOCK
2023-01-01,5.75,106.75,WPP_711_Laut_Natuna,5.06,9,GFW_MOCK
2023-01-01,5.75,107.25,WPP_711_Laut_Natuna,1.02,14,GFW_MOCK
2023-01-01,5.75,107.75,WPP_711_Laut_Natuna,1.63,8,GFW_MOCK
2023-01-01,5.75,108.25,WPP_711_Laut_Natuna,168.57,8,GFW_MOCK
2023-01-01,5.75,108.75,WPP_711_Laut_Natuna,2.79,8,GFW_MOCK
2023-01-01,5.75,109.25,WPP_711_Laut_Natuna,12.06,9,GFW_MOCK
2023-01-01,5.75,109.75,WPP_711_Laut_Natuna,2.44,5,GFW_MOCK
2023-02-01,0.25,104.25,WPP_711_Laut_Natuna,44.93,5,GFW_MOCK
2023-02-01,0.25,104.75,WPP_711_Laut_Natuna,32.91,5,GFW_MOCK
2023-02-01,0.25,105.25,WPP_711_Laut_Natuna,3.47,5,GFW_MOCK
2023-02-01,0.25,105.75,WPP_711_Laut_Natuna,5.78,5,GFW_MOCK
2023-02-01,0.25,106.25,WPP_711_Laut_Natuna,24.89,8,GFW_MOCK
2023-02-01,0.25,106.75,WPP_711_Laut_Natuna,48.65,10,GFW_MOCK
2023-02-01,0.25,107.25,WPP_711_Laut_Natuna,15.31,12,GFW_MOCK
2023-02-01,0.25,107.75,WPP_711_Laut_Natuna,4.54,7,GFW_MOCK
2023-02-01,0.25,108.25,WPP_711_Laut_Natuna,31.45,8,GFW_MOCK
2023-02-01,0.25,108.75,WPP_711_Laut_Natuna,14.27,5,GFW_MOCK
2023-02-01,0.25,109.25,WPP_711_Laut_Natuna,11.81,6,GFW_MOCK
2023-02-01,0.25,109.75,WPP_711_Laut_Natuna,19.92,6,GFW_MOCK
2023-02-01,0.75,104.25,WPP_711_Laut_Natuna,4.84,5,GFW_MOCK
2023-02-01,0.75,104.75,WPP_711_Laut_Natuna,91.56,7,GFW_MOCK
2023-02-01,0.75,105.25,WPP_711_Laut_Natuna,4.71,7,GFW_MOCK
2023-02-01,0.75,105.75,WPP_711_Laut_Natuna,66.11,9,GFW_MOCK
2023-02-01,0.75,106.25,WPP_711_Laut_Natuna,9.17,8,GFW_MOCK
2023-02-01,0.75,106.75,WPP_711_Laut_Natuna,15.43,6,GFW_MOCK
2023-02-01,0.75,107.25,WPP_711_Laut_Natuna,22.4,10,GFW_MOCK
2023-02-01,0.75,107.75,WPP_711_Laut_Natuna,4.41,5,GFW_MOCK
2023-02-01,0.75,108.25,WPP_711_Laut_Natuna,3.43,6,GFW_MOCK
2023-02-01,0.75,108.75,WPP_711_Laut_Natuna,56.67,14,GFW_MOCK
2023-02-01,0.75,109.25,WPP_711_Laut_Natuna,39.36,12,GFW_MOCK
2023-02-01,0.75,109.75,WPP_711_Laut_Natuna,110.56,5,GFW_MOCK
2023-02-01,1.25,104.25,WPP_711_Laut_Natuna,2.44,6,GFW_MOCK
2023-02-01,1.25,104.75,WPP_711_Laut_Natuna,19.37,6,GFW_MOCK
2023-02-01,1.25,105.25,WPP_711_Laut_Natuna,32.38,6,GFW_MOCK
2023-02-01,1.25,105.75,WPP_711_Laut_Natuna,5.96,9,GFW_MOCK
2023-02-01,1.25,106.25,WPP_711_Laut_Natuna,9.59,12,GFW_MOCK
2023-02-01,1.25,106.75,WPP_711_Laut_Natuna,1.64,14,GFW_MOCK
2023-02-01,1.25,107.25,WPP_711_Laut_Natuna,6.35,4,GFW_MOCK
2023-02-01,1.25,107.75,WPP_711_Laut_Natuna,58.68,4,GFW_MOCK
2023-02-01,1.25,108.25,WPP_711_Laut_Natuna,13.79,6,GFW_MOCK
2023-02-01,1.25,108.75,WPP_711_Laut_Natuna,17.05,15,GFW_MOCK
2023-02-01,1.25,109.25,WPP_711_Laut_Natuna,49.97,11,GFW_MOCK
2023-02-01,1.25,109.75,WPP_711_Laut_Natuna,67.45,4,GFW_MOCK
2023-02-01,1.75,104.25,WPP_711_Laut_Natuna,92.89,4,GFW_MOCK
2023-02-01,1.75,104.75,WPP_711_Laut_Natuna,12.42,5,GFW_MOCK
2023-02-01,1.75,105.25,WPP_711_Laut_Natuna,7.92,11,GFW_MOCK
2023-02-01,1.75,105.75,WPP_711_Laut_Natuna,2.94,3,GFW_MOCK
2023-02-01,1.75,106.25,WPP_711_Laut_Natuna,2.86,7,GFW_MOCK
2023-02-01,1.75,106.75,WPP_711_Laut_Natuna,5.75,5,GFW_MOCK
2023-02-01,1.75,107.25,WPP_711_Laut_Natuna,9.07,8,GFW_MOCK
2023-02-01,1.75,107.75,WPP_711_Laut_Natuna,9.62,8,GFW_MOCK
2023-02-01,1.75,108.25,WPP_711_Laut_Natuna,30.06,2,GFW_MOCK
2023-02-01,1.75,108.75,WPP_711_Laut_Natuna,2.47,11,GFW_MOCK
2023-02-01,1.75,109.25,WPP_711_Laut_Natuna,9.33,8,GFW_MOCK
2023-02-01,1.75,109.75,WPP_711_Laut_Natuna,1.34,9,GFW_MOCK
2023-02-01,2.25,104.25,WPP_711_Laut_Natuna,23.14,8,GFW_MOCK
2023-02-01,2.25,104.75,WPP_711_Laut_Natuna,1.69,12,GFW_MOCK
2023-02-01,2.25,105.25,WPP_711_Laut_Natuna,26.06,8,GFW_MOCK
2023-02-01,2.25,105.75,WPP_711_Laut_Natuna,16.79,8,GFW_MOCK
2023-02-01,2.25,106.25,WPP_711_Laut_Natuna,18.97,9,GFW_MOCK
2023-02-01,2.25,106.75,WPP_711_Laut_Natuna,1.85,7,GFW_MOCK
2023-02-01,2.25,107.25,WPP_711_Laut_Natuna,2.85,7,GFW_MOCK
2023-02-01,2.25,107.75,WPP_711_Laut_Natuna,66.26,4,GFW_MOCK
2023-02-01,2.25,108.25,WPP_711_Laut_Natuna,22.32,9,GFW_MOCK
2023-02-01,2.25,108.75,WPP_711_Laut_Natuna,8.03,11,GFW_MOCK
2023-02-01,2.25,109.25,WPP_711_Laut_Natuna,13.72,5,GFW_MOCK
2023-02-01,2.25,109.75,WPP_711_Laut_Natuna,4.58,10,GFW_MOCK
2023-02-01,2.75,104.25,WPP_711_Laut_Natuna,2.01,6,GFW_MOCK
2023-02-01,2.75,104.75,WPP_711_Laut_Natuna,5.32,8,GFW_MOCK
2023-02-01,2.75,105.25,WPP_711_Laut_Natuna,4.72,11,GFW_MOCK
2023-02-01,2.75,105.75,WPP_711_Laut_Natuna,11.61,9,GFW_MOCK
2023-02-01,2.75,106.25,WPP_711_Laut_Natuna,10.68,8,GFW_MOCK
2023-02-01,2.75,106.75,WPP_711_Laut_Natuna,10.72,7,GFW_MOCK
2023-02-01,2.75,107.25,WPP_711_Laut_Natuna,0.72,10,GFW_MOCK
2023-02-01,2.75,107.75,WPP_711_Laut_Natuna,32.78,7,GFW_MOCK
2023-02-01,2.75,108.25,WPP_711_Laut_Natuna,9.42,11,GFW_MOCK
2023-02-01,2.75,108.75,WPP_711_Laut_Natuna,116.8,8,GFW_MOCK
2023-02-01,2.75,109.25,WPP_711_Laut_Natuna,20.38,3,GFW_MOCK
2023-02-01,2.75,109.75,WPP_711_Laut_Natuna,2.6,9,GFW_MOCK
2023-02-01,3.25,104.25,WPP_711_Laut_Natuna,17.4,11,GFW_MOCK
2023-02-01,3.25,104.75,WPP_711_Laut_Natuna,73.95,5,GFW_MOCK
2023-02-01,3.25,105.25,WPP_711_Laut_Natuna,17.07,4,GFW_MOCK
2023-02-01,3.25,105.75,WPP_711_Laut_Natuna,10.98,8,GFW_MOCK
2023-02-01,3.25,106.25,WPP_711_Laut_Natuna,37.4,9,GFW_MOCK
2023-02-01,3.25,106.75,WPP_711_Laut_Natuna,42.27,13,GFW_MOCK
2023-02-01,3.25,107.25,WPP_711_Laut_Natuna,107.01,4,GFW_MOCK
2023-02-01,3.25,107.75,WPP_711_Laut_Natuna,73.79,5,GFW_MOCK
2023-02-01,3.25,108.25,WPP_711_Laut_Natuna,19.5,7,GFW_MOCK
2023-02-01,3.25,108.75,WPP_711_Laut_Natuna,14.46,10,GFW_MOCK
2023-02-01,3.25,109.25,WPP_711_Laut_Natuna,34.53,9,GFW_MOCK
2023-02-01,3.25,109.75,WPP_711_Laut_Natuna,2.74,4,GFW_MOCK
2023-02-01,3.75,104.25,WPP_711_Laut_Natuna,45.54,8,GFW_MOCK
2023-02-01,3.75,104.75,WPP_711_Laut_Natuna,4.85,4,GFW_MOCK
2023-02-01,3.75,105.25,WPP_711_Laut_Natuna,24.86,6,GFW_MOCK
2023-02-01,3.75,105.75,WPP_711_Laut_Natuna,8.17,7,GFW_MOCK
2023-02-01,3.75,106.25,WPP_711_Laut_Natuna,35.89,7,GFW_MOCK
2023-02-01,3.75,106.75,WPP_711_Laut_Natuna,58.12,7,GFW_MOCK
2023-02-01,3.75,107.25,WPP_711_Laut_Natuna,31.47,10,GFW_MOCK
2023-02-01,3.75,107.75,WPP_711_Laut_Natuna,4.77,8,GFW_MOCK
2023-02-01,3.75,108.25,WPP_711_Laut_Natuna,14.09,10,GFW_MOCK
2023-02-01,3.75,108.75,WPP_711_Laut_Natuna,5.27,9,GFW_MOCK
2023-02-01,3.75,109.25,WPP_711_Laut_Natuna,6.89,7,GFW_MOCK
2023-02-01,3.75,109.75,WPP_711_Laut_Natuna,37.34,11,GFW_MOCK
2023-02-01,4.25,104.25,WPP_711_Laut_Natuna,34.42,8,GFW_MOCK
2023-02-01,4.25,104.75,WPP_711_Laut_Natuna,30.77,7,GFW_MOCK
2023-02-01,4.25,105.25,WPP_711_Laut_Natuna,4.71,3,GFW_MOCK
2023-02-01,4.25,105.75,WPP_711_Laut_Natuna,8.46,7,GFW_MOCK
2023-02-01,4.25,106.25,WPP_711_Laut_Natuna,65.21,4,GFW_MOCK
2023-02-01,4.25,106.75,WPP_711_Laut_Natuna,4.62,6,GFW_MOCK
2023-02-01,4.25,107.25,WPP_711_Laut_Natuna,3.44,9,GFW_MOCK
2023-02-01,4.25,107.75,WPP_711_Laut_Natuna,145.92,8,GFW_MOCK
2023-02-01,4.25,108.25,WPP_711_Laut_Natuna,13.22,15,GFW_MOCK
2023-02-01,4.25,108.75,WPP_711_Laut_Natuna,15.52,8,GFW_MOCK
2023-02-01,4.25,109.25,WPP_711_Laut_Natuna,28.18,10,GFW_MOCK
2023-02-01,4.25,109.75,WPP_711_Laut_Natuna,11.7,8,GFW_MOCK
2023-02-01,4.75,104.25,WPP_711_Laut_Natuna,14.25,5,GFW_MOCK
2023-02-01,4.75,104.75,WPP_711_Laut_Natuna,24.06,9,GFW_MOCK
2023-02-01,4.75,105.25,WPP_711_Laut_Natuna,20.76,7,GFW_MOCK
2023-02-01,4.75,105.75,WPP_711_Laut_Natuna,57.54,6,GFW_MOCK
2023-02-01,4.75,106.25,WPP_711_Laut_Natuna,12.84,10,GFW_MOCK
2023-02-01,4.75,106.75,WPP_711_Laut_Natuna,19.38,12,GFW_MOCK
2023-02-01,4.75,107.25,WPP_711_Laut_Natuna,11.46,10,GFW_MOCK
2023-02-01,4.75,107.75,WPP_711_Laut_Natuna,3.0,7,GFW_MOCK
2023-02-01,4.75,108.25,WPP_711_Laut_Natuna,83.42,8,GFW_MOCK
2023-02-01,4.75,108.75,WPP_711_Laut_Natuna,39.58,10,GFW_MOCK
2023-02-01,4.75,109.25,WPP_711_Laut_Natuna,24.46,6,GFW_MOCK
2023-02-01,4.75,109.75,WPP_711_Laut_Natuna,5.71,6,GFW_MOCK
2023-02-01,5.25,104.25,WPP_711_Laut_Natuna,31.08,8,GFW_MOCK
2023-02-01,5.25,104.75,WPP_711_Laut_Natuna,6.63,6,GFW_MOCK
2023-02-01,5.25,105.25,WPP_711_Laut_Natuna,84.47,7,GFW_MOCK
2023-02-01,5.25,105.75,WPP_711_Laut_Natuna,3.14,9,GFW_MOCK
2023-02-01,5.25,106.25,WPP_711_Laut_Natuna,3.5,8,GFW_MOCK
2023-02-01,5.25,106.75,WPP_711_Laut_Natuna,1.98,6,GFW_MOCK
2023-02-01,5.25,107.25,WPP_711_Laut_Natuna,14.9,7,GFW_MOCK
2023-02-01,5.25,107.75,WPP_711_Laut_Natuna,82.64,9,GFW_MOCK
2023-02-01,5.25,108.25,WPP_711_Laut_Natuna,86.66,8,GFW_MOCK
2023-02-01,5.25,108.75,WPP_711_Laut_Natuna,35.0,8,GFW_MOCK
2023-02-01,5.25,109.25,WPP_711_Laut_Natuna,25.29,14,GFW_MOCK
2023-02-01,5.25,109.75,WPP_711_Laut_Natuna,11.31,13,GFW_MOCK
2023-02-01,5.75,104.25,WPP_711_Laut_Natuna,2.3,7,GFW_MOCK
2023-02-01,5.75,104.75,WPP_711_Laut_Natuna,1.9,5,GFW_MOCK
2023-02-01,5.75,105.25,WPP_711_Laut_Natuna,8.94,7,GFW_MOCK
2023-02-01,5.75,105.75,WPP_711_Laut_Natuna,25.54,6,GFW_MOCK
2023-02-01,5.75,106.25,WPP_711_Laut_Natuna,2.7,11,GFW_MOCK
2023-02-01,5.75,106.75,WPP_711_Laut_Natuna,5.48,9,GFW_MOCK
2023-02-01,5.75,107.25,WPP_711_Laut_Natuna,63.54,7,GFW_MOCK
2023-02-01,5.75,107.75,WPP_711_Laut_Natuna,30.8,7,GFW_MOCK
2023-02-01,5.75,108.25,WPP_711_Laut_Natuna,6.95,7,GFW_MOCK
2023-02-01,5.75,108.75,WPP_711_Laut_Natuna,102.66,14,GFW_MOCK
2023-02-01,5.75,109.25,WPP_711_Laut_Natuna,26.6,15,GFW_MOCK
2023-02-01,5.75,109.75,WPP_711_Laut_Natuna,6.79,8,GFW_MOCK
2023-03-01,0.25,104.25,WPP_711_Laut_Natuna,5.59,13,GFW_MOCK
2023-03-01,0.25,104.75,WPP_711_Laut_Natuna,235.29,6,GFW_MOCK
2023-03-01,0.25,105.25,WPP_711_Laut_Natuna,11.68,6,GFW_MOCK
2023-03-01,0.25,105.75,WPP_711_Laut_Natuna,81.27,10,GFW_MOCK
2023-03-01,0.25,106.25,WPP_711_Laut_Natuna,7.46,6,GFW_MOCK
2023-03-01,0.25,106.75,WPP_711_Laut_Natuna,30.89,9,GFW_MOCK
2023-03-01,0.25,107.25,WPP_711_Laut_Natuna,52.31,5,GFW_MOCK
2023-03-01,0.25,107.75,WPP_711_Laut_Natuna,12.58,6,GFW_MOCK
2023-03-01,0.25,108.25,WPP_711_Laut_Natuna,23.38,9,GFW_MOCK
2023-03-01,0.25,108.75,WPP_711_Laut_Natuna,38.36,6,GFW_MOCK
2023-03-01,0.25,109.25,WPP_711_Laut_Natuna,15.2,11,GFW_MOCK
2023-03-01,0.25,109.75,WPP_711_Laut_Natuna,39.95,7,GFW_MOCK
2023-03-01,0.75,104.25,WPP_711_Laut_Natuna,88.32,7,GFW_MOCK
2023-03-01,0.75,104.75,WPP_711_Laut_Natuna,4.17,5,GFW_MOCK
2023-03-01,0.75,105.25,WPP_711_Laut_Natuna,20.57,9,GFW_MOCK
2023-03-01,0.75,105.75,WPP_711_Laut_Natuna,25.91,15,GFW_MOCK
2023-03-01,0.75,106.25,WPP_711_Laut_Natuna,15.53,8,GFW_MOCK
2023-03-01,0.75,106.75,WPP_711_Laut_Natuna,35.2,3,GFW_MOCK
2023-03-01,0.75,107.25,WPP_711_Laut_Natuna,6.7,13,GFW_MOCK
2023-03-01,0.75,107.75,WPP_711_Laut_Natuna,9.24,9,GFW_MOCK
2023-03-01,0.75,108.25,WPP_711_Laut_Natuna,12.52,9,GFW_MOCK
2023-03-01,0.75,108.75,WPP_711_Laut_Natuna,16.68,8,GFW_MOCK
2023-03-01,0.75,109.25,WPP_711_Laut_Natuna,13.74,5,GFW_MOCK
2023-03-01,0.75,109.75,WPP_711_Laut_Natuna,36.01,9,GFW_MOCK
2023-03-01,1.25,104.25,WPP_711_Laut_Natuna,26.04,12,GFW_MOCK
2023-03-01,1.25,104.75,WPP_711_Laut_Natuna,22.41,9,GFW_MOCK
2023-03-01,1.25,105.25,WPP_711_Laut_Natuna,22.87,8,GFW_MOCK
2023-03-01,1.25,105.75,WPP_711_Laut_Natuna,156.56,5,GFW_MOCK
2023-03-01,1.25,106.25,WPP_711_Laut_Natuna,50.6,7,GFW_MOCK
2023-03-01,1.25,106.75,WPP_711_Laut_Natuna,2.87,6,GFW_MOCK
2023-03-01,1.25,107.25,WPP_711_Laut_Natuna,2.08,5,GFW_MOCK
2023-03-01,1.25,107.75,WPP_711_Laut_Natuna,10.26,4,GFW_MOCK
2023-03-01,1.25,108.25,WPP_711_Laut_Natuna,37.01,5,GFW_MOCK
2023-03-01,1.25,108.75,WPP_711_Laut_Natuna,394.93,8,GFW_MOCK
2023-03-01,1.25,109.25,WPP_711_Laut_Natuna,32.96,13,GFW_MOCK
2023-03-01,1.25,109.75,WPP_711_Laut_Natuna,7.81,4,GFW_MOCK
2023-03-01,1.75,104.25,WPP_711_Laut_Natuna,45.53,8,GFW_MOCK
2023-03-01,1.75,104.75,WPP_711_Laut_Natuna,159.41,7,GFW_MOCK
2023-03-01,1.75,105.25,WPP_711_Laut_Natuna,34.48,8,GFW_MOCK
2023-03-01,1.75,105.75,WPP_711_Laut_Natuna,7.15,8,GFW_MOCK
2023-03-01,1.75,106.25,WPP_711_Laut_Natuna,33.09,3,GFW_MOCK
2023-03-01,1.75,106.75,WPP_711_Laut_Natuna,65.76,8,GFW_MOCK
2023-03-01,1.75,107.25,WPP_711_Laut_Natuna,36.76,13,GFW_MOCK
2023-03-01,1.75,107.75,WPP_711_Laut_Natuna,32.76,10,GFW_MOCK
2023-03-01,1.75,108.25,WPP_711_Laut_Natuna,15.15,7,GFW_MOCK
2023-03-01,1.75,108.75,WPP_711_Laut_Natuna,18.03,8,GFW_MOCK
2023-03-01,1.75,109.25,WPP_711_Laut_Natuna,2.81,9,GFW_MOCK
2023-03-01,1.75,109.75,WPP_711_Laut_Natuna,22.44,9,GFW_MOCK
2023-03-01,2.25,104.25,WPP_711_Laut_Natuna,3.74,7,GFW_MOCK
2023-03-01,2.25,104.75,WPP_711_Laut_Natuna,0.88,8,GFW_MOCK
2023-03-01,2.25,105.25,WPP_711_Laut_Natuna,30.07,9,GFW_MOCK
2023-03-01,2.25,105.75,WPP_711_Laut_Natuna,126.33,6,GFW_MOCK
2023-03-01,2.25,106.25,WPP_711_Laut_Natuna,9.77,8,GFW_MOCK
2023-03-01,2.25,106.75,WPP_711_Laut_Natuna,1.13,11,GFW_MOCK
2023-03-01,2.25,107.25,WPP_711_Laut_Natuna,64.82,9,GFW_MOCK
2023-03-01,2.25,107.75,WPP_711_Laut_Natuna,14.24,5,GFW_MOCK
2023-03-01,2.25,108.25,WPP_711_Laut_Natuna,17.77,10,GFW_MOCK
2023-03-01,2.25,108.75,WPP_711_Laut_Natuna,65.42,9,GFW_MOCK
2023-03-01,2.25,109.25,WPP_711_Laut_Natuna,2.34,8,GFW_MOCK
2023-03-01,2.25,109.75,WPP_711_Laut_Natuna,2.65,15,GFW_MOCK
2023-03-01,2.75,104.25,WPP_711_Laut_Natuna,32.05,11,GFW_MOCK
2023-03-01,2.75,104.75,WPP_711_Laut_Natuna,5.52,8,GFW_MOCK
2023-03-01,2.75,105.25,WPP_711_Laut_Natuna,8.25,11,GFW_MOCK
2023-03-01,2.75,105.75,WPP_711_Laut_Natuna,4.42,10,GFW_MOCK
2023-03-01,2.75,106.25,WPP_711_Laut_Natuna,47.3,9,GFW_MOCK
2023-03-01,2.75,106.75,WPP_711_Laut_Natuna,2.88,8,GFW_MOCK
2023-03-01,2.75,107.25,WPP_711_Laut_Natuna,12.8,10,GFW_MOCK
2023-03-01,2.75,107.75,WPP_711_Laut_Natuna,1.26,9,GFW_MOCK
2023-03-01,2.75,108.25,WPP_711_Laut_Natuna,3.54,12,GFW_MOCK
2023-03-01,2.75,108.75,WPP_711_Laut_Natuna,110.87,4,GFW_MOCK
2023-03-01,2.75,109.25,WPP_711_Laut_Natuna,2.92,8,GFW_MOCK
2023-03-01,2.75,109.75,WPP_711_Laut_Natuna,5.8,10,GFW_MOCK
2023-03-01,3.25,104.25,WPP_711_Laut_Natuna,85.33,13,GFW_MOCK
2023-03-01,3.25,104.75,WPP_711_Laut_Natuna,35.73,9,GFW_MOCK
2023-03-01,3.25,105.25,WPP_711_Laut_Natuna,23.34,7,GFW_MOCK
2023-03-01,3.25,105.75,WPP_711_Laut_Natuna,19.05,5,GFW_MOCK
2023-03-01,3.25,106.25,WPP_711_Laut_Natuna,3.5,13,GFW_MOCK
2023-03-01,3.25,106.75,WPP_711_Laut_Natuna,19.93,7,GFW_MOCK
2023-03-01,3.25,107.25,WPP_711_Laut_Natuna,6.34,6,GFW_MOCK
2023-03-01,3.25,107.75,WPP_711_Laut_Natuna,4.3,8,GFW_MOCK
2023-03-01,3.25,108.25,WPP_711_Laut_Natuna,9.43,7,GFW_MOCK
2023-03-01,3.25,108.75,WPP_711_Laut_Natuna,21.53,9,GFW_MOCK
2023-03-01,3.25,109.25,WPP_711_Laut_Natuna,32.74,3,GFW_MOCK
2023-03-01,3.25,109.75,WPP_711_Laut_Natuna,19.76,9,GFW_MOCK
2023-03-01,3.75,104.25,WPP_711_Laut_Natuna,11.5,3,GFW_MOCK
2023-03-01,3.75,104.75,WPP_711_Laut_Natuna,11.56,8,GFW_MOCK
2023-03-01,3.75,105.25,WPP_711_Laut_Natuna,40.65,7,GFW_MOCK
2023-03-01,3.75,105.75,WPP_711_Laut_Natuna,7.62,7,GFW_MOCK
2023-03-01,3.75,106.25,WPP_711_Laut_Natuna,5.66,5,GFW_MOCK
2023-03-01,3.75,106.75,WPP_711_Laut_Natuna,5.28,7,GFW_MOCK
2023-03-01,3.75,107.25,WPP_711_Laut_Natuna,121.96,10,GFW_MOCK
2023-03-01,3.75,107.75,WPP_711_Laut_Natuna,8.91,9,GFW_MOCK
2023-03-01,3.75,108.25,WPP_711_Laut_Natuna,34.48,11,GFW_MOCK
2023-03-01,3.75,108.75,WPP_711_Laut_Natuna,15.1,3,GFW_MOCK
2023-03-01,3.75,109.25,WPP_711_Laut_Natuna,128.06,6,GFW_MOCK
2023-03-01,3.75,109.75,WPP_711_Laut_Natuna,25.35,14,GFW_MOCK
2023-03-01,4.25,104.25,WPP_711_Laut_Natuna,11.44,9,GFW_MOCK
2023-03-01,4.25,104.75,WPP_711_Laut_Natuna,17.38,5,GFW_MOCK
2023-03-01,4.25,105.25,WPP_711_Laut_Natuna,11.09,10,GFW_MOCK
2023-03-01,4.25,105.75,WPP_711_Laut_Natuna,23.67,7,GFW_MOCK
2023-03-01,4.25,106.25,WPP_711_Laut_Natuna,19.83,8,GFW_MOCK
2023-03-01,4.25,106.75,WPP_711_Laut_Natuna,18.85,11,GFW_MOCK
2023-03-01,4.25,107.25,WPP_711_Laut_Natuna,23.98,6,GFW_MOCK
2023-03-01,4.25,107.75,WPP_711_Laut_Natuna,0.42,8,GFW_MOCK
2023-03-01,4.25,108.25,WPP_711_Laut_Natuna,16.0,6,GFW_MOCK
2023-03-01,4.25,108.75,WPP_711_Laut_Natuna,178.34,6,GFW_MOCK
2023-03-01,4.25,109.25,WPP_711_Laut_Natuna,17.4,8,GFW_MOCK
2023-03-01,4.25,109.75,WPP_711_Laut_Natuna,10.44,5,GFW_MOCK
2023-03-01,4.75,104.25,WPP_711_Laut_Natuna,20.54,4,GFW_MOCK
2023-03-01,4.75,104.75,WPP_711_Laut_Natuna,88.87,8,GFW_MOCK
2023-03-01,4.75,105.25,WPP_711_Laut_Natuna,188.09,13,GFW_MOCK
2023-03-01,4.75,105.75,WPP_711_Laut_Natuna,3.81,10,GFW_MOCK
2023-03-01,4.75,106.25,WPP_711_Laut_Natuna,14.69,7,GFW_MOCK
2023-03-01,4.75,106.75,WPP_711_Laut_Natuna,65.98,5,GFW_MOCK
2023-03-01,4.75,107.25,WPP_711_Laut_Natuna,21.0,9,GFW_MOCK
2023-03-01,4.75,107.75,WPP_711_Laut_Natuna,7.89,7,GFW_MOCK
2023-03-01,4.75,108.25,WPP_711_Laut_Natuna,17.99,4,GFW_MOCK
2023-03-01,4.75,108.75,WPP_711_Laut_Natuna,108.81,14,GFW_MOCK
2023-03-01,4.75,109.25,WPP_711_Laut_Natuna,13.68,4,GFW_MOCK
2023-03-01,4.75,109.75,WPP_711_Laut_Natuna,15.41,3,GFW_MOCK
2023-03-01,5.25,104.25,WPP_711_Laut_Natuna,2.29,9,GFW_MOCK
2023-03-01,5.25,104.75,WPP_711_Laut_Natuna,3.4,10,GFW_MOCK
2023-03-01,5.25,105.25,WPP_711_Laut_Natuna,5.94,9,GFW_MOCK
2023-03-01,5.25,105.75,WPP_711_Laut_Natuna,1.77,6,GFW_MOCK
2023-03-01,5.25,106.25,WPP_711_Laut_Natuna,6.69,14,GFW_MOCK
2023-03-01,5.25,106.75,WPP_711_Laut_Natuna,30.7,12,GFW_MOCK
2023-03-01,5.25,107.25,WPP_711_Laut_Natuna,18.98,8,GFW_MOCK
2023-03-01,5.25,107.75,WPP_711_Laut_Natuna,3.84,4,GFW_MOCK
2023-03-01,5.25,108.25,WPP_711_Laut_Natuna,10.88,10,GFW_MOCK
2023-03-01,5.25,108.75,WPP_711_Laut_Natuna,147.69,9,GFW_MOCK
2023-03-01,5.25,109.25,WPP_711_Laut_Natuna,134.92,8,GFW_MOCK
2023-03-01,5.25,109.75,WPP_711_Laut_Natuna,12.01,11,GFW_MOCK
2023-03-01,5.75,104.25,WPP_711_Laut_Natuna,7.87,7,GFW_MOCK
2023-03-01,5.75,104.75,WPP_711_Laut_Natuna,12.32,6,GFW_MOCK
2023-03-01,5.75,105.25,WPP_711_Laut_Natuna,14.63,6,GFW_MOCK
2023-03-01,5.75,105.75,WPP_711_Laut_Natuna,1.8,10,GFW_MOCK
2023-03-01,5.75,106.25,WPP_711_Laut_Natuna,3.81,9,GFW_MOCK
2023-03-01,5.75,106.75,WPP_711_Laut_Natuna,31.6,3,GFW_MOCK
2023-03-01,5.75,107.25,WPP_711_Laut_Natuna,8.39,5,GFW_MOCK
2023-03-01,5.75,107.75,WPP_711_Laut_Natuna,61.54,4,GFW_MOCK
2023-03-01,5.75,108.25,WPP_711_Laut_Natuna,20.88,7,GFW_MOCK
2023-03-01,5.75,108.75,WPP_711_Laut_Natuna,8.81,8,GFW_MOCK
2023-03-01,5.75,109.25,WPP_711_Laut_Natuna,6.86,9,GFW_MOCK
2023-03-01,5.75,109.75,WPP_711_Laut_Natuna,60.88,5,GFW_MOCK
2023-01-01,-7.75,106.25,WPP_712_Laut_Jawa,5.82,8,GFW_MOCK
2023-01-01,-7.75,106.75,WPP_712_Laut_Jawa,31.4,9,GFW_MOCK
2023-01-01,-7.75,107.25,WPP_712_Laut_Jawa,74.03,8,GFW_MOCK
2023-01-01,-7.75,107.75,WPP_712_Laut_Jawa,74.1,8,GFW_MOCK
2023-01-01,-7.75,108.25,WPP_712_Laut_Jawa,10.7,10,GFW_MOCK
2023-01-01,-7.75,108.75,WPP_712_Laut_Jawa,11.03,10,GFW_MOCK
2023-01-01,-7.75,109.25,WPP_712_Laut_Jawa,57.17,7,GFW_MOCK
2023-01-01,-7.75,109.75,WPP_712_Laut_Jawa,56.3,6,GFW_MOCK
2023-01-01,-7.75,110.25,WPP_712_Laut_Jawa,1.52,14,GFW_MOCK
2023-01-01,-7.75,110.75,WPP_712_Laut_Jawa,1.94,9,GFW_MOCK
2023-01-01,-7.75,111.25,WPP_712_Laut_Jawa,6.87,12,GFW_MOCK
2023-01-01,-7.75,111.75,WPP_712_Laut_Jawa,15.47,8,GFW_MOCK
2023-01-01,-7.75,112.25,WPP_712_Laut_Jawa,23.73,12,GFW_MOCK
2023-01-01,-7.75,112.75,WPP_712_Laut_Jawa,1.52,5,GFW_MOCK
2023-01-01,-7.75,113.25,WPP_712_Laut_Jawa,64.67,7,GFW_MOCK
2023-01-01,-7.75,113.75,WPP_712_Laut_Jawa,16.95,5,GFW_MOCK
2023-01-01,-7.75,114.25,WPP_712_Laut_Jawa,19.76,10,GFW_MOCK
2023-01-01,-7.75,114.75,WPP_712_Laut_Jawa,20.48,13,GFW_MOCK
2023-01-01,-7.75,115.25,WPP_712_Laut_Jawa,11.35,9,GFW_MOCK
2023-01-01,-7.75,115.75,WPP_712_Laut_Jawa,1.4,9,GFW_MOCK
2023-01-01,-7.25,106.25,WPP_712_Laut_Jawa,92.73,3,GFW_MOCK
2023-01-01,-7.25,106.75,WPP_712_Laut_Jawa,5.49,4,GFW_MOCK
2023-01-01,-7.25,107.25,WPP_712_Laut_Jawa,2.81,3,GFW_MOCK
2023-01-01,-7.25,107.75,WPP_712_Laut_Jawa,10.14,9,GFW_MOCK
2023-01-01,-7.25,108.25,WPP_712_Laut_Jawa,60.15,11,GFW_MOCK
2023-01-01,-7.25,108.75,WPP_712_Laut_Jawa,60.57,8,GFW_MOCK
2023-01-01,-7.25,109.25,WPP_712_Laut_Jawa,9.75,12,GFW_MOCK
2023-01-01,-7.25,109.75,WPP_712_Laut_Jawa,1.5,9,GFW_MOCK
2023-01-01,-7.25,110.25,WPP_712_Laut_Jawa,37.03,7,GFW_MOCK
2023-01-01,-7.25,110.75,WPP_712_Laut_Jawa,5.76,15,GFW_MOCK
2023-01-01,-7.25,111.25,WPP_712_Laut_Jawa,53.44,10,GFW_MOCK
2023-01-01,-7.25,111.75,WPP_712_Laut_Jawa,15.97,13,GFW_MOCK
2023-01-01,-7.25,112.25,WPP_712_Laut_Jawa,9.26,5,GFW_MOCK
2023-01-01,-7.25,112.75,WPP_712_Laut_Jawa,21.58,13,GFW_MOCK
2023-01-01,-7.25,113.25,WPP_712_Laut_Jawa,13.97,8,GFW_MOCK
2023-01-01,-7.25,113.75,WPP_712_Laut_Jawa,8.14,13,GFW_MOCK
2023-01-01,-7.25,114.25,WPP_712_Laut_Jawa,33.83,4,GFW_MOCK
2023-01-01,-7.25,114.75,WPP_712_Laut_Jawa,8.38,4,GFW_MOCK
2023-01-01,-7.25,115.25,WPP_712_Laut_Jawa,2.6,6,GFW_MOCK
2023-01-01,-7.25,115.75,WPP_712_Laut_Jawa,2.32,9,GFW_MOCK
2023-01-01,-6.75,106.25,WPP_712_Laut_Jawa,9.15,7,GFW_MOCK
2023-01-01,-6.75,106.75,WPP_712_Laut_Jawa,2.98,9,GFW_MOCK
2023-01-01,-6.75,107.25,WPP_712_Laut_Jawa,3.58,11,GFW_MOCK
2023-01-01,-6.75,107.75,WPP_712_Laut_Jawa,40.07,9,GFW_MOCK
2023-01-01,-6.75,108.25,WPP_712_Laut_Jawa,11.99,7,GFW_MOCK
2023-01-01,-6.75,108.75,WPP_712_Laut_Jawa,310.92,7,GFW_MOCK
2023-01-01,-6.75,109.25,WPP_712_Laut_Jawa,12.87,6,GFW_MOCK
2023-01-01,-6.75,109.75,WPP_712_Laut_Jawa,63.45,4,GFW_MOCK
2023-01-01,-6.75,110.25,WPP_712_Laut_Jawa,3.24,7,GFW_MOCK
2023-01-01,-6.75,110.75,WPP_712_Laut_Jawa,7.17,2,GFW_MOCK
2023-01-01,-6.75,111.25,WPP_712_Laut_Jawa,67.29,9,GFW_MOCK
2023-01-01,-6.75,111.75,WPP_712_Laut_Jawa,10.75,12,GFW_MOCK
2023-01-01,-6.75,112.25,WPP_712_Laut_Jawa,13.42,6,GFW_MOCK
2023-01-01,-6.75,112.75,WPP_712_Laut_Jawa,65.01,7,GFW_MOCK
2023-01-01,-6.75,113.25,WPP_712_Laut_Jawa,15.71,11,GFW_MOCK
2023-01-01,-6.75,113.75,WPP_712_Laut_Jawa,11.87,12,GFW_MOCK
2023-01-01,-6.75,114.25,WPP_712_Laut_Jawa,34.15,6,GFW_MOCK
2023-01-01,-6.75,114.75,WPP_712_Laut_Jawa,6.24,8,GFW_MOCK
2023-01-01,-6.75,115.25,WPP_712_Laut_Jawa,13.8,9,GFW_MOCK
2023-01-01,-6.75,115.75,WPP_712_Laut_Jawa,1.95,12,GFW_MOCK
2023-01-01,-6.25,106.25,WPP_712_Laut_Jawa,7.73,9,GFW_MOCK
2023-01-01,-6.25,106.75,WPP_712_Laut_Jawa,11.04,7,GFW_MOCK
2023-01-01,-6.25,107.25,WPP_712_Laut_Jawa,39.34,7,GFW_MOCK
2023-01-01,-6.25,107.75,WPP_712_Laut_Jawa,5.25,11,GFW_MOCK
2023-01-01,-6.25,108.25,WPP_712_Laut_Jawa,9.66,8,GFW_MOCK
2023-01-01,-6.25,108.75,WPP_712_Laut_Jawa,18.37,8,GFW_MOCK
2023-01-01,-6.25,109.25,WPP_712_Laut_Jawa,6.88,8,GFW_MOCK
2023-01-01,-6.25,109.75,WPP_712_Laut_Jawa,11.4,6,GFW_MOCK
2023-01-01,-6.25,110.25,WPP_712_Laut_Jawa,84.71,8,GFW_MOCK
2023-01-01,-6.25,110.75,WPP_712_Laut_Jawa,71.15,6,GFW_MOCK
2023-01-01,-6.25,111.25,WPP_712_Laut_Jawa,57.78,10,GFW_MOCK
2023-01-01,-6.25,111.75,WPP_712_Laut_Jawa,2.21,6,GFW_MOCK
2023-01-01,-6.25,112.25,WPP_712_Laut_Jawa,19.75,9,GFW_MOCK
2023-01-01,-6.25,112.75,WPP_712_Laut_Jawa,138.14,5,GFW_MOCK
2023-01-01,-6.25,113.25,WPP_712_Laut_Jawa,4.86,14,GFW_MOCK
2023-01-01,-6.25,113.75,WPP_712_Laut_Jawa,53.31,5,GFW_MOCK
2023-01-01,-6.25,114.25,WPP_712_Laut_Jawa,3.19,3,GFW_MOCK
2023-01-01,-6.25,114.75,WPP_712_Laut_Jawa,43.93,5,GFW_MOCK
2023-01-01,-6.25,115.25,WPP_712_Laut_Jawa,1.08,7,GFW_MOCK
2023-01-01,-6.25,115.75,WPP_712_Laut_Jawa,5.58,9,GFW_MOCK
2023-01-01,-5.75,106.25,WPP_712_Laut_Jawa,18.59,6,GFW_MOCK
2023-01-01,-5.75,106.75,WPP_712_Laut_Jawa,63.68,5,GFW_MOCK
2023-01-01,-5.75,107.25,WPP_712_Laut_Jawa,5.78,14,GFW_MOCK
2023-01-01,-5.75,107.75,WPP_712_Laut_Jawa,7.26,9,GFW_MOCK
2023-01-01,-5.75,108.25,WPP_712_Laut_Jawa,12.51,7,GFW_MOCK
2023-01-01,-5.75,108.75,WPP_712_Laut_Jawa,2.17,8,GFW_MOCK
2023-01-01,-5.75,109.25,WPP_712_Laut_Jawa,20.81,5,GFW_MOCK
2023-01-01,-5.75,109.75,WPP_712_Laut_Jawa,35.46,8,GFW_MOCK
2023-01-01,-5.75,110.25,WPP_712_Laut_Jawa,33.33,8,GFW_MOCK
2023-01-01,-5.75,110.75,WPP_712_Laut_Jawa,0.19,9,GFW_MOCK
2023-01-01,-5.75,111.25,WPP_712_Laut_Jawa,18.15,8,GFW_MOCK
2023-01-01,-5.75,111.75,WPP_712_Laut_Jawa,51.24,10,GFW_MOCK
2023-01-01,-5.75,112.25,WPP_712_Laut_Jawa,14.48,6,GFW_MOCK
2023-01-01,-5.75,112.75,WPP_712_Laut_Jawa,15.75,6,GFW_MOCK
2023-01-01,-5.75,113.25,WPP_712_Laut_Jawa,12.72,5,GFW_MOCK
2023-01-01,-5.75,113.75,WPP_712_Laut_Jawa,4.08,7,GFW_MOCK
2023-01-01,-5.75,114.25,WPP_712_Laut_Jawa,7.88,6,GFW_MOCK
2023-01-01,-5.75,114.75,WPP_712_Laut_Jawa,34.48,10,GFW_MOCK
2023-01-01,-5.75,115.25,WPP_712_Laut_Jawa,10.37,8,GFW_MOCK
2023-01-01,-5.75,115.75,WPP_712_Laut_Jawa,14.77,6,GFW_MOCK
2023-01-01,-5.25,106.25,WPP_712_Laut_Jawa,2.49,3,GFW_MOCK
2023-01-01,-5.25,106.75,WPP_712_Laut_Jawa,16.14,5,GFW_MOCK
2023-01-01,-5.25,107.25,WPP_712_Laut_Jawa,2.74,6,GFW_MOCK
2023-01-01,-5.25,107.75,WPP_712_Laut_Jawa,11.97,8,GFW_MOCK
2023-01-01,-5.25,108.25,WPP_712_Laut_Jawa,47.39,9,GFW_MOCK
2023-01-01,-5.25,108.75,WPP_712_Laut_Jawa,12.31,8,GFW_MOCK
2023-01-01,-5.25,109.25,WPP_712_Laut_Jawa,43.61,8,GFW_MOCK
2023-01-01,-5.25,109.75,WPP_712_Laut_Jawa,6.18,12,GFW_MOCK
2023-01-01,-5.25,110.25,WPP_712_Laut_Jawa,15.69,8,GFW_MOCK
2023-01-01,-5.25,110.75,WPP_712_Laut_Jawa,36.53,11,GFW_MOCK
2023-01-01,-5.25,111.25,WPP_712_Laut_Jawa,5.91,6,GFW_MOCK
2023-01-01,-5.25,111.75,WPP_712_Laut_Jawa,3.45,9,GFW_MOCK
2023-01-01,-5.25,112.25,WPP_712_Laut_Jawa,108.49,9,GFW_MOCK
2023-01-01,-5.25,112.75,WPP_712_Laut_Jawa,5.57,8,GFW_MOCK
2023-01-01,-5.25,113.25,WPP_712_Laut_Jawa,8.83,15,GFW_MOCK
2023-01-01,-5.25,113.75,WPP_712_Laut_Jawa,16.33,7,GFW_MOCK
2023-01-01,-5.25,114.25,WPP_712_Laut_Jawa,12.11,8,GFW_MOCK
2023-01-01,-5.25,114.75,WPP_712_Laut_Jawa,56.98,10,GFW_MOCK
2023-01-01,-5.25,115.25,WPP_712_Laut_Jawa,22.39,7,GFW_MOCK
2023-01-01,-5.25,115.75,WPP_712_Laut_Jawa,4.1,11,GFW_MOCK
2023-01-01,-4.75,106.25,WPP_712_Laut_Jawa,12.44,10,GFW_MOCK
2023-01-01,-4.75,106.75,WPP_712_Laut_Jawa,21.84,8,GFW_MOCK
2023-01-01,-4.75,107.25,WPP_712_Laut_Jawa,6.89,7,GFW_MOCK
2023-01-01,-4.75,107.75,WPP_712_Laut_Jawa,6.4,6,GFW_MOCK
2023-01-01,-4.75,108.25,WPP_712_Laut_Jawa,7.52,7,GFW_MOCK
2023-01-01,-4.75,108.75,WPP_712_Laut_Jawa,13.16,9,GFW_MOCK
2023-01-01,-4.75,109.25,WPP_712_Laut_Jawa,38.0,12,GFW_MOCK
2023-01-01,-4.75,109.75,WPP_712_Laut_Jawa,28.28,10,GFW_MOCK
2023-01-01,-4.75,110.25,WPP_712_Laut_Jawa,46.69,5,GFW_MOCK
2023-01-01,-4.75,110.75,WPP_712_Laut_Jawa,29.12,5,GFW_MOCK
2023-01-01,-4.75,111.25,WPP_712_Laut_Jawa,4.91,6,GFW_MOCK
2023-01-01,-4.75,111.75,WPP_712_Laut_Jawa,5.4,5,GFW_MOCK
2023-01-01,-4.75,112.25,WPP_712_Laut_Jawa,26.98,7,GFW_MOCK
2023-01-01,-4.75,112.75,WPP_712_Laut_Jawa,25.79,9,GFW_MOCK
2023-01-01,-4.75,113.25,WPP_712_Laut_Jawa,29.59,4,GFW_MOCK
2023-01-01,-4.75,113.75,WPP_712_Laut_Jawa,41.89,13,GFW_MOCK
2023-01-01,-4.75,114.25,WPP_712_Laut_Jawa,21.84,7,GFW_MOCK
2023-01-01,-4.75,114.75,WPP_712_Laut_Jawa,38.34,9,GFW_MOCK
2023-01-01,-4.75,115.25,WPP_712_Laut_Jawa,59.56,8,GFW_MOCK
2023-01-01,-4.75,115.75,WPP_712_Laut_Jawa,9.17,8,GFW_MOCK
2023-01-01,-4.25,106.25,WPP_712_Laut_Jawa,51.32,8,GFW_MOCK
2023-01-01,-4.25,106.75,WPP_712_Laut_Jawa,27.15,6,GFW_MOCK
2023-01-01,-4.25,107.25,WPP_712_Laut_Jawa,5.87,9,GFW_MOCK
2023-01-01,-4.25,107.75,WPP_712_Laut_Jawa,15.95,7,GFW_MOCK
2023-01-01,-4.25,108.25,WPP_712_Laut_Jawa,39.8,7,GFW_MOCK
2023-01-01,-4.25,108.75,WPP_712_Laut_Jawa,49.02,11,GFW_MOCK
2023-01-01,-4.25,109.25,WPP_712_Laut_Jawa,23.16,9,GFW_MOCK
2023-01-01,-4.25,109.75,WPP_712_Laut_Jawa,19.04,7,GFW_MOCK
2023-01-01,-4.25,110.25,WPP_712_Laut_Jawa,29.7,5,GFW_MOCK
2023-01-01,-4.25,110.75,WPP_712_Laut_Jawa,20.39,9,GFW_MOCK
2023-01-01,-4.25,111.25,WPP_712_Laut_Jawa,8.48,7,GFW_MOCK
2023-01-01,-4.25,111.75,WPP_712_Laut_Jawa,14.71,6,GFW_MOCK
2023-01-01,-4.25,112.25,WPP_712_Laut_Jawa,0.56,5,GFW_MOCK
2023-01-01,-4.25,112.75,WPP_712_Laut_Jawa,39.0,12,GFW_MOCK
2023-01-01,-4.25,113.25,WPP_712_Laut_Jawa,26.87,7,GFW_MOCK
2023-01-01,-4.25,113.75,WPP_712_Laut_Jawa,5.99,3,GFW_MOCK
2023-01-01,-4.25,114.25,WPP_712_Laut_Jawa,8.85,4,GFW_MOCK
2023-01-01,-4.25,114.75,WPP_712_Laut_Jawa,10.08,5,GFW_MOCK
2023-01-01,-4.25,115.25,WPP_712_Laut_Jawa,7.06,5,GFW_MOCK
2023-01-01,-4.25,115.75,WPP_712_Laut_Jawa,42.99,10,GFW_MOCK
2023-01-01,-3.75,106.25,WPP_712_Laut_Jawa,7.26,7,GFW_MOCK
2023-01-01,-3.75,106.75,WPP_712_Laut_Jawa,14.7,10,GFW_MOCK
2023-01-01,-3.75,107.25,WPP_712_Laut_Jawa,53.68,6,GFW_MOCK
2023-01-01,-3.75,107.75,WPP_712_Laut_Jawa,70.82,9,GFW_MOCK
2023-01-01,-3.75,108.25,WPP_712_Laut_Jawa,0.79,9,GFW_MOCK
2023-01-01,-3.75,108.75,WPP_712_Laut_Jawa,14.57,12,GFW_MOCK
2023-01-01,-3.75,109.25,WPP_712_Laut_Jawa,1.86,6,GFW_MOCK
2023-01-01,-3.75,109.75,WPP_712_Laut_Jawa,18.46,9,GFW_MOCK
2023-01-01,-3.75,110.25,WPP_712_Laut_Jawa,5.52,13,GFW_MOCK
2023-01-01,-3.75,110.75,WPP_712_Laut_Jawa,4.53,6,GFW_MOCK
2023-01-01,-3.75,111.25,WPP_712_Laut_Jawa,27.24,5,GFW_MOCK
2023-01-01,-3.75,111.75,WPP_712_Laut_Jawa,19.41,6,GFW_MOCK
2023-01-01,-3.75,112.25,WPP_712_Laut_Jawa,1.65,7,GFW_MOCK
2023-01-01,-3.75,112.75,WPP_712_Laut_Jawa,17.12,9,GFW_MOCK
2023-01-01,-3.75,113.25,WPP_712_Laut_Jawa,1.32,7,GFW_MOCK
2023-01-01,-3.75,113.75,WPP_712_Laut_Jawa,9.43,8,GFW_MOCK
2023-01-01,-3.75,114.25,WPP_712_Laut_Jawa,3.92,10,GFW_MOCK
2023-01-01,-3.75,114.75,WPP_712_Laut_Jawa,20.5,15,GFW_MOCK
2023-01-01,-3.75,115.25,WPP_712_Laut_Jawa,30.67,6,GFW_MOCK
2023-01-01,-3.75,115.75,WPP_712_Laut_Jawa,5.7,9,GFW_MOCK
2023-01-01,-3.25,106.25,WPP_712_Laut_Jawa,110.97,9,GFW_MOCK
2023-01-01,-3.25,106.75,WPP_712_Laut_Jawa,15.88,8,GFW_MOCK
2023-01-01,-3.25,107.25,WPP_712_Laut_Jawa,31.53,7,GFW_MOCK
2023-01-01,-3.25,107.75,WPP_712_Laut_Jawa,14.2,10,GFW_MOCK
2023-01-01,-3.25,108.25,WPP_712_Laut_Jawa,4.85,6,GFW_MOCK
2023-01-01,-3.25,108.75,WPP_712_Laut_Jawa,19.63,8,GFW_MOCK
2023-01-01,-3.25,109.25,WPP_712_Laut_Jawa,20.8,9,GFW_MOCK
2023-01-01,-3.25,109.75,WPP_712_Laut_Jawa,44.48,9,GFW_MOCK
2023-01-01,-3.25,110.25,WPP_712_Laut_Jawa,21.47,4,GFW_MOCK
2023-01-01,-3.25,110.75,WPP_712_Laut_Jawa,9.4,5,GFW_MOCK
2023-01-01,-3.25,111.25,WPP_712_Laut_Jawa,2.71,11,GFW_MOCK
2023-01-01,-3.25,111.75,WPP_712_Laut_Jawa,0.47,7,GFW_MOCK
2023-01-01,-3.25,112.25,WPP_712_Laut_Jawa,15.22,7,GFW_MOCK
2023-01-01,-3.25,112.75,WPP_712_Laut_Jawa,3.69,12,GFW_MOCK
2023-01-01,-3.25,113.25,WPP_712_Laut_Jawa,1.87,5,GFW_MOCK
2023-01-01,-3.25,113.75,WPP_712_Laut_Jawa,25.07,6,GFW_MOCK
2023-01-01,-3.25,114.25,WPP_712_Laut_Jawa,48.36,10,GFW_MOCK
2023-01-01,-3.25,114.75,WPP_712_Laut_Jawa,72.29,7,GFW_MOCK
2023-01-01,-3.25,115.25,WPP_712_Laut_Jawa,17.71,13,GFW_MOCK
2023-01-01,-3.25,115.75,WPP_712_Laut_Jawa,4.16,13,GFW_MOCK
2023-01-01,-2.75,106.25,WPP_712_Laut_Jawa,17.23,5,GFW_MOCK
2023-01-01,-2.75,106.75,WPP_712_Laut_Jawa,452.9,6,GFW_MOCK
2023-01-01,-2.75,107.25,WPP_712_Laut_Jawa,54.35,6,GFW_MOCK
2023-01-01,-2.75,107.75,WPP_712_Laut_Jawa,43.83,8,GFW_MOCK
2023-01-01,-2.75,108.25,WPP_712_Laut_Jawa,3.82,10,GFW_MOCK
2023-01-01,-2.75,108.75,WPP_712_Laut_Jawa,4.76,10,GFW_MOCK
2023-01-01,-2.75,109.25,WPP_712_Laut_Jawa,1.82,9,GFW_MOCK
2023-01-01,-2.75,109.75,WPP_712_Laut_Jawa,6.57,9,GFW_MOCK
2023-01-01,-2.75,110.25,WPP_712_Laut_Jawa,19.62,8,GFW_MOCK
2023-01-01,-2.75,110.75,WPP_712_Laut_Jawa,39.36,6,GFW_MOCK
2023-01-01,-2.75,111.25,WPP_712_Laut_Jawa,3.05,9,GFW_MOCK
2023-01-01,-2.75,111.75,WPP_712_Laut_Jawa,29.67,10,GFW_MOCK
2023-01-01,-2.75,112.25,WPP_712_Laut_Jawa,5.78,7,GFW_MOCK
2023-01-01,-2.75,112.75,WPP_712_Laut_Jawa,12.54,6,GFW_MOCK
2023-01-01,-2.75,113.25,WPP_712_Laut_Jawa,3.98,4,GFW_MOCK
2023-01-01,-2.75,113.75,WPP_712_Laut_Jawa,1.87,8,GFW_MOCK
2023-01-01,-2.75,114.25,WPP_712_Laut_Jawa,13.1,16,GFW_MOCK
2023-01-01,-2.75,114.75,WPP_712_Laut_Jawa,9.15,10,GFW_MOCK
2023-01-01,-2.75,115.25,WPP_712_Laut_Jawa,6.52,10,GFW_MOCK
2023-01-01,-2.75,115.75,WPP_712_Laut_Jawa,24.61,5,GFW_MOCK
2023-01-01,-2.25,106.25,WPP_712_Laut_Jawa,7.15,9,GFW_MOCK
2023-01-01,-2.25,106.75,WPP_712_Laut_Jawa,50.16,9,GFW_MOCK
2023-01-01,-2.25,107.25,WPP_712_Laut_Jawa,12.65,6,GFW_MOCK
2023-01-01,-2.25,107.75,WPP_712_Laut_Jawa,35.56,15,GFW_MOCK
2023-01-01,-2.25,108.25,WPP_712_Laut_Jawa,23.97,9,GFW_MOCK
2023-01-01,-2.25,108.75,WPP_712_Laut_Jawa,84.93,9,GFW_MOCK
2023-01-01,-2.25,109.25,WPP_712_Laut_Jawa,90.31,12,GFW_MOCK
2023-01-01,-2.25,109.75,WPP_712_Laut_Jawa,14.28,10,GFW_MOCK
2023-01-01,-2.25,110.25,WPP_712_Laut_Jawa,18.91,5,GFW_MOCK
2023-01-01,-2.25,110.75,WPP_712_Laut_Jawa,12.06,7,GFW_MOCK
2023-01-01,-2.25,111.25,WPP_712_Laut_Jawa,44.5,10,GFW_MOCK
2023-01-01,-2.25,111.75,WPP_712_Laut_Jawa,2.15,5,GFW_MOCK
2023-01-01,-2.25,112.25,WPP_712_Laut_Jawa,1.52,15,GFW_MOCK
2023-01-01,-2.25,112.75,WPP_712_Laut_Jawa,27.56,9,GFW_MOCK
2023-01-01,-2.25,113.25,WPP_712_Laut_Jawa,6.75,9,GFW_MOCK
2023-01-01,-2.25,113.75,WPP_712_Laut_Jawa,5.2,5,GFW_MOCK
2023-01-01,-2.25,114.25,WPP_712_Laut_Jawa,3.03,3,GFW_MOCK
2023-01-01,-2.25,114.75,WPP_712_Laut_Jawa,2.08,10,GFW_MOCK
2023-01-01,-2.25,115.25,WPP_712_Laut_Jawa,0.42,10,GFW_MOCK
2023-01-01,-2.25,115.75,WPP_712_Laut_Jawa,7.63,9,GFW_MOCK
2023-02-01,-7.75,106.25,WPP_712_Laut_Jawa,1.3,8,GFW_MOCK
2023-02-01,-7.75,106.75,WPP_712_Laut_Jawa,4.24,6,GFW_MOCK
2023-02-01,-7.75,107.25,WPP_712_Laut_Jawa,21.15,8,GFW_MOCK
2023-02-01,-7.75,107.75,WPP_712_Laut_Jawa,3.26,8,GFW_MOCK
2023-02-01,-7.75,108.25,WPP_712_Laut_Jawa,2.6,10,GFW_MOCK
2023-02-01,-7.75,108.75,WPP_712_Laut_Jawa,7.65,6,GFW_MOCK
2023-02-01,-7.75,109.25,WPP_712_Laut_Jawa,4.47,12,GFW_MOCK
2023-02-01,-7.75,109.75,WPP_712_Laut_Jawa,0.69,6,GFW_MOCK
2023-02-01,-7.75,110.25,WPP_712_Laut_Jawa,13.72,7,GFW_MOCK
2023-02-01,-7.75,110.75,WPP_712_Laut_Jawa,10.56,9,GFW_MOCK
2023-02-01,-7.75,111.25,WPP_712_Laut_Jawa,5.31,15,GFW_MOCK
2023-02-01,-7.75,111.75,WPP_712_Laut_Jawa,1.91,9,GFW_MOCK
2023-02-01,-7.75,112.25,WPP_712_Laut_Jawa,29.15,2,GFW_MOCK
2023-02-01,-7.75,112.75,WPP_712_Laut_Jawa,7.53,14,GFW_MOCK
2023-02-01,-7.75,113.25,WPP_712_Laut_Jawa,11.2,2,GFW_MOCK
2023-02-01,-7.75,113.75,WPP_712_Laut_Jawa,63.63,10,GFW_MOCK
2023-02-01,-7.75,114.25,WPP_712_Laut_Jawa,7.08,6,GFW_MOCK
2023-02-01,-7.75,114.75,WPP_712_Laut_Jawa,13.26,7,GFW_MOCK
2023-02-01,-7.75,115.25,WPP_712_Laut_Jawa,53.4,4,GFW_MOCK
2023-02-01,-7.75,115.75,WPP_712_Laut_Jawa,10.15,9,GFW_MOCK
2023-02-01,-7.25,106.25,WPP_712_Laut_Jawa,7.34,13,GFW_MOCK
2023-02-01,-7.25,106.75,WPP_712_Laut_Jawa,27.74,13,GFW_MOCK
2023-02-01,-7.25,107.25,WPP_712_Laut_Jawa,34.32,11,GFW_MOCK
2023-02-01,-7.25,107.75,WPP_712_Laut_Jawa,44.43,6,GFW_MOCK
2023-02-01,-7.25,108.25,WPP_712_Laut_Jawa,10.37,9,GFW_MOCK
2023-02-01,-7.25,108.75,WPP_712_Laut_Jawa,2.25,9,GFW_MOCK
2023-02-01,-7.25,109.25,WPP_712_Laut_Jawa,7.26,8,GFW_MOCK
2023-02-01,-7.25,109.75,WPP_712_Laut_Jawa,5.16,9,GFW_MOCK
2023-02-01,-7.25,110.25,WPP_712_Laut_Jawa,14.81,10,GFW_MOCK
2023-02-01,-7.25,110.75,WPP_712_Laut_Jawa,4.3,9,GFW_MOCK
2023-02-01,-7.25,111.25,WPP_712_Laut_Jawa,5.62,7,GFW_MOCK
2023-02-01,-7.25,111.75,WPP_712_Laut_Jawa,57.62,15,GFW_MOCK
2023-02-01,-7.25,112.25,WPP_712_Laut_Jawa,2.28,10,GFW_MOCK
2023-02-01,-7.25,112.75,WPP_712_Laut_Jawa,5.31,9,GFW_MOCK
2023-02-01,-7.25,113.25,WPP_712_Laut_Jawa,15.06,8,GFW_MOCK
2023-02-01,-7.25,113.75,WPP_712_Laut_Jawa,27.61,10,GFW_MOCK
2023-02-01,-7.25,114.25,WPP_712_Laut_Jawa,6.62,5,GFW_MOCK
2023-02-01,-7.25,114.75,WPP_712_Laut_Jawa,4.16,9,GFW_MOCK
2023-02-01,-7.25,115.25,WPP_712_Laut_Jawa,34.12,8,GFW_MOCK
2023-02-01,-7.25,115.75,WPP_712_Laut_Jawa,2.66,2,GFW_MOCK
2023-02-01,-6.75,106.25,WPP_712_Laut_Jawa,41.21,13,GFW_MOCK
2023-02-01,-6.75,106.75,WPP_712_Laut_Jawa,19.29,18,GFW_MOCK
2023-02-01,-6.75,107.25,WPP_712_Laut_Jawa,2.89,8,GFW_MOCK
2023-02-01,-6.75,107.75,WPP_712_Laut_Jawa,44.63,8,GFW_MOCK
2023-02-01,-6.75,108.25,WPP_712_Laut_Jawa,20.11,6,GFW_MOCK
2023-02-01,-6.75,108.75,WPP_712_Laut_Jawa,6.99,10,GFW_MOCK
2023-02-01,-6.75,109.25,WPP_712_Laut_Jawa,0.97,12,GFW_MOCK
2023-02-01,-6.75,109.75,WPP_712_Laut_Jawa,0.88,7,GFW_MOCK
2023-02-01,-6.75,110.25,WPP_712_Laut_Jawa,4.03,6,GFW_MOCK
2023-02-01,-6.75,110.75,WPP_712_Laut_Jawa,6.68,6,GFW_MOCK
2023-02-01,-6.75,111.25,WPP_712_Laut_Jawa,5.62,10,GFW_MOCK
2023-02-01,-6.75,111.75,WPP_712_Laut_Jawa,34.47,9,GFW_MOCK
2023-02-01,-6.75,112.25,WPP_712_Laut_Jawa,216.25,8,GFW_MOCK
2023-02-01,-6.75,112.75,WPP_712_Laut_Jawa,10.98,10,GFW_MOCK
2023-02-01,-6.75,113.25,WPP_712_Laut_Jawa,7.61,5,GFW_MOCK
2023-02-01,-6.75,113.75,WPP_712_Laut_Jawa,10.23,8,GFW_MOCK
2023-02-01,-6.75,114.25,WPP_712_Laut_Jawa,96.99,5,GFW_MOCK
2023-02-01,-6.75,114.75,WPP_712_Laut_Jawa,5.38,7,GFW_MOCK
2023-02-01,-6.75,115.25,WPP_712_Laut_Jawa,28.1,8,GFW_MOCK
2023-02-01,-6.75,115.75,WPP_712_Laut_Jawa,36.92,5,GFW_MOCK
2023-02-01,-6.25,106.25,WPP_712_Laut_Jawa,1.9,10,GFW_MOCK
2023-02-01,-6.25,106.75,WPP_712_Laut_Jawa,12.44,10,GFW_MOCK
2023-02-01,-6.25,107.25,WPP_712_Laut_Jawa,3.69,6,GFW_MOCK
2023-02-01,-6.25,107.75,WPP_712_Laut_Jawa,74.39,5,GFW_MOCK
2023-02-01,-6.25,108.25,WPP_712_Laut_Jawa,15.86,8,GFW_MOCK
2023-02-01,-6.25,108.75,WPP_712_Laut_Jawa,15.08,6,GFW_MOCK
2023-02-01,-6.25,109.25,WPP_712_Laut_Jawa,500.0,5,GFW_MOCK
2023-02-01,-6.25,109.75,WPP_712_Laut_Jawa,142.7,5,GFW_MOCK
2023-02-01,-6.25,110.25,WPP_712_Laut_Jawa,50.48,10,GFW_MOCK
2023-02-01,-6.25,110.75,WPP_712_Laut_Jawa,8.66,7,GFW_MOCK
2023-02-01,-6.25,111.25,WPP_712_Laut_Jawa,4.5,9,GFW_MOCK
2023-02-01,-6.25,111.75,WPP_712_Laut_Jawa,20.92,8,GFW_MOCK
2023-02-01,-6.25,112.25,WPP_712_Laut_Jawa,5.75,8,GFW_MOCK
2023-02-01,-6.25,112.75,WPP_712_Laut_Jawa,7.91,6,GFW_MOCK
2023-02-01,-6.25,113.25,WPP_712_Laut_Jawa,8.43,5,GFW_MOCK
2023-02-01,-6.25,113.75,WPP_712_Laut_Jawa,1.13,7,GFW_MOCK
2023-02-01,-6.25,114.25,WPP_712_Laut_Jawa,47.03,6,GFW_MOCK
2023-02-01,-6.25,114.75,WPP_712_Laut_Jawa,6.39,13,GFW_MOCK
2023-02-01,-6.25,115.25,WPP_712_Laut_Jawa,0.59,10,GFW_MOCK
2023-02-01,-6.25,115.75,WPP_712_Laut_Jawa,37.32,5,GFW_MOCK
2023-02-01,-5.75,106.25,WPP_712_Laut_Jawa,1.68,7,GFW_MOCK
2023-02-01,-5.75,106.75,WPP_712_Laut_Jawa,0.72,10,GFW_MOCK
2023-02-01,-5.75,107.25,WPP_712_Laut_Jawa,19.38,8,GFW_MOCK
2023-02-01,-5.75,107.75,WPP_712_Laut_Jawa,6.33,10,GFW_MOCK
2023-02-01,-5.75,108.25,WPP_712_Laut_Jawa,3.28,10,GFW_MOCK
2023-02-01,-5.75,108.75,WPP_712_Laut_Jawa,22.44,9,GFW_MOCK
2023-02-01,-5.75,109.25,WPP_712_Laut_Jawa,7.57,5,GFW_MOCK
2023-02-01,-5.75,109.75,WPP_712_Laut_Jawa,9.78,5,GFW_MOCK
2023-02-01,-5.75,110.25,WPP_712_Laut_Jawa,22.44,8,GFW_MOCK
2023-02-01,-5.75,110.75,WPP_712_Laut_Jawa,116.11,10,GFW_MOCK
2023-02-01,-5.75,111.25,WPP_712_Laut_Jawa,8.3,3,GFW_MOCK
2023-02-01,-5.75,111.75,WPP_712_Laut_Jawa,70.57,11,GFW_MOCK
2023-02-01,-5.75,112.25,WPP_712_Laut_Jawa,18.95,7,GFW_MOCK
2023-02-01,-5.75,112.75,WPP_712_Laut_Jawa,29.17,12,GFW_MOCK
2023-02-01,-5.75,113.25,WPP_712_Laut_Jawa,6.8,3,GFW_MOCK
2023-02-01,-5.75,113.75,WPP_712_Laut_Jawa,39.84,8,GFW_MOCK
2023-02-01,-5.75,114.25,WPP_712_Laut_Jawa,21.69,12,GFW_MOCK
2023-02-01,-5.75,114.75,WPP_712_Laut_Jawa,19.99,4,GFW_MOCK
2023-02-01,-5.75,115.25,WPP_712_Laut_Jawa,16.44,11,GFW_MOCK
2023-02-01,-5.75,115.75,WPP_712_Laut_Jawa,11.6,6,GFW_MOCK
2023-02-01,-5.25,106.25,WPP_712_Laut_Jawa,36.7,9,GFW_MOCK
2023-02-01,-5.25,106.75,WPP_712_Laut_Jawa,4.65,9,GFW_MOCK
2023-02-01,-5.25,107.25,WPP_712_Laut_Jawa,2.65,8,GFW_MOCK
2023-02-01,-5.25,107.75,WPP_712_Laut_Jawa,9.74,11,GFW_MOCK
2023-02-01,-5.25,108.25,WPP_712_Laut_Jawa,8.82,5,GFW_MOCK
2023-02-01,-5.25,108.75,WPP_712_Laut_Jawa,2.9,6,GFW_MOCK
2023-02-01,-5.25,109.25,WPP_712_Laut_Jawa,4.2,9,GFW_MOCK
2023-02-01,-5.25,109.75,WPP_712_Laut_Jawa,19.51,8,GFW_MOCK
2023-02-01,-5.25,110.25,WPP_712_Laut_Jawa,7.91,7,GFW_MOCK
2023-02-01,-5.25,110.75,WPP_712_Laut_Jawa,35.41,8,GFW_MOCK
2023-02-01,-5.25,111.25,WPP_712_Laut_Jawa,61.23,7,GFW_MOCK
2023-02-01,-5.25,111.75,WPP_712_Laut_Jawa,68.65,13,GFW_MOCK
2023-02-01,-5.25,112.25,WPP_712_Laut_Jawa,33.9,8,GFW_MOCK
2023-02-01,-5.25,112.75,WPP_712_Laut_Jawa,5.8,4,GFW_MOCK
2023-02-01,-5.25,113.25,WPP_712_Laut_Jawa,1.71,10,GFW_MOCK
2023-02-01,-5.25,113.75,WPP_712_Laut_Jawa,2.79,11,GFW_MOCK
2023-02-01,-5.25,114.25,WPP_712_Laut_Jawa,15.4,6,GFW_MOCK
2023-02-01,-5.25,114.75,WPP_712_Laut_Jawa,172.24,7,GFW_MOCK
2023-02-01,-5.25,115.25,WPP_712_Laut_Jawa,13.48,8,GFW_MOCK
2023-02-01,-5.25,115.75,WPP_712_Laut_Jawa,0.72,9,GFW_MOCK
2023-02-01,-4.75,106.25,WPP_712_Laut_Jawa,7.42,3,GFW_MOCK
2023-02-01,-4.75,106.75,WPP_712_Laut_Jawa,33.91,11,GFW_MOCK
2023-02-01,-4.75,107.25,WPP_712_Laut_Jawa,89.08,15,GFW_MOCK
2023-02-01,-4.75,107.75,WPP_712_Laut_Jawa,12.8,6,GFW_MOCK
2023-02-01,-4.75,108.25,WPP_712_Laut_Jawa,8.4,12,GFW_MOCK
2023-02-01,-4.75,108.75,WPP_712_Laut_Jawa,7.17,7,GFW_MOCK
2023-02-01,-4.75,109.25,WPP_712_Laut_Jawa,2.08,5,GFW_MOCK
2023-02-01,-4.75,109.75,WPP_712_Laut_Jawa,80.59,12,GFW_MOCK
2023-02-01,-4.75,110.25,WPP_712_Laut_Jawa,76.59,5,GFW_MOCK
2023-02-01,-4.75,110.75,WPP_712_Laut_Jawa,1.98,5,GFW_MOCK
2023-02-01,-4.75,111.25,WPP_712_Laut_Jawa,9.38,4,GFW_MOCK
2023-02-01,-4.75,111.75,WPP_712_Laut_Jawa,24.47,7,GFW_MOCK
2023-02-01,-4.75,112.25,WPP_712_Laut_Jawa,68.03,10,GFW_MOCK
2023-02-01,-4.75,112.75,WPP_712_Laut_Jawa,8.46,5,GFW_MOCK
2023-02-01,-4.75,113.25,WPP_712_Laut_Jawa,19.21,4,GFW_MOCK
2023-02-01,-4.75,113.75,WPP_712_Laut_Jawa,60.44,7,GFW_MOCK
2023-02-01,-4.75,114.25,WPP_712_Laut_Jawa,59.45,5,GFW_MOCK
2023-02-01,-4.75,114.75,WPP_712_Laut_Jawa,14.98,5,GFW_MOCK
2023-02-01,-4.75,115.25,WPP_712_Laut_Jawa,8.89,5,GFW_MOCK
2023-02-01,-4.75,115.75,WPP_712_Laut_Jawa,9.82,5,GFW_MOCK
2023-02-01,-4.25,106.25,WPP_712_Laut_Jawa,12.98,11,GFW_MOCK
2023-02-01,-4.25,106.75,WPP_712_Laut_Jawa,5.19,6,GFW_MOCK
2023-02-01,-4.25,107.25,WPP_712_Laut_Jawa,5.47,6,GFW_MOCK
2023-02-01,-4.25,107.75,WPP_712_Laut_Jawa,6.55,1,GFW_MOCK
2023-02-01,-4.25,108.25,WPP_712_Laut_Jawa,58.9,10,GFW_MOCK
2023-02-01,-4.25,108.75,WPP_712_Laut_Jawa,5.14,12,GFW_MOCK
2023-02-01,-4.25,109.25,WPP_712_Laut_Jawa,5.46,10,GFW_MOCK
2023-02-01,-4.25,109.75,WPP_712_Laut_Jawa,12.48,12,GFW_MOCK
2023-02-01,-4.25,110.25,WPP_712_Laut_Jawa,13.97,3,GFW_MOCK
2023-02-01,-4.25,110.75,WPP_712_Laut_Jawa,5.67,11,GFW_MOCK
2023-02-01,-4.25,111.25,WPP_712_Laut_Jawa,24.1,6,GFW_MOCK
2023-02-01,-4.25,111.75,WPP_712_Laut_Jawa,6.45,7,GFW_MOCK
2023-02-01,-4.25,112.25,WPP_712_Laut_Jawa,9.93,3,GFW_MOCK
2023-02-01,-4.25,112.75,WPP_712_Laut_Jawa,3.39,10,GFW_MOCK
2023-02-01,-4.25,113.25,WPP_712_Laut_Jawa,5.15,7,GFW_MOCK
2023-02-01,-4.25,113.75,WPP_712_Laut_Jawa,8.18,12,GFW_MOCK
2023-02-01,-4.25,114.25,WPP_712_Laut_Jawa,1.33,9,GFW_MOCK
2023-02-01,-4.25,114.75,WPP_712_Laut_Jawa,54.91,6,GFW_MOCK
2023-02-01,-4.25,115.25,WPP_712_Laut_Jawa,7.96,8,GFW_MOCK
2023-02-01,-4.25,115.75,WPP_712_Laut_Jawa,6.97,8,GFW_MOCK
2023-02-01,-3.75,106.25,WPP_712_Laut_Jawa,79.74,5,GFW_MOCK
2023-02-01,-3.75,106.75,WPP_712_Laut_Jawa,22.58,7,GFW_MOCK
2023-02-01,-3.75,107.25,WPP_712_Laut_Jawa,18.2,12,GFW_MOCK
2023-02-01,-3.75,107.75,WPP_712_Laut_Jawa,5.59,5,GFW_MOCK
2023-02-01,-3.75,108.25,WPP_712_Laut_Jawa,17.89,11,GFW_MOCK
2023-02-01,-3.75,108.75,WPP_712_Laut_Jawa,33.9,14,GFW_MOCK
2023-02-01,-3.75,109.25,WPP_712_Laut_Jawa,4.96,12,GFW_MOCK
2023-02-01,-3.75,109.75,WPP_712_Laut_Jawa,9.3,10,GFW_MOCK
2023-02-01,-3.75,110.25,WPP_712_Laut_Jawa,22.77,9,GFW_MOCK
2023-02-01,-3.75,110.75,WPP_712_Laut_Jawa,38.31,8,GFW_MOCK
2023-02-01,-3.75,111.25,WPP_712_Laut_Jawa,78.19,5,GFW_MOCK
2023-02-01,-3.75,111.75,WPP_712_Laut_Jawa,2.14,4,GFW_MOCK
2023-02-01,-3.75,112.25,WPP_712_Laut_Jawa,0.7,13,GFW_MOCK
2023-02-01,-3.75,112.75,WPP_712_Laut_Jawa,42.86,14,GFW_MOCK
2023-02-01,-3.75,113.25,WPP_712_Laut_Jawa,4.73,6,GFW_MOCK
2023-02-01,-3.75,113.75,WPP_712_Laut_Jawa,4.62,8,GFW_MOCK
2023-02-01,-3.75,114.25,WPP_712_Laut_Jawa,1.35,9,GFW_MOCK
2023-02-01,-3.75,114.75,WPP_712_Laut_Jawa,60.89,13,GFW_MOCK
2023-02-01,-3.75,115.25,WPP_712_Laut_Jawa,7.41,9,GFW_MOCK
2023-02-01,-3.75,115.75,WPP_712_Laut_Jawa,11.21,9,GFW_MOCK
2023-02-01,-3.25,106.25,WPP_712_Laut_Jawa,15.53,10,GFW_MOCK
2023-02-01,-3.25,106.75,WPP_712_Laut_Jawa,43.91,3,GFW_MOCK
2023-02-01,-3.25,107.25,WPP_712_Laut_Jawa,2.15,7,GFW_MOCK
2023-02-01,-3.25,107.75,WPP_712_Laut_Jawa,29.85,10,GFW_MOCK
2023-02-01,-3.25,108.25,WPP_712_Laut_Jawa,4.28,10,GFW_MOCK
2023-02-01,-3.25,108.75,WPP_712_Laut_Jawa,16.58,5,GFW_MOCK
2023-02-01,-3.25,109.25,WPP_712_Laut_Jawa,24.75,5,GFW_MOCK
2023-02-01,-3.25,109.75,WPP_712_Laut_Jawa,12.12,8,GFW_MOCK
2023-02-01,-3.25,110.25,WPP_712_Laut_Jawa,9.02,9,GFW_MOCK
2023-02-01,-3.25,110.75,WPP_712_Laut_Jawa,1.36,2,GFW_MOCK
2023-02-01,-3.25,111.25,WPP_712_Laut_Jawa,35.21,8,GFW_MOCK
2023-02-01,-3.25,111.75,WPP_712_Laut_Jawa,4.35,7,GFW_MOCK
2023-02-01,-3.25,112.25,WPP_712_Laut_Jawa,9.15,7,GFW_MOCK
2023-02-01,-3.25,112.75,WPP_712_Laut_Jawa,14.49,9,GFW_MOCK
2023-02-01,-3.25,113.25,WPP_712_Laut_Jawa,1.87,17,GFW_MOCK
2023-02-01,-3.25,113.75,WPP_712_Laut_Jawa,32.32,3,GFW_MOCK
2023-02-01,-3.25,114.25,WPP_712_Laut_Jawa,7.22,11,GFW_MOCK
2023-02-01,-3.25,114.75,WPP_712_Laut_Jawa,10.45,9,GFW_MOCK
2023-02-01,-3.25,115.25,WPP_712_Laut_Jawa,16.61,9,GFW_MOCK
2023-02-01,-3.25,115.75,WPP_712_Laut_Jawa,17.08,8,GFW_MOCK
2023-02-01,-2.75,106.25,WPP_712_Laut_Jawa,12.71,6,GFW_MOCK
2023-02-01,-2.75,106.75,WPP_712_Laut_Jawa,0.52,8,GFW_MOCK
2023-02-01,-2.75,107.25,WPP_712_Laut_Jawa,24.28,7,GFW_MOCK
2023-02-01,-2.75,107.75,WPP_712_Laut_Jawa,2.06,8,GFW_MOCK
2023-02-01,-2.75,108.25,WPP_712_Laut_Jawa,3.45,8,GFW_MOCK
2023-02-01,-2.75,108.75,WPP_712_Laut_Jawa,35.06,8,GFW_MOCK
2023-02-01,-2.75,109.25,WPP_712_Laut_Jawa,18.42,9,GFW_MOCK
2023-02-01,-2.75,109.75,WPP_712_Laut_Jawa,14.24,7,GFW_MOCK
2023-02-01,-2.75,110.25,WPP_712_Laut_Jawa,17.51,10,GFW_MOCK
2023-02-01,-2.75,110.75,WPP_712_Laut_Jawa,4.08,10,GFW_MOCK
2023-02-01,-2.75,111.25,WPP_712_Laut_Jawa,46.61,5,GFW_MOCK
2023-02-01,-2.75,111.75,WPP_712_Laut_Jawa,7.58,7,GFW_MOCK
2023-02-01,-2.75,112.25,WPP_712_Laut_Jawa,36.66,4,GFW_MOCK
2023-02-01,-2.75,112.75,WPP_712_Laut_Jawa,44.01,8,GFW_MOCK
2023-02-01,-2.75,113.25,WPP_712_Laut_Jawa,14.94,10,GFW_MOCK
2023-02-01,-2.75,113.75,WPP_712_Laut_Jawa,16.9,5,GFW_MOCK
2023-02-01,-2.75,114.25,WPP_712_Laut_Jawa,22.5,7,GFW_MOCK
2023-02-01,-2.75,114.75,WPP_712_Laut_Jawa,46.92,9,GFW_MOCK
2023-02-01,-2.75,115.25,WPP_712_Laut_Jawa,8.29,6,GFW_MOCK
2023-02-01,-2.75,115.75,WPP_712_Laut_Jawa,25.48,10,GFW_MOCK
2023-02-01,-2.25,106.25,WPP_712_Laut_Jawa,5.34,10,GFW_MOCK
2023-02-01,-2.25,106.75,WPP_712_Laut_Jawa,11.93,11,GFW_MOCK
2023-02-01,-2.25,107.25,WPP_712_Laut_Jawa,62.95,7,GFW_MOCK
2023-02-01,-2.25,107.75,WPP_712_Laut_Jawa,10.14,4,GFW_MOCK
2023-02-01,-2.25,108.25,WPP_712_Laut_Jawa,90.18,7,GFW_MOCK
2023-02-01,-2.25,108.75,WPP_712_Laut_Jawa,57.36,7,GFW_MOCK
2023-02-01,-2.25,109.25,WPP_712_Laut_Jawa,10.45,5,GFW_MOCK
2023-02-01,-2.25,109.75,WPP_712_Laut_Jawa,8.75,9,GFW_MOCK
2023-02-01,-2.25,110.25,WPP_712_Laut_Jawa,2.38,7,GFW_MOCK
2023-02-01,-2.25,110.75,WPP_712_Laut_Jawa,3.56,3,GFW_MOCK
2023-02-01,-2.25,111.25,WPP_712_Laut_Jawa,2.89,8,GFW_MOCK
2023-02-01,-2.25,111.75,WPP_712_Laut_Jawa,3.53,7,GFW_MOCK
2023-02-01,-2.25,112.25,WPP_712_Laut_Jawa,18.19,7,GFW_MOCK
2023-02-01,-2.25,112.75,WPP_712_Laut_Jawa,5.93,7,GFW_MOCK
2023-02-01,-2.25,113.25,WPP_712_Laut_Jawa,44.88,8,GFW_MOCK
2023-02-01,-2.25,113.75,WPP_712_Laut_Jawa,12.74,8,GFW_MOCK
2023-02-01,-2.25,114.25,WPP_712_Laut_Jawa,9.55,15,GFW_MOCK
2023-02-01,-2.25,114.75,WPP_712_Laut_Jawa,1.33,9,GFW_MOCK
2023-02-01,-2.25,115.25,WPP_712_Laut_Jawa,71.13,9,GFW_MOCK
2023-02-01,-2.25,115.75,WPP_712_Laut_Jawa,12.19,10,GFW_MOCK
2023-03-01,-7.75,106.25,WPP_712_Laut_Jawa,23.53,9,GFW_MOCK
2023-03-01,-7.75,106.75,WPP_712_Laut_Jawa,14.95,6,GFW_MOCK
2023-03-01,-7.75,107.25,WPP_712_Laut_Jawa,69.7,12,GFW_MOCK
2023-03-01,-7.75,107.75,WPP_712_Laut_Jawa,2.85,2,GFW_MOCK
2023-03-01,-7.75,108.25,WPP_712_Laut_Jawa,39.06,10,GFW_MOCK
2023-03-01,-7.75,108.75,WPP_712_Laut_Jawa,24.01,13,GFW_MOCK
2023-03-01,-7.75,109.25,WPP_712_Laut_Jawa,32.49,11,GFW_MOCK
2023-03-01,-7.75,109.75,WPP_712_Laut_Jawa,14.57,9,GFW_MOCK
2023-03-01,-7.75,110.25,WPP_712_Laut_Jawa,10.49,10,GFW_MOCK
2023-03-01,-7.75,110.75,WPP_712_Laut_Jawa,12.89,12,GFW_MOCK
2023-03-01,-7.75,111.25,WPP_712_Laut_Jawa,40.84,14,GFW_MOCK
2023-03-01,-7.75,111.75,WPP_712_Laut_Jawa,50.45,10,GFW_MOCK
2023-03-01,-7.75,112.25,WPP_712_Laut_Jawa,5.63,12,GFW_MOCK
2023-03-01,-7.75,112.75,WPP_712_Laut_Jawa,20.47,7,GFW_MOCK
2023-03-01,-7.75,113.25,WPP_712_Laut_Jawa,43.42,8,GFW_MOCK
2023-03-01,-7.75,113.75,WPP_712_Laut_Jawa,4.65,6,GFW_MOCK
2023-03-01,-7.75,114.25,WPP_712_Laut_Jawa,16.61,12,GFW_MOCK
2023-03-01,-7.75,114.75,WPP_712_Laut_Jawa,45.37,9,GFW_MOCK
2023-03-01,-7.75,115.25,WPP_712_Laut_Jawa,40.33,6,GFW_MOCK
2023-03-01,-7.75,115.75,WPP_712_Laut_Jawa,33.92,9,GFW_MOCK
2023-01-01,-7.75,116.25,WPP_713_Selat_Makassar,24.64,7,GFW_MOCK
2023-01-01,-7.75,116.75,WPP_713_Selat_Makassar,135.14,9,GFW_MOCK
2023-01-01,-7.75,117.25,WPP_713_Selat_Makassar,11.69,12,GFW_MOCK
2023-01-01,-7.75,117.75,WPP_713_Selat_Makassar,7.92,10,GFW_MOCK
2023-01-01,-7.75,118.25,WPP_713_Selat_Makassar,15.59,10,GFW_MOCK
2023-01-01,-7.75,118.75,WPP_713_Selat_Makassar,3.98,5,GFW_MOCK
2023-01-01,-7.75,119.25,WPP_713_Selat_Makassar,38.83,6,GFW_MOCK
2023-01-01,-7.75,119.75,WPP_713_Selat_Makassar,21.63,12,GFW_MOCK
2023-01-01,-7.75,120.25,WPP_713_Selat_Makassar,6.92,6,GFW_MOCK
2023-01-01,-7.75,120.75,WPP_713_Selat_Makassar,13.29,10,GFW_MOCK
2023-01-01,-7.75,121.25,WPP_713_Selat_Makassar,159.24,9,GFW_MOCK
2023-01-01,-7.75,121.75,WPP_713_Selat_Makassar,56.07,6,GFW_MOCK
2023-01-01,-7.25,116.25,WPP_713_Selat_Makassar,36.21,7,GFW_MOCK
2023-01-01,-7.25,116.75,WPP_713_Selat_Makassar,134.76,8,GFW_MOCK
2023-01-01,-7.25,117.25,WPP_713_Selat_Makassar,12.65,6,GFW_MOCK
2023-01-01,-7.25,117.75,WPP_713_Selat_Makassar,5.29,5,GFW_MOCK
2023-01-01,-7.25,118.25,WPP_713_Selat_Makassar,78.54,8,GFW_MOCK
2023-01-01,-7.25,118.75,WPP_713_Selat_Makassar,3.43,5,GFW_MOCK
2023-01-01,-7.25,119.25,WPP_713_Selat_Makassar,41.53,9,GFW_MOCK
2023-01-01,-7.25,119.75,WPP_713_Selat_Makassar,9.31,11,GFW_MOCK
2023-01-01,-7.25,120.25,WPP_713_Selat_Makassar,9.79,6,GFW_MOCK
2023-01-01,-7.25,120.75,WPP_713_Selat_Makassar,1.35,10,GFW_MOCK
2023-01-01,-7.25,121.25,WPP_713_Selat_Makassar,50.19,9,GFW_MOCK
2023-01-01,-7.25,121.75,WPP_713_Selat_Makassar,10.08,5,GFW_MOCK
2023-01-01,-6.75,116.25,WPP_713_Selat_Makassar,102.07,5,GFW_MOCK
2023-01-01,-6.75,116.75,WPP_713_Selat_Makassar,25.54,6,GFW_MOCK
2023-01-01,-6.75,117.25,WPP_713_Selat_Makassar,1.71,7,GFW_MOCK
2023-01-01,-6.75,117.75,WPP_713_Selat_Makassar,10.0,8,GFW_MOCK
2023-01-01,-6.75,118.25,WPP_713_Selat_Makassar,14.21,7,GFW_MOCK
2023-01-01,-6.75,118.75,WPP_713_Selat_Makassar,16.6,9,GFW_MOCK
2023-01-01,-6.75,119.25,WPP_713_Selat_Makassar,9.78,1,GFW_MOCK
2023-01-01,-6.75,119.75,WPP_713_Selat_Makassar,13.2,9,GFW_MOCK
2023-01-01,-6.75,120.25,WPP_713_Selat_Makassar,9.34,10,GFW_MOCK
2023-01-01,-6.75,120.75,WPP_713_Selat_Makassar,118.34,7,GFW_MOCK
2023-01-01,-6.75,121.25,WPP_713_Selat_Makassar,80.33,9,GFW_MOCK
2023-01-01,-6.75,121.75,WPP_713_Selat_Makassar,43.65,10,GFW_MOCK
2023-01-01,-6.25,116.25,WPP_713_Selat_Makassar,1.43,12,GFW_MOCK
2023-01-01,-6.25,116.75,WPP_713_Selat_Makassar,12.17,5,GFW_MOCK
2023-01-01,-6.25,117.25,WPP_713_Selat_Makassar,9.82,10,GFW_MOCK
2023-01-01,-6.25,117.75,WPP_713_Selat_Makassar,155.76,5,GFW_MOCK
2023-01-01,-6.25,118.25,WPP_713_Selat_Makassar,31.5,3,GFW_MOCK
2023-01-01,-6.25,118.75,WPP_713_Selat_Makassar,7.84,9,GFW_MOCK
2023-01-01,-6.25,119.25,WPP_713_Selat_Makassar,26.4,7,GFW_MOCK
2023-01-01,-6.25,119.75,WPP_713_Selat_Makassar,11.24,5,GFW_MOCK
2023-01-01,-6.25,120.25,WPP_713_Selat_Makassar,4.76,9,GFW_MOCK
2023-01-01,-6.25,120.75,WPP_713_Selat_Makassar,31.44,4,GFW_MOCK
2023-01-01,-6.25,121.25,WPP_713_Selat_Makassar,21.4,14,GFW_MOCK
2023-01-01,-6.25,121.75,WPP_713_Selat_Makassar,3.76,11,GFW_MOCK
2023-01-01,-5.75,116.25,WPP_713_Selat_Makassar,23.47,14,GFW_MOCK
2023-01-01,-5.75,116.75,WPP_713_Selat_Makassar,17.91,7,GFW_MOCK
2023-01-01,-5.75,117.25,WPP_713_Selat_Makassar,3.39,6,GFW_MOCK
2023-01-01,-5.75,117.75,WPP_713_Selat_Makassar,20.67,9,GFW_MOCK
2023-01-01,-5.75,118.25,WPP_713_Selat_Makassar,22.92,8,GFW_MOCK
2023-01-01,-5.75,118.75,WPP_713_Selat_Makassar,37.31,10,GFW_MOCK
2023-01-01,-5.75,119.25,WPP_713_Selat_Makassar,38.52,4,GFW_MOCK
2023-01-01,-5.75,119.75,WPP_713_Selat_Makassar,6.36,8,GFW_MOCK
2023-01-01,-5.75,120.25,WPP_713_Selat_Makassar,104.64,8,GFW_MOCK
2023-01-01,-5.75,120.75,WPP_713_Selat_Makassar,0.96,9,GFW_MOCK
2023-01-01,-5.75,121.25,WPP_713_Selat_Makassar,11.94,11,GFW_MOCK
2023-01-01,-5.75,121.75,WPP_713_Selat_Makassar,22.35,12,GFW_MOCK
2023-01-01,-5.25,116.25,WPP_713_Selat_Makassar,151.95,5,GFW_MOCK
2023-01-01,-5.25,116.75,WPP_713_Selat_Makassar,82.99,9,GFW_MOCK
2023-01-01,-5.25,117.25,WPP_713_Selat_Makassar,21.53,9,GFW_MOCK
2023-01-01,-5.25,117.75,WPP_713_Selat_Makassar,51.06,6,GFW_MOCK
2023-01-01,-5.25,118.25,WPP_713_Selat_Makassar,2.12,7,GFW_MOCK
2023-01-01,-5.25,118.75,WPP_713_Selat_Makassar,3.65,5,GFW_MOCK
2023-01-01,-5.25,119.25,WPP_713_Selat_Makassar,14.77,9,GFW_MOCK
2023-01-01,-5.25,119.75,WPP_713_Selat_Makassar,65.93,10,GFW_MOCK
2023-01-01,-5.25,120.25,WPP_713_Selat_Makassar,22.75,3,GFW_MOCK
2023-01-01,-5.25,120.75,WPP_713_Selat_Makassar,44.72,8,GFW_MOCK
2023-01-01,-5.25,121.25,WPP_713_Selat_Makassar,8.93,6,GFW_MOCK
2023-01-01,-5.25,121.75,WPP_713_Selat_Makassar,2.94,8,GFW_MOCK
2023-01-01,-4.75,116.25,WPP_713_Selat_Makassar,3.17,6,GFW_MOCK
2023-01-01,-4.75,116.75,WPP_713_Selat_Makassar,4.42,7,GFW_MOCK
2023-01-01,-4.75,117.25,WPP_713_Selat_Makassar,4.27,6,GFW_MOCK
2023-01-01,-4.75,117.75,WPP_713_Selat_Makassar,6.82,10,GFW_MOCK
2023-01-01,-4.75,118.25,WPP_713_Selat_Makassar,4.37,8,GFW_MOCK
2023-01-01,-4.75,118.75,WPP_713_Selat_Makassar,24.75,6,GFW_MOCK
2023-01-01,-4.75,119.25,WPP_713_Selat_Makassar,10.86,9,GFW_MOCK
2023-01-01,-4.75,119.75,WPP_713_Selat_Makassar,137.74,14,GFW_MOCK
2023-01-01,-4.75,120.25,WPP_713_Selat_Makassar,34.44,2,GFW_MOCK
2023-01-01,-4.75,120.75,WPP_713_Selat_Makassar,5.58,14,GFW_MOCK
2023-01-01,-4.75,121.25,WPP_713_Selat_Makassar,29.84,4,GFW_MOCK
2023-01-01,-4.75,121.75,WPP_713_Selat_Makassar,3.63,5,GFW_MOCK
2023-01-01,-4.25,116.25,WPP_713_Selat_Makassar,3.07,2,GFW_MOCK
2023-01-01,-4.25,116.75,WPP_713_Selat_Makassar,0.76,8,GFW_MOCK
2023-01-01,-4.25,117.25,WPP_713_Selat_Makassar,5.31,14,GFW_MOCK
2023-01-01,-4.25,117.75,WPP_713_Selat_Makassar,26.86,6,GFW_MOCK
2023-01-01,-4.25,118.25,WPP_713_Selat_Makassar,4.85,11,GFW_MOCK
2023-01-01,-4.25,118.75,WPP_713_Selat_Makassar,2.6,11,GFW_MOCK
2023-01-01,-4.25,119.25,WPP_713_Selat_Makassar,45.1,8,GFW_MOCK
2023-01-01,-4.25,119.75,WPP_713_Selat_Makassar,4.74,10,GFW_MOCK
2023-01-01,-4.25,120.25,WPP_713_Selat_Makassar,3.99,10,GFW_MOCK
2023-01-01,-4.25,120.75,WPP_713_Selat_Makassar,11.02,11,GFW_MOCK
2023-01-01,-4.25,121.25,WPP_713_Selat_Makassar,15.22,5,GFW_MOCK
2023-01-01,-4.25,121.75,WPP_713_Selat_Makassar,21.34,10,GFW_MOCK
2023-01-01,-3.75,116.25,WPP_713_Selat_Makassar,21.24,7,GFW_MOCK
2023-01-01,-3.75,116.75,WPP_713_Selat_Makassar,27.02,8,GFW_MOCK
2023-01-01,-3.75,117.25,WPP_713_Selat_Makassar,2.52,11,GFW_MOCK
2023-01-01,-3.75,117.75,WPP_713_Selat_Makassar,5.22,7,GFW_MOCK
2023-01-01,-3.75,118.25,WPP_713_Selat_Makassar,7.15,10,GFW_MOCK
2023-01-01,-3.75,118.75,WPP_713_Selat_Makassar,20.15,9,GFW_MOCK
2023-01-01,-3.75,119.25,WPP_713_Selat_Makassar,2.94,7,GFW_MOCK
2023-01-01,-3.75,119.75,WPP_713_Selat_Makassar,3.18,6,GFW_MOCK
2023-01-01,-3.75,120.25,WPP_713_Selat_Makassar,18.88,9,GFW_MOCK
2023-01-01,-3.75,120.75,WPP_713_Selat_Makassar,11.38,9,GFW_MOCK
2023-01-01,-3.75,121.25,WPP_713_Selat_Makassar,29.7,9,GFW_MOCK
2023-01-01,-3.75,121.75,WPP_713_Selat_Makassar,3.68,5,GFW_MOCK
2023-01-01,-3.25,116.25,WPP_713_Selat_Makassar,15.26,9,GFW_MOCK
2023-01-01,-3.25,116.75,WPP_713_Selat_Makassar,3.13,6,GFW_MOCK
2023-01-01,-3.25,117.25,WPP_713_Selat_Makassar,17.79,8,GFW_MOCK
2023-01-01,-3.25,117.75,WPP_713_Selat_Makassar,1.82,7,GFW_MOCK
2023-01-01,-3.25,118.25,WPP_713_Selat_Makassar,27.82,5,GFW_MOCK
2023-01-01,-3.25,118.75,WPP_713_Selat_Makassar,10.51,16,GFW_MOCK
2023-01-01,-3.25,119.25,WPP_713_Selat_Makassar,12.28,9,GFW_MOCK
2023-01-01,-3.25,119.75,WPP_713_Selat_Makassar,5.42,9,GFW_MOCK
2023-01-01,-3.25,120.25,WPP_713_Selat_Makassar,0.59,11,GFW_MOCK
2023-01-01,-3.25,120.75,WPP_713_Selat_Makassar,101.21,9,GFW_MOCK
2023-01-01,-3.25,121.25,WPP_713_Selat_Makassar,4.75,7,GFW_MOCK
2023-01-01,-3.25,121.75,WPP_713_Selat_Makassar,37.3,7,GFW_MOCK
2023-01-01,-2.75,116.25,WPP_713_Selat_Makassar,5.92,8,GFW_MOCK
2023-01-01,-2.75,116.75,WPP_713_Selat_Makassar,33.24,8,GFW_MOCK
2023-01-01,-2.75,117.25,WPP_713_Selat_Makassar,5.01,5,GFW_MOCK
2023-01-01,-2.75,117.75,WPP_713_Selat_Makassar,8.88,4,GFW_MOCK
2023-01-01,-2.75,118.25,WPP_713_Selat_Makassar,42.88,10,GFW_MOCK
2023-01-01,-2.75,118.75,WPP_713_Selat_Makassar,5.3,6,GFW_MOCK
2023-01-01,-2.75,119.25,WPP_713_Selat_Makassar,13.46,4,GFW_MOCK
2023-01-01,-2.75,119.75,WPP_713_Selat_Makassar,74.1,7,GFW_MOCK
2023-01-01,-2.75,120.25,WPP_713_Selat_Makassar,2.01,4,GFW_MOCK
2023-01-01,-2.75,120.75,WPP_713_Selat_Makassar,2.65,6,GFW_MOCK
2023-01-01,-2.75,121.25,WPP_713_Selat_Makassar,31.21,9,GFW_MOCK
2023-01-01,-2.75,121.75,WPP_713_Selat_Makassar,7.16,8,GFW_MOCK
2023-01-01,-2.25,116.25,WPP_713_Selat_Makassar,6.87,8,GFW_MOCK
2023-01-01,-2.25,116.75,WPP_713_Selat_Makassar,41.8,4,GFW_MOCK
2023-01-01,-2.25,117.25,WPP_713_Selat_Makassar,20.09,10,GFW_MOCK
2023-01-01,-2.25,117.75,WPP_713_Selat_Makassar,4.55,8,GFW_MOCK
2023-01-01,-2.25,118.25,WPP_713_Selat_Makassar,2.52,5,GFW_MOCK
2023-01-01,-2.25,118.75,WPP_713_Selat_Makassar,1.26,5,GFW_MOCK
2023-01-01,-2.25,119.25,WPP_713_Selat_Makassar,97.61,14,GFW_MOCK
2023-01-01,-2.25,119.75,WPP_713_Selat_Makassar,23.72,11,GFW_MOCK
2023-01-01,-2.25,120.25,WPP_713_Selat_Makassar,14.31,14,GFW_MOCK
2023-01-01,-2.25,120.75,WPP_713_Selat_Makassar,11.58,6,GFW_MOCK
2023-01-01,-2.25,121.25,WPP_713_Selat_Makassar,5.67,10,GFW_MOCK
2023-01-01,-2.25,121.75,WPP_713_Selat_Makassar,4.57,5,GFW_MOCK
2023-01-01,-1.75,116.25,WPP_713_Selat_Makassar,5.14,8,GFW_MOCK
2023-01-01,-1.75,116.75,WPP_713_Selat_Makassar,4.99,11,GFW_MOCK
2023-01-01,-1.75,117.25,WPP_713_Selat_Makassar,41.51,12,GFW_MOCK
2023-01-01,-1.75,117.75,WPP_713_Selat_Makassar,7.87,7,GFW_MOCK
2023-01-01,-1.75,118.25,WPP_713_Selat_Makassar,33.61,5,GFW_MOCK
2023-01-01,-1.75,118.75,WPP_713_Selat_Makassar,5.21,7,GFW_MOCK
2023-01-01,-1.75,119.25,WPP_713_Selat_Makassar,1.58,7,GFW_MOCK
2023-01-01,-1.75,119.75,WPP_713_Selat_Makassar,17.81,6,GFW_MOCK
2023-01-01,-1.75,120.25,WPP_713_Selat_Makassar,8.03,9,GFW_MOCK
2023-01-01,-1.75,120.75,WPP_713_Selat_Makassar,10.47,5,GFW_MOCK
2023-01-01,-1.75,121.25,WPP_713_Selat_Makassar,1.12,15,GFW_MOCK
2023-01-01,-1.75,121.75,WPP_713_Selat_Makassar,9.14,10,GFW_MOCK
2023-01-01,-1.25,116.25,WPP_713_Selat_Makassar,15.78,7,GFW_MOCK
2023-01-01,-1.25,116.75,WPP_713_Selat_Makassar,3.44,10,GFW_MOCK
2023-01-01,-1.25,117.25,WPP_713_Selat_Makassar,2.68,10,GFW_MOCK
2023-01-01,-1.25,117.75,WPP_713_Selat_Makassar,2.3,6,GFW_MOCK
2023-01-01,-1.25,118.25,WPP_713_Selat_Makassar,148.07,9,GFW_MOCK
2023-01-01,-1.25,118.75,WPP_713_Selat_Makassar,7.64,4,GFW_MOCK
2023-01-01,-1.25,119.25,WPP_713_Selat_Makassar,15.09,10,GFW_MOCK
2023-01-01,-1.25,119.75,WPP_713_Selat_Makassar,5.52,5,GFW_MOCK
2023-01-01,-1.25,120.25,WPP_713_Selat_Makassar,19.23,11,GFW_MOCK
2023-01-01,-1.25,120.75,WPP_713_Selat_Makassar,28.06,13,GFW_MOCK
2023-01-01,-1.25,121.25,WPP_713_Selat_Makassar,1.29,9,GFW_MOCK
2023-01-01,-1.25,121.75,WPP_713_Selat_Makassar,39.68,10,GFW_MOCK
2023-01-01,-0.75,116.25,WPP_713_Selat_Makassar,34.36,5,GFW_MOCK
2023-01-01,-0.75,116.75,WPP_713_Selat_Makassar,1.32,7,GFW_MOCK
2023-01-01,-0.75,117.25,WPP_713_Selat_Makassar,33.72,8,GFW_MOCK
2023-01-01,-0.75,117.75,WPP_713_Selat_Makassar,13.03,10,GFW_MOCK
2023-01-01,-0.75,118.25,WPP_713_Selat_Makassar,77.82,9,GFW_MOCK
2023-01-01,-0.75,118.75,WPP_713_Selat_Makassar,6.19,3,GFW_MOCK
2023-01-01,-0.75,119.25,WPP_713_Selat_Makassar,28.1,5,GFW_MOCK
2023-01-01,-0.75,119.75,WPP_713_Selat_Makassar,6.24,8,GFW_MOCK
2023-01-01,-0.75,120.25,WPP_713_Selat_Makassar,7.42,4,GFW_MOCK
2023-01-01,-0.75,120.75,WPP_713_Selat_Makassar,22.35,5,GFW_MOCK
2023-01-01,-0.75,121.25,WPP_713_Selat_Makassar,1.28,7,GFW_MOCK
2023-01-01,-0.75,121.75,WPP_713_Selat_Makassar,7.66,7,GFW_MOCK
2023-01-01,-0.25,116.25,WPP_713_Selat_Makassar,51.01,6,GFW_MOCK
2023-01-01,-0.25,116.75,WPP_713_Selat_Makassar,7.6,4,GFW_MOCK
2023-01-01,-0.25,117.25,WPP_713_Selat_Makassar,15.77,11,GFW_MOCK
2023-01-01,-0.25,117.75,WPP_713_Selat_Makassar,6.36,7,GFW_MOCK
2023-01-01,-0.25,118.25,WPP_713_Selat_Makassar,167.95,11,GFW_MOCK
2023-01-01,-0.25,118.75,WPP_713_Selat_Makassar,23.55,7,GFW_MOCK
2023-01-01,-0.25,119.25,WPP_713_Selat_Makassar,7.98,10,GFW_MOCK
2023-01-01,-0.25,119.75,WPP_713_Selat_Makassar,3.85,4,GFW_MOCK
2023-01-01,-0.25,120.25,WPP_713_Selat_Makassar,19.26,5,GFW_MOCK
2023-01-01,-0.25,120.75,WPP_713_Selat_Makassar,3.71,7,GFW_MOCK
2023-01-01,-0.25,121.25,WPP_713_Selat_Makassar,51.74,7,GFW_MOCK
2023-01-01,-0.25,121.75,WPP_713_Selat_Makassar,7.98,7,GFW_MOCK
2023-01-01,0.25,116.25,WPP_713_Selat_Makassar,2.25,6,GFW_MOCK
2023-01-01,0.25,116.75,WPP_713_Selat_Makassar,5.37,3,GFW_MOCK
2023-01-01,0.25,117.25,WPP_713_Selat_Makassar,4.14,11,GFW_MOCK
2023-01-01,0.25,117.75,WPP_713_Selat_Makassar,15.69,6,GFW_MOCK
2023-01-01,0.25,118.25,WPP_713_Selat_Makassar,4.37,6,GFW_MOCK
2023-01-01,0.25,118.75,WPP_713_Selat_Makassar,57.54,10,GFW_MOCK
2023-01-01,0.25,119.25,WPP_713_Selat_Makassar,2.62,6,GFW_MOCK
2023-01-01,0.25,119.75,WPP_713_Selat_Makassar,74.18,10,GFW_MOCK
2023-01-01,0.25,120.25,WPP_713_Selat_Makassar,4.53,9,GFW_MOCK
2023-01-01,0.25,120.75,WPP_713_Selat_Makassar,95.37,9,GFW_MOCK
2023-01-01,0.25,121.25,WPP_713_Selat_Makassar,47.95,16,GFW_MOCK
2023-01-01,0.25,121.75,WPP_713_Selat_Makassar,2.11,10,GFW_MOCK
2023-01-01,0.75,116.25,WPP_713_Selat_Makassar,93.01,11,GFW_MOCK
2023-01-01,0.75,116.75,WPP_713_Selat_Makassar,7.47,2,GFW_MOCK
2023-01-01,0.75,117.25,WPP_713_Selat_Makassar,9.29,6,GFW_MOCK
2023-01-01,0.75,117.75,WPP_713_Selat_Makassar,72.11,8,GFW_MOCK
2023-01-01,0.75,118.25,WPP_713_Selat_Makassar,10.44,13,GFW_MOCK
2023-01-01,0.75,118.75,WPP_713_Selat_Makassar,22.83,8,GFW_MOCK
2023-01-01,0.75,119.25,WPP_713_Selat_Makassar,15.77,12,GFW_MOCK
2023-01-01,0.75,119.75,WPP_713_Selat_Makassar,4.89,7,GFW_MOCK
2023-01-01,0.75,120.25,WPP_713_Selat_Makassar,8.0,10,GFW_MOCK
2023-01-01,0.75,120.75,WPP_713_Selat_Makassar,19.1,11,GFW_MOCK
2023-01-01,0.75,121.25,WPP_713_Selat_Makassar,19.62,7,GFW_MOCK
2023-01-01,0.75,121.75,WPP_713_Selat_Makassar,3.7,12,GFW_MOCK
2023-01-01,1.25,116.25,WPP_713_Selat_Makassar,125.68,7,GFW_MOCK
2023-01-01,1.25,116.75,WPP_713_Selat_Makassar,28.48,6,GFW_MOCK
2023-01-01,1.25,117.25,WPP_713_Selat_Makassar,14.32,6,GFW_MOCK
2023-01-01,1.25,117.75,WPP_713_Selat_Makassar,9.34,15,GFW_MOCK
2023-01-01,1.25,118.25,WPP_713_Selat_Makassar,1.29,13,GFW_MOCK
2023-01-01,1.25,118.75,WPP_713_Selat_Makassar,4.59,5,GFW_MOCK
2023-01-01,1.25,119.25,WPP_713_Selat_Makassar,4.58,8,GFW_MOCK
2023-01-01,1.25,119.75,WPP_713_Selat_Makassar,24.85,13,GFW_MOCK
2023-01-01,1.25,120.25,WPP_713_Selat_Makassar,4.54,14,GFW_MOCK
2023-01-01,1.25,120.75,WPP_713_Selat_Makassar,35.56,6,GFW_MOCK
2023-01-01,1.25,121.25,WPP_713_Selat_Makassar,5.93,8,GFW_MOCK
2023-01-01,1.25,121.75,WPP_713_Selat_Makassar,24.41,7,GFW_MOCK
2023-01-01,1.75,116.25,WPP_713_Selat_Makassar,20.51,5,GFW_MOCK
2023-01-01,1.75,116.75,WPP_713_Selat_Makassar,6.73,4,GFW_MOCK
2023-01-01,1.75,117.25,WPP_713_Selat_Makassar,4.14,5,GFW_MOCK
2023-01-01,1.75,117.75,WPP_713_Selat_Makassar,9.44,5,GFW_MOCK
2023-01-01,1.75,118.25,WPP_713_Selat_Makassar,16.85,12,GFW_MOCK
2023-01-01,1.75,118.75,WPP_713_Selat_Makassar,6.13,5,GFW_MOCK
2023-01-01,1.75,119.25,WPP_713_Selat_Makassar,2.54,11,GFW_MOCK
2023-01-01,1.75,119.75,WPP_713_Selat_Makassar,5.58,10,GFW_MOCK
2023-01-01,1.75,120.25,WPP_713_Selat_Makassar,11.4,5,GFW_MOCK
2023-01-01,1.75,120.75,WPP_713_Selat_Makassar,9.59,4,GFW_MOCK
2023-01-01,1.75,121.25,WPP_713_Selat_Makassar,33.11,7,GFW_MOCK
2023-01-01,1.75,121.75,WPP_713_Selat_Makassar,182.69,15,GFW_MOCK
2023-02-01,-7.75,116.25,WPP_713_Selat_Makassar,2.24,14,GFW_MOCK
2023-02-01,-7.75,116.75,WPP_713_Selat_Makassar,1.37,7,GFW_MOCK
2023-02-01,-7.75,117.25,WPP_713_Selat_Makassar,5.23,6,GFW_MOCK
2023-02-01,-7.75,117.75,WPP_713_Selat_Makassar,1.04,10,GFW_MOCK
2023-02-01,-7.75,118.25,WPP_713_Selat_Makassar,1.61,11,GFW_MOCK
2023-02-01,-7.75,118.75,WPP_713_Selat_Makassar,31.16,9,GFW_MOCK
2023-02-01,-7.75,119.25,WPP_713_Selat_Makassar,22.59,10,GFW_MOCK
2023-02-01,-7.75,119.75,WPP_713_Selat_Makassar,21.66,8,GFW_MOCK
2023-02-01,-7.75,120.25,WPP_713_Selat_Makassar,5.83,6,GFW_MOCK
2023-02-01,-7.75,120.75,WPP_713_Selat_Makassar,16.47,8,GFW_MOCK
2023-02-01,-7.75,121.25,WPP_713_Selat_Makassar,113.8,4,GFW_MOCK
2023-02-01,-7.75,121.75,WPP_713_Selat_Makassar,7.41,5,GFW_MOCK
2023-02-01,-7.25,116.25,WPP_713_Selat_Makassar,128.92,8,GFW_MOCK
2023-02-01,-7.25,116.75,WPP_713_Selat_Makassar,34.07,9,GFW_MOCK
2023-02-01,-7.25,117.25,WPP_713_Selat_Makassar,6.31,6,GFW_MOCK
2023-02-01,-7.25,117.75,WPP_713_Selat_Makassar,22.37,7,GFW_MOCK
2023-02-01,-7.25,118.25,WPP_713_Selat_Makassar,25.07,6,GFW_MOCK
2023-02-01,-7.25,118.75,WPP_713_Selat_Makassar,53.24,10,GFW_MOCK
2023-02-01,-7.25,119.25,WPP_713_Selat_Makassar,55.94,6,GFW_MOCK
2023-02-01,-7.25,119.75,WPP_713_Selat_Makassar,2.84,7,GFW_MOCK
2023-02-01,-7.25,120.25,WPP_713_Selat_Makassar,9.14,8,GFW_MOCK
2023-02-01,-7.25,120.75,WPP_713_Selat_Makassar,52.72,4,GFW_MOCK
2023-02-01,-7.25,121.25,WPP_713_Selat_Makassar,11.91,8,GFW_MOCK
2023-02-01,-7.25,121.75,WPP_713_Selat_Makassar,122.02,7,GFW_MOCK
2023-02-01,-6.75,116.25,WPP_713_Selat_Makassar,6.71,6,GFW_MOCK
2023-02-01,-6.75,116.75,WPP_713_Selat_Makassar,17.35,1,GFW_MOCK
2023-02-01,-6.75,117.25,WPP_713_Selat_Makassar,3.66,12,GFW_MOCK
2023-02-01,-6.75,117.75,WPP_713_Selat_Makassar,35.1,2,GFW_MOCK
2023-02-01,-6.75,118.25,WPP_713_Selat_Makassar,90.69,7,GFW_MOCK
2023-02-01,-6.75,118.75,WPP_713_Selat_Makassar,94.54,7,GFW_MOCK
2023-02-01,-6.75,119.25,WPP_713_Selat_Makassar,11.64,13,GFW_MOCK
2023-02-01,-6.75,119.75,WPP_713_Selat_Makassar,13.84,5,GFW_MOCK
2023-02-01,-6.75,120.25,WPP_713_Selat_Makassar,8.96,9,GFW_MOCK
2023-02-01,-6.75,120.75,WPP_713_Selat_Makassar,6.61,4,GFW_MOCK
2023-02-01,-6.75,121.25,WPP_713_Selat_Makassar,11.01,5,GFW_MOCK
2023-02-01,-6.75,121.75,WPP_713_Selat_Makassar,8.25,10,GFW_MOCK
2023-02-01,-6.25,116.25,WPP_713_Selat_Makassar,2.61,7,GFW_MOCK
2023-02-01,-6.25,116.75,WPP_713_Selat_Makassar,6.23,4,GFW_MOCK
2023-02-01,-6.25,117.25,WPP_713_Selat_Makassar,9.31,5,GFW_MOCK
2023-02-01,-6.25,117.75,WPP_713_Selat_Makassar,9.09,6,GFW_MOCK
2023-02-01,-6.25,118.25,WPP_713_Selat_Makassar,3.64,11,GFW_MOCK
2023-02-01,-6.25,118.75,WPP_713_Selat_Makassar,28.97,7,GFW_MOCK
2023-02-01,-6.25,119.25,WPP_713_Selat_Makassar,35.81,12,GFW_MOCK
2023-02-01,-6.25,119.75,WPP_713_Selat_Makassar,3.5,10,GFW_MOCK
2023-02-01,-6.25,120.25,WPP_713_Selat_Makassar,9.61,8,GFW_MOCK
2023-02-01,-6.25,120.75,WPP_713_Selat_Makassar,2.59,6,GFW_MOCK
2023-02-01,-6.25,121.25,WPP_713_Selat_Makassar,6.34,9,GFW_MOCK
2023-02-01,-6.25,121.75,WPP_713_Selat_Makassar,34.51,7,GFW_MOCK
2023-02-01,-5.75,116.25,WPP_713_Selat_Makassar,2.89,7,GFW_MOCK
2023-02-01,-5.75,116.75,WPP_713_Selat_Makassar,6.31,8,GFW_MOCK
2023-02-01,-5.75,117.25,WPP_713_Selat_Makassar,41.22,12,GFW_MOCK
2023-02-01,-5.75,117.75,WPP_713_Selat_Makassar,18.69,10,GFW_MOCK
2023-02-01,-5.75,118.25,WPP_713_Selat_Makassar,1.45,7,GFW_MOCK
2023-02-01,-5.75,118.75,WPP_713_Selat_Makassar,13.08,4,GFW_MOCK
2023-02-01,-5.75,119.25,WPP_713_Selat_Makassar,25.83,8,GFW_MOCK
2023-02-01,-5.75,119.75,WPP_713_Selat_Makassar,17.18,7,GFW_MOCK
2023-02-01,-5.75,120.25,WPP_713_Selat_Makassar,6.9,8,GFW_MOCK
2023-02-01,-5.75,120.75,WPP_713_Selat_Makassar,7.14,6,GFW_MOCK
2023-02-01,-5.75,121.25,WPP_713_Selat_Makassar,84.56,8,GFW_MOCK
2023-02-01,-5.75,121.75,WPP_713_Selat_Makassar,6.69,10,GFW_MOCK
2023-02-01,-5.25,116.25,WPP_713_Selat_Makassar,0.25,9,GFW_MOCK
2023-02-01,-5.25,116.75,WPP_713_Selat_Makassar,5.14,7,GFW_MOCK
2023-02-01,-5.25,117.25,WPP_713_Selat_Makassar,26.69,9,GFW_MOCK
2023-02-01,-5.25,117.75,WPP_713_Selat_Makassar,157.77,5,GFW_MOCK
2023-02-01,-5.25,118.25,WPP_713_Selat_Makassar,129.2,9,GFW_MOCK
2023-02-01,-5.25,118.75,WPP_713_Selat_Makassar,12.86,12,GFW_MOCK
2023-02-01,-5.25,119.25,WPP_713_Selat_Makassar,4.15,6,GFW_MOCK
2023-02-01,-5.25,119.75,WPP_713_Selat_Makassar,156.36,7,GFW_MOCK
2023-02-01,-5.25,120.25,WPP_713_Selat_Makassar,35.71,9,GFW_MOCK
2023-02-01,-5.25,120.75,WPP_713_Selat_Makassar,9.55,9,GFW_MOCK
2023-02-01,-5.25,121.25,WPP_713_Selat_Makassar,6.73,8,GFW_MOCK
2023-02-01,-5.25,121.75,WPP_713_Selat_Makassar,5.29,9,GFW_MOCK
2023-02-01,-4.75,116.25,WPP_713_Selat_Makassar,55.35,8,GFW_MOCK
2023-02-01,-4.75,116.75,WPP_713_Selat_Makassar,88.3,12,GFW_MOCK
2023-02-01,-4.75,117.25,WPP_713_Selat_Makassar,23.65,5,GFW_MOCK
2023-02-01,-4.75,117.75,WPP_713_Selat_Makassar,16.55,7,GFW_MOCK
2023-02-01,-4.75,118.25,WPP_713_Selat_Makassar,7.21,7,GFW_MOCK
2023-02-01,-4.75,118.75,WPP_713_Selat_Makassar,8.83,7,GFW_MOCK
2023-02-01,-4.75,119.25,WPP_713_Selat_Makassar,5.15,11,GFW_MOCK
2023-02-01,-4.75,119.75,WPP_713_Selat_Makassar,7.29,6,GFW_MOCK
2023-02-01,-4.75,120.25,WPP_713_Selat_Makassar,7.53,12,GFW_MOCK
2023-02-01,-4.75,120.75,WPP_713_Selat_Makassar,16.05,6,GFW_MOCK
2023-02-01,-4.75,121.25,WPP_713_Selat_Makassar,28.61,13,GFW_MOCK
2023-02-01,-4.75,121.75,WPP_713_Selat_Makassar,3.66,11,GFW_MOCK
2023-02-01,-4.25,116.25,WPP_713_Selat_Makassar,167.91,9,GFW_MOCK
2023-02-01,-4.25,116.75,WPP_713_Selat_Makassar,109.41,11,GFW_MOCK
2023-02-01,-4.25,117.25,WPP_713_Selat_Makassar,6.28,9,GFW_MOCK
2023-02-01,-4.25,117.75,WPP_713_Selat_Makassar,15.69,8,GFW_MOCK
2023-02-01,-4.25,118.25,WPP_713_Selat_Makassar,2.14,10,GFW_MOCK
2023-02-01,-4.25,118.75,WPP_713_Selat_Makassar,11.8,4,GFW_MOCK
2023-02-01,-4.25,119.25,WPP_713_Selat_Makassar,55.02,10,GFW_MOCK
2023-02-01,-4.25,119.75,WPP_713_Selat_Makassar,75.05,13,GFW_MOCK
2023-02-01,-4.25,120.25,WPP_713_Selat_Makassar,25.01,14,GFW_MOCK
2023-02-01,-4.25,120.75,WPP_713_Selat_Makassar,5.73,5,GFW_MOCK
2023-02-01,-4.25,121.25,WPP_713_Selat_Makassar,19.61,6,GFW_MOCK
2023-02-01,-4.25,121.75,WPP_713_Selat_Makassar,22.42,9,GFW_MOCK
2023-02-01,-3.75,116.25,WPP_713_Selat_Makassar,54.51,9,GFW_MOCK
2023-02-01,-3.75,116.75,WPP_713_Selat_Makassar,8.77,9,GFW_MOCK
2023-02-01,-3.75,117.25,WPP_713_Selat_Makassar,70.15,10,GFW_MOCK
2023-02-01,-3.75,117.75,WPP_713_Selat_Makassar,9.1,9,GFW_MOCK
2023-02-01,-3.75,118.25,WPP_713_Selat_Makassar,11.84,7,GFW_MOCK
2023-02-01,-3.75,118.75,WPP_713_Selat_Makassar,28.77,10,GFW_MOCK
2023-02-01,-3.75,119.25,WPP_713_Selat_Makassar,8.88,13,GFW_MOCK
2023-02-01,-3.75,119.75,WPP_713_Selat_Makassar,9.7,9,GFW_MOCK
2023-02-01,-3.75,120.25,WPP_713_Selat_Makassar,8.56,8,GFW_MOCK
2023-02-01,-3.75,120.75,WPP_713_Selat_Makassar,33.62,4,GFW_MOCK
2023-02-01,-3.75,121.25,WPP_713_Selat_Makassar,239.61,8,GFW_MOCK
2023-02-01,-3.75,121.75,WPP_713_Selat_Makassar,6.34,10,GFW_MOCK
2023-02-01,-3.25,116.25,WPP_713_Selat_Makassar,22.48,11,GFW_MOCK
2023-02-01,-3.25,116.75,WPP_713_Selat_Makassar,7.0,10,GFW_MOCK
2023-02-01,-3.25,117.25,WPP_713_Selat_Makassar,2.6,7,GFW_MOCK
2023-02-01,-3.25,117.75,WPP_713_Selat_Makassar,6.84,8,GFW_MOCK
2023-02-01,-3.25,118.25,WPP_713_Selat_Makassar,35.71,5,GFW_MOCK
2023-02-01,-3.25,118.75,WPP_713_Selat_Makassar,30.92,13,GFW_MOCK
2023-02-01,-3.25,119.25,WPP_713_Selat_Makassar,11.37,6,GFW_MOCK
2023-02-01,-3.25,119.75,WPP_713_Selat_Makassar,1.04,8,GFW_MOCK
2023-02-01,-3.25,120.25,WPP_713_Selat_Makassar,43.84,12,GFW_MOCK
2023-02-01,-3.25,120.75,WPP_713_Selat_Makassar,14.81,7,GFW_MOCK
2023-02-01,-3.25,121.25,WPP_713_Selat_Makassar,47.53,7,GFW_MOCK
2023-02-01,-3.25,121.75,WPP_713_Selat_Makassar,1.13,6,GFW_MOCK
2023-02-01,-2.75,116.25,WPP_713_Selat_Makassar,32.78,9,GFW_MOCK
2023-02-01,-2.75,116.75,WPP_713_Selat_Makassar,15.9,8,GFW_MOCK
2023-02-01,-2.75,117.25,WPP_713_Selat_Makassar,29.15,8,GFW_MOCK
2023-02-01,-2.75,117.75,WPP_713_Selat_Makassar,8.67,6,GFW_MOCK
2023-02-01,-2.75,118.25,WPP_713_Selat_Makassar,20.57,5,GFW_MOCK
2023-02-01,-2.75,118.75,WPP_713_Selat_Makassar,1.61,11,GFW_MOCK
2023-02-01,-2.75,119.25,WPP_713_Selat_Makassar,21.85,12,GFW_MOCK
2023-02-01,-2.75,119.75,WPP_713_Selat_Makassar,0.87,9,GFW_MOCK
2023-02-01,-2.75,120.25,WPP_713_Selat_Makassar,3.07,6,GFW_MOCK
2023-02-01,-2.75,120.75,WPP_713_Selat_Makassar,10.06,6,GFW_MOCK
2023-02-01,-2.75,121.25,WPP_713_Selat_Makassar,6.84,10,GFW_MOCK
2023-02-01,-2.75,121.75,WPP_713_Selat_Makassar,37.8,4,GFW_MOCK
2023-02-01,-2.25,116.25,WPP_713_Selat_Makassar,1.67,7,GFW_MOCK
2023-02-01,-2.25,116.75,WPP_713_Selat_Makassar,4.57,6,GFW_MOCK
2023-02-01,-2.25,117.25,WPP_713_Selat_Makassar,5.46,5,GFW_MOCK
2023-02-01,-2.25,117.75,WPP_713_Selat_Makassar,48.28,8,GFW_MOCK
2023-02-01,-2.25,118.25,WPP_713_Selat_Makassar,20.93,7,GFW_MOCK
2023-02-01,-2.25,118.75,WPP_713_Selat_Makassar,7.33,15,GFW_MOCK
2023-02-01,-2.25,119.25,WPP_713_Selat_Makassar,5.46,11,GFW_MOCK
2023-02-01,-2.25,119.75,WPP_713_Selat_Makassar,2.78,11,GFW_MOCK
2023-02-01,-2.25,120.25,WPP_713_Selat_Makassar,15.58,8,GFW_MOCK
2023-02-01,-2.25,120.75,WPP_713_Selat_Makassar,0.67,6,GFW_MOCK
2023-02-01,-2.25,121.25,WPP_713_Selat_Makassar,3.11,13,GFW_MOCK
2023-02-01,-2.25,121.75,WPP_713_Selat_Makassar,33.19,8,GFW_MOCK
2023-02-01,-1.75,116.25,WPP_713_Selat_Makassar,17.36,9,GFW_MOCK
2023-02-01,-1.75,116.75,WPP_713_Selat_Makassar,0.94,8,GFW_MOCK
2023-02-01,-1.75,117.25,WPP_713_Selat_Makassar,48.87,3,GFW_MOCK
2023-02-01,-1.75,117.75,WPP_713_Selat_Makassar,5.37,5,GFW_MOCK
2023-02-01,-1.75,118.25,WPP_713_Selat_Makassar,9.04,14,GFW_MOCK
2023-02-01,-1.75,118.75,WPP_713_Selat_Makassar,8.92,8,GFW_MOCK
2023-02-01,-1.75,119.25,WPP_713_Selat_Makassar,9.21,10,GFW_MOCK
2023-02-01,-1.75,119.75,WPP_713_Selat_Makassar,0.26,10,GFW_MOCK
2023-02-01,-1.75,120.25,WPP_713_Selat_Makassar,22.34,7,GFW_MOCK
2023-02-01,-1.75,120.75,WPP_713_Selat_Makassar,7.55,5,GFW_MOCK
2023-02-01,-1.75,121.25,WPP_713_Selat_Makassar,78.48,9,GFW_MOCK
2023-02-01,-1.75,121.75,WPP_713_Selat_Makassar,6.89,9,GFW_MOCK
2023-02-01,-1.25,116.25,WPP_713_Selat_Makassar,20.2,4,GFW_MOCK
2023-02-01,-1.25,116.75,WPP_713_Selat_Makassar,12.82,8,GFW_MOCK
2023-02-01,-1.25,117.25,WPP_713_Selat_Makassar,6.14,8,GFW_MOCK
2023-02-01,-1.25,117.75,WPP_713_Selat_Makassar,15.91,8,GFW_MOCK
2023-02-01,-1.25,118.25,WPP_713_Selat_Makassar,26.46,6,GFW_MOCK
2023-02-01,-1.25,118.75,WPP_713_Selat_Makassar,4.43,9,GFW_MOCK
2023-02-01,-1.25,119.25,WPP_713_Selat_Makassar,4.74,3,GFW_MOCK
2023-02-01,-1.25,119.75,WPP_713_Selat_Makassar,1.68,8,GFW_MOCK
2023-02-01,-1.25,120.25,WPP_713_Selat_Makassar,1.61,11,GFW_MOCK
2023-02-01,-1.25,120.75,WPP_713_Selat_Makassar,1.0,11,GFW_MOCK
2023-02-01,-1.25,121.25,WPP_713_Selat_Makassar,19.02,7,GFW_MOCK
2023-02-01,-1.25,121.75,WPP_713_Selat_Makassar,9.59,4,GFW_MOCK
2023-02-01,-0.75,116.25,WPP_713_Selat_Makassar,44.01,5,GFW_MOCK
2023-02-01,-0.75,116.75,WPP_713_Selat_Makassar,500.0,11,GFW_MOCK
2023-02-01,-0.75,117.25,WPP_713_Selat_Makassar,8.56,8,GFW_MOCK
2023-02-01,-0.75,117.75,WPP_713_Selat_Makassar,3.64,6,GFW_MOCK
2023-02-01,-0.75,118.25,WPP_713_Selat_Makassar,2.25,6,GFW_MOCK
2023-02-01,-0.75,118.75,WPP_713_Selat_Makassar,44.14,6,GFW_MOCK
2023-02-01,-0.75,119.25,WPP_713_Selat_Makassar,7.33,11,GFW_MOCK
2023-02-01,-0.75,119.75,WPP_713_Selat_Makassar,19.87,8,GFW_MOCK
2023-02-01,-0.75,120.25,WPP_713_Selat_Makassar,14.75,6,GFW_MOCK
2023-02-01,-0.75,120.75,WPP_713_Selat_Makassar,2.13,11,GFW_MOCK
2023-02-01,-0.75,121.25,WPP_713_Selat_Makassar,4.94,5,GFW_MOCK
2023-02-01,-0.75,121.75,WPP_713_Selat_Makassar,2.58,8,GFW_MOCK
2023-02-01,-0.25,116.25,WPP_713_Selat_Makassar,48.99,7,GFW_MOCK
2023-02-01,-0.25,116.75,WPP_713_Selat_Makassar,3.15,9,GFW_MOCK
2023-02-01,-0.25,117.25,WPP_713_Selat_Makassar,1.32,13,GFW_MOCK
2023-02-01,-0.25,117.75,WPP_713_Selat_Makassar,3.86,6,GFW_MOCK
2023-02-01,-0.25,118.25,WPP_713_Selat_Makassar,16.22,5,GFW_MOCK
2023-02-01,-0.25,118.75,WPP_713_Selat_Makassar,13.4,5,GFW_MOCK
2023-02-01,-0.25,119.25,WPP_713_Selat_Makassar,19.35,10,GFW_MOCK
2023-02-01,-0.25,119.75,WPP_713_Selat_Makassar,0.7,6,GFW_MOCK
2023-02-01,-0.25,120.25,WPP_713_Selat_Makassar,15.87,11,GFW_MOCK
2023-02-01,-0.25,120.75,WPP_713_Selat_Makassar,4.75,9,GFW_MOCK
2023-02-01,-0.25,121.25,WPP_713_Selat_Makassar,45.38,6,GFW_MOCK
2023-02-01,-0.25,121.75,WPP_713_Selat_Makassar,9.39,12,GFW_MOCK
2023-02-01,0.25,116.25,WPP_713_Selat_Makassar,2.92,12,GFW_MOCK
2023-02-01,0.25,116.75,WPP_713_Selat_Makassar,105.42,6,GFW_MOCK
2023-02-01,0.25,117.25,WPP_713_Selat_Makassar,13.26,10,GFW_MOCK
2023-02-01,0.25,117.75,WPP_713_Selat_Makassar,3.3,9,GFW_MOCK
2023-02-01,0.25,118.25,WPP_713_Selat_Makassar,179.49,6,GFW_MOCK
2023-02-01,0.25,118.75,WPP_713_Selat_Makassar,4.41,5,GFW_MOCK
2023-02-01,0.25,119.25,WPP_713_Selat_Makassar,3.52,9,GFW_MOCK
2023-02-01,0.25,119.75,WPP_713_Selat_Makassar,8.38,10,GFW_MOCK
2023-02-01,0.25,120.25,WPP_713_Selat_Makassar,37.75,5,GFW_MOCK
2023-02-01,0.25,120.75,WPP_713_Selat_Makassar,80.49,4,GFW_MOCK
2023-02-01,0.25,121.25,WPP_713_Selat_Makassar,6.18,6,GFW_MOCK
2023-02-01,0.25,121.75,WPP_713_Selat_Makassar,8.84,7,GFW_MOCK
2023-02-01,0.75,116.25,WPP_713_Selat_Makassar,20.62,10,GFW_MOCK
2023-02-01,0.75,116.75,WPP_713_Selat_Makassar,44.87,5,GFW_MOCK
2023-02-01,0.75,117.25,WPP_713_Selat_Makassar,14.8,2,GFW_MOCK
2023-02-01,0.75,117.75,WPP_713_Selat_Makassar,67.03,10,GFW_MOCK
2023-02-01,0.75,118.25,WPP_713_Selat_Makassar,44.67,5,GFW_MOCK
2023-02-01,0.75,118.75,WPP_713_Selat_Makassar,15.96,6,GFW_MOCK
2023-02-01,0.75,119.25,WPP_713_Selat_Makassar,4.32,11,GFW_MOCK
2023-02-01,0.75,119.75,WPP_713_Selat_Makassar,4.0,6,GFW_MOCK
2023-02-01,0.75,120.25,WPP_713_Selat_Makassar,7.29,7,GFW_MOCK
2023-02-01,0.75,120.75,WPP_713_Selat_Makassar,1.16,5,GFW_MOCK
2023-02-01,0.75,121.25,WPP_713_Selat_Makassar,30.33,15,GFW_MOCK
2023-02-01,0.75,121.75,WPP_713_Selat_Makassar,7.45,9,GFW_MOCK
2023-02-01,1.25,116.25,WPP_713_Selat_Makassar,36.15,11,GFW_MOCK
2023-02-01,1.25,116.75,WPP_713_Selat_Makassar,15.44,6,GFW_MOCK
2023-02-01,1.25,117.25,WPP_713_Selat_Makassar,8.76,3,GFW_MOCK
2023-02-01,1.25,117.75,WPP_713_Selat_Makassar,5.15,10,GFW_MOCK
2023-02-01,1.25,118.25,WPP_713_Selat_Makassar,100.03,5,GFW_MOCK
2023-02-01,1.25,118.75,WPP_713_Selat_Makassar,189.7,8,GFW_MOCK
2023-02-01,1.25,119.25,WPP_713_Selat_Makassar,17.91,10,GFW_MOCK
2023-02-01,1.25,119.75,WPP_713_Selat_Makassar,22.86,9,GFW_MOCK
2023-02-01,1.25,120.25,WPP_713_Selat_Makassar,70.88,5,GFW_MOCK
2023-02-01,1.25,120.75,WPP_713_Selat_Makassar,27.81,10,GFW_MOCK
2023-02-01,1.25,121.25,WPP_713_Selat_Makassar,4.67,8,GFW_MOCK
2023-02-01,1.25,121.75,WPP_713_Selat_Makassar,0.91,8,GFW_MOCK
2023-02-01,1.75,116.25,WPP_713_Selat_Makassar,8.15,6,GFW_MOCK
2023-02-01,1.75,116.75,WPP_713_Selat_Makassar,5.87,10,GFW_MOCK
2023-02-01,1.75,117.25,WPP_713_Selat_Makassar,135.45,8,GFW_MOCK
2023-02-01,1.75,117.75,WPP_713_Selat_Makassar,11.91,6,GFW_MOCK
2023-02-01,1.75,118.25,WPP_713_Selat_Makassar,24.19,9,GFW_MOCK
2023-02-01,1.75,118.75,WPP_713_Selat_Makassar,15.98,12,GFW_MOCK
2023-02-01,1.75,119.25,WPP_713_Selat_Makassar,6.4,5,GFW_MOCK
2023-02-01,1.75,119.75,WPP_713_Selat_Makassar,82.69,6,GFW_MOCK
2023-02-01,1.75,120.25,WPP_713_Selat_Makassar,1.42,4,GFW_MOCK
2023-02-01,1.75,120.75,WPP_713_Selat_Makassar,19.5,5,GFW_MOCK
2023-02-01,1.75,121.25,WPP_713_Selat_Makassar,56.63,14,GFW_MOCK
2023-02-01,1.75,121.75,WPP_713_Selat_Makassar,5.8,10,GFW_MOCK
2023-03-01,-7.75,116.25,WPP_713_Selat_Makassar,11.25,11,GFW_MOCK
2023-03-01,-7.75,116.75,WPP_713_Selat_Makassar,7.74,3,GFW_MOCK
2023-03-01,-7.75,117.25,WPP_713_Selat_Makassar,1.97,10,GFW_MOCK
2023-03-01,-7.75,117.75,WPP_713_Selat_Makassar,32.75,16,GFW_MOCK
2023-03-01,-7.75,118.25,WPP_713_Selat_Makassar,17.27,4,GFW_MOCK
2023-03-01,-7.75,118.75,WPP_713_Selat_Makassar,18.07,10,GFW_MOCK
2023-03-01,-7.75,119.25,WPP_713_Selat_Makassar,80.04,9,GFW_MOCK
2023-03-01,-7.75,119.75,WPP_713_Selat_Makassar,12.69,5,GFW_MOCK
2023-03-01,-7.75,120.25,WPP_713_Selat_Makassar,9.6,7,GFW_MOCK
2023-03-01,-7.75,120.75,WPP_713_Selat_Makassar,5.3,4,GFW_MOCK
2023-03-01,-7.75,121.25,WPP_713_Selat_Makassar,4.78,7,GFW_MOCK
2023-03-01,-7.75,121.75,WPP_713_Selat_Makassar,34.53,8,GFW_MOCK
2023-03-01,-7.25,116.25,WPP_713_Selat_Makassar,28.8,8,GFW_MOCK
2023-03-01,-7.25,116.75,WPP_713_Selat_Makassar,4.75,7,GFW_MOCK
2023-03-01,-7.25,117.25,WPP_713_Selat_Makassar,27.97,11,GFW_MOCK
2023-03-01,-7.25,117.75,WPP_713_Selat_Makassar,15.21,8,GFW_MOCK
2023-03-01,-7.25,118.25,WPP_713_Selat_Makassar,4.2,6,GFW_MOCK
2023-03-01,-7.25,118.75,WPP_713_Selat_Makassar,18.8,6,GFW_MOCK
2023-03-01,-7.25,119.25,WPP_713_Selat_Makassar,121.78,15,GFW_MOCK
2023-03-01,-7.25,119.75,WPP_713_Selat_Makassar,1.67,6,GFW_MOCK
2023-01-01,-7.75,122.25,WPP_714_Laut_Banda,2.91,10,GFW_MOCK
2023-01-01,-7.75,122.75,WPP_714_Laut_Banda,40.46,6,GFW_MOCK
2023-01-01,-7.75,123.25,WPP_714_Laut_Banda,9.34,9,GFW_MOCK
2023-01-01,-7.75,123.75,WPP_714_Laut_Banda,7.36,11,GFW_MOCK
2023-01-01,-7.75,124.25,WPP_714_Laut_Banda,17.12,15,GFW_MOCK
2023-01-01,-7.75,124.75,WPP_714_Laut_Banda,36.99,8,GFW_MOCK
2023-01-01,-7.75,125.25,WPP_714_Laut_Banda,0.85,10,GFW_MOCK
2023-01-01,-7.75,125.75,WPP_714_Laut_Banda,41.11,10,GFW_MOCK
2023-01-01,-7.75,126.25,WPP_714_Laut_Banda,6.47,10,GFW_MOCK
2023-01-01,-7.75,126.75,WPP_714_Laut_Banda,11.85,8,GFW_MOCK
2023-01-01,-7.75,127.25,WPP_714_Laut_Banda,55.12,8,GFW_MOCK
2023-01-01,-7.75,127.75,WPP_714_Laut_Banda,30.15,6,GFW_MOCK
2023-01-01,-7.75,128.25,WPP_714_Laut_Banda,10.29,9,GFW_MOCK
2023-01-01,-7.75,128.75,WPP_714_Laut_Banda,4.44,5,GFW_MOCK
2023-01-01,-7.75,129.25,WPP_714_Laut_Banda,3.31,14,GFW_MOCK
2023-01-01,-7.75,129.75,WPP_714_Laut_Banda,33.94,6,GFW_MOCK
2023-01-01,-7.75,130.25,WPP_714_Laut_Banda,6.43,10,GFW_MOCK
2023-01-01,-7.75,130.75,WPP_714_Laut_Banda,40.26,6,GFW_MOCK
2023-01-01,-7.75,131.25,WPP_714_Laut_Banda,123.04,10,GFW_MOCK
2023-01-01,-7.75,131.75,WPP_714_Laut_Banda,15.65,7,GFW_MOCK
2023-01-01,-7.25,122.25,WPP_714_Laut_Banda,1.93,8,GFW_MOCK
2023-01-01,-7.25,122.75,WPP_714_Laut_Banda,45.96,11,GFW_MOCK
2023-01-01,-7.25,123.25,WPP_714_Laut_Banda,47.85,11,GFW_MOCK
2023-01-01,-7.25,123.75,WPP_714_Laut_Banda,3.22,2,GFW_MOCK
2023-01-01,-7.25,124.25,WPP_714_Laut_Banda,9.36,6,GFW_MOCK
2023-01-01,-7.25,124.75,WPP_714_Laut_Banda,33.1,10,GFW_MOCK
2023-01-01,-7.25,125.25,WPP_714_Laut_Banda,19.95,12,GFW_MOCK
2023-01-01,-7.25,125.75,WPP_714_Laut_Banda,60.94,8,GFW_MOCK
2023-01-01,-7.25,126.25,WPP_714_Laut_Banda,61.32,6,GFW_MOCK
2023-01-01,-7.25,126.75,WPP_714_Laut_Banda,7.57,6,GFW_MOCK
2023-01-01,-7.25,127.25,WPP_714_Laut_Banda,0.91,7,GFW_MOCK
2023-01-01,-7.25,127.75,WPP_714_Laut_Banda,6.49,8,GFW_MOCK
2023-01-01,-7.25,128.25,WPP_714_Laut_Banda,9.06,9,GFW_MOCK
2023-01-01,-7.25,128.75,WPP_714_Laut_Banda,13.0,13,GFW_MOCK
2023-01-01,-7.25,129.25,WPP_714_Laut_Banda,64.52,4,GFW_MOCK
2023-01-01,-7.25,129.75,WPP_714_Laut_Banda,8.21,9,GFW_MOCK
2023-01-01,-7.25,130.25,WPP_714_Laut_Banda,26.28,4,GFW_MOCK
2023-01-01,-7.25,130.75,WPP_714_Laut_Banda,2.98,10,GFW_MOCK
2023-01-01,-7.25,131.25,WPP_714_Laut_Banda,9.19,9,GFW_MOCK
2023-01-01,-7.25,131.75,WPP_714_Laut_Banda,26.24,9,GFW_MOCK
2023-01-01,-6.75,122.25,WPP_714_Laut_Banda,9.55,4,GFW_MOCK
2023-01-01,-6.75,122.75,WPP_714_Laut_Banda,54.55,17,GFW_MOCK
2023-01-01,-6.75,123.25,WPP_714_Laut_Banda,145.85,8,GFW_MOCK
2023-01-01,-6.75,123.75,WPP_714_Laut_Banda,18.73,11,GFW_MOCK
2023-01-01,-6.75,124.25,WPP_714_Laut_Banda,6.49,7,GFW_MOCK
2023-01-01,-6.75,124.75,WPP_714_Laut_Banda,12.92,9,GFW_MOCK
2023-01-01,-6.75,125.25,WPP_714_Laut_Banda,12.51,3,GFW_MOCK
2023-01-01,-6.75,125.75,WPP_714_Laut_Banda,15.34,2,GFW_MOCK
2023-01-01,-6.75,126.25,WPP_714_Laut_Banda,7.21,8,GFW_MOCK
2023-01-01,-6.75,126.75,WPP_714_Laut_Banda,4.41,5,GFW_MOCK
2023-01-01,-6.75,127.25,WPP_714_Laut_Banda,24.0,8,GFW_MOCK
2023-01-01,-6.75,127.75,WPP_714_Laut_Banda,46.24,12,GFW_MOCK
2023-01-01,-6.75,128.25,WPP_714_Laut_Banda,27.13,2,GFW_MOCK
2023-01-01,-6.75,128.75,WPP_714_Laut_Banda,7.98,6,GFW_MOCK
2023-01-01,-6.75,129.25,WPP_714_Laut_Banda,1.38,6,GFW_MOCK
2023-01-01,-6.75,129.75,WPP_714_Laut_Banda,67.14,9,GFW_MOCK
2023-01-01,-6.75,130.25,WPP_714_Laut_Banda,90.0,6,GFW_MOCK
2023-01-01,-6.75,130.75,WPP_714_Laut_Banda,10.24,11,GFW_MOCK
2023-01-01,-6.75,131.25,WPP_714_Laut_Banda,53.14,7,GFW_MOCK
2023-01-01,-6.75,131.75,WPP_714_Laut_Banda,10.88,8,GFW_MOCK
2023-01-01,-6.25,122.25,WPP_714_Laut_Banda,6.86,9,GFW_MOCK
2023-01-01,-6.25,122.75,WPP_714_Laut_Banda,12.6,11,GFW_MOCK
2023-01-01,-6.25,123.25,WPP_714_Laut_Banda,19.22,8,GFW_MOCK
2023-01-01,-6.25,123.75,WPP_714_Laut_Banda,4.98,7,GFW_MOCK
2023-01-01,-6.25,124.25,WPP_714_Laut_Banda,13.0,4,GFW_MOCK
2023-01-01,-6.25,124.75,WPP_714_Laut_Banda,0.76,11,GFW_MOCK
2023-01-01,-6.25,125.25,WPP_714_Laut_Banda,56.07,7,GFW_MOCK
2023-01-01,-6.25,125.75,WPP_714_Laut_Banda,33.82,13,GFW_MOCK
2023-01-01,-6.25,126.25,WPP_714_Laut_Banda,6.96,7,GFW_MOCK
2023-01-01,-6.25,126.75,WPP_714_Laut_Banda,14.59,6,GFW_MOCK
2023-01-01,-6.25,127.25,WPP_714_Laut_Banda,2.43,13,GFW_MOCK
2023-01-01,-6.25,127.75,WPP_714_Laut_Banda,5.12,9,GFW_MOCK
2023-01-01,-6.25,128.25,WPP_714_Laut_Banda,26.14,7,GFW_MOCK
2023-01-01,-6.25,128.75,WPP_714_Laut_Banda,19.21,9,GFW_MOCK
2023-01-01,-6.25,129.25,WPP_714_Laut_Banda,49.8,6,GFW_MOCK
2023-01-01,-6.25,129.75,WPP_714_Laut_Banda,1.65,4,GFW_MOCK
2023-01-01,-6.25,130.25,WPP_714_Laut_Banda,15.99,9,GFW_MOCK
2023-01-01,-6.25,130.75,WPP_714_Laut_Banda,104.17,8,GFW_MOCK
2023-01-01,-6.25,131.25,WPP_714_Laut_Banda,26.4,7,GFW_MOCK
2023-01-01,-6.25,131.75,WPP_714_Laut_Banda,8.65,11,GFW_MOCK
2023-01-01,-5.75,122.25,WPP_714_Laut_Banda,1.05,5,GFW_MOCK
2023-01-01,-5.75,122.75,WPP_714_Laut_Banda,6.68,8,GFW_MOCK
2023-01-01,-5.75,123.25,WPP_714_Laut_Banda,11.46,11,GFW_MOCK
2023-01-01,-5.75,123.75,WPP_714_Laut_Banda,55.38,10,GFW_MOCK
2023-01-01,-5.75,124.25,WPP_714_Laut_Banda,10.35,7,GFW_MOCK
2023-01-01,-5.75,124.75,WPP_714_Laut_Banda,17.94,6,GFW_MOCK
2023-01-01,-5.75,125.25,WPP_714_Laut_Banda,19.58,8,GFW_MOCK
2023-01-01,-5.75,125.75,WPP_714_Laut_Banda,6.55,7,GFW_MOCK
2023-01-01,-5.75,126.25,WPP_714_Laut_Banda,9.96,9,GFW_MOCK
2023-01-01,-5.75,126.75,WPP_714_Laut_Banda,32.13,6,GFW_MOCK
2023-01-01,-5.75,127.25,WPP_714_Laut_Banda,406.43,10,GFW_MOCK
2023-01-01,-5.75,127.75,WPP_714_Laut_Banda,1.7,4,GFW_MOCK
2023-01-01,-5.75,128.25,WPP_714_Laut_Banda,21.26,3,GFW_MOCK
2023-01-01,-5.75,128.75,WPP_714_Laut_Banda,2.66,9,GFW_MOCK
2023-01-01,-5.75,129.25,WPP_714_Laut_Banda,6.43,8,GFW_MOCK
2023-01-01,-5.75,129.75,WPP_714_Laut_Banda,61.04,6,GFW_MOCK
2023-01-01,-5.75,130.25,WPP_714_Laut_Banda,13.86,12,GFW_MOCK
2023-01-01,-5.75,130.75,WPP_714_Laut_Banda,18.19,4,GFW_MOCK
2023-01-01,-5.75,131.25,WPP_714_Laut_Banda,11.25,9,GFW_MOCK
2023-01-01,-5.75,131.75,WPP_714_Laut_Banda,17.2,7,GFW_MOCK
2023-01-01,-5.25,122.25,WPP_714_Laut_Banda,76.42,7,GFW_MOCK
2023-01-01,-5.25,122.75,WPP_714_Laut_Banda,5.23,6,GFW_MOCK
2023-01-01,-5.25,123.25,WPP_714_Laut_Banda,11.39,9,GFW_MOCK
2023-01-01,-5.25,123.75,WPP_714_Laut_Banda,16.21,5,GFW_MOCK
2023-01-01,-5.25,124.25,WPP_714_Laut_Banda,65.63,6,GFW_MOCK
2023-01-01,-5.25,124.75,WPP_714_Laut_Banda,9.92,6,GFW_MOCK
2023-01-01,-5.25,125.25,WPP_714_Laut_Banda,7.01,6,GFW_MOCK
2023-01-01,-5.25,125.75,WPP_714_Laut_Banda,5.9,7,GFW_MOCK
2023-01-01,-5.25,126.25,WPP_714_Laut_Banda,13.2,6,GFW_MOCK
2023-01-01,-5.25,126.75,WPP_714_Laut_Banda,20.87,8,GFW_MOCK
2023-01-01,-5.25,127.25,WPP_714_Laut_Banda,7.68,5,GFW_MOCK
2023-01-01,-5.25,127.75,WPP_714_Laut_Banda,14.2,8,GFW_MOCK
2023-01-01,-5.25,128.25,WPP_714_Laut_Banda,37.75,12,GFW_MOCK
2023-01-01,-5.25,128.75,WPP_714_Laut_Banda,39.77,6,GFW_MOCK
2023-01-01,-5.25,129.25,WPP_714_Laut_Banda,36.5,12,GFW_MOCK
2023-01-01,-5.25,129.75,WPP_714_Laut_Banda,63.11,8,GFW_MOCK
2023-01-01,-5.25,130.25,WPP_714_Laut_Banda,79.27,11,GFW_MOCK
2023-01-01,-5.25,130.75,WPP_714_Laut_Banda,7.74,12,GFW_MOCK
2023-01-01,-5.25,131.25,WPP_714_Laut_Banda,11.61,5,GFW_MOCK
2023-01-01,-5.25,131.75,WPP_714_Laut_Banda,11.38,7,GFW_MOCK
2023-01-01,-4.75,122.25,WPP_714_Laut_Banda,10.13,11,GFW_MOCK
2023-01-01,-4.75,122.75,WPP_714_Laut_Banda,7.05,6,GFW_MOCK
2023-01-01,-4.75,123.25,WPP_714_Laut_Banda,2.06,8,GFW_MOCK
2023-01-01,-4.75,123.75,WPP_714_Laut_Banda,11.03,10,GFW_MOCK
2023-01-01,-4.75,124.25,WPP_714_Laut_Banda,1.94,9,GFW_MOCK
2023-01-01,-4.75,124.75,WPP_714_Laut_Banda,20.71,8,GFW_MOCK
2023-01-01,-4.75,125.25,WPP_714_Laut_Banda,4.56,8,GFW_MOCK
2023-01-01,-4.75,125.75,WPP_714_Laut_Banda,5.55,9,GFW_MOCK
2023-01-01,-4.75,126.25,WPP_714_Laut_Banda,4.89,8,GFW_MOCK
2023-01-01,-4.75,126.75,WPP_714_Laut_Banda,7.06,9,GFW_MOCK
2023-01-01,-4.75,127.25,WPP_714_Laut_Banda,6.91,3,GFW_MOCK
2023-01-01,-4.75,127.75,WPP_714_Laut_Banda,39.25,8,GFW_MOCK
2023-01-01,-4.75,128.25,WPP_714_Laut_Banda,6.29,8,GFW_MOCK
2023-01-01,-4.75,128.75,WPP_714_Laut_Banda,37.72,6,GFW_MOCK
2023-01-01,-4.75,129.25,WPP_714_Laut_Banda,11.26,5,GFW_MOCK
2023-01-01,-4.75,129.75,WPP_714_Laut_Banda,104.11,9,GFW_MOCK
2023-01-01,-4.75,130.25,WPP_714_Laut_Banda,7.61,8,GFW_MOCK
2023-01-01,-4.75,130.75,WPP_714_Laut_Banda,15.65,7,GFW_MOCK
2023-01-01,-4.75,131.25,WPP_714_Laut_Banda,5.36,9,GFW_MOCK
2023-01-01,-4.75,131.75,WPP_714_Laut_Banda,16.93,6,GFW_MOCK
2023-01-01,-4.25,122.25,WPP_714_Laut_Banda,1.02,4,GFW_MOCK
2023-01-01,-4.25,122.75,WPP_714_Laut_Banda,13.2,11,GFW_MOCK
2023-01-01,-4.25,123.25,WPP_714_Laut_Banda,6.77,12,GFW_MOCK
2023-01-01,-4.25,123.75,WPP_714_Laut_Banda,54.58,11,GFW_MOCK
2023-01-01,-4.25,124.25,WPP_714_Laut_Banda,27.51,9,GFW_MOCK
2023-01-01,-4.25,124.75,WPP_714_Laut_Banda,48.36,8,GFW_MOCK
2023-01-01,-4.25,125.25,WPP_714_Laut_Banda,2.38,6,GFW_MOCK
2023-01-01,-4.25,125.75,WPP_714_Laut_Banda,6.6,2,GFW_MOCK
2023-01-01,-4.25,126.25,WPP_714_Laut_Banda,4.37,6,GFW_MOCK
2023-01-01,-4.25,126.75,WPP_714_Laut_Banda,6.53,12,GFW_MOCK
2023-01-01,-4.25,127.25,WPP_714_Laut_Banda,26.34,11,GFW_MOCK
2023-01-01,-4.25,127.75,WPP_714_Laut_Banda,11.32,6,GFW_MOCK
2023-01-01,-4.25,128.25,WPP_714_Laut_Banda,14.8,6,GFW_MOCK
2023-01-01,-4.25,128.75,WPP_714_Laut_Banda,172.23,5,GFW_MOCK
2023-01-01,-4.25,129.25,WPP_714_Laut_Banda,15.24,7,GFW_MOCK
2023-01-01,-4.25,129.75,WPP_714_Laut_Banda,44.71,4,GFW_MOCK
2023-01-01,-4.25,130.25,WPP_714_Laut_Banda,40.36,9,GFW_MOCK
2023-01-01,-4.25,130.75,WPP_714_Laut_Banda,20.45,5,GFW_MOCK
2023-01-01,-4.25,131.25,WPP_714_Laut_Banda,7.76,14,GFW_MOCK
2023-01-01,-4.25,131.75,WPP_714_Laut_Banda,13.65,11,GFW_MOCK
2023-01-01,-3.75,122.25,WPP_714_Laut_Banda,113.87,8,GFW_MOCK
2023-01-01,-3.75,122.75,WPP_714_Laut_Banda,6.28,3,GFW_MOCK
2023-01-01,-3.75,123.25,WPP_714_Laut_Banda,4.55,9,GFW_MOCK
2023-01-01,-3.75,123.75,WPP_714_Laut_Banda,0.96,8,GFW_MOCK
2023-01-01,-3.75,124.25,WPP_714_Laut_Banda,61.17,9,GFW_MOCK
2023-01-01,-3.75,124.75,WPP_714_Laut_Banda,40.26,7,GFW_MOCK
2023-01-01,-3.75,125.25,WPP_714_Laut_Banda,3.76,11,GFW_MOCK
2023-01-01,-3.75,125.75,WPP_714_Laut_Banda,16.83,14,GFW_MOCK
2023-01-01,-3.75,126.25,WPP_714_Laut_Banda,31.06,9,GFW_MOCK
2023-01-01,-3.75,126.75,WPP_714_Laut_Banda,12.27,7,GFW_MOCK
2023-01-01,-3.75,127.25,WPP_714_Laut_Banda,204.54,9,GFW_MOCK
2023-01-01,-3.75,127.75,WPP_714_Laut_Banda,85.29,10,GFW_MOCK
2023-01-01,-3.75,128.25,WPP_714_Laut_Banda,53.94,2,GFW_MOCK
2023-01-01,-3.75,128.75,WPP_714_Laut_Banda,4.54,6,GFW_MOCK
2023-01-01,-3.75,129.25,WPP_714_Laut_Banda,7.11,9,GFW_MOCK
2023-01-01,-3.75,129.75,WPP_714_Laut_Banda,59.55,12,GFW_MOCK
2023-01-01,-3.75,130.25,WPP_714_Laut_Banda,31.53,9,GFW_MOCK
2023-01-01,-3.75,130.75,WPP_714_Laut_Banda,15.63,6,GFW_MOCK
2023-01-01,-3.75,131.25,WPP_714_Laut_Banda,1.49,9,GFW_MOCK
2023-01-01,-3.75,131.75,WPP_714_Laut_Banda,12.39,8,GFW_MOCK
2023-01-01,-3.25,122.25,WPP_714_Laut_Banda,19.53,11,GFW_MOCK
2023-01-01,-3.25,122.75,WPP_714_Laut_Banda,1.71,9,GFW_MOCK
2023-01-01,-3.25,123.25,WPP_714_Laut_Banda,0.8,6,GFW_MOCK
2023-01-01,-3.25,123.75,WPP_714_Laut_Banda,32.55,7,GFW_MOCK
2023-01-01,-3.25,124.25,WPP_714_Laut_Banda,1.78,10,GFW_MOCK
2023-01-01,-3.25,124.75,WPP_714_Laut_Banda,1.61,7,GFW_MOCK
2023-01-01,-3.25,125.25,WPP_714_Laut_Banda,32.66,13,GFW_MOCK
2023-01-01,-3.25,125.75,WPP_714_Laut_Banda,11.45,7,GFW_MOCK
2023-01-01,-3.25,126.25,WPP_714_Laut_Banda,9.97,15,GFW_MOCK
2023-01-01,-3.25,126.75,WPP_714_Laut_Banda,41.31,9,GFW_MOCK
2023-01-01,-3.25,127.25,WPP_714_Laut_Banda,2.55,7,GFW_MOCK
2023-01-01,-3.25,127.75,WPP_714_Laut_Banda,10.79,7,GFW_MOCK
2023-01-01,-3.25,128.25,WPP_714_Laut_Banda,6.66,6,GFW_MOCK
2023-01-01,-3.25,128.75,WPP_714_Laut_Banda,19.04,12,GFW_MOCK
2023-01-01,-3.25,129.25,WPP_714_Laut_Banda,31.21,13,GFW_MOCK
2023-01-01,-3.25,129.75,WPP_714_Laut_Banda,8.45,5,GFW_MOCK
2023-01-01,-3.25,130.25,WPP_714_Laut_Banda,5.1,6,GFW_MOCK
2023-01-01,-3.25,130.75,WPP_714_Laut_Banda,3.93,9,GFW_MOCK
2023-01-01,-3.25,131.25,WPP_714_Laut_Banda,8.05,10,GFW_MOCK
2023-01-01,-3.25,131.75,WPP_714_Laut_Banda,19.66,5,GFW_MOCK
2023-01-01,-2.75,122.25,WPP_714_Laut_Banda,17.94,7,GFW_MOCK
2023-01-01,-2.75,122.75,WPP_714_Laut_Banda,61.52,9,GFW_MOCK
2023-01-01,-2.75,123.25,WPP_714_Laut_Banda,64.11,8,GFW_MOCK
2023-01-01,-2.75,123.75,WPP_714_Laut_Banda,4.36,11,GFW_MOCK
2023-01-01,-2.75,124.25,WPP_714_Laut_Banda,0.42,7,GFW_MOCK
2023-01-01,-2.75,124.75,WPP_714_Laut_Banda,29.8,7,GFW_MOCK
2023-01-01,-2.75,125.25,WPP_714_Laut_Banda,2.84,7,GFW_MOCK
2023-01-01,-2.75,125.75,WPP_714_Laut_Banda,10.54,7,GFW_MOCK
2023-01-01,-2.75,126.25,WPP_714_Laut_Banda,6.17,9,GFW_MOCK
2023-01-01,-2.75,126.75,WPP_714_Laut_Banda,110.71,10,GFW_MOCK
2023-01-01,-2.75,127.25,WPP_714_Laut_Banda,59.7,7,GFW_MOCK
2023-01-01,-2.75,127.75,WPP_714_Laut_Banda,12.15,11,GFW_MOCK
2023-01-01,-2.75,128.25,WPP_714_Laut_Banda,12.64,5,GFW_MOCK
2023-01-01,-2.75,128.75,WPP_714_Laut_Banda,4.35,7,GFW_MOCK
2023-01-01,-2.75,129.25,WPP_714_Laut_Banda,19.06,8,GFW_MOCK
2023-01-01,-2.75,129.75,WPP_714_Laut_Banda,4.75,7,GFW_MOCK
2023-01-01,-2.75,130.25,WPP_714_Laut_Banda,12.55,10,GFW_MOCK
2023-01-01,-2.75,130.75,WPP_714_Laut_Banda,27.33,8,GFW_MOCK
2023-01-01,-2.75,131.25,WPP_714_Laut_Banda,20.78,9,GFW_MOCK
2023-01-01,-2.75,131.75,WPP_714_Laut_Banda,12.82,11,GFW_MOCK
2023-01-01,-2.25,122.25,WPP_714_Laut_Banda,4.44,9,GFW_MOCK
2023-01-01,-2.25,122.75,WPP_714_Laut_Banda,34.18,7,GFW_MOCK
2023-01-01,-2.25,123.25,WPP_714_Laut_Banda,13.59,6,GFW_MOCK
2023-01-01,-2.25,123.75,WPP_714_Laut_Banda,13.11,7,GFW_MOCK
2023-01-01,-2.25,124.25,WPP_714_Laut_Banda,1.9,3,GFW_MOCK
2023-01-01,-2.25,124.75,WPP_714_Laut_Banda,69.34,8,GFW_MOCK
2023-01-01,-2.25,125.25,WPP_714_Laut_Banda,4.44,5,GFW_MOCK
2023-01-01,-2.25,125.75,WPP_714_Laut_Banda,23.15,9,GFW_MOCK
2023-01-01,-2.25,126.25,WPP_714_Laut_Banda,3.75,9,GFW_MOCK
2023-01-01,-2.25,126.75,WPP_714_Laut_Banda,42.82,4,GFW_MOCK
2023-01-01,-2.25,127.25,WPP_714_Laut_Banda,3.17,3,GFW_MOCK
2023-01-01,-2.25,127.75,WPP_714_Laut_Banda,6.7,7,GFW_MOCK
2023-01-01,-2.25,128.25,WPP_714_Laut_Banda,17.72,9,GFW_MOCK
2023-01-01,-2.25,128.75,WPP_714_Laut_Banda,5.36,3,GFW_MOCK
2023-01-01,-2.25,129.25,WPP_714_Laut_Banda,2.8,10,GFW_MOCK
2023-01-01,-2.25,129.75,WPP_714_Laut_Banda,3.51,9,GFW_MOCK
2023-01-01,-2.25,130.25,WPP_714_Laut_Banda,58.47,9,GFW_MOCK
2023-01-01,-2.25,130.75,WPP_714_Laut_Banda,16.67,12,GFW_MOCK
2023-01-01,-2.25,131.25,WPP_714_Laut_Banda,7.44,12,GFW_MOCK
2023-01-01,-2.25,131.75,WPP_714_Laut_Banda,14.95,5,GFW_MOCK
2023-02-01,-7.75,122.25,WPP_714_Laut_Banda,45.21,6,GFW_MOCK
2023-02-01,-7.75,122.75,WPP_714_Laut_Banda,136.57,8,GFW_MOCK
2023-02-01,-7.75,123.25,WPP_714_Laut_Banda,2.2,7,GFW_MOCK
2023-02-01,-7.75,123.75,WPP_714_Laut_Banda,9.52,9,GFW_MOCK
2023-02-01,-7.75,124.25,WPP_714_Laut_Banda,126.36,5,GFW_MOCK
2023-02-01,-7.75,124.75,WPP_714_Laut_Banda,6.1,10,GFW_MOCK
2023-02-01,-7.75,125.25,WPP_714_Laut_Banda,19.09,11,GFW_MOCK
2023-02-01,-7.75,125.75,WPP_714_Laut_Banda,2.01,8,GFW_MOCK
2023-02-01,-7.75,126.25,WPP_714_Laut_Banda,1.62,11,GFW_MOCK
2023-02-01,-7.75,126.75,WPP_714_Laut_Banda,181.52,4,GFW_MOCK
2023-02-01,-7.75,127.25,WPP_714_Laut_Banda,1.79,9,GFW_MOCK
2023-02-01,-7.75,127.75,WPP_714_Laut_Banda,11.59,8,GFW_MOCK
2023-02-01,-7.75,128.25,WPP_714_Laut_Banda,10.17,12,GFW_MOCK
2023-02-01,-7.75,128.75,WPP_714_Laut_Banda,18.42,8,GFW_MOCK
2023-02-01,-7.75,129.25,WPP_714_Laut_Banda,4.2,6,GFW_MOCK
2023-02-01,-7.75,129.75,WPP_714_Laut_Banda,8.54,7,GFW_MOCK
2023-02-01,-7.75,130.25,WPP_714_Laut_Banda,4.34,10,GFW_MOCK
2023-02-01,-7.75,130.75,WPP_714_Laut_Banda,31.26,10,GFW_MOCK
2023-02-01,-7.75,131.25,WPP_714_Laut_Banda,31.15,5,GFW_MOCK
2023-02-01,-7.75,131.75,WPP_714_Laut_Banda,22.53,8,GFW_MOCK
2023-02-01,-7.25,122.25,WPP_714_Laut_Banda,6.0,12,GFW_MOCK
2023-02-01,-7.25,122.75,WPP_714_Laut_Banda,8.52,11,GFW_MOCK
2023-02-01,-7.25,123.25,WPP_714_Laut_Banda,10.91,7,GFW_MOCK
2023-02-01,-7.25,123.75,WPP_714_Laut_Banda,2.28,5,GFW_MOCK
2023-02-01,-7.25,124.25,WPP_714_Laut_Banda,2.66,7,GFW_MOCK
2023-02-01,-7.25,124.75,WPP_714_Laut_Banda,59.06,5,GFW_MOCK
2023-02-01,-7.25,125.25,WPP_714_Laut_Banda,45.67,8,GFW_MOCK
2023-02-01,-7.25,125.75,WPP_714_Laut_Banda,32.31,3,GFW_MOCK
2023-02-01,-7.25,126.25,WPP_714_Laut_Banda,2.75,10,GFW_MOCK
2023-02-01,-7.25,126.75,WPP_714_Laut_Banda,10.28,11,GFW_MOCK
2023-02-01,-7.25,127.25,WPP_714_Laut_Banda,3.05,4,GFW_MOCK
2023-02-01,-7.25,127.75,WPP_714_Laut_Banda,65.03,8,GFW_MOCK
2023-02-01,-7.25,128.25,WPP_714_Laut_Banda,12.3,6,GFW_MOCK
2023-02-01,-7.25,128.75,WPP_714_Laut_Banda,6.84,9,GFW_MOCK
2023-02-01,-7.25,129.25,WPP_714_Laut_Banda,12.97,8,GFW_MOCK
2023-02-01,-7.25,129.75,WPP_714_Laut_Banda,43.01,5,GFW_MOCK
2023-02-01,-7.25,130.25,WPP_714_Laut_Banda,12.24,12,GFW_MOCK
2023-02-01,-7.25,130.75,WPP_714_Laut_Banda,5.33,7,GFW_MOCK
2023-02-01,-7.25,131.25,WPP_714_Laut_Banda,3.23,11,GFW_MOCK
2023-02-01,-7.25,131.75,WPP_714_Laut_Banda,4.43,9,GFW_MOCK
2023-02-01,-6.75,122.25,WPP_714_Laut_Banda,1.76,18,GFW_MOCK
2023-02-01,-6.75,122.75,WPP_714_Laut_Banda,5.61,8,GFW_MOCK
2023-02-01,-6.75,123.25,WPP_714_Laut_Banda,12.63,5,GFW_MOCK
2023-02-01,-6.75,123.75,WPP_714_Laut_Banda,103.38,8,GFW_MOCK
2023-02-01,-6.75,124.25,WPP_714_Laut_Banda,153.14,5,GFW_MOCK
2023-02-01,-6.75,124.75,WPP_714_Laut_Banda,2.37,11,GFW_MOCK
2023-02-01,-6.75,125.25,WPP_714_Laut_Banda,4.58,8,GFW_MOCK
2023-02-01,-6.75,125.75,WPP_714_Laut_Banda,26.99,6,GFW_MOCK
2023-02-01,-6.75,126.25,WPP_714_Laut_Banda,28.77,11,GFW_MOCK
2023-02-01,-6.75,126.75,WPP_714_Laut_Banda,15.29,8,GFW_MOCK
2023-02-01,-6.75,127.25,WPP_714_Laut_Banda,18.95,12,GFW_MOCK
2023-02-01,-6.75,127.75,WPP_714_Laut_Banda,2.72,11,GFW_MOCK
2023-02-01,-6.75,128.25,WPP_714_Laut_Banda,16.85,5,GFW_MOCK
2023-02-01,-6.75,128.75,WPP_714_Laut_Banda,9.01,9,GFW_MOCK
2023-02-01,-6.75,129.25,WPP_714_Laut_Banda,3.85,5,GFW_MOCK
2023-02-01,-6.75,129.75,WPP_714_Laut_Banda,76.85,6,GFW_MOCK
2023-02-01,-6.75,130.25,WPP_714_Laut_Banda,2.27,8,GFW_MOCK
2023-02-01,-6.75,130.75,WPP_714_Laut_Banda,2.37,8,GFW_MOCK
2023-02-01,-6.75,131.25,WPP_714_Laut_Banda,8.93,8,GFW_MOCK
2023-02-01,-6.75,131.75,WPP_714_Laut_Banda,1.97,15,GFW_MOCK
2023-02-01,-6.25,122.25,WPP_714_Laut_Banda,3.88,5,GFW_MOCK
2023-02-01,-6.25,122.75,WPP_714_Laut_Banda,4.1,6,GFW_MOCK
2023-02-01,-6.25,123.25,WPP_714_Laut_Banda,47.55,11,GFW_MOCK
2023-02-01,-6.25,123.75,WPP_714_Laut_Banda,6.38,5,GFW_MOCK
2023-02-01,-6.25,124.25,WPP_714_Laut_Banda,9.44,10,GFW_MOCK
2023-02-01,-6.25,124.75,WPP_714_Laut_Banda,16.23,9,GFW_MOCK
2023-02-01,-6.25,125.25,WPP_714_Laut_Banda,14.52,5,GFW_MOCK
2023-02-01,-6.25,125.75,WPP_714_Laut_Banda,5.3,11,GFW_MOCK
2023-02-01,-6.25,126.25,WPP_714_Laut_Banda,336.47,7,GFW_MOCK
2023-02-01,-6.25,126.75,WPP_714_Laut_Banda,4.72,6,GFW_MOCK
2023-02-01,-6.25,127.25,WPP_714_Laut_Banda,30.82,5,GFW_MOCK
2023-02-01,-6.25,127.75,WPP_714_Laut_Banda,3.23,8,GFW_MOCK
2023-02-01,-6.25,128.25,WPP_714_Laut_Banda,9.24,5,GFW_MOCK
2023-02-01,-6.25,128.75,WPP_714_Laut_Banda,12.21,12,GFW_MOCK
2023-02-01,-6.25,129.25,WPP_714_Laut_Banda,11.2,13,GFW_MOCK
2023-02-01,-6.25,129.75,WPP_714_Laut_Banda,17.69,4,GFW_MOCK
2023-02-01,-6.25,130.25,WPP_714_Laut_Banda,2.81,8,GFW_MOCK
2023-02-01,-6.25,130.75,WPP_714_Laut_Banda,32.52,11,GFW_MOCK
2023-02-01,-6.25,131.25,WPP_714_Laut_Banda,13.97,8,GFW_MOCK
2023-02-01,-6.25,131.75,WPP_714_Laut_Banda,4.2,11,GFW_MOCK
2023-02-01,-5.75,122.25,WPP_714_Laut_Banda,21.76,6,GFW_MOCK
2023-02-01,-5.75,122.75,WPP_714_Laut_Banda,5.81,7,GFW_MOCK
2023-02-01,-5.75,123.25,WPP_714_Laut_Banda,44.11,6,GFW_MOCK
2023-02-01,-5.75,123.75,WPP_714_Laut_Banda,2.97,10,GFW_MOCK
2023-02-01,-5.75,124.25,WPP_714_Laut_Banda,35.58,10,GFW_MOCK
2023-02-01,-5.75,124.75,WPP_714_Laut_Banda,1.95,11,GFW_MOCK
2023-02-01,-5.75,125.25,WPP_714_Laut_Banda,5.68,6,GFW_MOCK
2023-02-01,-5.75,125.75,WPP_714_Laut_Banda,24.78,13,GFW_MOCK
2023-02-01,-5.75,126.25,WPP_714_Laut_Banda,65.35,9,GFW_MOCK
2023-02-01,-5.75,126.75,WPP_714_Laut_Banda,11.31,7,GFW_MOCK
2023-02-01,-5.75,127.25,WPP_714_Laut_Banda,9.19,4,GFW_MOCK
2023-02-01,-5.75,127.75,WPP_714_Laut_Banda,42.25,9,GFW_MOCK
2023-02-01,-5.75,128.25,WPP_714_Laut_Banda,9.04,2,GFW_MOCK
2023-02-01,-5.75,128.75,WPP_714_Laut_Banda,13.27,5,GFW_MOCK
2023-02-01,-5.75,129.25,WPP_714_Laut_Banda,35.94,4,GFW_MOCK
2023-02-01,-5.75,129.75,WPP_714_Laut_Banda,13.37,8,GFW_MOCK
2023-02-01,-5.75,130.25,WPP_714_Laut_Banda,3.51,12,GFW_MOCK
2023-02-01,-5.75,130.75,WPP_714_Laut_Banda,49.89,6,GFW_MOCK
2023-02-01,-5.75,131.25,WPP_714_Laut_Banda,7.71,6,GFW_MOCK
2023-02-01,-5.75,131.75,WPP_714_Laut_Banda,115.74,11,GFW_MOCK
2023-02-01,-5.25,122.25,WPP_714_Laut_Banda,60.24,9,GFW_MOCK
2023-02-01,-5.25,122.75,WPP_714_Laut_Banda,3.73,8,GFW_MOCK
2023-02-01,-5.25,123.25,WPP_714_Laut_Banda,5.55,6,GFW_MOCK
2023-02-01,-5.25,123.75,WPP_714_Laut_Banda,10.86,3,GFW_MOCK
2023-02-01,-5.25,124.25,WPP_714_Laut_Banda,6.12,4,GFW_MOCK
2023-02-01,-5.25,124.75,WPP_714_Laut_Banda,78.09,6,GFW_MOCK
2023-02-01,-5.25,125.25,WPP_714_Laut_Banda,13.37,3,GFW_MOCK
2023-02-01,-5.25,125.75,WPP_714_Laut_Banda,153.52,11,GFW_MOCK
2023-02-01,-5.25,126.25,WPP_714_Laut_Banda,23.51,4,GFW_MOCK
2023-02-01,-5.25,126.75,WPP_714_Laut_Banda,13.84,4,GFW_MOCK
2023-02-01,-5.25,127.25,WPP_714_Laut_Banda,76.33,5,GFW_MOCK
2023-02-01,-5.25,127.75,WPP_714_Laut_Banda,3.88,4,GFW_MOCK
2023-02-01,-5.25,128.25,WPP_714_Laut_Banda,0.78,8,GFW_MOCK
2023-02-01,-5.25,128.75,WPP_714_Laut_Banda,6.61,10,GFW_MOCK
2023-02-01,-5.25,129.25,WPP_714_Laut_Banda,2.58,11,GFW_MOCK
2023-02-01,-5.25,129.75,WPP_714_Laut_Banda,18.03,9,GFW_MOCK
2023-02-01,-5.25,130.25,WPP_714_Laut_Banda,22.41,8,GFW_MOCK
2023-02-01,-5.25,130.75,WPP_714_Laut_Banda,5.28,6,GFW_MOCK
2023-02-01,-5.25,131.25,WPP_714_Laut_Banda,13.4,5,GFW_MOCK
2023-02-01,-5.25,131.75,WPP_714_Laut_Banda,25.93,10,GFW_MOCK
2023-02-01,-4.75,122.25,WPP_714_Laut_Banda,76.93,6,GFW_MOCK
2023-02-01,-4.75,122.75,WPP_714_Laut_Banda,7.32,11,GFW_MOCK
2023-02-01,-4.75,123.25,WPP_714_Laut_Banda,10.27,9,GFW_MOCK
2023-02-01,-4.75,123.75,WPP_714_Laut_Banda,7.79,8,GFW_MOCK
2023-02-01,-4.75,124.25,WPP_714_Laut_Banda,8.33,7,GFW_MOCK
2023-02-01,-4.75,124.75,WPP_714_Laut_Banda,3.34,11,GFW_MOCK
2023-02-01,-4.75,125.25,WPP_714_Laut_Banda,9.72,8,GFW_MOCK
2023-02-01,-4.75,125.75,WPP_714_Laut_Banda,5.41,8,GFW_MOCK
2023-02-01,-4.75,126.25,WPP_714_Laut_Banda,11.51,9,GFW_MOCK
2023-02-01,-4.75,126.75,WPP_714_Laut_Banda,7.55,9,GFW_MOCK
2023-02-01,-4.75,127.25,WPP_714_Laut_Banda,34.35,9,GFW_MOCK
2023-02-01,-4.75,127.75,WPP_714_Laut_Banda,3.35,6,GFW_MOCK
2023-02-01,-4.75,128.25,WPP_714_Laut_Banda,36.41,13,GFW_MOCK
2023-02-01,-4.75,128.75,WPP_714_Laut_Banda,8.17,8,GFW_MOCK
2023-02-01,-4.75,129.25,WPP_714_Laut_Banda,9.23,8,GFW_MOCK
2023-02-01,-4.75,129.75,WPP_714_Laut_Banda,3.34,8,GFW_MOCK
2023-02-01,-4.75,130.25,WPP_714_Laut_Banda,64.88,5,GFW_MOCK
2023-02-01,-4.75,130.75,WPP_714_Laut_Banda,62.53,4,GFW_MOCK
2023-02-01,-4.75,131.25,WPP_714_Laut_Banda,5.82,12,GFW_MOCK
2023-02-01,-4.75,131.75,WPP_714_Laut_Banda,68.24,6,GFW_MOCK
2023-02-01,-4.25,122.25,WPP_714_Laut_Banda,17.82,7,GFW_MOCK
2023-02-01,-4.25,122.75,WPP_714_Laut_Banda,13.81,9,GFW_MOCK
2023-02-01,-4.25,123.25,WPP_714_Laut_Banda,40.7,6,GFW_MOCK
2023-02-01,-4.25,123.75,WPP_714_Laut_Banda,12.23,8,GFW_MOCK
2023-02-01,-4.25,124.25,WPP_714_Laut_Banda,1.28,9,GFW_MOCK
2023-02-01,-4.25,124.75,WPP_714_Laut_Banda,12.04,6,GFW_MOCK
2023-02-01,-4.25,125.25,WPP_714_Laut_Banda,14.31,5,GFW_MOCK
2023-02-01,-4.25,125.75,WPP_714_Laut_Banda,80.0,8,GFW_MOCK
2023-02-01,-4.25,126.25,WPP_714_Laut_Banda,0.94,3,GFW_MOCK
2023-02-01,-4.25,126.75,WPP_714_Laut_Banda,11.37,7,GFW_MOCK
2023-02-01,-4.25,127.25,WPP_714_Laut_Banda,11.26,7,GFW_MOCK
2023-02-01,-4.25,127.75,WPP_714_Laut_Banda,17.37,5,GFW_MOCK
2023-02-01,-4.25,128.25,WPP_714_Laut_Banda,3.69,3,GFW_MOCK
2023-02-01,-4.25,128.75,WPP_714_Laut_Banda,22.5,6,GFW_MOCK
2023-02-01,-4.25,129.25,WPP_714_Laut_Banda,43.39,6,GFW_MOCK
2023-02-01,-4.25,129.75,WPP_714_Laut_Banda,5.45,12,GFW_MOCK
2023-02-01,-4.25,130.25,WPP_714_Laut_Banda,35.01,10,GFW_MOCK
2023-02-01,-4.25,130.75,WPP_714_Laut_Banda,17.79,5,GFW_MOCK
2023-02-01,-4.25,131.25,WPP_714_Laut_Banda,3.23,6,GFW_MOCK
2023-02-01,-4.25,131.75,WPP_714_Laut_Banda,68.16,7,GFW_MOCK
2023-02-01,-3.75,122.25,WPP_714_Laut_Banda,2.82,8,GFW_MOCK
2023-02-01,-3.75,122.75,WPP_714_Laut_Banda,3.71,6,GFW_MOCK
2023-02-01,-3.75,123.25,WPP_714_Laut_Banda,0.77,10,GFW_MOCK
2023-02-01,-3.75,123.75,WPP_714_Laut_Banda,12.63,5,GFW_MOCK
2023-02-01,-3.75,124.25,WPP_714_Laut_Banda,12.39,13,GFW_MOCK
2023-02-01,-3.75,124.75,WPP_714_Laut_Banda,13.21,5,GFW_MOCK
2023-02-01,-3.75,125.25,WPP_714_Laut_Banda,34.21,7,GFW_MOCK
2023-02-01,-3.75,125.75,WPP_714_Laut_Banda,28.57,11,GFW_MOCK
2023-02-01,-3.75,126.25,WPP_714_Laut_Banda,17.79,5,GFW_MOCK
2023-02-01,-3.75,126.75,WPP_714_Laut_Banda,8.14,2,GFW_MOCK
2023-02-01,-3.75,127.25,WPP_714_Laut_Banda,5.78,6,GFW_MOCK
2023-02-01,-3.75,127.75,WPP_714_Laut_Banda,25.78,3,GFW_MOCK
2023-02-01,-3.75,128.25,WPP_714_Laut_Banda,6.51,5,GFW_MOCK
2023-02-01,-3.75,128.75,WPP_714_Laut_Banda,71.26,9,GFW_MOCK
2023-02-01,-3.75,129.25,WPP_714_Laut_Banda,7.02,10,GFW_MOCK
2023-02-01,-3.75,129.75,WPP_714_Laut_Banda,45.73,9,GFW_MOCK
2023-02-01,-3.75,130.25,WPP_714_Laut_Banda,3.0,2,GFW_MOCK
2023-02-01,-3.75,130.75,WPP_714_Laut_Banda,8.45,7,GFW_MOCK
2023-02-01,-3.75,131.25,WPP_714_Laut_Banda,3.06,8,GFW_MOCK
2023-02-01,-3.75,131.75,WPP_714_Laut_Banda,31.33,5,GFW_MOCK
2023-02-01,-3.25,122.25,WPP_714_Laut_Banda,14.45,7,GFW_MOCK
2023-02-01,-3.25,122.75,WPP_714_Laut_Banda,4.41,3,GFW_MOCK
2023-02-01,-3.25,123.25,WPP_714_Laut_Banda,172.61,4,GFW_MOCK
2023-02-01,-3.25,123.75,WPP_714_Laut_Banda,4.05,8,GFW_MOCK
2023-02-01,-3.25,124.25,WPP_714_Laut_Banda,4.31,6,GFW_MOCK
2023-02-01,-3.25,124.75,WPP_714_Laut_Banda,17.82,6,GFW_MOCK
2023-02-01,-3.25,125.25,WPP_714_Laut_Banda,57.57,6,GFW_MOCK
2023-02-01,-3.25,125.75,WPP_714_Laut_Banda,4.58,11,GFW_MOCK
2023-02-01,-3.25,126.25,WPP_714_Laut_Banda,6.82,8,GFW_MOCK
2023-02-01,-3.25,126.75,WPP_714_Laut_Banda,2.52,10,GFW_MOCK
2023-02-01,-3.25,127.25,WPP_714_Laut_Banda,4.33,8,GFW_MOCK
2023-02-01,-3.25,127.75,WPP_714_Laut_Banda,15.74,10,GFW_MOCK
2023-02-01,-3.25,128.25,WPP_714_Laut_Banda,124.16,10,GFW_MOCK
2023-02-01,-3.25,128.75,WPP_714_Laut_Banda,46.73,8,GFW_MOCK
2023-02-01,-3.25,129.25,WPP_714_Laut_Banda,36.45,6,GFW_MOCK
2023-02-01,-3.25,129.75,WPP_714_Laut_Banda,6.97,5,GFW_MOCK
2023-02-01,-3.25,130.25,WPP_714_Laut_Banda,20.92,11,GFW_MOCK
2023-02-01,-3.25,130.75,WPP_714_Laut_Banda,23.17,7,GFW_MOCK
2023-02-01,-3.25,131.25,WPP_714_Laut_Banda,20.9,9,GFW_MOCK
2023-02-01,-3.25,131.75,WPP_714_Laut_Banda,16.96,9,GFW_MOCK
2023-02-01,-2.75,122.25,WPP_714_Laut_Banda,8.0,10,GFW_MOCK
2023-02-01,-2.75,122.75,WPP_714_Laut_Banda,37.15,7,GFW_MOCK
2023-02-01,-2.75,123.25,WPP_714_Laut_Banda,9.66,4,GFW_MOCK
2023-02-01,-2.75,123.75,WPP_714_Laut_Banda,4.63,8,GFW_MOCK
2023-02-01,-2.75,124.25,WPP_714_Laut_Banda,14.32,8,GFW_MOCK
2023-02-01,-2.75,124.75,WPP_714_Laut_Banda,22.28,5,GFW_MOCK
2023-02-01,-2.75,125.25,WPP_714_Laut_Banda,11.84,9,GFW_MOCK
2023-02-01,-2.75,125.75,WPP_714_Laut_Banda,16.96,12,GFW_MOCK
2023-02-01,-2.75,126.25,WPP_714_Laut_Banda,15.17,7,GFW_MOCK
2023-02-01,-2.75,126.75,WPP_714_Laut_Banda,10.79,6,GFW_MOCK
2023-02-01,-2.75,127.25,WPP_714_Laut_Banda,18.38,8,GFW_MOCK
2023-02-01,-2.75,127.75,WPP_714_Laut_Banda,20.85,8,GFW_MOCK
2023-02-01,-2.75,128.25,WPP_714_Laut_Banda,69.5,4,GFW_MOCK
2023-02-01,-2.75,128.75,WPP_714_Laut_Banda,177.24,10,GFW_MOCK
2023-02-01,-2.75,129.25,WPP_714_Laut_Banda,10.38,10,GFW_MOCK
2023-02-01,-2.75,129.75,WPP_714_Laut_Banda,19.14,4,GFW_MOCK
2023-02-01,-2.75,130.25,WPP_714_Laut_Banda,26.62,9,GFW_MOCK
2023-02-01,-2.75,130.75,WPP_714_Laut_Banda,38.35,9,GFW_MOCK
2023-02-01,-2.75,131.25,WPP_714_Laut_Banda,16.78,3,GFW_MOCK
2023-02-01,-2.75,131.75,WPP_714_Laut_Banda,4.51,7,GFW_MOCK
2023-02-01,-2.25,122.25,WPP_714_Laut_Banda,10.37,10,GFW_MOCK
2023-02-01,-2.25,122.75,WPP_714_Laut_Banda,40.82,11,GFW_MOCK
2023-02-01,-2.25,123.25,WPP_714_Laut_Banda,22.12,11,GFW_MOCK
2023-02-01,-2.25,123.75,WPP_714_Laut_Banda,16.18,8,GFW_MOCK
2023-02-01,-2.25,124.25,WPP_714_Laut_Banda,13.76,8,GFW_MOCK
2023-02-01,-2.25,124.75,WPP_714_Laut_Banda,15.44,9,GFW_MOCK
2023-02-01,-2.25,125.25,WPP_714_Laut_Banda,28.71,8,GFW_MOCK
2023-02-01,-2.25,125.75,WPP_714_Laut_Banda,14.38,7,GFW_MOCK
2023-02-01,-2.25,126.25,WPP_714_Laut_Banda,16.91,10,GFW_MOCK
2023-02-01,-2.25,126.75,WPP_714_Laut_Banda,54.82,9,GFW_MOCK
2023-02-01,-2.25,127.25,WPP_714_Laut_Banda,2.31,8,GFW_MOCK
2023-02-01,-2.25,127.75,WPP_714_Laut_Banda,39.21,9,GFW_MOCK
2023-02-01,-2.25,128.25,WPP_714_Laut_Banda,3.24,5,GFW_MOCK
2023-02-01,-2.25,128.75,WPP_714_Laut_Banda,5.46,3,GFW_MOCK
2023-02-01,-2.25,129.25,WPP_714_Laut_Banda,47.69,6,GFW_MOCK
2023-02-01,-2.25,129.75,WPP_714_Laut_Banda,10.12,4,GFW_MOCK
2023-02-01,-2.25,130.25,WPP_714_Laut_Banda,0.19,7,GFW_MOCK
2023-02-01,-2.25,130.75,WPP_714_Laut_Banda,109.21,9,GFW_MOCK
2023-02-01,-2.25,131.25,WPP_714_Laut_Banda,69.46,8,GFW_MOCK
2023-02-01,-2.25,131.75,WPP_714_Laut_Banda,5.44,7,GFW_MOCK
2023-03-01,-7.75,122.25,WPP_714_Laut_Banda,17.18,5,GFW_MOCK
2023-03-01,-7.75,122.75,WPP_714_Laut_Banda,7.98,10,GFW_MOCK
2023-03-01,-7.75,123.25,WPP_714_Laut_Banda,26.71,8,GFW_MOCK
2023-03-01,-7.75,123.75,WPP_714_Laut_Banda,18.4,10,GFW_MOCK
2023-03-01,-7.75,124.25,WPP_714_Laut_Banda,2.2,12,GFW_MOCK
2023-03-01,-7.75,124.75,WPP_714_Laut_Banda,24.76,7,GFW_MOCK
2023-03-01,-7.75,125.25,WPP_714_Laut_Banda,4.55,11,GFW_MOCK
2023-03-01,-7.75,125.75,WPP_714_Laut_Banda,4.68,5,GFW_MOCK
2023-03-01,-7.75,126.25,WPP_714_Laut_Banda,3.97,7,GFW_MOCK
2023-03-01,-7.75,126.75,WPP_714_Laut_Banda,11.67,4,GFW_MOCK
2023-03-01,-7.75,127.25,WPP_714_Laut_Banda,4.55,10,GFW_MOCK
2023-03-01,-7.75,127.75,WPP_714_Laut_Banda,11.72,5,GFW_MOCK
2023-03-01,-7.75,128.25,WPP_714_Laut_Banda,16.31,8,GFW_MOCK
2023-03-01,-7.75,128.75,WPP_714_Laut_Banda,61.78,6,GFW_MOCK
2023-03-01,-7.75,129.25,WPP_714_Laut_Banda,1.13,6,GFW_MOCK
2023-03-01,-7.75,129.75,WPP_714_Laut_Banda,6.83,11,GFW_MOCK
2023-03-01,-7.75,130.25,WPP_714_Laut_Banda,30.6,5,GFW_MOCK
2023-03-01,-7.75,130.75,WPP_714_Laut_Banda,18.3,8,GFW_MOCK
2023-03-01,-7.75,131.25,WPP_714_Laut_Banda,28.06,3,GFW_MOCK
2023-03-01,-7.75,131.75,WPP_714_Laut_Banda,12.07,11,GFW_MOCK
2023-01-01,-3.75,124.25,WPP_715_Laut_Maluku,13.35,6,GFW_MOCK
2023-01-01,-3.75,124.75,WPP_715_Laut_Maluku,5.58,11,GFW_MOCK
2023-01-01,-3.75,125.25,WPP_715_Laut_Maluku,18.22,14,GFW_MOCK
2023-01-01,-3.75,125.75,WPP_715_Laut_Maluku,82.17,11,GFW_MOCK
2023-01-01,-3.75,126.25,WPP_715_Laut_Maluku,5.38,5,GFW_MOCK
2023-01-01,-3.75,126.75,WPP_715_Laut_Maluku,38.62,13,GFW_MOCK
2023-01-01,-3.75,127.25,WPP_715_Laut_Maluku,55.48,6,GFW_MOCK
2023-01-01,-3.75,127.75,WPP_715_Laut_Maluku,10.67,13,GFW_MOCK
2023-01-01,-3.75,128.25,WPP_715_Laut_Maluku,6.57,13,GFW_MOCK
2023-01-01,-3.75,128.75,WPP_715_Laut_Maluku,33.89,8,GFW_MOCK
2023-01-01,-3.75,129.25,WPP_715_Laut_Maluku,1.85,8,GFW_MOCK
2023-01-01,-3.75,129.75,WPP_715_Laut_Maluku,3.13,11,GFW_MOCK
2023-01-01,-3.75,130.25,WPP_715_Laut_Maluku,11.35,9,GFW_MOCK
2023-01-01,-3.75,130.75,WPP_715_Laut_Maluku,3.36,10,GFW_MOCK
2023-01-01,-3.75,131.25,WPP_715_Laut_Maluku,24.91,10,GFW_MOCK
2023-01-01,-3.75,131.75,WPP_715_Laut_Maluku,6.83,9,GFW_MOCK
2023-01-01,-3.25,124.25,WPP_715_Laut_Maluku,4.25,10,GFW_MOCK
2023-01-01,-3.25,124.75,WPP_715_Laut_Maluku,13.33,4,GFW_MOCK
2023-01-01,-3.25,125.25,WPP_715_Laut_Maluku,2.49,9,GFW_MOCK
2023-01-01,-3.25,125.75,WPP_715_Laut_Maluku,1.23,10,GFW_MOCK
2023-01-01,-3.25,126.25,WPP_715_Laut_Maluku,8.55,10,GFW_MOCK
2023-01-01,-3.25,126.75,WPP_715_Laut_Maluku,5.04,16,GFW_MOCK
2023-01-01,-3.25,127.25,WPP_715_Laut_Maluku,34.5,6,GFW_MOCK
2023-01-01,-3.25,127.75,WPP_715_Laut_Maluku,13.06,11,GFW_MOCK
2023-01-01,-3.25,128.25,WPP_715_Laut_Maluku,10.84,5,GFW_MOCK
2023-01-01,-3.25,128.75,WPP_715_Laut_Maluku,5.05,9,GFW_MOCK
2023-01-01,-3.25,129.25,WPP_715_Laut_Maluku,0.69,9,GFW_MOCK
2023-01-01,-3.25,129.75,WPP_715_Laut_Maluku,4.56,10,GFW_MOCK
2023-01-01,-3.25,130.25,WPP_715_Laut_Maluku,7.3,12,GFW_MOCK
2023-01-01,-3.25,130.75,WPP_715_Laut_Maluku,34.76,8,GFW_MOCK
2023-01-01,-3.25,131.25,WPP_715_Laut_Maluku,6.32,15,GFW_MOCK
2023-01-01,-3.25,131.75,WPP_715_Laut_Maluku,9.98,0,GFW_MOCK
2023-01-01,-2.75,124.25,WPP_715_Laut_Maluku,1.74,11,GFW_MOCK
2023-01-01,-2.75,124.75,WPP_715_Laut_Maluku,24.22,6,GFW_MOCK
2023-01-01,-2.75,125.25,WPP_715_Laut_Maluku,3.13,7,GFW_MOCK
2023-01-01,-2.75,125.75,WPP_715_Laut_Maluku,4.4,7,GFW_MOCK
2023-01-01,-2.75,126.25,WPP_715_Laut_Maluku,43.21,8,GFW_MOCK
2023-01-01,-2.75,126.75,WPP_715_Laut_Maluku,10.4,5,GFW_MOCK
2023-01-01,-2.75,127.25,WPP_715_Laut_Maluku,2.18,13,GFW_MOCK
2023-01-01,-2.75,127.75,WPP_715_Laut_Maluku,1.24,11,GFW_MOCK
2023-01-01,-2.75,128.25,WPP_715_Laut_Maluku,6.55,6,GFW_MOCK
2023-01-01,-2.75,128.75,WPP_715_Laut_Maluku,12.12,11,GFW_MOCK
2023-01-01,-2.75,129.25,WPP_715_Laut_Maluku,90.64,5,GFW_MOCK
2023-01-01,-2.75,129.75,WPP_715_Laut_Maluku,12.48,12,GFW_MOCK
2023-01-01,-2.75,130.25,WPP_715_Laut_Maluku,10.22,7,GFW_MOCK
2023-01-01,-2.75,130.75,WPP_715_Laut_Maluku,7.52,7,GFW_MOCK
2023-01-01,-2.75,131.25,WPP_715_Laut_Maluku,1.45,5,GFW_MOCK
2023-01-01,-2.75,131.75,WPP_715_Laut_Maluku,19.73,6,GFW_MOCK
2023-01-01,-2.25,124.25,WPP_715_Laut_Maluku,7.28,8,GFW_MOCK
2023-01-01,-2.25,124.75,WPP_715_Laut_Maluku,15.65,5,GFW_MOCK
2023-01-01,-2.25,125.25,WPP_715_Laut_Maluku,52.21,5,GFW_MOCK
2023-01-01,-2.25,125.75,WPP_715_Laut_Maluku,25.84,10,GFW_MOCK
2023-01-01,-2.25,126.25,WPP_715_Laut_Maluku,118.1,4,GFW_MOCK
2023-01-01,-2.25,126.75,WPP_715_Laut_Maluku,13.18,8,GFW_MOCK
2023-01-01,-2.25,127.25,WPP_715_Laut_Maluku,46.75,7,GFW_MOCK
2023-01-01,-2.25,127.75,WPP_715_Laut_Maluku,22.94,8,GFW_MOCK
2023-01-01,-2.25,128.25,WPP_715_Laut_Maluku,2.4,4,GFW_MOCK
2023-01-01,-2.25,128.75,WPP_715_Laut_Maluku,16.8,11,GFW_MOCK
2023-01-01,-2.25,129.25,WPP_715_Laut_Maluku,5.58,10,GFW_MOCK
2023-01-01,-2.25,129.75,WPP_715_Laut_Maluku,139.06,9,GFW_MOCK
2023-01-01,-2.25,130.25,WPP_715_Laut_Maluku,17.23,8,GFW_MOCK
2023-01-01,-2.25,130.75,WPP_715_Laut_Maluku,31.53,6,GFW_MOCK
2023-01-01,-2.25,131.25,WPP_715_Laut_Maluku,1.6,3,GFW_MOCK
2023-01-01,-2.25,131.75,WPP_715_Laut_Maluku,11.78,7,GFW_MOCK
2023-01-01,-1.75,124.25,WPP_715_Laut_Maluku,0.48,9,GFW_MOCK
2023-01-01,-1.75,124.75,WPP_715_Laut_Maluku,25.27,9,GFW_MOCK
2023-01-01,-1.75,125.25,WPP_715_Laut_Maluku,103.97,10,GFW_MOCK
2023-01-01,-1.75,125.75,WPP_715_Laut_Maluku,2.53,9,GFW_MOCK
2023-01-01,-1.75,126.25,WPP_715_Laut_Maluku,37.15,7,GFW_MOCK
2023-01-01,-1.75,126.75,WPP_715_Laut_Maluku,6.5,10,GFW_MOCK
2023-01-01,-1.75,127.25,WPP_715_Laut_Maluku,3.16,5,GFW_MOCK
2023-01-01,-1.75,127.75,WPP_715_Laut_Maluku,140.95,7,GFW_MOCK
2023-01-01,-1.75,128.25,WPP_715_Laut_Maluku,31.3,6,GFW_MOCK
2023-01-01,-1.75,128.75,WPP_715_Laut_Maluku,4.83,10,GFW_MOCK
2023-01-01,-1.75,129.25,WPP_715_Laut_Maluku,5.45,8,GFW_MOCK
2023-01-01,-1.75,129.75,WPP_715_Laut_Maluku,2.69,10,GFW_MOCK
2023-01-01,-1.75,130.25,WPP_715_Laut_Maluku,37.19,10,GFW_MOCK
2023-01-01,-1.75,130.75,WPP_715_Laut_Maluku,18.58,5,GFW_MOCK
2023-01-01,-1.75,131.25,WPP_715_Laut_Maluku,17.08,5,GFW_MOCK
2023-01-01,-1.75,131.75,WPP_715_Laut_Maluku,7.37,9,GFW_MOCK
2023-01-01,-1.25,124.25,WPP_715_Laut_Maluku,138.33,12,GFW_MOCK
2023-01-01,-1.25,124.75,WPP_715_Laut_Maluku,5.25,12,GFW_MOCK
2023-01-01,-1.25,125.25,WPP_715_Laut_Maluku,5.05,9,GFW_MOCK
2023-01-01,-1.25,125.75,WPP_715_Laut_Maluku,19.25,7,GFW_MOCK
2023-01-01,-1.25,126.25,WPP_715_Laut_Maluku,42.33,7,GFW_MOCK
2023-01-01,-1.25,126.75,WPP_715_Laut_Maluku,15.4,8,GFW_MOCK
2023-01-01,-1.25,127.25,WPP_715_Laut_Maluku,26.09,8,GFW_MOCK
2023-01-01,-1.25,127.75,WPP_715_Laut_Maluku,1.56,8,GFW_MOCK
2023-01-01,-1.25,128.25,WPP_715_Laut_Maluku,21.35,6,GFW_MOCK
2023-01-01,-1.25,128.75,WPP_715_Laut_Maluku,2.87,11,GFW_MOCK
2023-01-01,-1.25,129.25,WPP_715_Laut_Maluku,1.47,3,GFW_MOCK
2023-01-01,-1.25,129.75,WPP_715_Laut_Maluku,5.82,6,GFW_MOCK
2023-01-01,-1.25,130.25,WPP_715_Laut_Maluku,1.16,7,GFW_MOCK
2023-01-01,-1.25,130.75,WPP_715_Laut_Maluku,16.44,4,GFW_MOCK
2023-01-01,-1.25,131.25,WPP_715_Laut_Maluku,89.34,10,GFW_MOCK
2023-01-01,-1.25,131.75,WPP_715_Laut_Maluku,7.99,11,GFW_MOCK
2023-01-01,-0.75,124.25,WPP_715_Laut_Maluku,6.68,7,GFW_MOCK
2023-01-01,-0.75,124.75,WPP_715_Laut_Maluku,18.39,7,GFW_MOCK
2023-01-01,-0.75,125.25,WPP_715_Laut_Maluku,21.87,9,GFW_MOCK
2023-01-01,-0.75,125.75,WPP_715_Laut_Maluku,7.3,5,GFW_MOCK
2023-01-01,-0.75,126.25,WPP_715_Laut_Maluku,3.73,10,GFW_MOCK
2023-01-01,-0.75,126.75,WPP_715_Laut_Maluku,20.57,10,GFW_MOCK
2023-01-01,-0.75,127.25,WPP_715_Laut_Maluku,7.67,7,GFW_MOCK
2023-01-01,-0.75,127.75,WPP_715_Laut_Maluku,69.77,10,GFW_MOCK
2023-01-01,-0.75,128.25,WPP_715_Laut_Maluku,11.43,9,GFW_MOCK
2023-01-01,-0.75,128.75,WPP_715_Laut_Maluku,32.56,6,GFW_MOCK
2023-01-01,-0.75,129.25,WPP_715_Laut_Maluku,8.33,8,GFW_MOCK
2023-01-01,-0.75,129.75,WPP_715_Laut_Maluku,114.23,4,GFW_MOCK
2023-01-01,-0.75,130.25,WPP_715_Laut_Maluku,5.05,11,GFW_MOCK
2023-01-01,-0.75,130.75,WPP_715_Laut_Maluku,36.58,7,GFW_MOCK
2023-01-01,-0.75,131.25,WPP_715_Laut_Maluku,17.84,6,GFW_MOCK
2023-01-01,-0.75,131.75,WPP_715_Laut_Maluku,15.98,4,GFW_MOCK
2023-01-01,-0.25,124.25,WPP_715_Laut_Maluku,76.33,10,GFW_MOCK
2023-01-01,-0.25,124.75,WPP_715_Laut_Maluku,8.68,11,GFW_MOCK
2023-01-01,-0.25,125.25,WPP_715_Laut_Maluku,2.16,11,GFW_MOCK
2023-01-01,-0.25,125.75,WPP_715_Laut_Maluku,8.6,13,GFW_MOCK
2023-01-01,-0.25,126.25,WPP_715_Laut_Maluku,13.24,7,GFW_MOCK
2023-01-01,-0.25,126.75,WPP_715_Laut_Maluku,6.99,10,GFW_MOCK
2023-01-01,-0.25,127.25,WPP_715_Laut_Maluku,6.57,11,GFW_MOCK
2023-01-01,-0.25,127.75,WPP_715_Laut_Maluku,24.81,9,GFW_MOCK
2023-01-01,-0.25,128.25,WPP_715_Laut_Maluku,16.99,7,GFW_MOCK
2023-01-01,-0.25,128.75,WPP_715_Laut_Maluku,6.11,5,GFW_MOCK
2023-01-01,-0.25,129.25,WPP_715_Laut_Maluku,83.5,9,GFW_MOCK
2023-01-01,-0.25,129.75,WPP_715_Laut_Maluku,16.57,2,GFW_MOCK
2023-01-01,-0.25,130.25,WPP_715_Laut_Maluku,52.19,9,GFW_MOCK
2023-01-01,-0.25,130.75,WPP_715_Laut_Maluku,47.83,9,GFW_MOCK
2023-01-01,-0.25,131.25,WPP_715_Laut_Maluku,2.52,5,GFW_MOCK
2023-01-01,-0.25,131.75,WPP_715_Laut_Maluku,49.52,5,GFW_MOCK
2023-01-01,0.25,124.25,WPP_715_Laut_Maluku,5.68,7,GFW_MOCK
2023-01-01,0.25,124.75,WPP_715_Laut_Maluku,10.82,7,GFW_MOCK
2023-01-01,0.25,125.25,WPP_715_Laut_Maluku,19.56,3,GFW_MOCK
2023-01-01,0.25,125.75,WPP_715_Laut_Maluku,2.25,7,GFW_MOCK
2023-01-01,0.25,126.25,WPP_715_Laut_Maluku,120.68,8,GFW_MOCK
2023-01-01,0.25,126.75,WPP_715_Laut_Maluku,13.99,7,GFW_MOCK
2023-01-01,0.25,127.25,WPP_715_Laut_Maluku,9.37,7,GFW_MOCK
2023-01-01,0.25,127.75,WPP_715_Laut_Maluku,4.17,6,GFW_MOCK
2023-01-01,0.25,128.25,WPP_715_Laut_Maluku,18.36,13,GFW_MOCK
2023-01-01,0.25,128.75,WPP_715_Laut_Maluku,40.92,5,GFW_MOCK
2023-01-01,0.25,129.25,WPP_715_Laut_Maluku,3.2,9,GFW_MOCK
2023-01-01,0.25,129.75,WPP_715_Laut_Maluku,5.46,10,GFW_MOCK
2023-01-01,0.25,130.25,WPP_715_Laut_Maluku,70.31,5,GFW_MOCK
2023-01-01,0.25,130.75,WPP_715_Laut_Maluku,10.52,7,GFW_MOCK
2023-01-01,0.25,131.25,WPP_715_Laut_Maluku,8.23,10,GFW_MOCK
2023-01-01,0.25,131.75,WPP_715_Laut_Maluku,3.78,6,GFW_MOCK
2023-01-01,0.75,124.25,WPP_715_Laut_Maluku,3.87,8,GFW_MOCK
2023-01-01,0.75,124.75,WPP_715_Laut_Maluku,11.72,7,GFW_MOCK
2023-01-01,0.75,125.25,WPP_715_Laut_Maluku,71.03,7,GFW_MOCK
2023-01-01,0.75,125.75,WPP_715_Laut_Maluku,41.15,6,GFW_MOCK
2023-01-01,0.75,126.25,WPP_715_Laut_Maluku,6.44,9,GFW_MOCK
2023-01-01,0.75,126.75,WPP_715_Laut_Maluku,29.96,7,GFW_MOCK
2023-01-01,0.75,127.25,WPP_715_Laut_Maluku,67.36,11,GFW_MOCK
2023-01-01,0.75,127.75,WPP_715_Laut_Maluku,14.01,7,GFW_MOCK
2023-01-01,0.75,128.25,WPP_715_Laut_Maluku,0.78,8,GFW_MOCK
2023-01-01,0.75,128.75,WPP_715_Laut_Maluku,4.56,4,GFW_MOCK
2023-01-01,0.75,129.25,WPP_715_Laut_Maluku,19.1,10,GFW_MOCK
2023-01-01,0.75,129.75,WPP_715_Laut_Maluku,8.83,10,GFW_MOCK
2023-01-01,0.75,130.25,WPP_715_Laut_Maluku,6.52,7,GFW_MOCK
2023-01-01,0.75,130.75,WPP_715_Laut_Maluku,2.12,5,GFW_MOCK
2023-01-01,0.75,131.25,WPP_715_Laut_Maluku,6.55,6,GFW_MOCK
2023-01-01,0.75,131.75,WPP_715_Laut_Maluku,1.6,10,GFW_MOCK
2023-01-01,1.25,124.25,WPP_715_Laut_Maluku,9.62,5,GFW_MOCK
2023-01-01,1.25,124.75,WPP_715_Laut_Maluku,17.62,7,GFW_MOCK
2023-01-01,1.25,125.25,WPP_715_Laut_Maluku,2.24,14,GFW_MOCK
2023-01-01,1.25,125.75,WPP_715_Laut_Maluku,31.86,5,GFW_MOCK
2023-01-01,1.25,126.25,WPP_715_Laut_Maluku,0.91,9,GFW_MOCK
2023-01-01,1.25,126.75,WPP_715_Laut_Maluku,323.29,9,GFW_MOCK
2023-01-01,1.25,127.25,WPP_715_Laut_Maluku,22.66,13,GFW_MOCK
2023-01-01,1.25,127.75,WPP_715_Laut_Maluku,1.34,8,GFW_MOCK
2023-01-01,1.25,128.25,WPP_715_Laut_Maluku,1.93,4,GFW_MOCK
2023-01-01,1.25,128.75,WPP_715_Laut_Maluku,8.21,12,GFW_MOCK
2023-01-01,1.25,129.25,WPP_715_Laut_Maluku,7.37,6,GFW_MOCK
2023-01-01,1.25,129.75,WPP_715_Laut_Maluku,1.01,10,GFW_MOCK
2023-01-01,1.25,130.25,WPP_715_Laut_Maluku,11.72,9,GFW_MOCK
2023-01-01,1.25,130.75,WPP_715_Laut_Maluku,10.67,8,GFW_MOCK
2023-01-01,1.25,131.25,WPP_715_Laut_Maluku,0.1,6,GFW_MOCK
2023-01-01,1.25,131.75,WPP_715_Laut_Maluku,21.79,10,GFW_MOCK
2023-01-01,1.75,124.25,WPP_715_Laut_Maluku,117.58,9,GFW_MOCK
2023-01-01,1.75,124.75,WPP_715_Laut_Maluku,5.73,15,GFW_MOCK
2023-01-01,1.75,125.25,WPP_715_Laut_Maluku,43.75,8,GFW_MOCK
2023-01-01,1.75,125.75,WPP_715_Laut_Maluku,11.8,11,GFW_MOCK
2023-01-01,1.75,126.25,WPP_715_Laut_Maluku,8.31,9,GFW_MOCK
2023-01-01,1.75,126.75,WPP_715_Laut_Maluku,25.53,8,GFW_MOCK
2023-01-01,1.75,127.25,WPP_715_Laut_Maluku,1.64,10,GFW_MOCK
2023-01-01,1.75,127.75,WPP_715_Laut_Maluku,32.26,9,GFW_MOCK
2023-01-01,1.75,128.25,WPP_715_Laut_Maluku,12.17,10,GFW_MOCK
2023-01-01,1.75,128.75,WPP_715_Laut_Maluku,4.52,6,GFW_MOCK
2023-01-01,1.75,129.25,WPP_715_Laut_Maluku,9.14,5,GFW_MOCK
2023-01-01,1.75,129.75,WPP_715_Laut_Maluku,19.49,6,GFW_MOCK
2023-01-01,1.75,130.25,WPP_715_Laut_Maluku,29.8,6,GFW_MOCK
2023-01-01,1.75,130.75,WPP_715_Laut_Maluku,8.83,8,GFW_MOCK
2023-01-01,1.75,131.25,WPP_715_Laut_Maluku,47.95,8,GFW_MOCK
2023-01-01,1.75,131.75,WPP_715_Laut_Maluku,2.11,7,GFW_MOCK
2023-01-01,2.25,124.25,WPP_715_Laut_Maluku,14.86,10,GFW_MOCK
2023-01-01,2.25,124.75,WPP_715_Laut_Maluku,53.6,4,GFW_MOCK
2023-01-01,2.25,125.25,WPP_715_Laut_Maluku,14.7,1,GFW_MOCK
2023-01-01,2.25,125.75,WPP_715_Laut_Maluku,47.11,10,GFW_MOCK
2023-01-01,2.25,126.25,WPP_715_Laut_Maluku,7.35,7,GFW_MOCK
2023-01-01,2.25,126.75,WPP_715_Laut_Maluku,9.95,8,GFW_MOCK
2023-01-01,2.25,127.25,WPP_715_Laut_Maluku,14.4,8,GFW_MOCK
2023-01-01,2.25,127.75,WPP_715_Laut_Maluku,54.24,6,GFW_MOCK
2023-01-01,2.25,128.25,WPP_715_Laut_Maluku,13.33,13,GFW_MOCK
2023-01-01,2.25,128.75,WPP_715_Laut_Maluku,8.8,9,GFW_MOCK
2023-01-01,2.25,129.25,WPP_715_Laut_Maluku,1.69,12,GFW_MOCK
2023-01-01,2.25,129.75,WPP_715_Laut_Maluku,4.77,4,GFW_MOCK
2023-01-01,2.25,130.25,WPP_715_Laut_Maluku,9.97,9,GFW_MOCK
2023-01-01,2.25,130.75,WPP_715_Laut_Maluku,21.93,6,GFW_MOCK
2023-01-01,2.25,131.25,WPP_715_Laut_Maluku,6.94,9,GFW_MOCK
2023-01-01,2.25,131.75,WPP_715_Laut_Maluku,13.4,8,GFW_MOCK
2023-01-01,2.75,124.25,WPP_715_Laut_Maluku,15.21,5,GFW_MOCK
2023-01-01,2.75,124.75,WPP_715_Laut_Maluku,36.62,8,GFW_MOCK
2023-01-01,2.75,125.25,WPP_715_Laut_Maluku,40.6,10,GFW_MOCK
2023-01-01,2.75,125.75,WPP_715_Laut_Maluku,4.17,2,GFW_MOCK
2023-01-01,2.75,126.25,WPP_715_Laut_Maluku,114.16,3,GFW_MOCK
2023-01-01,2.75,126.75,WPP_715_Laut_Maluku,0.89,6,GFW_MOCK
2023-01-01,2.75,127.25,WPP_715_Laut_Maluku,47.4,8,GFW_MOCK
2023-01-01,2.75,127.75,WPP_715_Laut_Maluku,126.72,12,GFW_MOCK
2023-01-01,2.75,128.25,WPP_715_Laut_Maluku,10.79,9,GFW_MOCK
2023-01-01,2.75,128.75,WPP_715_Laut_Maluku,9.57,16,GFW_MOCK
2023-01-01,2.75,129.25,WPP_715_Laut_Maluku,94.62,6,GFW_MOCK
2023-01-01,2.75,129.75,WPP_715_Laut_Maluku,7.52,6,GFW_MOCK
2023-01-01,2.75,130.25,WPP_715_Laut_Maluku,21.84,9,GFW_MOCK
2023-01-01,2.75,130.75,WPP_715_Laut_Maluku,299.49,8,GFW_MOCK
2023-01-01,2.75,131.25,WPP_715_Laut_Maluku,18.61,8,GFW_MOCK
2023-01-01,2.75,131.75,WPP_715_Laut_Maluku,14.02,6,GFW_MOCK
2023-01-01,3.25,124.25,WPP_715_Laut_Maluku,214.84,10,GFW_MOCK
2023-01-01,3.25,124.75,WPP_715_Laut_Maluku,6.54,12,GFW_MOCK
2023-01-01,3.25,125.25,WPP_715_Laut_Maluku,21.27,4,GFW_MOCK
2023-01-01,3.25,125.75,WPP_715_Laut_Maluku,81.37,8,GFW_MOCK
2023-01-01,3.25,126.25,WPP_715_Laut_Maluku,3.21,11,GFW_MOCK
2023-01-01,3.25,126.75,WPP_715_Laut_Maluku,31.52,5,GFW_MOCK
2023-01-01,3.25,127.25,WPP_715_Laut_Maluku,16.89,11,GFW_MOCK
2023-01-01,3.25,127.75,WPP_715_Laut_Maluku,28.71,7,GFW_MOCK
2023-01-01,3.25,128.25,WPP_715_Laut_Maluku,4.26,12,GFW_MOCK
2023-01-01,3.25,128.75,WPP_715_Laut_Maluku,11.65,9,GFW_MOCK
2023-01-01,3.25,129.25,WPP_715_Laut_Maluku,0.89,7,GFW_MOCK
2023-01-01,3.25,129.75,WPP_715_Laut_Maluku,19.36,12,GFW_MOCK
2023-01-01,3.25,130.25,WPP_715_Laut_Maluku,2.98,9,GFW_MOCK
2023-01-01,3.25,130.75,WPP_715_Laut_Maluku,1.64,10,GFW_MOCK
2023-01-01,3.25,131.25,WPP_715_Laut_Maluku,8.4,8,GFW_MOCK
2023-01-01,3.25,131.75,WPP_715_Laut_Maluku,46.04,11,GFW_MOCK
2023-01-01,3.75,124.25,WPP_715_Laut_Maluku,1.54,8,GFW_MOCK
2023-01-01,3.75,124.75,WPP_715_Laut_Maluku,29.47,12,GFW_MOCK
2023-01-01,3.75,125.25,WPP_715_Laut_Maluku,8.62,6,GFW_MOCK
2023-01-01,3.75,125.75,WPP_715_Laut_Maluku,29.77,5,GFW_MOCK
2023-01-01,3.75,126.25,WPP_715_Laut_Maluku,11.46,6,GFW_MOCK
2023-01-01,3.75,126.75,WPP_715_Laut_Maluku,3.8,6,GFW_MOCK
2023-01-01,3.75,127.25,WPP_715_Laut_Maluku,0.38,11,GFW_MOCK
2023-01-01,3.75,127.75,WPP_715_Laut_Maluku,1.56,15,GFW_MOCK
2023-01-01,3.75,128.25,WPP_715_Laut_Maluku,12.97,6,GFW_MOCK
2023-01-01,3.75,128.75,WPP_715_Laut_Maluku,7.17,6,GFW_MOCK
2023-01-01,3.75,129.25,WPP_715_Laut_Maluku,7.17,6,GFW_MOCK
2023-01-01,3.75,129.75,WPP_715_Laut_Maluku,48.98,10,GFW_MOCK
2023-01-01,3.75,130.25,WPP_715_Laut_Maluku,6.51,5,GFW_MOCK
2023-01-01,3.75,130.75,WPP_715_Laut_Maluku,7.07,8,GFW_MOCK
2023-01-01,3.75,131.25,WPP_715_Laut_Maluku,4.5,9,GFW_MOCK
2023-01-01,3.75,131.75,WPP_715_Laut_Maluku,31.35,15,GFW_MOCK
2023-02-01,-3.75,124.25,WPP_715_Laut_Maluku,12.22,4,GFW_MOCK
2023-02-01,-3.75,124.75,WPP_715_Laut_Maluku,8.66,9,GFW_MOCK
2023-02-01,-3.75,125.25,WPP_715_Laut_Maluku,47.91,3,GFW_MOCK
2023-02-01,-3.75,125.75,WPP_715_Laut_Maluku,11.13,4,GFW_MOCK
2023-02-01,-3.75,126.25,WPP_715_Laut_Maluku,24.74,3,GFW_MOCK
2023-02-01,-3.75,126.75,WPP_715_Laut_Maluku,5.44,5,GFW_MOCK
2023-02-01,-3.75,127.25,WPP_715_Laut_Maluku,52.1,7,GFW_MOCK
2023-02-01,-3.75,127.75,WPP_715_Laut_Maluku,5.88,9,GFW_MOCK
2023-02-01,-3.75,128.25,WPP_715_Laut_Maluku,74.2,8,GFW_MOCK
2023-02-01,-3.75,128.75,WPP_715_Laut_Maluku,15.69,12,GFW_MOCK
2023-02-01,-3.75,129.25,WPP_715_Laut_Maluku,5.34,4,GFW_MOCK
2023-02-01,-3.75,129.75,WPP_715_Laut_Maluku,30.67,11,GFW_MOCK
2023-02-01,-3.75,130.25,WPP_715_Laut_Maluku,15.07,11,GFW_MOCK
2023-02-01,-3.75,130.75,WPP_715_Laut_Maluku,3.16,10,GFW_MOCK
2023-02-01,-3.75,131.25,WPP_715_Laut_Maluku,10.99,11,GFW_MOCK
2023-02-01,-3.75,131.75,WPP_715_Laut_Maluku,18.9,9,GFW_MOCK
2023-02-01,-3.25,124.25,WPP_715_Laut_Maluku,1.32,10,GFW_MOCK
2023-02-01,-3.25,124.75,WPP_715_Laut_Maluku,2.79,4,GFW_MOCK
2023-02-01,-3.25,125.25,WPP_715_Laut_Maluku,5.44,15,GFW_MOCK
2023-02-01,-3.25,125.75,WPP_715_Laut_Maluku,61.57,9,GFW_MOCK
2023-02-01,-3.25,126.25,WPP_715_Laut_Maluku,33.69,9,GFW_MOCK
2023-02-01,-3.25,126.75,WPP_715_Laut_Maluku,12.87,16,GFW_MOCK
2023-02-01,-3.25,127.25,WPP_715_Laut_Maluku,0.47,8,GFW_MOCK
2023-02-01,-3.25,127.75,WPP_715_Laut_Maluku,10.74,10,GFW_MOCK
2023-02-01,-3.25,128.25,WPP_715_Laut_Maluku,16.14,7,GFW_MOCK
2023-02-01,-3.25,128.75,WPP_715_Laut_Maluku,2.82,8,GFW_MOCK
2023-02-01,-3.25,129.25,WPP_715_Laut_Maluku,22.43,9,GFW_MOCK
2023-02-01,-3.25,129.75,WPP_715_Laut_Maluku,12.59,12,GFW_MOCK
2023-02-01,-3.25,130.25,WPP_715_Laut_Maluku,28.69,10,GFW_MOCK
2023-02-01,-3.25,130.75,WPP_715_Laut_Maluku,106.96,6,GFW_MOCK
2023-02-01,-3.25,131.25,WPP_715_Laut_Maluku,10.12,8,GFW_MOCK
2023-02-01,-3.25,131.75,WPP_715_Laut_Maluku,19.12,11,GFW_MOCK
2023-02-01,-2.75,124.25,WPP_715_Laut_Maluku,12.68,12,GFW_MOCK
2023-02-01,-2.75,124.75,WPP_715_Laut_Maluku,5.22,6,GFW_MOCK
2023-02-01,-2.75,125.25,WPP_715_Laut_Maluku,71.88,4,GFW_MOCK
2023-02-01,-2.75,125.75,WPP_715_Laut_Maluku,38.8,14,GFW_MOCK
2023-02-01,-2.75,126.25,WPP_715_Laut_Maluku,10.43,11,GFW_MOCK
2023-02-01,-2.75,126.75,WPP_715_Laut_Maluku,21.1,10,GFW_MOCK
2023-02-01,-2.75,127.25,WPP_715_Laut_Maluku,73.82,8,GFW_MOCK
2023-02-01,-2.75,127.75,WPP_715_Laut_Maluku,6.57,8,GFW_MOCK
2023-02-01,-2.75,128.25,WPP_715_Laut_Maluku,4.45,9,GFW_MOCK
2023-02-01,-2.75,128.75,WPP_715_Laut_Maluku,13.08,7,GFW_MOCK
2023-02-01,-2.75,129.25,WPP_715_Laut_Maluku,8.39,4,GFW_MOCK
2023-02-01,-2.75,129.75,WPP_715_Laut_Maluku,19.08,8,GFW_MOCK
2023-02-01,-2.75,130.25,WPP_715_Laut_Maluku,3.94,7,GFW_MOCK
2023-02-01,-2.75,130.75,WPP_715_Laut_Maluku,31.58,7,GFW_MOCK
2023-02-01,-2.75,131.25,WPP_715_Laut_Maluku,21.43,9,GFW_MOCK
2023-02-01,-2.75,131.75,WPP_715_Laut_Maluku,9.61,8,GFW_MOCK
2023-02-01,-2.25,124.25,WPP_715_Laut_Maluku,18.31,7,GFW_MOCK
2023-02-01,-2.25,124.75,WPP_715_Laut_Maluku,42.01,8,GFW_MOCK
2023-02-01,-2.25,125.25,WPP_715_Laut_Maluku,112.81,4,GFW_MOCK
2023-02-01,-2.25,125.75,WPP_715_Laut_Maluku,158.75,7,GFW_MOCK
2023-02-01,-2.25,126.25,WPP_715_Laut_Maluku,31.78,4,GFW_MOCK
2023-02-01,-2.25,126.75,WPP_715_Laut_Maluku,4.65,9,GFW_MOCK
2023-02-01,-2.25,127.25,WPP_715_Laut_Maluku,5.35,11,GFW_MOCK
2023-02-01,-2.25,127.75,WPP_715_Laut_Maluku,9.36,11,GFW_MOCK
2023-02-01,-2.25,128.25,WPP_715_Laut_Maluku,56.62,8,GFW_MOCK
2023-02-01,-2.25,128.75,WPP_715_Laut_Maluku,13.4,8,GFW_MOCK
2023-02-01,-2.25,129.25,WPP_715_Laut_Maluku,3.61,6,GFW_MOCK
2023-02-01,-2.25,129.75,WPP_715_Laut_Maluku,2.75,10,GFW_MOCK
2023-02-01,-2.25,130.25,WPP_715_Laut_Maluku,15.35,5,GFW_MOCK
2023-02-01,-2.25,130.75,WPP_715_Laut_Maluku,14.5,8,GFW_MOCK
2023-02-01,-2.25,131.25,WPP_715_Laut_Maluku,7.43,12,GFW_MOCK
2023-02-01,-2.25,131.75,WPP_715_Laut_Maluku,21.83,7,GFW_MOCK
2023-02-01,-1.75,124.25,WPP_715_Laut_Maluku,12.48,7,GFW_MOCK
2023-02-01,-1.75,124.75,WPP_715_Laut_Maluku,73.97,2,GFW_MOCK
2023-02-01,-1.75,125.25,WPP_715_Laut_Maluku,45.07,6,GFW_MOCK
2023-02-01,-1.75,125.75,WPP_715_Laut_Maluku,2.52,6,GFW_MOCK
2023-02-01,-1.75,126.25,WPP_715_Laut_Maluku,12.0,7,GFW_MOCK
2023-02-01,-1.75,126.75,WPP_715_Laut_Maluku,15.82,9,GFW_MOCK
2023-02-01,-1.75,127.25,WPP_715_Laut_Maluku,8.34,10,GFW_MOCK
2023-02-01,-1.75,127.75,WPP_715_Laut_Maluku,47.59,10,GFW_MOCK
2023-02-01,-1.75,128.25,WPP_715_Laut_Maluku,7.03,8,GFW_MOCK
2023-02-01,-1.75,128.75,WPP_715_Laut_Maluku,8.09,9,GFW_MOCK
2023-02-01,-1.75,129.25,WPP_715_Laut_Maluku,1.37,3,GFW_MOCK
2023-02-01,-1.75,129.75,WPP_715_Laut_Maluku,8.73,7,GFW_MOCK
2023-02-01,-1.75,130.25,WPP_715_Laut_Maluku,181.06,7,GFW_MOCK
2023-02-01,-1.75,130.75,WPP_715_Laut_Maluku,1.88,8,GFW_MOCK
2023-02-01,-1.75,131.25,WPP_715_Laut_Maluku,15.03,6,GFW_MOCK
2023-02-01,-1.75,131.75,WPP_715_Laut_Maluku,2.09,3,GFW_MOCK
2023-02-01,-1.25,124.25,WPP_715_Laut_Maluku,13.28,8,GFW_MOCK
2023-02-01,-1.25,124.75,WPP_715_Laut_Maluku,55.87,10,GFW_MOCK
2023-02-01,-1.25,125.25,WPP_715_Laut_Maluku,0.94,9,GFW_MOCK
2023-02-01,-1.25,125.75,WPP_715_Laut_Maluku,37.2,9,GFW_MOCK
2023-02-01,-1.25,126.25,WPP_715_Laut_Maluku,28.47,8,GFW_MOCK
2023-02-01,-1.25,126.75,WPP_715_Laut_Maluku,9.72,15,GFW_MOCK
2023-02-01,-1.25,127.25,WPP_715_Laut_Maluku,16.26,6,GFW_MOCK
2023-02-01,-1.25,127.75,WPP_715_Laut_Maluku,4.93,4,GFW_MOCK
2023-02-01,-1.25,128.25,WPP_715_Laut_Maluku,24.39,9,GFW_MOCK
2023-02-01,-1.25,128.75,WPP_715_Laut_Maluku,4.28,5,GFW_MOCK
2023-02-01,-1.25,129.25,WPP_715_Laut_Maluku,46.59,9,GFW_MOCK
2023-02-01,-1.25,129.75,WPP_715_Laut_Maluku,40.38,6,GFW_MOCK
2023-02-01,-1.25,130.25,WPP_715_Laut_Maluku,18.5,6,GFW_MOCK
2023-02-01,-1.25,130.75,WPP_715_Laut_Maluku,4.12,14,GFW_MOCK
2023-02-01,-1.25,131.25,WPP_715_Laut_Maluku,34.96,6,GFW_MOCK
2023-02-01,-1.25,131.75,WPP_715_Laut_Maluku,12.1,10,GFW_MOCK
2023-02-01,-0.75,124.25,WPP_715_Laut_Maluku,154.35,6,GFW_MOCK
2023-02-01,-0.75,124.75,WPP_715_Laut_Maluku,2.62,7,GFW_MOCK
2023-02-01,-0.75,125.25,WPP_715_Laut_Maluku,5.19,11,GFW_MOCK
2023-02-01,-0.75,125.75,WPP_715_Laut_Maluku,19.9,12,GFW_MOCK
2023-02-01,-0.75,126.25,WPP_715_Laut_Maluku,10.59,10,GFW_MOCK
2023-02-01,-0.75,126.75,WPP_715_Laut_Maluku,3.57,10,GFW_MOCK
2023-02-01,-0.75,127.25,WPP_715_Laut_Maluku,19.61,7,GFW_MOCK
2023-02-01,-0.75,127.75,WPP_715_Laut_Maluku,3.66,5,GFW_MOCK
2023-02-01,-0.75,128.25,WPP_715_Laut_Maluku,46.55,11,GFW_MOCK
2023-02-01,-0.75,128.75,WPP_715_Laut_Maluku,19.6,9,GFW_MOCK
2023-02-01,-0.75,129.25,WPP_715_Laut_Maluku,1.57,6,GFW_MOCK
2023-02-01,-0.75,129.75,WPP_715_Laut_Maluku,40.13,9,GFW_MOCK
2023-02-01,-0.75,130.25,WPP_715_Laut_Maluku,24.15,8,GFW_MOCK
2023-02-01,-0.75,130.75,WPP_715_Laut_Maluku,23.44,6,GFW_MOCK
2023-02-01,-0.75,131.25,WPP_715_Laut_Maluku,14.91,12,GFW_MOCK
2023-02-01,-0.75,131.75,WPP_715_Laut_Maluku,3.79,8,GFW_MOCK
2023-02-01,-0.25,124.25,WPP_715_Laut_Maluku,8.11,8,GFW_MOCK
2023-02-01,-0.25,124.75,WPP_715_Laut_Maluku,7.9,6,GFW_MOCK
2023-02-01,-0.25,125.25,WPP_715_Laut_Maluku,50.38,7,GFW_MOCK
2023-02-01,-0.25,125.75,WPP_715_Laut_Maluku,137.36,7,GFW_MOCK
2023-02-01,-0.25,126.25,WPP_715_Laut_Maluku,9.32,10,GFW_MOCK
2023-02-01,-0.25,126.75,WPP_715_Laut_Maluku,35.42,9,GFW_MOCK
2023-02-01,-0.25,127.25,WPP_715_Laut_Maluku,5.7,8,GFW_MOCK
2023-02-01,-0.25,127.75,WPP_715_Laut_Maluku,9.01,12,GFW_MOCK
2023-02-01,-0.25,128.25,WPP_715_Laut_Maluku,19.4,10,GFW_MOCK
2023-02-01,-0.25,128.75,WPP_715_Laut_Maluku,70.86,9,GFW_MOCK
2023-02-01,-0.25,129.25,WPP_715_Laut_Maluku,6.28,8,GFW_MOCK
2023-02-01,-0.25,129.75,WPP_715_Laut_Maluku,1.84,9,GFW_MOCK
2023-02-01,-0.25,130.25,WPP_715_Laut_Maluku,2.32,6,GFW_MOCK
2023-02-01,-0.25,130.75,WPP_715_Laut_Maluku,7.24,8,GFW_MOCK
2023-02-01,-0.25,131.25,WPP_715_Laut_Maluku,7.35,5,GFW_MOCK
2023-02-01,-0.25,131.75,WPP_715_Laut_Maluku,15.72,7,GFW_MOCK
2023-02-01,0.25,124.25,WPP_715_Laut_Maluku,10.7,10,GFW_MOCK
2023-02-01,0.25,124.75,WPP_715_Laut_Maluku,3.65,8,GFW_MOCK
2023-02-01,0.25,125.25,WPP_715_Laut_Maluku,0.83,8,GFW_MOCK
2023-02-01,0.25,125.75,WPP_715_Laut_Maluku,11.94,9,GFW_MOCK
2023-02-01,0.25,126.25,WPP_715_Laut_Maluku,77.84,8,GFW_MOCK
2023-02-01,0.25,126.75,WPP_715_Laut_Maluku,1.94,11,GFW_MOCK
2023-02-01,0.25,127.25,WPP_715_Laut_Maluku,29.93,8,GFW_MOCK
2023-02-01,0.25,127.75,WPP_715_Laut_Maluku,1.93,8,GFW_MOCK
2023-02-01,0.25,128.25,WPP_715_Laut_Maluku,11.19,12,GFW_MOCK
2023-02-01,0.25,128.75,WPP_715_Laut_Maluku,5.24,12,GFW_MOCK
2023-02-01,0.25,129.25,WPP_715_Laut_Maluku,18.89,5,GFW_MOCK
2023-02-01,0.25,129.75,WPP_715_Laut_Maluku,15.35,5,GFW_MOCK
2023-02-01,0.25,130.25,WPP_715_Laut_Maluku,36.47,10,GFW_MOCK
2023-02-01,0.25,130.75,WPP_715_Laut_Maluku,3.88,3,GFW_MOCK
2023-02-01,0.25,131.25,WPP_715_Laut_Maluku,3.08,14,GFW_MOCK
2023-02-01,0.25,131.75,WPP_715_Laut_Maluku,2.64,13,GFW_MOCK
2023-02-01,0.75,124.25,WPP_715_Laut_Maluku,17.71,7,GFW_MOCK
2023-02-01,0.75,124.75,WPP_715_Laut_Maluku,25.11,3,GFW_MOCK
2023-02-01,0.75,125.25,WPP_715_Laut_Maluku,20.57,6,GFW_MOCK
2023-02-01,0.75,125.75,WPP_715_Laut_Maluku,0.9,15,GFW_MOCK
2023-02-01,0.75,126.25,WPP_715_Laut_Maluku,134.91,14,GFW_MOCK
2023-02-01,0.75,126.75,WPP_715_Laut_Maluku,17.23,8,GFW_MOCK
2023-02-01,0.75,127.25,WPP_715_Laut_Maluku,52.07,8,GFW_MOCK
2023-02-01,0.75,127.75,WPP_715_Laut_Maluku,24.42,11,GFW_MOCK
2023-02-01,0.75,128.25,WPP_715_Laut_Maluku,500.0,7,GFW_MOCK
2023-02-01,0.75,128.75,WPP_715_Laut_Maluku,265.04,9,GFW_MOCK
2023-02-01,0.75,129.25,WPP_715_Laut_Maluku,24.03,15,GFW_MOCK
2023-02-01,0.75,129.75,WPP_715_Laut_Maluku,15.19,6,GFW_MOCK
2023-02-01,0.75,130.25,WPP_715_Laut_Maluku,20.71,5,GFW_MOCK
2023-02-01,0.75,130.75,WPP_715_Laut_Maluku,92.58,5,GFW_MOCK
2023-02-01,0.75,131.25,WPP_715_Laut_Maluku,19.22,6,GFW_MOCK
2023-02-01,0.75,131.75,WPP_715_Laut_Maluku,21.88,8,GFW_MOCK
2023-02-01,1.25,124.25,WPP_715_Laut_Maluku,29.99,7,GFW_MOCK
2023-02-01,1.25,124.75,WPP_715_Laut_Maluku,15.19,11,GFW_MOCK
2023-02-01,1.25,125.25,WPP_715_Laut_Maluku,3.49,13,GFW_MOCK
2023-02-01,1.25,125.75,WPP_715_Laut_Maluku,7.6,9,GFW_MOCK
2023-02-01,1.25,126.25,WPP_715_Laut_Maluku,14.3,3,GFW_MOCK
2023-02-01,1.25,126.75,WPP_715_Laut_Maluku,1.11,8,GFW_MOCK
2023-02-01,1.25,127.25,WPP_715_Laut_Maluku,3.33,7,GFW_MOCK
2023-02-01,1.25,127.75,WPP_715_Laut_Maluku,17.69,7,GFW_MOCK
2023-02-01,1.25,128.25,WPP_715_Laut_Maluku,2.55,9,GFW_MOCK
2023-02-01,1.25,128.75,WPP_715_Laut_Maluku,0.89,17,GFW_MOCK
2023-02-01,1.25,129.25,WPP_715_Laut_Maluku,9.94,8,GFW_MOCK
2023-02-01,1.25,129.75,WPP_715_Laut_Maluku,2.55,13,GFW_MOCK
2023-02-01,1.25,130.25,WPP_715_Laut_Maluku,2.98,5,GFW_MOCK
2023-02-01,1.25,130.75,WPP_715_Laut_Maluku,2.82,11,GFW_MOCK
2023-02-01,1.25,131.25,WPP_715_Laut_Maluku,125.27,3,GFW_MOCK
2023-02-01,1.25,131.75,WPP_715_Laut_Maluku,1.55,10,GFW_MOCK
2023-02-01,1.75,124.25,WPP_715_Laut_Maluku,4.68,5,GFW_MOCK
2023-02-01,1.75,124.75,WPP_715_Laut_Maluku,14.61,3,GFW_MOCK
2023-02-01,1.75,125.25,WPP_715_Laut_Maluku,72.25,6,GFW_MOCK
2023-02-01,1.75,125.75,WPP_715_Laut_Maluku,36.38,9,GFW_MOCK
2023-02-01,1.75,126.25,WPP_715_Laut_Maluku,124.22,9,GFW_MOCK
2023-02-01,1.75,126.75,WPP_715_Laut_Maluku,3.59,6,GFW_MOCK
2023-02-01,1.75,127.25,WPP_715_Laut_Maluku,25.81,9,GFW_MOCK
2023-02-01,1.75,127.75,WPP_715_Laut_Maluku,6.0,9,GFW_MOCK
2023-02-01,1.75,128.25,WPP_715_Laut_Maluku,5.12,9,GFW_MOCK
2023-02-01,1.75,128.75,WPP_715_Laut_Maluku,9.55,7,GFW_MOCK
2023-02-01,1.75,129.25,WPP_715_Laut_Maluku,11.33,8,GFW_MOCK
2023-02-01,1.75,129.75,WPP_715_Laut_Maluku,44.87,3,GFW_MOCK
2023-02-01,1.75,130.25,WPP_715_Laut_Maluku,4.26,12,GFW_MOCK
2023-02-01,1.75,130.75,WPP_715_Laut_Maluku,1.93,9,GFW_MOCK
2023-02-01,1.75,131.25,WPP_715_Laut_Maluku,4.85,11,GFW_MOCK
2023-02-01,1.75,131.75,WPP_715_Laut_Maluku,11.19,5,GFW_MOCK
2023-02-01,2.25,124.25,WPP_715_Laut_Maluku,14.79,7,GFW_MOCK
2023-02-01,2.25,124.75,WPP_715_Laut_Maluku,2.27,10,GFW_MOCK
2023-02-01,2.25,125.25,WPP_715_Laut_Maluku,7.18,7,GFW_MOCK
2023-02-01,2.25,125.75,WPP_715_Laut_Maluku,18.13,4,GFW_MOCK
2023-02-01,2.25,126.25,WPP_715_Laut_Maluku,5.65,10,GFW_MOCK
2023-02-01,2.25,126.75,WPP_715_Laut_Maluku,15.63,6,GFW_MOCK
2023-02-01,2.25,127.25,WPP_715_Laut_Maluku,145.5,8,GFW_MOCK
2023-02-01,2.25,127.75,WPP_715_Laut_Maluku,15.49,8,GFW_MOCK
2023-02-01,2.25,128.25,WPP_715_Laut_Maluku,5.28,7,GFW_MOCK
2023-02-01,2.25,128.75,WPP_715_Laut_Maluku,6.76,7,GFW_MOCK
2023-02-01,2.25,129.25,WPP_715_Laut_Maluku,4.61,9,GFW_MOCK
2023-02-01,2.25,129.75,WPP_715_Laut_Maluku,7.47,7,GFW_MOCK
2023-02-01,2.25,130.25,WPP_715_Laut_Maluku,0.82,3,GFW_MOCK
2023-02-01,2.25,130.75,WPP_715_Laut_Maluku,6.08,10,GFW_MOCK
2023-02-01,2.25,131.25,WPP_715_Laut_Maluku,15.56,10,GFW_MOCK
2023-02-01,2.25,131.75,WPP_715_Laut_Maluku,15.71,10,GFW_MOCK
2023-02-01,2.75,124.25,WPP_715_Laut_Maluku,12.52,11,GFW_MOCK
2023-02-01,2.75,124.75,WPP_715_Laut_Maluku,7.95,8,GFW_MOCK
2023-02-01,2.75,125.25,WPP_715_Laut_Maluku,2.13,4,GFW_MOCK
2023-02-01,2.75,125.75,WPP_715_Laut_Maluku,11.39,10,GFW_MOCK
2023-02-01,2.75,126.25,WPP_715_Laut_Maluku,26.65,4,GFW_MOCK
2023-02-01,2.75,126.75,WPP_715_Laut_Maluku,25.48,5,GFW_MOCK
2023-02-01,2.75,127.25,WPP_715_Laut_Maluku,1.85,6,GFW_MOCK
2023-02-01,2.75,127.75,WPP_715_Laut_Maluku,37.03,2,GFW_MOCK
2023-02-01,2.75,128.25,WPP_715_Laut_Maluku,5.92,6,GFW_MOCK
2023-02-01,2.75,128.75,WPP_715_Laut_Maluku,11.18,6,GFW_MOCK
2023-02-01,2.75,129.25,WPP_715_Laut_Maluku,18.59,12,GFW_MOCK
2023-02-01,2.75,129.75,WPP_715_Laut_Maluku,11.04,4,GFW_MOCK
2023-02-01,2.75,130.25,WPP_715_Laut_Maluku,5.21,5,GFW_MOCK
2023-02-01,2.75,130.75,WPP_715_Laut_Maluku,4.59,8,GFW_MOCK
2023-02-01,2.75,131.25,WPP_715_Laut_Maluku,68.22,10,GFW_MOCK
2023-02-01,2.75,131.75,WPP_715_Laut_Maluku,3.48,10,GFW_MOCK
2023-02-01,3.25,124.25,WPP_715_Laut_Maluku,7.44,5,GFW_MOCK
2023-02-01,3.25,124.75,WPP_715_Laut_Maluku,23.47,6,GFW_MOCK
2023-02-01,3.25,125.25,WPP_715_Laut_Maluku,8.5,7,GFW_MOCK
2023-02-01,3.25,125.75,WPP_715_Laut_Maluku,57.94,6,GFW_MOCK
2023-02-01,3.25,126.25,WPP_715_Laut_Maluku,58.19,6,GFW_MOCK
2023-02-01,3.25,126.75,WPP_715_Laut_Maluku,1.92,15,GFW_MOCK
2023-02-01,3.25,127.25,WPP_715_Laut_Maluku,43.96,10,GFW_MOCK
2023-02-01,3.25,127.75,WPP_715_Laut_Maluku,26.3,12,GFW_MOCK
2023-02-01,3.25,128.25,WPP_715_Laut_Maluku,44.21,9,GFW_MOCK
2023-02-01,3.25,128.75,WPP_715_Laut_Maluku,12.47,10,GFW_MOCK
2023-02-01,3.25,129.25,WPP_715_Laut_Maluku,26.28,4,GFW_MOCK
2023-02-01,3.25,129.75,WPP_715_Laut_Maluku,5.94,10,GFW_MOCK
2023-02-01,3.25,130.25,WPP_715_Laut_Maluku,7.76,9,GFW_MOCK
2023-02-01,3.25,130.75,WPP_715_Laut_Maluku,3.24,6,GFW_MOCK
2023-02-01,3.25,131.25,WPP_715_Laut_Maluku,38.15,5,GFW_MOCK
2023-02-01,3.25,131.75,WPP_715_Laut_Maluku,3.51,10,GFW_MOCK
2023-02-01,3.75,124.25,WPP_715_Laut_Maluku,61.84,9,GFW_MOCK
2023-02-01,3.75,124.75,WPP_715_Laut_Maluku,4.86,5,GFW_MOCK
2023-02-01,3.75,125.25,WPP_715_Laut_Maluku,17.03,9,GFW_MOCK
2023-02-01,3.75,125.75,WPP_715_Laut_Maluku,1.18,10,GFW_MOCK
2023-01-01,0.25,118.25,WPP_716_Laut_Sulawesi,7.45,5,GFW_MOCK
2023-01-01,0.25,118.75,WPP_716_Laut_Sulawesi,2.1,13,GFW_MOCK
2023-01-01,0.25,119.25,WPP_716_Laut_Sulawesi,16.42,11,GFW_MOCK
2023-01-01,0.25,119.75,WPP_716_Laut_Sulawesi,7.15,8,GFW_MOCK
2023-01-01,0.25,120.25,WPP_716_Laut_Sulawesi,3.03,10,GFW_MOCK
2023-01-01,0.25,120.75,WPP_716_Laut_Sulawesi,2.96,9,GFW_MOCK
2023-01-01,0.25,121.25,WPP_716_Laut_Sulawesi,127.66,10,GFW_MOCK
2023-01-01,0.25,121.75,WPP_716_Laut_Sulawesi,23.01,9,GFW_MOCK
2023-01-01,0.25,122.25,WPP_716_Laut_Sulawesi,23.11,8,GFW_MOCK
2023-01-01,0.25,122.75,WPP_716_Laut_Sulawesi,75.48,8,GFW_MOCK
2023-01-01,0.25,123.25,WPP_716_Laut_Sulawesi,2.27,6,GFW_MOCK
2023-01-01,0.25,123.75,WPP_716_Laut_Sulawesi,18.57,7,GFW_MOCK
2023-01-01,0.25,124.25,WPP_716_Laut_Sulawesi,90.48,10,GFW_MOCK
2023-01-01,0.25,124.75,WPP_716_Laut_Sulawesi,2.72,10,GFW_MOCK
2023-01-01,0.25,125.25,WPP_716_Laut_Sulawesi,6.66,13,GFW_MOCK
2023-01-01,0.25,125.75,WPP_716_Laut_Sulawesi,11.71,5,GFW_MOCK
2023-01-01,0.25,126.25,WPP_716_Laut_Sulawesi,142.98,7,GFW_MOCK
2023-01-01,0.25,126.75,WPP_716_Laut_Sulawesi,19.99,11,GFW_MOCK
2023-01-01,0.25,127.25,WPP_716_Laut_Sulawesi,13.05,9,GFW_MOCK
2023-01-01,0.25,127.75,WPP_716_Laut_Sulawesi,13.53,6,GFW_MOCK
2023-01-01,0.75,118.25,WPP_716_Laut_Sulawesi,205.05,6,GFW_MOCK
2023-01-01,0.75,118.75,WPP_716_Laut_Sulawesi,3.99,8,GFW_MOCK
2023-01-01,0.75,119.25,WPP_716_Laut_Sulawesi,4.19,4,GFW_MOCK
2023-01-01,0.75,119.75,WPP_716_Laut_Sulawesi,81.18,11,GFW_MOCK
2023-01-01,0.75,120.25,WPP_716_Laut_Sulawesi,4.95,9,GFW_MOCK
2023-01-01,0.75,120.75,WPP_716_Laut_Sulawesi,6.53,5,GFW_MOCK
2023-01-01,0.75,121.25,WPP_716_Laut_Sulawesi,2.78,6,GFW_MOCK
2023-01-01,0.75,121.75,WPP_716_Laut_Sulawesi,5.99,8,GFW_MOCK
2023-01-01,0.75,122.25,WPP_716_Laut_Sulawesi,1.49,8,GFW_MOCK
2023-01-01,0.75,122.75,WPP_716_Laut_Sulawesi,15.32,4,GFW_MOCK
2023-01-01,0.75,123.25,WPP_716_Laut_Sulawesi,10.88,7,GFW_MOCK
2023-01-01,0.75,123.75,WPP_716_Laut_Sulawesi,14.39,10,GFW_MOCK
2023-01-01,0.75,124.25,WPP_716_Laut_Sulawesi,5.08,9,GFW_MOCK
2023-01-01,0.75,124.75,WPP_716_Laut_Sulawesi,14.7,11,GFW_MOCK
2023-01-01,0.75,125.25,WPP_716_Laut_Sulawesi,9.12,10,GFW_MOCK
2023-01-01,0.75,125.75,WPP_716_Laut_Sulawesi,7.39,9,GFW_MOCK
2023-01-01,0.75,126.25,WPP_716_Laut_Sulawesi,12.84,12,GFW_MOCK
2023-01-01,0.75,126.75,WPP_716_Laut_Sulawesi,1.12,10,GFW_MOCK
2023-01-01,0.75,127.25,WPP_716_Laut_Sulawesi,3.1,12,GFW_MOCK
2023-01-01,0.75,127.75,WPP_716_Laut_Sulawesi,3.06,7,GFW_MOCK
2023-01-01,1.25,118.25,WPP_716_Laut_Sulawesi,45.38,7,GFW_MOCK
2023-01-01,1.25,118.75,WPP_716_Laut_Sulawesi,4.05,6,GFW_MOCK
2023-01-01,1.25,119.25,WPP_716_Laut_Sulawesi,20.71,7,GFW_MOCK
2023-01-01,1.25,119.75,WPP_716_Laut_Sulawesi,32.73,8,GFW_MOCK
2023-01-01,1.25,120.25,WPP_716_Laut_Sulawesi,29.86,9,GFW_MOCK
2023-01-01,1.25,120.75,WPP_716_Laut_Sulawesi,29.7,5,GFW_MOCK
2023-01-01,1.25,121.25,WPP_716_Laut_Sulawesi,6.4,9,GFW_MOCK
2023-01-01,1.25,121.75,WPP_716_Laut_Sulawesi,30.63,4,GFW_MOCK
2023-01-01,1.25,122.25,WPP_716_Laut_Sulawesi,20.05,7,GFW_MOCK
2023-01-01,1.25,122.75,WPP_716_Laut_Sulawesi,5.6,9,GFW_MOCK
2023-01-01,1.25,123.25,WPP_716_Laut_Sulawesi,1.14,8,GFW_MOCK
2023-01-01,1.25,123.75,WPP_716_Laut_Sulawesi,13.31,9,GFW_MOCK
2023-01-01,1.25,124.25,WPP_716_Laut_Sulawesi,10.58,5,GFW_MOCK
2023-01-01,1.25,124.75,WPP_716_Laut_Sulawesi,47.1,16,GFW_MOCK
2023-01-01,1.25,125.25,WPP_716_Laut_Sulawesi,11.81,9,GFW_MOCK
2023-01-01,1.25,125.75,WPP_716_Laut_Sulawesi,92.18,6,GFW_MOCK
2023-01-01,1.25,126.25,WPP_716_Laut_Sulawesi,3.93,7,GFW_MOCK
2023-01-01,1.25,126.75,WPP_716_Laut_Sulawesi,44.8,4,GFW_MOCK
2023-01-01,1.25,127.25,WPP_716_Laut_Sulawesi,21.73,6,GFW_MOCK
2023-01-01,1.25,127.75,WPP_716_Laut_Sulawesi,40.31,11,GFW_MOCK
2023-01-01,1.75,118.25,WPP_716_Laut_Sulawesi,13.7,12,GFW_MOCK
2023-01-01,1.75,118.75,WPP_716_Laut_Sulawesi,4.98,3,GFW_MOCK
2023-01-01,1.75,119.25,WPP_716_Laut_Sulawesi,4.31,9,GFW_MOCK
2023-01-01,1.75,119.75,WPP_716_Laut_Sulawesi,7.26,3,GFW_MOCK
2023-01-01,1.75,120.25,WPP_716_Laut_Sulawesi,4.49,7,GFW_MOCK
2023-01-01,1.75,120.75,WPP_716_Laut_Sulawesi,18.21,9,GFW_MOCK
2023-01-01,1.75,121.25,WPP_716_Laut_Sulawesi,7.11,4,GFW_MOCK
2023-01-01,1.75,121.75,WPP_716_Laut_Sulawesi,17.32,6,GFW_MOCK
2023-01-01,1.75,122.25,WPP_716_Laut_Sulawesi,10.03,6,GFW_MOCK
2023-01-01,1.75,122.75,WPP_716_Laut_Sulawesi,4.58,5,GFW_MOCK
2023-01-01,1.75,123.25,WPP_716_Laut_Sulawesi,31.75,7,GFW_MOCK
2023-01-01,1.75,123.75,WPP_716_Laut_Sulawesi,1.16,5,GFW_MOCK
2023-01-01,1.75,124.25,WPP_716_Laut_Sulawesi,3.15,4,GFW_MOCK
2023-01-01,1.75,124.75,WPP_716_Laut_Sulawesi,4.11,4,GFW_MOCK
2023-01-01,1.75,125.25,WPP_716_Laut_Sulawesi,140.73,9,GFW_MOCK
2023-01-01,1.75,125.75,WPP_716_Laut_Sulawesi,14.51,6,GFW_MOCK
2023-01-01,1.75,126.25,WPP_716_Laut_Sulawesi,20.9,8,GFW_MOCK
2023-01-01,1.75,126.75,WPP_716_Laut_Sulawesi,25.01,7,GFW_MOCK
2023-01-01,1.75,127.25,WPP_716_Laut_Sulawesi,37.7,5,GFW_MOCK
2023-01-01,1.75,127.75,WPP_716_Laut_Sulawesi,32.34,5,GFW_MOCK
2023-01-01,2.25,118.25,WPP_716_Laut_Sulawesi,1.66,7,GFW_MOCK
2023-01-01,2.25,118.75,WPP_716_Laut_Sulawesi,11.43,12,GFW_MOCK
2023-01-01,2.25,119.25,WPP_716_Laut_Sulawesi,25.04,8,GFW_MOCK
2023-01-01,2.25,119.75,WPP_716_Laut_Sulawesi,11.74,10,GFW_MOCK
2023-01-01,2.25,120.25,WPP_716_Laut_Sulawesi,7.71,6,GFW_MOCK
2023-01-01,2.25,120.75,WPP_716_Laut_Sulawesi,3.99,7,GFW_MOCK
2023-01-01,2.25,121.25,WPP_716_Laut_Sulawesi,7.49,14,GFW_MOCK
2023-01-01,2.25,121.75,WPP_716_Laut_Sulawesi,13.73,9,GFW_MOCK
2023-01-01,2.25,122.25,WPP_716_Laut_Sulawesi,39.32,7,GFW_MOCK
2023-01-01,2.25,122.75,WPP_716_Laut_Sulawesi,142.52,4,GFW_MOCK
2023-01-01,2.25,123.25,WPP_716_Laut_Sulawesi,16.06,4,GFW_MOCK
2023-01-01,2.25,123.75,WPP_716_Laut_Sulawesi,3.1,6,GFW_MOCK
2023-01-01,2.25,124.25,WPP_716_Laut_Sulawesi,42.07,11,GFW_MOCK
2023-01-01,2.25,124.75,WPP_716_Laut_Sulawesi,103.52,3,GFW_MOCK
2023-01-01,2.25,125.25,WPP_716_Laut_Sulawesi,20.87,13,GFW_MOCK
2023-01-01,2.25,125.75,WPP_716_Laut_Sulawesi,3.4,6,GFW_MOCK
2023-01-01,2.25,126.25,WPP_716_Laut_Sulawesi,81.41,9,GFW_MOCK
2023-01-01,2.25,126.75,WPP_716_Laut_Sulawesi,15.37,8,GFW_MOCK
2023-01-01,2.25,127.25,WPP_716_Laut_Sulawesi,8.81,6,GFW_MOCK
2023-01-01,2.25,127.75,WPP_716_Laut_Sulawesi,9.11,10,GFW_MOCK
2023-01-01,2.75,118.25,WPP_716_Laut_Sulawesi,22.9,6,GFW_MOCK
2023-01-01,2.75,118.75,WPP_716_Laut_Sulawesi,9.24,9,GFW_MOCK
2023-01-01,2.75,119.25,WPP_716_Laut_Sulawesi,24.92,6,GFW_MOCK
2023-01-01,2.75,119.75,WPP_716_Laut_Sulawesi,32.51,6,GFW_MOCK
2023-01-01,2.75,120.25,WPP_716_Laut_Sulawesi,15.82,7,GFW_MOCK
2023-01-01,2.75,120.75,WPP_716_Laut_Sulawesi,6.05,9,GFW_MOCK
2023-01-01,2.75,121.25,WPP_716_Laut_Sulawesi,6.34,8,GFW_MOCK
2023-01-01,2.75,121.75,WPP_716_Laut_Sulawesi,8.83,6,GFW_MOCK
2023-01-01,2.75,122.25,WPP_716_Laut_Sulawesi,5.06,6,GFW_MOCK
2023-01-01,2.75,122.75,WPP_716_Laut_Sulawesi,6.57,9,GFW_MOCK
2023-01-01,2.75,123.25,WPP_716_Laut_Sulawesi,311.36,7,GFW_MOCK
2023-01-01,2.75,123.75,WPP_716_Laut_Sulawesi,7.58,5,GFW_MOCK
2023-01-01,2.75,124.25,WPP_716_Laut_Sulawesi,36.6,9,GFW_MOCK
2023-01-01,2.75,124.75,WPP_716_Laut_Sulawesi,15.71,2,GFW_MOCK
2023-01-01,2.75,125.25,WPP_716_Laut_Sulawesi,2.85,9,GFW_MOCK
2023-01-01,2.75,125.75,WPP_716_Laut_Sulawesi,54.11,5,GFW_MOCK
2023-01-01,2.75,126.25,WPP_716_Laut_Sulawesi,5.48,9,GFW_MOCK
2023-01-01,2.75,126.75,WPP_716_Laut_Sulawesi,132.0,10,GFW_MOCK
2023-01-01,2.75,127.25,WPP_716_Laut_Sulawesi,12.71,11,GFW_MOCK
2023-01-01,2.75,127.75,WPP_716_Laut_Sulawesi,43.59,7,GFW_MOCK
2023-01-01,3.25,118.25,WPP_716_Laut_Sulawesi,2.06,12,GFW_MOCK
2023-01-01,3.25,118.75,WPP_716_Laut_Sulawesi,136.08,8,GFW_MOCK
2023-01-01,3.25,119.25,WPP_716_Laut_Sulawesi,31.58,9,GFW_MOCK
2023-01-01,3.25,119.75,WPP_716_Laut_Sulawesi,26.28,12,GFW_MOCK
2023-01-01,3.25,120.25,WPP_716_Laut_Sulawesi,3.12,5,GFW_MOCK
2023-01-01,3.25,120.75,WPP_716_Laut_Sulawesi,0.87,7,GFW_MOCK
2023-01-01,3.25,121.25,WPP_716_Laut_Sulawesi,24.63,8,GFW_MOCK
2023-01-01,3.25,121.75,WPP_716_Laut_Sulawesi,13.43,7,GFW_MOCK
2023-01-01,3.25,122.25,WPP_716_Laut_Sulawesi,4.86,12,GFW_MOCK
2023-01-01,3.25,122.75,WPP_716_Laut_Sulawesi,94.83,10,GFW_MOCK
2023-01-01,3.25,123.25,WPP_716_Laut_Sulawesi,18.02,8,GFW_MOCK
2023-01-01,3.25,123.75,WPP_716_Laut_Sulawesi,6.27,10,GFW_MOCK
2023-01-01,3.25,124.25,WPP_716_Laut_Sulawesi,10.67,10,GFW_MOCK
2023-01-01,3.25,124.75,WPP_716_Laut_Sulawesi,33.79,9,GFW_MOCK
2023-01-01,3.25,125.25,WPP_716_Laut_Sulawesi,10.83,13,GFW_MOCK
2023-01-01,3.25,125.75,WPP_716_Laut_Sulawesi,3.39,15,GFW_MOCK
2023-01-01,3.25,126.25,WPP_716_Laut_Sulawesi,13.74,14,GFW_MOCK
2023-01-01,3.25,126.75,WPP_716_Laut_Sulawesi,1.71,4,GFW_MOCK
2023-01-01,3.25,127.25,WPP_716_Laut_Sulawesi,24.12,11,GFW_MOCK
2023-01-01,3.25,127.75,WPP_716_Laut_Sulawesi,5.8,7,GFW_MOCK
2023-01-01,3.75,118.25,WPP_716_Laut_Sulawesi,3.72,7,GFW_MOCK
2023-01-01,3.75,118.75,WPP_716_Laut_Sulawesi,2.11,7,GFW_MOCK
2023-01-01,3.75,119.25,WPP_716_Laut_Sulawesi,10.72,9,GFW_MOCK
2023-01-01,3.75,119.75,WPP_716_Laut_Sulawesi,20.09,5,GFW_MOCK
2023-01-01,3.75,120.25,WPP_716_Laut_Sulawesi,7.3,8,GFW_MOCK
2023-01-01,3.75,120.75,WPP_716_Laut_Sulawesi,7.64,7,GFW_MOCK
2023-01-01,3.75,121.25,WPP_716_Laut_Sulawesi,0.86,7,GFW_MOCK
2023-01-01,3.75,121.75,WPP_716_Laut_Sulawesi,8.47,4,GFW_MOCK
2023-01-01,3.75,122.25,WPP_716_Laut_Sulawesi,19.43,10,GFW_MOCK
2023-01-01,3.75,122.75,WPP_716_Laut_Sulawesi,13.78,6,GFW_MOCK
2023-01-01,3.75,123.25,WPP_716_Laut_Sulawesi,2.92,8,GFW_MOCK
2023-01-01,3.75,123.75,WPP_716_Laut_Sulawesi,11.13,8,GFW_MOCK
2023-01-01,3.75,124.25,WPP_716_Laut_Sulawesi,4.63,10,GFW_MOCK
2023-01-01,3.75,124.75,WPP_716_Laut_Sulawesi,14.1,8,GFW_MOCK
2023-01-01,3.75,125.25,WPP_716_Laut_Sulawesi,14.91,5,GFW_MOCK
2023-01-01,3.75,125.75,WPP_716_Laut_Sulawesi,3.14,11,GFW_MOCK
2023-01-01,3.75,126.25,WPP_716_Laut_Sulawesi,6.31,5,GFW_MOCK
2023-01-01,3.75,126.75,WPP_716_Laut_Sulawesi,25.25,9,GFW_MOCK
2023-01-01,3.75,127.25,WPP_716_Laut_Sulawesi,11.99,2,GFW_MOCK
2023-01-01,3.75,127.75,WPP_716_Laut_Sulawesi,18.33,11,GFW_MOCK
2023-01-01,4.25,118.25,WPP_716_Laut_Sulawesi,15.52,6,GFW_MOCK
2023-01-01,4.25,118.75,WPP_716_Laut_Sulawesi,2.43,6,GFW_MOCK
2023-01-01,4.25,119.25,WPP_716_Laut_Sulawesi,31.73,12,GFW_MOCK
2023-01-01,4.25,119.75,WPP_716_Laut_Sulawesi,2.21,5,GFW_MOCK
2023-01-01,4.25,120.25,WPP_716_Laut_Sulawesi,0.85,6,GFW_MOCK
2023-01-01,4.25,120.75,WPP_716_Laut_Sulawesi,1.14,8,GFW_MOCK
2023-01-01,4.25,121.25,WPP_716_Laut_Sulawesi,33.5,10,GFW_MOCK
2023-01-01,4.25,121.75,WPP_716_Laut_Sulawesi,10.28,9,GFW_MOCK
2023-01-01,4.25,122.25,WPP_716_Laut_Sulawesi,27.66,4,GFW_MOCK
2023-01-01,4.25,122.75,WPP_716_Laut_Sulawesi,21.36,3,GFW_MOCK
2023-01-01,4.25,123.25,WPP_716_Laut_Sulawesi,44.32,7,GFW_MOCK
2023-01-01,4.25,123.75,WPP_716_Laut_Sulawesi,15.91,10,GFW_MOCK
2023-01-01,4.25,124.25,WPP_716_Laut_Sulawesi,1.13,9,GFW_MOCK
2023-01-01,4.25,124.75,WPP_716_Laut_Sulawesi,207.18,9,GFW_MOCK
2023-01-01,4.25,125.25,WPP_716_Laut_Sulawesi,13.91,9,GFW_MOCK
2023-01-01,4.25,125.75,WPP_716_Laut_Sulawesi,2.06,6,GFW_MOCK
2023-01-01,4.25,126.25,WPP_716_Laut_Sulawesi,157.76,11,GFW_MOCK
2023-01-01,4.25,126.75,WPP_716_Laut_Sulawesi,64.36,10,GFW_MOCK
2023-01-01,4.25,127.25,WPP_716_Laut_Sulawesi,2.3,3,GFW_MOCK
2023-01-01,4.25,127.75,WPP_716_Laut_Sulawesi,2.18,10,GFW_MOCK
2023-01-01,4.75,118.25,WPP_716_Laut_Sulawesi,3.22,9,GFW_MOCK
2023-01-01,4.75,118.75,WPP_716_Laut_Sulawesi,49.51,7,GFW_MOCK
2023-01-01,4.75,119.25,WPP_716_Laut_Sulawesi,2.43,7,GFW_MOCK
2023-01-01,4.75,119.75,WPP_716_Laut_Sulawesi,21.35,10,GFW_MOCK
2023-01-01,4.75,120.25,WPP_716_Laut_Sulawesi,6.68,11,GFW_MOCK
2023-01-01,4.75,120.75,WPP_716_Laut_Sulawesi,1.36,7,GFW_MOCK
2023-01-01,4.75,121.25,WPP_716_Laut_Sulawesi,6.85,4,GFW_MOCK
2023-01-01,4.75,121.75,WPP_716_Laut_Sulawesi,3.2,2,GFW_MOCK
2023-01-01,4.75,122.25,WPP_716_Laut_Sulawesi,16.88,9,GFW_MOCK
2023-01-01,4.75,122.75,WPP_716_Laut_Sulawesi,3.91,8,GFW_MOCK
2023-01-01,4.75,123.25,WPP_716_Laut_Sulawesi,8.29,8,GFW_MOCK
2023-01-01,4.75,123.75,WPP_716_Laut_Sulawesi,1.43,13,GFW_MOCK
2023-01-01,4.75,124.25,WPP_716_Laut_Sulawesi,9.54,5,GFW_MOCK
2023-01-01,4.75,124.75,WPP_716_Laut_Sulawesi,11.75,5,GFW_MOCK
2023-01-01,4.75,125.25,WPP_716_Laut_Sulawesi,21.4,10,GFW_MOCK
2023-01-01,4.75,125.75,WPP_716_Laut_Sulawesi,10.7,6,GFW_MOCK
2023-01-01,4.75,126.25,WPP_716_Laut_Sulawesi,30.51,8,GFW_MOCK
2023-01-01,4.75,126.75,WPP_716_Laut_Sulawesi,4.92,11,GFW_MOCK
2023-01-01,4.75,127.25,WPP_716_Laut_Sulawesi,9.14,8,GFW_MOCK
2023-01-01,4.75,127.75,WPP_716_Laut_Sulawesi,6.71,11,GFW_MOCK
2023-01-01,5.25,118.25,WPP_716_Laut_Sulawesi,9.98,12,GFW_MOCK
2023-01-01,5.25,118.75,WPP_716_Laut_Sulawesi,1.37,12,GFW_MOCK
2023-01-01,5.25,119.25,WPP_716_Laut_Sulawesi,12.26,4,GFW_MOCK
2023-01-01,5.25,119.75,WPP_716_Laut_Sulawesi,9.82,12,GFW_MOCK
2023-01-01,5.25,120.25,WPP_716_Laut_Sulawesi,13.32,14,GFW_MOCK
2023-01-01,5.25,120.75,WPP_716_Laut_Sulawesi,87.83,9,GFW_MOCK
2023-01-01,5.25,121.25,WPP_716_Laut_Sulawesi,6.03,7,GFW_MOCK
2023-01-01,5.25,121.75,WPP_716_Laut_Sulawesi,4.87,9,GFW_MOCK
2023-01-01,5.25,122.25,WPP_716_Laut_Sulawesi,16.97,16,GFW_MOCK
2023-01-01,5.25,122.75,WPP_716_Laut_Sulawesi,37.97,9,GFW_MOCK
2023-01-01,5.25,123.25,WPP_716_Laut_Sulawesi,13.81,7,GFW_MOCK
2023-01-01,5.25,123.75,WPP_716_Laut_Sulawesi,8.17,5,GFW_MOCK
2023-01-01,5.25,124.25,WPP_716_Laut_Sulawesi,3.71,3,GFW_MOCK
2023-01-01,5.25,124.75,WPP_716_Laut_Sulawesi,2.92,5,GFW_MOCK
2023-01-01,5.25,125.25,WPP_716_Laut_Sulawesi,14.01,9,GFW_MOCK
2023-01-01,5.25,125.75,WPP_716_Laut_Sulawesi,5.75,5,GFW_MOCK
2023-01-01,5.25,126.25,WPP_716_Laut_Sulawesi,53.2,9,GFW_MOCK
2023-01-01,5.25,126.75,WPP_716_Laut_Sulawesi,256.99,8,GFW_MOCK
2023-01-01,5.25,127.25,WPP_716_Laut_Sulawesi,5.06,8,GFW_MOCK
2023-01-01,5.25,127.75,WPP_716_Laut_Sulawesi,11.31,9,GFW_MOCK
2023-01-01,5.75,118.25,WPP_716_Laut_Sulawesi,1.74,14,GFW_MOCK
2023-01-01,5.75,118.75,WPP_716_Laut_Sulawesi,2.56,3,GFW_MOCK
2023-01-01,5.75,119.25,WPP_716_Laut_Sulawesi,5.86,9,GFW_MOCK
2023-01-01,5.75,119.75,WPP_716_Laut_Sulawesi,7.28,5,GFW_MOCK
2023-01-01,5.75,120.25,WPP_716_Laut_Sulawesi,17.82,12,GFW_MOCK
2023-01-01,5.75,120.75,WPP_716_Laut_Sulawesi,6.68,7,GFW_MOCK
2023-01-01,5.75,121.25,WPP_716_Laut_Sulawesi,24.98,7,GFW_MOCK
2023-01-01,5.75,121.75,WPP_716_Laut_Sulawesi,3.66,8,GFW_MOCK
2023-01-01,5.75,122.25,WPP_716_Laut_Sulawesi,44.07,8,GFW_MOCK
2023-01-01,5.75,122.75,WPP_716_Laut_Sulawesi,7.32,13,GFW_MOCK
2023-01-01,5.75,123.25,WPP_716_Laut_Sulawesi,5.62,12,GFW_MOCK
2023-01-01,5.75,123.75,WPP_716_Laut_Sulawesi,25.89,6,GFW_MOCK
2023-01-01,5.75,124.25,WPP_716_Laut_Sulawesi,18.45,9,GFW_MOCK
2023-01-01,5.75,124.75,WPP_716_Laut_Sulawesi,7.26,11,GFW_MOCK
2023-01-01,5.75,125.25,WPP_716_Laut_Sulawesi,48.52,11,GFW_MOCK
2023-01-01,5.75,125.75,WPP_716_Laut_Sulawesi,3.03,7,GFW_MOCK
2023-01-01,5.75,126.25,WPP_716_Laut_Sulawesi,5.57,6,GFW_MOCK
2023-01-01,5.75,126.75,WPP_716_Laut_Sulawesi,4.16,12,GFW_MOCK
2023-01-01,5.75,127.25,WPP_716_Laut_Sulawesi,9.14,9,GFW_MOCK
2023-01-01,5.75,127.75,WPP_716_Laut_Sulawesi,20.13,11,GFW_MOCK
2023-02-01,0.25,118.25,WPP_716_Laut_Sulawesi,116.03,10,GFW_MOCK
2023-02-01,0.25,118.75,WPP_716_Laut_Sulawesi,7.91,5,GFW_MOCK
2023-02-01,0.25,119.25,WPP_716_Laut_Sulawesi,51.79,7,GFW_MOCK
2023-02-01,0.25,119.75,WPP_716_Laut_Sulawesi,5.43,4,GFW_MOCK
2023-02-01,0.25,120.25,WPP_716_Laut_Sulawesi,37.19,10,GFW_MOCK
2023-02-01,0.25,120.75,WPP_716_Laut_Sulawesi,9.38,6,GFW_MOCK
2023-02-01,0.25,121.25,WPP_716_Laut_Sulawesi,44.02,12,GFW_MOCK
2023-02-01,0.25,121.75,WPP_716_Laut_Sulawesi,14.57,5,GFW_MOCK
2023-02-01,0.25,122.25,WPP_716_Laut_Sulawesi,4.17,4,GFW_MOCK
2023-02-01,0.25,122.75,WPP_716_Laut_Sulawesi,47.01,5,GFW_MOCK
2023-02-01,0.25,123.25,WPP_716_Laut_Sulawesi,11.32,11,GFW_MOCK
2023-02-01,0.25,123.75,WPP_716_Laut_Sulawesi,43.69,9,GFW_MOCK
2023-02-01,0.25,124.25,WPP_716_Laut_Sulawesi,9.83,8,GFW_MOCK
2023-02-01,0.25,124.75,WPP_716_Laut_Sulawesi,162.61,14,GFW_MOCK
2023-02-01,0.25,125.25,WPP_716_Laut_Sulawesi,10.06,11,GFW_MOCK
2023-02-01,0.25,125.75,WPP_716_Laut_Sulawesi,201.87,5,GFW_MOCK
2023-02-01,0.25,126.25,WPP_716_Laut_Sulawesi,22.07,11,GFW_MOCK
2023-02-01,0.25,126.75,WPP_716_Laut_Sulawesi,3.71,9,GFW_MOCK
2023-02-01,0.25,127.25,WPP_716_Laut_Sulawesi,1.57,13,GFW_MOCK
2023-02-01,0.25,127.75,WPP_716_Laut_Sulawesi,31.36,12,GFW_MOCK
2023-02-01,0.75,118.25,WPP_716_Laut_Sulawesi,44.58,8,GFW_MOCK
2023-02-01,0.75,118.75,WPP_716_Laut_Sulawesi,45.17,6,GFW_MOCK
2023-02-01,0.75,119.25,WPP_716_Laut_Sulawesi,25.21,8,GFW_MOCK
2023-02-01,0.75,119.75,WPP_716_Laut_Sulawesi,30.8,11,GFW_MOCK
2023-02-01,0.75,120.25,WPP_716_Laut_Sulawesi,30.56,9,GFW_MOCK
2023-02-01,0.75,120.75,WPP_716_Laut_Sulawesi,13.95,7,GFW_MOCK
2023-02-01,0.75,121.25,WPP_716_Laut_Sulawesi,36.27,7,GFW_MOCK
2023-02-01,0.75,121.75,WPP_716_Laut_Sulawesi,4.96,9,GFW_MOCK
2023-02-01,0.75,122.25,WPP_716_Laut_Sulawesi,23.73,8,GFW_MOCK
2023-02-01,0.75,122.75,WPP_716_Laut_Sulawesi,9.84,11,GFW_MOCK
2023-02-01,0.75,123.25,WPP_716_Laut_Sulawesi,12.61,3,GFW_MOCK
2023-02-01,0.75,123.75,WPP_716_Laut_Sulawesi,5.25,10,GFW_MOCK
2023-02-01,0.75,124.25,WPP_716_Laut_Sulawesi,7.26,10,GFW_MOCK
2023-02-01,0.75,124.75,WPP_716_Laut_Sulawesi,28.87,5,GFW_MOCK
2023-02-01,0.75,125.25,WPP_716_Laut_Sulawesi,8.91,10,GFW_MOCK
2023-02-01,0.75,125.75,WPP_716_Laut_Sulawesi,7.97,5,GFW_MOCK
2023-02-01,0.75,126.25,WPP_716_Laut_Sulawesi,90.17,9,GFW_MOCK
2023-02-01,0.75,126.75,WPP_716_Laut_Sulawesi,31.44,6,GFW_MOCK
2023-02-01,0.75,127.25,WPP_716_Laut_Sulawesi,183.89,5,GFW_MOCK
2023-02-01,0.75,127.75,WPP_716_Laut_Sulawesi,23.41,7,GFW_MOCK
2023-02-01,1.25,118.25,WPP_716_Laut_Sulawesi,2.07,6,GFW_MOCK
2023-02-01,1.25,118.75,WPP_716_Laut_Sulawesi,12.63,7,GFW_MOCK
2023-02-01,1.25,119.25,WPP_716_Laut_Sulawesi,4.63,11,GFW_MOCK
2023-02-01,1.25,119.75,WPP_716_Laut_Sulawesi,16.64,11,GFW_MOCK
2023-02-01,1.25,120.25,WPP_716_Laut_Sulawesi,7.45,8,GFW_MOCK
2023-02-01,1.25,120.75,WPP_716_Laut_Sulawesi,257.28,7,GFW_MOCK
2023-02-01,1.25,121.25,WPP_716_Laut_Sulawesi,20.72,7,GFW_MOCK
2023-02-01,1.25,121.75,WPP_716_Laut_Sulawesi,4.25,12,GFW_MOCK
2023-02-01,1.25,122.25,WPP_716_Laut_Sulawesi,14.85,6,GFW_MOCK
2023-02-01,1.25,122.75,WPP_716_Laut_Sulawesi,23.58,4,GFW_MOCK
2023-02-01,1.25,123.25,WPP_716_Laut_Sulawesi,2.32,12,GFW_MOCK
2023-02-01,1.25,123.75,WPP_716_Laut_Sulawesi,4.47,6,GFW_MOCK
2023-02-01,1.25,124.25,WPP_716_Laut_Sulawesi,43.32,10,GFW_MOCK
2023-02-01,1.25,124.75,WPP_716_Laut_Sulawesi,8.75,11,GFW_MOCK
2023-02-01,1.25,125.25,WPP_716_Laut_Sulawesi,25.85,3,GFW_MOCK
2023-02-01,1.25,125.75,WPP_716_Laut_Sulawesi,1.96,9,GFW_MOCK
2023-02-01,1.25,126.25,WPP_716_Laut_Sulawesi,13.79,11,GFW_MOCK
2023-02-01,1.25,126.75,WPP_716_Laut_Sulawesi,25.03,7,GFW_MOCK
2023-02-01,1.25,127.25,WPP_716_Laut_Sulawesi,48.57,9,GFW_MOCK
2023-02-01,1.25,127.75,WPP_716_Laut_Sulawesi,28.23,4,GFW_MOCK
2023-02-01,1.75,118.25,WPP_716_Laut_Sulawesi,9.26,8,GFW_MOCK
2023-02-01,1.75,118.75,WPP_716_Laut_Sulawesi,32.67,9,GFW_MOCK
2023-02-01,1.75,119.25,WPP_716_Laut_Sulawesi,13.19,12,GFW_MOCK
2023-02-01,1.75,119.75,WPP_716_Laut_Sulawesi,66.56,5,GFW_MOCK
2023-02-01,1.75,120.25,WPP_716_Laut_Sulawesi,6.48,11,GFW_MOCK
2023-02-01,1.75,120.75,WPP_716_Laut_Sulawesi,34.41,13,GFW_MOCK
2023-02-01,1.75,121.25,WPP_716_Laut_Sulawesi,12.13,11,GFW_MOCK
2023-02-01,1.75,121.75,WPP_716_Laut_Sulawesi,68.77,15,GFW_MOCK
2023-02-01,1.75,122.25,WPP_716_Laut_Sulawesi,8.4,4,GFW_MOCK
2023-02-01,1.75,122.75,WPP_716_Laut_Sulawesi,7.36,7,GFW_MOCK
2023-02-01,1.75,123.25,WPP_716_Laut_Sulawesi,11.59,12,GFW_MOCK
2023-02-01,1.75,123.75,WPP_716_Laut_Sulawesi,7.38,6,GFW_MOCK
2023-02-01,1.75,124.25,WPP_716_Laut_Sulawesi,3.91,7,GFW_MOCK
2023-02-01,1.75,124.75,WPP_716_Laut_Sulawesi,22.19,7,GFW_MOCK
2023-02-01,1.75,125.25,WPP_716_Laut_Sulawesi,127.63,5,GFW_MOCK
2023-02-01,1.75,125.75,WPP_716_Laut_Sulawesi,22.58,7,GFW_MOCK
2023-02-01,1.75,126.25,WPP_716_Laut_Sulawesi,68.67,6,GFW_MOCK
2023-02-01,1.75,126.75,WPP_716_Laut_Sulawesi,11.12,7,GFW_MOCK
2023-02-01,1.75,127.25,WPP_716_Laut_Sulawesi,21.4,5,GFW_MOCK
2023-02-01,1.75,127.75,WPP_716_Laut_Sulawesi,11.35,7,GFW_MOCK
2023-02-01,2.25,118.25,WPP_716_Laut_Sulawesi,7.03,7,GFW_MOCK
2023-02-01,2.25,118.75,WPP_716_Laut_Sulawesi,40.17,5,GFW_MOCK
2023-02-01,2.25,119.25,WPP_716_Laut_Sulawesi,5.05,4,GFW_MOCK
2023-02-01,2.25,119.75,WPP_716_Laut_Sulawesi,5.59,5,GFW_MOCK
2023-02-01,2.25,120.25,WPP_716_Laut_Sulawesi,78.21,7,GFW_MOCK
2023-02-01,2.25,120.75,WPP_716_Laut_Sulawesi,2.77,9,GFW_MOCK
2023-02-01,2.25,121.25,WPP_716_Laut_Sulawesi,6.69,13,GFW_MOCK
2023-02-01,2.25,121.75,WPP_716_Laut_Sulawesi,11.66,7,GFW_MOCK
2023-02-01,2.25,122.25,WPP_716_Laut_Sulawesi,12.01,7,GFW_MOCK
2023-02-01,2.25,122.75,WPP_716_Laut_Sulawesi,4.68,6,GFW_MOCK
2023-02-01,2.25,123.25,WPP_716_Laut_Sulawesi,24.69,8,GFW_MOCK
2023-02-01,2.25,123.75,WPP_716_Laut_Sulawesi,31.27,16,GFW_MOCK
2023-02-01,2.25,124.25,WPP_716_Laut_Sulawesi,14.59,9,GFW_MOCK
2023-02-01,2.25,124.75,WPP_716_Laut_Sulawesi,3.11,13,GFW_MOCK
2023-02-01,2.25,125.25,WPP_716_Laut_Sulawesi,7.1,7,GFW_MOCK
2023-02-01,2.25,125.75,WPP_716_Laut_Sulawesi,6.65,6,GFW_MOCK
2023-02-01,2.25,126.25,WPP_716_Laut_Sulawesi,22.86,13,GFW_MOCK
2023-02-01,2.25,126.75,WPP_716_Laut_Sulawesi,8.25,6,GFW_MOCK
2023-02-01,2.25,127.25,WPP_716_Laut_Sulawesi,2.2,10,GFW_MOCK
2023-02-01,2.25,127.75,WPP_716_Laut_Sulawesi,25.79,7,GFW_MOCK
2023-02-01,2.75,118.25,WPP_716_Laut_Sulawesi,2.67,20,GFW_MOCK
2023-02-01,2.75,118.75,WPP_716_Laut_Sulawesi,4.51,5,GFW_MOCK
2023-02-01,2.75,119.25,WPP_716_Laut_Sulawesi,3.37,4,GFW_MOCK
2023-02-01,2.75,119.75,WPP_716_Laut_Sulawesi,4.59,9,GFW_MOCK
2023-02-01,2.75,120.25,WPP_716_Laut_Sulawesi,15.52,10,GFW_MOCK
2023-02-01,2.75,120.75,WPP_716_Laut_Sulawesi,5.61,7,GFW_MOCK
2023-02-01,2.75,121.25,WPP_716_Laut_Sulawesi,39.03,13,GFW_MOCK
2023-02-01,2.75,121.75,WPP_716_Laut_Sulawesi,2.09,8,GFW_MOCK
2023-02-01,2.75,122.25,WPP_716_Laut_Sulawesi,13.24,14,GFW_MOCK
2023-02-01,2.75,122.75,WPP_716_Laut_Sulawesi,5.15,14,GFW_MOCK
2023-02-01,2.75,123.25,WPP_716_Laut_Sulawesi,3.01,9,GFW_MOCK
2023-02-01,2.75,123.75,WPP_716_Laut_Sulawesi,5.55,9,GFW_MOCK
2023-02-01,2.75,124.25,WPP_716_Laut_Sulawesi,156.14,10,GFW_MOCK
2023-02-01,2.75,124.75,WPP_716_Laut_Sulawesi,29.04,10,GFW_MOCK
2023-02-01,2.75,125.25,WPP_716_Laut_Sulawesi,10.66,7,GFW_MOCK
2023-02-01,2.75,125.75,WPP_716_Laut_Sulawesi,9.34,14,GFW_MOCK
2023-02-01,2.75,126.25,WPP_716_Laut_Sulawesi,20.6,10,GFW_MOCK
2023-02-01,2.75,126.75,WPP_716_Laut_Sulawesi,6.46,9,GFW_MOCK
2023-02-01,2.75,127.25,WPP_716_Laut_Sulawesi,1.71,11,GFW_MOCK
2023-02-01,2.75,127.75,WPP_716_Laut_Sulawesi,6.11,10,GFW_MOCK
2023-02-01,3.25,118.25,WPP_716_Laut_Sulawesi,22.44,9,GFW_MOCK
2023-02-01,3.25,118.75,WPP_716_Laut_Sulawesi,6.37,8,GFW_MOCK
2023-02-01,3.25,119.25,WPP_716_Laut_Sulawesi,0.77,9,GFW_MOCK
2023-02-01,3.25,119.75,WPP_716_Laut_Sulawesi,6.99,8,GFW_MOCK
2023-02-01,3.25,120.25,WPP_716_Laut_Sulawesi,6.47,4,GFW_MOCK
2023-02-01,3.25,120.75,WPP_716_Laut_Sulawesi,6.72,7,GFW_MOCK
2023-02-01,3.25,121.25,WPP_716_Laut_Sulawesi,4.47,7,GFW_MOCK
2023-02-01,3.25,121.75,WPP_716_Laut_Sulawesi,16.94,8,GFW_MOCK
2023-02-01,3.25,122.25,WPP_716_Laut_Sulawesi,37.32,7,GFW_MOCK
2023-02-01,3.25,122.75,WPP_716_Laut_Sulawesi,8.75,8,GFW_MOCK
2023-02-01,3.25,123.25,WPP_716_Laut_Sulawesi,4.3,9,GFW_MOCK
2023-02-01,3.25,123.75,WPP_716_Laut_Sulawesi,13.16,9,GFW_MOCK
2023-02-01,3.25,124.25,WPP_716_Laut_Sulawesi,44.22,9,GFW_MOCK
2023-02-01,3.25,124.75,WPP_716_Laut_Sulawesi,7.91,8,GFW_MOCK
2023-02-01,3.25,125.25,WPP_716_Laut_Sulawesi,35.34,6,GFW_MOCK
2023-02-01,3.25,125.75,WPP_716_Laut_Sulawesi,21.39,6,GFW_MOCK
2023-02-01,3.25,126.25,WPP_716_Laut_Sulawesi,57.75,4,GFW_MOCK
2023-02-01,3.25,126.75,WPP_716_Laut_Sulawesi,57.66,5,GFW_MOCK
2023-02-01,3.25,127.25,WPP_716_Laut_Sulawesi,6.35,9,GFW_MOCK
2023-02-01,3.25,127.75,WPP_716_Laut_Sulawesi,26.92,8,GFW_MOCK
2023-02-01,3.75,118.25,WPP_716_Laut_Sulawesi,72.41,8,GFW_MOCK
2023-02-01,3.75,118.75,WPP_716_Laut_Sulawesi,8.32,14,GFW_MOCK
2023-02-01,3.75,119.25,WPP_716_Laut_Sulawesi,2.5,4,GFW_MOCK
2023-02-01,3.75,119.75,WPP_716_Laut_Sulawesi,26.15,9,GFW_MOCK
2023-02-01,3.75,120.25,WPP_716_Laut_Sulawesi,14.3,9,GFW_MOCK
2023-02-01,3.75,120.75,WPP_716_Laut_Sulawesi,9.54,14,GFW_MOCK
2023-02-01,3.75,121.25,WPP_716_Laut_Sulawesi,180.28,3,GFW_MOCK
2023-02-01,3.75,121.75,WPP_716_Laut_Sulawesi,98.22,5,GFW_MOCK
2023-02-01,3.75,122.25,WPP_716_Laut_Sulawesi,81.61,6,GFW_MOCK
2023-02-01,3.75,122.75,WPP_716_Laut_Sulawesi,39.89,7,GFW_MOCK
2023-02-01,3.75,123.25,WPP_716_Laut_Sulawesi,94.1,7,GFW_MOCK
2023-02-01,3.75,123.75,WPP_716_Laut_Sulawesi,24.02,9,GFW_MOCK
2023-02-01,3.75,124.25,WPP_716_Laut_Sulawesi,8.17,9,GFW_MOCK
2023-02-01,3.75,124.75,WPP_716_Laut_Sulawesi,12.39,6,GFW_MOCK
2023-02-01,3.75,125.25,WPP_716_Laut_Sulawesi,317.03,16,GFW_MOCK
2023-02-01,3.75,125.75,WPP_716_Laut_Sulawesi,14.65,4,GFW_MOCK
2023-02-01,3.75,126.25,WPP_716_Laut_Sulawesi,25.27,7,GFW_MOCK
2023-02-01,3.75,126.75,WPP_716_Laut_Sulawesi,60.23,9,GFW_MOCK
2023-02-01,3.75,127.25,WPP_716_Laut_Sulawesi,44.84,6,GFW_MOCK
2023-02-01,3.75,127.75,WPP_716_Laut_Sulawesi,4.69,2,GFW_MOCK
2023-02-01,4.25,118.25,WPP_716_Laut_Sulawesi,169.32,9,GFW_MOCK
2023-02-01,4.25,118.75,WPP_716_Laut_Sulawesi,8.69,11,GFW_MOCK
2023-02-01,4.25,119.25,WPP_716_Laut_Sulawesi,58.66,8,GFW_MOCK
2023-02-01,4.25,119.75,WPP_716_Laut_Sulawesi,22.62,7,GFW_MOCK
2023-02-01,4.25,120.25,WPP_716_Laut_Sulawesi,9.8,4,GFW_MOCK
2023-02-01,4.25,120.75,WPP_716_Laut_Sulawesi,11.16,10,GFW_MOCK
2023-02-01,4.25,121.25,WPP_716_Laut_Sulawesi,10.86,10,GFW_MOCK
2023-02-01,4.25,121.75,WPP_716_Laut_Sulawesi,11.55,11,GFW_MOCK
2023-02-01,4.25,122.25,WPP_716_Laut_Sulawesi,17.7,8,GFW_MOCK
2023-02-01,4.25,122.75,WPP_716_Laut_Sulawesi,156.58,4,GFW_MOCK
2023-02-01,4.25,123.25,WPP_716_Laut_Sulawesi,10.24,9,GFW_MOCK
2023-02-01,4.25,123.75,WPP_716_Laut_Sulawesi,14.2,8,GFW_MOCK
2023-02-01,4.25,124.25,WPP_716_Laut_Sulawesi,44.02,10,GFW_MOCK
2023-02-01,4.25,124.75,WPP_716_Laut_Sulawesi,2.19,6,GFW_MOCK
2023-02-01,4.25,125.25,WPP_716_Laut_Sulawesi,8.89,8,GFW_MOCK
2023-02-01,4.25,125.75,WPP_716_Laut_Sulawesi,53.28,7,GFW_MOCK
2023-02-01,4.25,126.25,WPP_716_Laut_Sulawesi,4.4,7,GFW_MOCK
2023-02-01,4.25,126.75,WPP_716_Laut_Sulawesi,2.65,8,GFW_MOCK
2023-02-01,4.25,127.25,WPP_716_Laut_Sulawesi,0.9,7,GFW_MOCK
2023-02-01,4.25,127.75,WPP_716_Laut_Sulawesi,1.88,8,GFW_MOCK
2023-02-01,4.75,118.25,WPP_716_Laut_Sulawesi,5.3,4,GFW_MOCK
2023-02-01,4.75,118.75,WPP_716_Laut_Sulawesi,6.96,10,GFW_MOCK
2023-02-01,4.75,119.25,WPP_716_Laut_Sulawesi,8.08,8,GFW_MOCK
2023-02-01,4.75,119.75,WPP_716_Laut_Sulawesi,10.55,10,GFW_MOCK
2023-02-01,4.75,120.25,WPP_716_Laut_Sulawesi,19.6,10,GFW_MOCK
2023-02-01,4.75,120.75,WPP_716_Laut_Sulawesi,14.36,8,GFW_MOCK
2023-02-01,4.75,121.25,WPP_716_Laut_Sulawesi,3.96,5,GFW_MOCK
2023-02-01,4.75,121.75,WPP_716_Laut_Sulawesi,11.39,5,GFW_MOCK
2023-02-01,4.75,122.25,WPP_716_Laut_Sulawesi,25.84,11,GFW_MOCK
2023-02-01,4.75,122.75,WPP_716_Laut_Sulawesi,66.73,10,GFW_MOCK
2023-02-01,4.75,123.25,WPP_716_Laut_Sulawesi,9.98,5,GFW_MOCK
2023-02-01,4.75,123.75,WPP_716_Laut_Sulawesi,1.77,6,GFW_MOCK
2023-02-01,4.75,124.25,WPP_716_Laut_Sulawesi,41.91,9,GFW_MOCK
2023-02-01,4.75,124.75,WPP_716_Laut_Sulawesi,11.32,11,GFW_MOCK
2023-02-01,4.75,125.25,WPP_716_Laut_Sulawesi,17.19,9,GFW_MOCK
2023-02-01,4.75,125.75,WPP_716_Laut_Sulawesi,42.32,6,GFW_MOCK
2023-02-01,4.75,126.25,WPP_716_Laut_Sulawesi,45.45,10,GFW_MOCK
2023-02-01,4.75,126.75,WPP_716_Laut_Sulawesi,50.28,5,GFW_MOCK
2023-02-01,4.75,127.25,WPP_716_Laut_Sulawesi,10.11,7,GFW_MOCK
2023-02-01,4.75,127.75,WPP_716_Laut_Sulawesi,73.54,13,GFW_MOCK
2023-02-01,5.25,118.25,WPP_716_Laut_Sulawesi,6.81,9,GFW_MOCK
2023-02-01,5.25,118.75,WPP_716_Laut_Sulawesi,2.94,9,GFW_MOCK
2023-02-01,5.25,119.25,WPP_716_Laut_Sulawesi,5.69,12,GFW_MOCK
2023-02-01,5.25,119.75,WPP_716_Laut_Sulawesi,14.26,10,GFW_MOCK
2023-02-01,5.25,120.25,WPP_716_Laut_Sulawesi,107.33,2,GFW_MOCK
2023-02-01,5.25,120.75,WPP_716_Laut_Sulawesi,8.66,8,GFW_MOCK
2023-02-01,5.25,121.25,WPP_716_Laut_Sulawesi,14.97,6,GFW_MOCK
2023-02-01,5.25,121.75,WPP_716_Laut_Sulawesi,11.6,5,GFW_MOCK
2023-02-01,5.25,122.25,WPP_716_Laut_Sulawesi,20.27,8,GFW_MOCK
2023-02-01,5.25,122.75,WPP_716_Laut_Sulawesi,2.73,8,GFW_MOCK
2023-02-01,5.25,123.25,WPP_716_Laut_Sulawesi,13.57,8,GFW_MOCK
2023-02-01,5.25,123.75,WPP_716_Laut_Sulawesi,13.32,6,GFW_MOCK
2023-02-01,5.25,124.25,WPP_716_Laut_Sulawesi,3.95,7,GFW_MOCK
2023-02-01,5.25,124.75,WPP_716_Laut_Sulawesi,21.33,9,GFW_MOCK
2023-02-01,5.25,125.25,WPP_716_Laut_Sulawesi,3.2,5,GFW_MOCK
2023-02-01,5.25,125.75,WPP_716_Laut_Sulawesi,0.52,6,GFW_MOCK
2023-02-01,5.25,126.25,WPP_716_Laut_Sulawesi,129.25,4,GFW_MOCK
2023-02-01,5.25,126.75,WPP_716_Laut_Sulawesi,34.54,8,GFW_MOCK
2023-02-01,5.25,127.25,WPP_716_Laut_Sulawesi,8.22,12,GFW_MOCK
2023-02-01,5.25,127.75,WPP_716_Laut_Sulawesi,6.92,7,GFW_MOCK
2023-02-01,5.75,118.25,WPP_716_Laut_Sulawesi,13.26,8,GFW_MOCK
2023-02-01,5.75,118.75,WPP_716_Laut_Sulawesi,6.38,11,GFW_MOCK
2023-02-01,5.75,119.25,WPP_716_Laut_Sulawesi,32.55,8,GFW_MOCK
2023-02-01,5.75,119.75,WPP_716_Laut_Sulawesi,220.83,9,GFW_MOCK
2023-02-01,5.75,120.25,WPP_716_Laut_Sulawesi,16.83,7,GFW_MOCK
2023-02-01,5.75,120.75,WPP_716_Laut_Sulawesi,17.24,5,GFW_MOCK
2023-02-01,5.75,121.25,WPP_716_Laut_Sulawesi,70.48,11,GFW_MOCK
2023-02-01,5.75,121.75,WPP_716_Laut_Sulawesi,0.97,12,GFW_MOCK
2023-02-01,5.75,122.25,WPP_716_Laut_Sulawesi,24.14,7,GFW_MOCK
2023-02-01,5.75,122.75,WPP_716_Laut_Sulawesi,12.5,9,GFW_MOCK
2023-02-01,5.75,123.25,WPP_716_Laut_Sulawesi,51.19,5,GFW_MOCK
2023-02-01,5.75,123.75,WPP_716_Laut_Sulawesi,26.45,7,GFW_MOCK
2023-02-01,5.75,124.25,WPP_716_Laut_Sulawesi,5.27,7,GFW_MOCK
2023-02-01,5.75,124.75,WPP_716_Laut_Sulawesi,64.88,7,GFW_MOCK
2023-02-01,5.75,125.25,WPP_716_Laut_Sulawesi,1.87,7,GFW_MOCK
2023-02-01,5.75,125.75,WPP_716_Laut_Sulawesi,25.12,10,GFW_MOCK
2023-02-01,5.75,126.25,WPP_716_Laut_Sulawesi,16.39,12,GFW_MOCK
2023-02-01,5.75,126.75,WPP_716_Laut_Sulawesi,11.65,7,GFW_MOCK
2023-02-01,5.75,127.25,WPP_716_Laut_Sulawesi,2.89,9,GFW_MOCK
2023-02-01,5.75,127.75,WPP_716_Laut_Sulawesi,1.9,6,GFW_MOCK
2023-03-01,0.25,118.25,WPP_716_Laut_Sulawesi,131.71,5,GFW_MOCK
2023-03-01,0.25,118.75,WPP_716_Laut_Sulawesi,8.49,6,GFW_MOCK
2023-03-01,0.25,119.25,WPP_716_Laut_Sulawesi,12.19,20,GFW_MOCK
2023-03-01,0.25,119.75,WPP_716_Laut_Sulawesi,14.08,7,GFW_MOCK
2023-03-01,0.25,120.25,WPP_716_Laut_Sulawesi,18.95,3,GFW_MOCK
2023-03-01,0.25,120.75,WPP_716_Laut_Sulawesi,10.57,6,GFW_MOCK
2023-03-01,0.25,121.25,WPP_716_Laut_Sulawesi,15.15,10,GFW_MOCK
2023-03-01,0.25,121.75,WPP_716_Laut_Sulawesi,8.94,9,GFW_MOCK
2023-03-01,0.25,122.25,WPP_716_Laut_Sulawesi,7.87,5,GFW_MOCK
2023-03-01,0.25,122.75,WPP_716_Laut_Sulawesi,46.96,4,GFW_MOCK
2023-03-01,0.25,123.25,WPP_716_Laut_Sulawesi,8.76,6,GFW_MOCK
2023-03-01,0.25,123.75,WPP_716_Laut_Sulawesi,62.2,6,GFW_MOCK
2023-03-01,0.25,124.25,WPP_716_Laut_Sulawesi,18.32,7,GFW_MOCK
2023-03-01,0.25,124.75,WPP_716_Laut_Sulawesi,58.16,10,GFW_MOCK
2023-03-01,0.25,125.25,WPP_716_Laut_Sulawesi,56.07,12,GFW_MOCK
2023-03-01,0.25,125.75,WPP_716_Laut_Sulawesi,71.68,11,GFW_MOCK
2023-03-01,0.25,126.25,WPP_716_Laut_Sulawesi,10.84,8,GFW_MOCK
2023-03-01,0.25,126.75,WPP_716_Laut_Sulawesi,1.64,4,GFW_MOCK
2023-03-01,0.25,127.25,WPP_716_Laut_Sulawesi,58.57,9,GFW_MOCK
2023-03-01,0.25,127.75,WPP_716_Laut_Sulawesi,32.11,6,GFW_MOCK
2023-01-01,-3.75,132.25,WPP_717_Teluk_Cendrawasih,12.32,4,GFW_MOCK
2023-01-01,-3.75,132.75,WPP_717_Teluk_Cendrawasih,66.58,3,GFW_MOCK
2023-01-01,-3.75,133.25,WPP_717_Teluk_Cendrawasih,1.58,8,GFW_MOCK
2023-01-01,-3.75,133.75,WPP_717_Teluk_Cendrawasih,12.93,6,GFW_MOCK
2023-01-01,-3.75,134.25,WPP_717_Teluk_Cendrawasih,2.32,15,GFW_MOCK
2023-01-01,-3.75,134.75,WPP_717_Teluk_Cendrawasih,0.63,6,GFW_MOCK
2023-01-01,-3.75,135.25,WPP_717_Teluk_Cendrawasih,3.2,6,GFW_MOCK
2023-01-01,-3.75,135.75,WPP_717_Teluk_Cendrawasih,1.68,5,GFW_MOCK
2023-01-01,-3.75,136.25,WPP_717_Teluk_Cendrawasih,6.79,6,GFW_MOCK
2023-01-01,-3.75,136.75,WPP_717_Teluk_Cendrawasih,168.17,10,GFW_MOCK
2023-01-01,-3.75,137.25,WPP_717_Teluk_Cendrawasih,29.14,9,GFW_MOCK
2023-01-01,-3.75,137.75,WPP_717_Teluk_Cendrawasih,27.38,13,GFW_MOCK
2023-01-01,-3.25,132.25,WPP_717_Teluk_Cendrawasih,3.5,6,GFW_MOCK
2023-01-01,-3.25,132.75,WPP_717_Teluk_Cendrawasih,35.7,5,GFW_MOCK
2023-01-01,-3.25,133.25,WPP_717_Teluk_Cendrawasih,28.28,6,GFW_MOCK
2023-01-01,-3.25,133.75,WPP_717_Teluk_Cendrawasih,6.99,5,GFW_MOCK
2023-01-01,-3.25,134.25,WPP_717_Teluk_Cendrawasih,6.2,12,GFW_MOCK
2023-01-01,-3.25,134.75,WPP_717_Teluk_Cendrawasih,2.75,11,GFW_MOCK
2023-01-01,-3.25,135.25,WPP_717_Teluk_Cendrawasih,26.18,12,GFW_MOCK
2023-01-01,-3.25,135.75,WPP_717_Teluk_Cendrawasih,8.46,8,GFW_MOCK
2023-01-01,-3.25,136.25,WPP_717_Teluk_Cendrawasih,163.15,10,GFW_MOCK
2023-01-01,-3.25,136.75,WPP_717_Teluk_Cendrawasih,8.08,7,GFW_MOCK
2023-01-01,-3.25,137.25,WPP_717_Teluk_Cendrawasih,10.1,8,GFW_MOCK
2023-01-01,-3.25,137.75,WPP_717_Teluk_Cendrawasih,2.98,5,GFW_MOCK
2023-01-01,-2.75,132.25,WPP_717_Teluk_Cendrawasih,1.11,8,GFW_MOCK
2023-01-01,-2.75,132.75,WPP_717_Teluk_Cendrawasih,12.47,5,GFW_MOCK
2023-01-01,-2.75,133.25,WPP_717_Teluk_Cendrawasih,0.54,3,GFW_MOCK
2023-01-01,-2.75,133.75,WPP_717_Teluk_Cendrawasih,6.35,6,GFW_MOCK
2023-01-01,-2.75,134.25,WPP_717_Teluk_Cendrawasih,4.89,5,GFW_MOCK
2023-01-01,-2.75,134.75,WPP_717_Teluk_Cendrawasih,2.25,12,GFW_MOCK
2023-01-01,-2.75,135.25,WPP_717_Teluk_Cendrawasih,35.59,11,GFW_MOCK
2023-01-01,-2.75,135.75,WPP_717_Teluk_Cendrawasih,44.15,4,GFW_MOCK
2023-01-01,-2.75,136.25,WPP_717_Teluk_Cendrawasih,5.23,8,GFW_MOCK
2023-01-01,-2.75,136.75,WPP_717_Teluk_Cendrawasih,142.68,2,GFW_MOCK
2023-01-01,-2.75,137.25,WPP_717_Teluk_Cendrawasih,5.72,5,GFW_MOCK
2023-01-01,-2.75,137.75,WPP_717_Teluk_Cendrawasih,9.49,2,GFW_MOCK
2023-01-01,-2.25,132.25,WPP_717_Teluk_Cendrawasih,13.34,11,GFW_MOCK
2023-01-01,-2.25,132.75,WPP_717_Teluk_Cendrawasih,1.66,3,GFW_MOCK
2023-01-01,-2.25,133.25,WPP_717_Teluk_Cendrawasih,23.93,9,GFW_MOCK
2023-01-01,-2.25,133.75,WPP_717_Teluk_Cendrawasih,51.01,7,GFW_MOCK
2023-01-01,-2.25,134.25,WPP_717_Teluk_Cendrawasih,9.09,8,GFW_MOCK
2023-01-01,-2.25,134.75,WPP_717_Teluk_Cendrawasih,2.11,10,GFW_MOCK
2023-01-01,-2.25,135.25,WPP_717_Teluk_Cendrawasih,3.05,10,GFW_MOCK
2023-01-01,-2.25,135.75,WPP_717_Teluk_Cendrawasih,12.88,7,GFW_MOCK
2023-01-01,-2.25,136.25,WPP_717_Teluk_Cendrawasih,9.12,6,GFW_MOCK
2023-01-01,-2.25,136.75,WPP_717_Teluk_Cendrawasih,5.05,9,GFW_MOCK
2023-01-01,-2.25,137.25,WPP_717_Teluk_Cendrawasih,31.96,6,GFW_MOCK
2023-01-01,-2.25,137.75,WPP_717_Teluk_Cendrawasih,7.74,8,GFW_MOCK
2023-01-01,-1.75,132.25,WPP_717_Teluk_Cendrawasih,65.77,9,GFW_MOCK
2023-01-01,-1.75,132.75,WPP_717_Teluk_Cendrawasih,16.32,10,GFW_MOCK
2023-01-01,-1.75,133.25,WPP_717_Teluk_Cendrawasih,2.16,6,GFW_MOCK
2023-01-01,-1.75,133.75,WPP_717_Teluk_Cendrawasih,12.03,9,GFW_MOCK
2023-01-01,-1.75,134.25,WPP_717_Teluk_Cendrawasih,32.28,3,GFW_MOCK
2023-01-01,-1.75,134.75,WPP_717_Teluk_Cendrawasih,10.5,10,GFW_MOCK
2023-01-01,-1.75,135.25,WPP_717_Teluk_Cendrawasih,13.88,12,GFW_MOCK
2023-01-01,-1.75,135.75,WPP_717_Teluk_Cendrawasih,21.51,6,GFW_MOCK
2023-01-01,-1.75,136.25,WPP_717_Teluk_Cendrawasih,11.65,6,GFW_MOCK
2023-01-01,-1.75,136.75,WPP_717_Teluk_Cendrawasih,3.45,11,GFW_MOCK
2023-01-01,-1.75,137.25,WPP_717_Teluk_Cendrawasih,6.57,11,GFW_MOCK
2023-01-01,-1.75,137.75,WPP_717_Teluk_Cendrawasih,28.17,8,GFW_MOCK
2023-01-01,-1.25,132.25,WPP_717_Teluk_Cendrawasih,172.62,7,GFW_MOCK
2023-01-01,-1.25,132.75,WPP_717_Teluk_Cendrawasih,60.83,8,GFW_MOCK
2023-01-01,-1.25,133.25,WPP_717_Teluk_Cendrawasih,8.77,6,GFW_MOCK
2023-01-01,-1.25,133.75,WPP_717_Teluk_Cendrawasih,41.06,12,GFW_MOCK
2023-01-01,-1.25,134.25,WPP_717_Teluk_Cendrawasih,8.6,9,GFW_MOCK
2023-01-01,-1.25,134.75,WPP_717_Teluk_Cendrawasih,8.4,14,GFW_MOCK
2023-01-01,-1.25,135.25,WPP_717_Teluk_Cendrawasih,12.29,6,GFW_MOCK
2023-01-01,-1.25,135.75,WPP_717_Teluk_Cendrawasih,20.64,10,GFW_MOCK
2023-01-01,-1.25,136.25,WPP_717_Teluk_Cendrawasih,5.17,5,GFW_MOCK
2023-01-01,-1.25,136.75,WPP_717_Teluk_Cendrawasih,21.24,10,GFW_MOCK
2023-01-01,-1.25,137.25,WPP_717_Teluk_Cendrawasih,2.71,3,GFW_MOCK
2023-01-01,-1.25,137.75,WPP_717_Teluk_Cendrawasih,13.73,9,GFW_MOCK
2023-01-01,-0.75,132.25,WPP_717_Teluk_Cendrawasih,3.26,10,GFW_MOCK
2023-01-01,-0.75,132.75,WPP_717_Teluk_Cendrawasih,22.53,5,GFW_MOCK
2023-01-01,-0.75,133.25,WPP_717_Teluk_Cendrawasih,13.16,5,GFW_MOCK
2023-01-01,-0.75,133.75,WPP_717_Teluk_Cendrawasih,7.92,10,GFW_MOCK
2023-01-01,-0.75,134.25,WPP_717_Teluk_Cendrawasih,26.76,11,GFW_MOCK
2023-01-01,-0.75,134.75,WPP_717_Teluk_Cendrawasih,11.63,9,GFW_MOCK
2023-01-01,-0.75,135.25,WPP_717_Teluk_Cendrawasih,40.16,8,GFW_MOCK
2023-01-01,-0.75,135.75,WPP_717_Teluk_Cendrawasih,5.66,7,GFW_MOCK
2023-01-01,-0.75,136.25,WPP_717_Teluk_Cendrawasih,10.01,11,GFW_MOCK
2023-01-01,-0.75,136.75,WPP_717_Teluk_Cendrawasih,13.17,5,GFW_MOCK
2023-01-01,-0.75,137.25,WPP_717_Teluk_Cendrawasih,8.08,13,GFW_MOCK
2023-01-01,-0.75,137.75,WPP_717_Teluk_Cendrawasih,11.26,5,GFW_MOCK
2023-01-01,-0.25,132.25,WPP_717_Teluk_Cendrawasih,11.69,5,GFW_MOCK
2023-01-01,-0.25,132.75,WPP_717_Teluk_Cendrawasih,30.02,14,GFW_MOCK
2023-01-01,-0.25,133.25,WPP_717_Teluk_Cendrawasih,6.39,10,GFW_MOCK
2023-01-01,-0.25,133.75,WPP_717_Teluk_Cendrawasih,16.53,8,GFW_MOCK
2023-01-01,-0.25,134.25,WPP_717_Teluk_Cendrawasih,4.02,7,GFW_MOCK
2023-01-01,-0.25,134.75,WPP_717_Teluk_Cendrawasih,4.5,7,GFW_MOCK
2023-01-01,-0.25,135.25,WPP_717_Teluk_Cendrawasih,6.97,11,GFW_MOCK
2023-01-01,-0.25,135.75,WPP_717_Teluk_Cendrawasih,2.01,13,GFW_MOCK
2023-01-01,-0.25,136.25,WPP_717_Teluk_Cendrawasih,101.19,9,GFW_MOCK
2023-01-01,-0.25,136.75,WPP_717_Teluk_Cendrawasih,9.88,6,GFW_MOCK
2023-01-01,-0.25,137.25,WPP_717_Teluk_Cendrawasih,11.37,8,GFW_MOCK
2023-01-01,-0.25,137.75,WPP_717_Teluk_Cendrawasih,38.02,9,GFW_MOCK
2023-01-01,0.25,132.25,WPP_717_Teluk_Cendrawasih,26.92,6,GFW_MOCK
2023-01-01,0.25,132.75,WPP_717_Teluk_Cendrawasih,292.84,6,GFW_MOCK
2023-01-01,0.25,133.25,WPP_717_Teluk_Cendrawasih,13.76,7,GFW_MOCK
2023-01-01,0.25,133.75,WPP_717_Teluk_Cendrawasih,60.73,6,GFW_MOCK
2023-01-01,0.25,134.25,WPP_717_Teluk_Cendrawasih,4.96,8,GFW_MOCK
2023-01-01,0.25,134.75,WPP_717_Teluk_Cendrawasih,34.69,11,GFW_MOCK
2023-01-01,0.25,135.25,WPP_717_Teluk_Cendrawasih,39.24,9,GFW_MOCK
2023-01-01,0.25,135.75,WPP_717_Teluk_Cendrawasih,20.24,8,GFW_MOCK
2023-01-01,0.25,136.25,WPP_717_Teluk_Cendrawasih,111.96,7,GFW_MOCK
2023-01-01,0.25,136.75,WPP_717_Teluk_Cendrawasih,1.81,8,GFW_MOCK
2023-01-01,0.25,137.25,WPP_717_Teluk_Cendrawasih,6.01,8,GFW_MOCK
2023-01-01,0.25,137.75,WPP_717_Teluk_Cendrawasih,7.77,13,GFW_MOCK
2023-01-01,0.75,132.25,WPP_717_Teluk_Cendrawasih,6.18,6,GFW_MOCK
2023-01-01,0.75,132.75,WPP_717_Teluk_Cendrawasih,0.7,9,GFW_MOCK
2023-01-01,0.75,133.25,WPP_717_Teluk_Cendrawasih,4.35,7,GFW_MOCK
2023-01-01,0.75,133.75,WPP_717_Teluk_Cendrawasih,28.06,6,GFW_MOCK
2023-01-01,0.75,134.25,WPP_717_Teluk_Cendrawasih,13.75,8,GFW_MOCK
2023-01-01,0.75,134.75,WPP_717_Teluk_Cendrawasih,10.2,9,GFW_MOCK
2023-01-01,0.75,135.25,WPP_717_Teluk_Cendrawasih,40.94,6,GFW_MOCK
2023-01-01,0.75,135.75,WPP_717_Teluk_Cendrawasih,9.46,7,GFW_MOCK
2023-01-01,0.75,136.25,WPP_717_Teluk_Cendrawasih,0.85,6,GFW_MOCK
2023-01-01,0.75,136.75,WPP_717_Teluk_Cendrawasih,6.0,5,GFW_MOCK
2023-01-01,0.75,137.25,WPP_717_Teluk_Cendrawasih,4.31,9,GFW_MOCK
2023-01-01,0.75,137.75,WPP_717_Teluk_Cendrawasih,3.23,16,GFW_MOCK
2023-01-01,1.25,132.25,WPP_717_Teluk_Cendrawasih,17.21,8,GFW_MOCK
2023-01-01,1.25,132.75,WPP_717_Teluk_Cendrawasih,19.73,9,GFW_MOCK
2023-01-01,1.25,133.25,WPP_717_Teluk_Cendrawasih,103.75,8,GFW_MOCK
2023-01-01,1.25,133.75,WPP_717_Teluk_Cendrawasih,1.77,7,GFW_MOCK
2023-01-01,1.25,134.25,WPP_717_Teluk_Cendrawasih,23.53,12,GFW_MOCK
2023-01-01,1.25,134.75,WPP_717_Teluk_Cendrawasih,7.2,6,GFW_MOCK
2023-01-01,1.25,135.25,WPP_717_Teluk_Cendrawasih,25.45,10,GFW_MOCK
2023-01-01,1.25,135.75,WPP_717_Teluk_Cendrawasih,9.0,9,GFW_MOCK
2023-01-01,1.25,136.25,WPP_717_Teluk_Cendrawasih,9.48,9,GFW_MOCK
2023-01-01,1.25,136.75,WPP_717_Teluk_Cendrawasih,11.43,8,GFW_MOCK
2023-01-01,1.25,137.25,WPP_717_Teluk_Cendrawasih,8.31,8,GFW_MOCK
2023-01-01,1.25,137.75,WPP_717_Teluk_Cendrawasih,7.46,6,GFW_MOCK
2023-01-01,1.75,132.25,WPP_717_Teluk_Cendrawasih,17.57,8,GFW_MOCK
2023-01-01,1.75,132.75,WPP_717_Teluk_Cendrawasih,65.61,11,GFW_MOCK
2023-01-01,1.75,133.25,WPP_717_Teluk_Cendrawasih,141.71,8,GFW_MOCK
2023-01-01,1.75,133.75,WPP_717_Teluk_Cendrawasih,2.75,10,GFW_MOCK
2023-01-01,1.75,134.25,WPP_717_Teluk_Cendrawasih,25.86,15,GFW_MOCK
2023-01-01,1.75,134.75,WPP_717_Teluk_Cendrawasih,5.47,6,GFW_MOCK
2023-01-01,1.75,135.25,WPP_717_Teluk_Cendrawasih,8.22,5,GFW_MOCK
2023-01-01,1.75,135.75,WPP_717_Teluk_Cendrawasih,36.49,5,GFW_MOCK
2023-01-01,1.75,136.25,WPP_717_Teluk_Cendrawasih,5.37,13,GFW_MOCK
2023-01-01,1.75,136.75,WPP_717_Teluk_Cendrawasih,2.56,7,GFW_MOCK
2023-01-01,1.75,137.25,WPP_717_Teluk_Cendrawasih,10.71,8,GFW_MOCK
2023-01-01,1.75,137.75,WPP_717_Teluk_Cendrawasih,28.13,12,GFW_MOCK
2023-02-01,-3.75,132.25,WPP_717_Teluk_Cendrawasih,8.53,6,GFW_MOCK
2023-02-01,-3.75,132.75,WPP_717_Teluk_Cendrawasih,5.52,8,GFW_MOCK
2023-02-01,-3.75,133.25,WPP_717_Teluk_Cendrawasih,3.82,16,GFW_MOCK
2023-02-01,-3.75,133.75,WPP_717_Teluk_Cendrawasih,16.56,10,GFW_MOCK
2023-02-01,-3.75,134.25,WPP_717_Teluk_Cendrawasih,71.13,6,GFW_MOCK
2023-02-01,-3.75,134.75,WPP_717_Teluk_Cendrawasih,1.44,6,GFW_MOCK
2023-02-01,-3.75,135.25,WPP_717_Teluk_Cendrawasih,33.56,12,GFW_MOCK
2023-02-01,-3.75,135.75,WPP_717_Teluk_Cendrawasih,149.49,5,GFW_MOCK
2023-02-01,-3.75,136.25,WPP_717_Teluk_Cendrawasih,7.3,10,GFW_MOCK
2023-02-01,-3.75,136.75,WPP_717_Teluk_Cendrawasih,5.09,4,GFW_MOCK
2023-02-01,-3.75,137.25,WPP_717_Teluk_Cendrawasih,2.37,8,GFW_MOCK
2023-02-01,-3.75,137.75,WPP_717_Teluk_Cendrawasih,53.82,6,GFW_MOCK
2023-02-01,-3.25,132.25,WPP_717_Teluk_Cendrawasih,38.23,14,GFW_MOCK
2023-02-01,-3.25,132.75,WPP_717_Teluk_Cendrawasih,4.58,7,GFW_MOCK
2023-02-01,-3.25,133.25,WPP_717_Teluk_Cendrawasih,9.78,4,GFW_MOCK
2023-02-01,-3.25,133.75,WPP_717_Teluk_Cendrawasih,26.43,9,GFW_MOCK
2023-02-01,-3.25,134.25,WPP_717_Teluk_Cendrawasih,6.33,2,GFW_MOCK
2023-02-01,-3.25,134.75,WPP_717_Teluk_Cendrawasih,7.81,6,GFW_MOCK
2023-02-01,-3.25,135.25,WPP_717_Teluk_Cendrawasih,7.03,9,GFW_MOCK
2023-02-01,-3.25,135.75,WPP_717_Teluk_Cendrawasih,22.39,6,GFW_MOCK
2023-02-01,-3.25,136.25,WPP_717_Teluk_Cendrawasih,8.65,7,GFW_MOCK
2023-02-01,-3.25,136.75,WPP_717_Teluk_Cendrawasih,3.4,7,GFW_MOCK
2023-02-01,-3.25,137.25,WPP_717_Teluk_Cendrawasih,12.85,10,GFW_MOCK
2023-02-01,-3.25,137.75,WPP_717_Teluk_Cendrawasih,25.73,11,GFW_MOCK
2023-02-01,-2.75,132.25,WPP_717_Teluk_Cendrawasih,72.65,7,GFW_MOCK
2023-02-01,-2.75,132.75,WPP_717_Teluk_Cendrawasih,59.7,6,GFW_MOCK
2023-02-01,-2.75,133.25,WPP_717_Teluk_Cendrawasih,6.87,8,GFW_MOCK
2023-02-01,-2.75,133.75,WPP_717_Teluk_Cendrawasih,1.25,6,GFW_MOCK
2023-02-01,-2.75,134.25,WPP_717_Teluk_Cendrawasih,2.36,8,GFW_MOCK
2023-02-01,-2.75,134.75,WPP_717_Teluk_Cendrawasih,0.77,10,GFW_MOCK
2023-02-01,-2.75,135.25,WPP_717_Teluk_Cendrawasih,317.08,8,GFW_MOCK
2023-02-01,-2.75,135.75,WPP_717_Teluk_Cendrawasih,10.76,5,GFW_MOCK
2023-02-01,-2.75,136.25,WPP_717_Teluk_Cendrawasih,49.77,11,GFW_MOCK
2023-02-01,-2.75,136.75,WPP_717_Teluk_Cendrawasih,39.73,8,GFW_MOCK
2023-02-01,-2.75,137.25,WPP_717_Teluk_Cendrawasih,6.71,3,GFW_MOCK
2023-02-01,-2.75,137.75,WPP_717_Teluk_Cendrawasih,2.54,7,GFW_MOCK
2023-02-01,-2.25,132.25,WPP_717_Teluk_Cendrawasih,1.07,6,GFW_MOCK
2023-02-01,-2.25,132.75,WPP_717_Teluk_Cendrawasih,82.04,7,GFW_MOCK
2023-02-01,-2.25,133.25,WPP_717_Teluk_Cendrawasih,11.72,11,GFW_MOCK
2023-02-01,-2.25,133.75,WPP_717_Teluk_Cendrawasih,15.63,8,GFW_MOCK
2023-02-01,-2.25,134.25,WPP_717_Teluk_Cendrawasih,12.69,9,GFW_MOCK
2023-02-01,-2.25,134.75,WPP_717_Teluk_Cendrawasih,1.37,3,GFW_MOCK
2023-02-01,-2.25,135.25,WPP_717_Teluk_Cendrawasih,53.33,6,GFW_MOCK
2023-02-01,-2.25,135.75,WPP_717_Teluk_Cendrawasih,16.53,11,GFW_MOCK
2023-02-01,-2.25,136.25,WPP_717_Teluk_Cendrawasih,6.16,7,GFW_MOCK
2023-02-01,-2.25,136.75,WPP_717_Teluk_Cendrawasih,95.55,9,GFW_MOCK
2023-02-01,-2.25,137.25,WPP_717_Teluk_Cendrawasih,4.2,6,GFW_MOCK
2023-02-01,-2.25,137.75,WPP_717_Teluk_Cendrawasih,46.84,8,GFW_MOCK
2023-02-01,-1.75,132.25,WPP_717_Teluk_Cendrawasih,7.96,11,GFW_MOCK
2023-02-01,-1.75,132.75,WPP_717_Teluk_Cendrawasih,9.42,7,GFW_MOCK
2023-02-01,-1.75,133.25,WPP_717_Teluk_Cendrawasih,47.34,10,GFW_MOCK
2023-02-01,-1.75,133.75,WPP_717_Teluk_Cendrawasih,3.23,11,GFW_MOCK
2023-02-01,-1.75,134.25,WPP_717_Teluk_Cendrawasih,16.72,12,GFW_MOCK
2023-02-01,-1.75,134.75,WPP_717_Teluk_Cendrawasih,5.53,5,GFW_MOCK
2023-02-01,-1.75,135.25,WPP_717_Teluk_Cendrawasih,62.79,5,GFW_MOCK
2023-02-01,-1.75,135.75,WPP_717_Teluk_Cendrawasih,8.6,14,GFW_MOCK
2023-02-01,-1.75,136.25,WPP_717_Teluk_Cendrawasih,9.23,7,GFW_MOCK
2023-02-01,-1.75,136.75,WPP_717_Teluk_Cendrawasih,85.24,4,GFW_MOCK
2023-02-01,-1.75,137.25,WPP_717_Teluk_Cendrawasih,2.45,7,GFW_MOCK
2023-02-01,-1.75,137.75,WPP_717_Teluk_Cendrawasih,2.26,4,GFW_MOCK
2023-02-01,-1.25,132.25,WPP_717_Teluk_Cendrawasih,3.01,9,GFW_MOCK
2023-02-01,-1.25,132.75,WPP_717_Teluk_Cendrawasih,68.97,4,GFW_MOCK
2023-02-01,-1.25,133.25,WPP_717_Teluk_Cendrawasih,12.02,10,GFW_MOCK
2023-02-01,-1.25,133.75,WPP_717_Teluk_Cendrawasih,8.39,10,GFW_MOCK
2023-02-01,-1.25,134.25,WPP_717_Teluk_Cendrawasih,10.17,6,GFW_MOCK
2023-02-01,-1.25,134.75,WPP_717_Teluk_Cendrawasih,9.36,6,GFW_MOCK
2023-02-01,-1.25,135.25,WPP_717_Teluk_Cendrawasih,148.45,8,GFW_MOCK
2023-02-01,-1.25,135.75,WPP_717_Teluk_Cendrawasih,47.36,10,GFW_MOCK
2023-02-01,-1.25,136.25,WPP_717_Teluk_Cendrawasih,32.71,8,GFW_MOCK
2023-02-01,-1.25,136.75,WPP_717_Teluk_Cendrawasih,36.19,6,GFW_MOCK
2023-02-01,-1.25,137.25,WPP_717_Teluk_Cendrawasih,22.95,9,GFW_MOCK
2023-02-01,-1.25,137.75,WPP_717_Teluk_Cendrawasih,9.73,7,GFW_MOCK
2023-02-01,-0.75,132.25,WPP_717_Teluk_Cendrawasih,5.51,2,GFW_MOCK
2023-02-01,-0.75,132.75,WPP_717_Teluk_Cendrawasih,6.71,9,GFW_MOCK
2023-02-01,-0.75,133.25,WPP_717_Teluk_Cendrawasih,16.97,7,GFW_MOCK
2023-02-01,-0.75,133.75,WPP_717_Teluk_Cendrawasih,7.32,5,GFW_MOCK
2023-02-01,-0.75,134.25,WPP_717_Teluk_Cendrawasih,5.41,7,GFW_MOCK
2023-02-01,-0.75,134.75,WPP_717_Teluk_Cendrawasih,4.41,13,GFW_MOCK
2023-02-01,-0.75,135.25,WPP_717_Teluk_Cendrawasih,63.98,6,GFW_MOCK
2023-02-01,-0.75,135.75,WPP_717_Teluk_Cendrawasih,326.94,11,GFW_MOCK
2023-02-01,-0.75,136.25,WPP_717_Teluk_Cendrawasih,10.84,8,GFW_MOCK
2023-02-01,-0.75,136.75,WPP_717_Teluk_Cendrawasih,15.41,10,GFW_MOCK
2023-02-01,-0.75,137.25,WPP_717_Teluk_Cendrawasih,14.24,5,GFW_MOCK
2023-02-01,-0.75,137.75,WPP_717_Teluk_Cendrawasih,35.17,10,GFW_MOCK
2023-02-01,-0.25,132.25,WPP_717_Teluk_Cendrawasih,6.52,4,GFW_MOCK
2023-02-01,-0.25,132.75,WPP_717_Teluk_Cendrawasih,19.5,9,GFW_MOCK
2023-02-01,-0.25,133.25,WPP_717_Teluk_Cendrawasih,281.47,11,GFW_MOCK
2023-02-01,-0.25,133.75,WPP_717_Teluk_Cendrawasih,42.17,13,GFW_MOCK
2023-02-01,-0.25,134.25,WPP_717_Teluk_Cendrawasih,36.5,12,GFW_MOCK
2023-02-01,-0.25,134.75,WPP_717_Teluk_Cendrawasih,37.47,8,GFW_MOCK
2023-02-01,-0.25,135.25,WPP_717_Teluk_Cendrawasih,2.32,7,GFW_MOCK
2023-02-01,-0.25,135.75,WPP_717_Teluk_Cendrawasih,19.2,7,GFW_MOCK
2023-02-01,-0.25,136.25,WPP_717_Teluk_Cendrawasih,89.45,11,GFW_MOCK
2023-02-01,-0.25,136.75,WPP_717_Teluk_Cendrawasih,33.21,6,GFW_MOCK
2023-02-01,-0.25,137.25,WPP_717_Teluk_Cendrawasih,15.5,7,GFW_MOCK
2023-02-01,-0.25,137.75,WPP_717_Teluk_Cendrawasih,63.18,8,GFW_MOCK
2023-02-01,0.25,132.25,WPP_717_Teluk_Cendrawasih,3.63,10,GFW_MOCK
2023-02-01,0.25,132.75,WPP_717_Teluk_Cendrawasih,22.11,8,GFW_MOCK
2023-02-01,0.25,133.25,WPP_717_Teluk_Cendrawasih,39.08,12,GFW_MOCK
2023-02-01,0.25,133.75,WPP_717_Teluk_Cendrawasih,1.37,9,GFW_MOCK
2023-02-01,0.25,134.25,WPP_717_Teluk_Cendrawasih,7.03,5,GFW_MOCK
2023-02-01,0.25,134.75,WPP_717_Teluk_Cendrawasih,74.46,10,GFW_MOCK
2023-02-01,0.25,135.25,WPP_717_Teluk_Cendrawasih,88.9,9,GFW_MOCK
2023-02-01,0.25,135.75,WPP_717_Teluk_Cendrawasih,31.58,6,GFW_MOCK
2023-02-01,0.25,136.25,WPP_717_Teluk_Cendrawasih,21.46,12,GFW_MOCK
2023-02-01,0.25,136.75,WPP_717_Teluk_Cendrawasih,19.54,8,GFW_MOCK
2023-02-01,0.25,137.25,WPP_717_Teluk_Cendrawasih,2.5,7,GFW_MOCK
2023-02-01,0.25,137.75,WPP_717_Teluk_Cendrawasih,2.06,10,GFW_MOCK
2023-02-01,0.75,132.25,WPP_717_Teluk_Cendrawasih,0.32,11,GFW_MOCK
2023-02-01,0.75,132.75,WPP_717_Teluk_Cendrawasih,26.65,6,GFW_MOCK
2023-02-01,0.75,133.25,WPP_717_Teluk_Cendrawasih,3.88,7,GFW_MOCK
2023-02-01,0.75,133.75,WPP_717_Teluk_Cendrawasih,11.63,9,GFW_MOCK
2023-02-01,0.75,134.25,WPP_717_Teluk_Cendrawasih,0.58,8,GFW_MOCK
2023-02-01,0.75,134.75,WPP_717_Teluk_Cendrawasih,58.56,5,GFW_MOCK
2023-02-01,0.75,135.25,WPP_717_Teluk_Cendrawasih,51.38,10,GFW_MOCK
2023-02-01,0.75,135.75,WPP_717_Teluk_Cendrawasih,26.93,11,GFW_MOCK
2023-02-01,0.75,136.25,WPP_717_Teluk_Cendrawasih,24.96,13,GFW_MOCK
2023-02-01,0.75,136.75,WPP_717_Teluk_Cendrawasih,9.7,4,GFW_MOCK
2023-02-01,0.75,137.25,WPP_717_Teluk_Cendrawasih,13.27,13,GFW_MOCK
2023-02-01,0.75,137.75,WPP_717_Teluk_Cendrawasih,0.99,8,GFW_MOCK
2023-02-01,1.25,132.25,WPP_717_Teluk_Cendrawasih,51.54,7,GFW_MOCK
2023-02-01,1.25,132.75,WPP_717_Teluk_Cendrawasih,6.32,8,GFW_MOCK
2023-02-01,1.25,133.25,WPP_717_Teluk_Cendrawasih,18.94,8,GFW_MOCK
2023-02-01,1.25,133.75,WPP_717_Teluk_Cendrawasih,12.28,3,GFW_MOCK
2023-02-01,1.25,134.25,WPP_717_Teluk_Cendrawasih,6.74,15,GFW_MOCK
2023-02-01,1.25,134.75,WPP_717_Teluk_Cendrawasih,45.91,10,GFW_MOCK
2023-02-01,1.25,135.25,WPP_717_Teluk_Cendrawasih,8.46,10,GFW_MOCK
2023-02-01,1.25,135.75,WPP_717_Teluk_Cendrawasih,12.49,6,GFW_MOCK
2023-02-01,1.25,136.25,WPP_717_Teluk_Cendrawasih,25.29,10,GFW_MOCK
2023-02-01,1.25,136.75,WPP_717_Teluk_Cendrawasih,5.09,14,GFW_MOCK
2023-02-01,1.25,137.25,WPP_717_Teluk_Cendrawasih,17.44,10,GFW_MOCK
2023-02-01,1.25,137.75,WPP_717_Teluk_Cendrawasih,40.86,4,GFW_MOCK
2023-02-01,1.75,132.25,WPP_717_Teluk_Cendrawasih,31.02,8,GFW_MOCK
2023-02-01,1.75,132.75,WPP_717_Teluk_Cendrawasih,6.92,16,GFW_MOCK
2023-02-01,1.75,133.25,WPP_717_Teluk_Cendrawasih,3.59,4,GFW_MOCK
2023-02-01,1.75,133.75,WPP_717_Teluk_Cendrawasih,2.94,7,GFW_MOCK
2023-02-01,1.75,134.25,WPP_717_Teluk_Cendrawasih,29.96,9,GFW_MOCK
2023-02-01,1.75,134.75,WPP_717_Teluk_Cendrawasih,98.16,11,GFW_MOCK
2023-02-01,1.75,135.25,WPP_717_Teluk_Cendrawasih,5.45,12,GFW_MOCK
2023-02-01,1.75,135.75,WPP_717_Teluk_Cendrawasih,4.34,11,GFW_MOCK
2023-02-01,1.75,136.25,WPP_717_Teluk_Cendrawasih,15.77,6,GFW_MOCK
2023-02-01,1.75,136.75,WPP_717_Teluk_Cendrawasih,3.64,10,GFW_MOCK
2023-02-01,1.75,137.25,WPP_717_Teluk_Cendrawasih,4.52,5,GFW_MOCK
2023-02-01,1.75,137.75,WPP_717_Teluk_Cendrawasih,46.45,10,GFW_MOCK
2023-03-01,-3.75,132.25,WPP_717_Teluk_Cendrawasih,20.93,7,GFW_MOCK
2023-03-01,-3.75,132.75,WPP_717_Teluk_Cendrawasih,23.66,9,GFW_MOCK
2023-03-01,-3.75,133.25,WPP_717_Teluk_Cendrawasih,44.26,9,GFW_MOCK
2023-03-01,-3.75,133.75,WPP_717_Teluk_Cendrawasih,16.32,5,GFW_MOCK
2023-03-01,-3.75,134.25,WPP_717_Teluk_Cendrawasih,13.62,1,GFW_MOCK
2023-03-01,-3.75,134.75,WPP_717_Teluk_Cendrawasih,4.33,5,GFW_MOCK
2023-03-01,-3.75,135.25,WPP_717_Teluk_Cendrawasih,36.4,8,GFW_MOCK
2023-03-01,-3.75,135.75,WPP_717_Teluk_Cendrawasih,2.92,5,GFW_MOCK
2023-03-01,-3.75,136.25,WPP_717_Teluk_Cendrawasih,9.93,5,GFW_MOCK
2023-03-01,-3.75,136.75,WPP_717_Teluk_Cendrawasih,3.15,14,GFW_MOCK
2023-03-01,-3.75,137.25,WPP_717_Teluk_Cendrawasih,34.35,6,GFW_MOCK
2023-03-01,-3.75,137.75,WPP_717_Teluk_Cendrawasih,3.16,11,GFW_MOCK
2023-03-01,-3.25,132.25,WPP_717_Teluk_Cendrawasih,10.38,4,GFW_MOCK
2023-03-01,-3.25,132.75,WPP_717_Teluk_Cendrawasih,3.73,7,GFW_MOCK
2023-03-01,-3.25,133.25,WPP_717_Teluk_Cendrawasih,69.72,7,GFW_MOCK
2023-03-01,-3.25,133.75,WPP_717_Teluk_Cendrawasih,4.42,8,GFW_MOCK
2023-03-01,-3.25,134.25,WPP_717_Teluk_Cendrawasih,21.3,7,GFW_MOCK
2023-03-01,-3.25,134.75,WPP_717_Teluk_Cendrawasih,7.07,10,GFW_MOCK
2023-03-01,-3.25,135.25,WPP_717_Teluk_Cendrawasih,7.49,9,GFW_MOCK
2023-03-01,-3.25,135.75,WPP_717_Teluk_Cendrawasih,85.75,8,GFW_MOCK
2023-03-01,-3.25,136.25,WPP_717_Teluk_Cendrawasih,14.26,11,GFW_MOCK
2023-03-01,-3.25,136.75,WPP_717_Teluk_Cendrawasih,6.73,15,GFW_MOCK
2023-03-01,-3.25,137.25,WPP_717_Teluk_Cendrawasih,1.22,10,GFW_MOCK
2023-03-01,-3.25,137.75,WPP_717_Teluk_Cendrawasih,18.63,4,GFW_MOCK
2023-03-01,-2.75,132.25,WPP_717_Teluk_Cendrawasih,11.81,9,GFW_MOCK
2023-03-01,-2.75,132.75,WPP_717_Teluk_Cendrawasih,21.36,6,GFW_MOCK
2023-03-01,-2.75,133.25,WPP_717_Teluk_Cendrawasih,40.68,8,GFW_MOCK
2023-03-01,-2.75,133.75,WPP_717_Teluk_Cendrawasih,48.68,13,GFW_MOCK
2023-03-01,-2.75,134.25,WPP_717_Teluk_Cendrawasih,34.33,6,GFW_MOCK
2023-03-01,-2.75,134.75,WPP_717_Teluk_Cendrawasih,34.33,10,GFW_MOCK
2023-03-01,-2.75,135.25,WPP_717_Teluk_Cendrawasih,13.66,6,GFW_MOCK
2023-03-01,-2.75,135.75,WPP_717_Teluk_Cendrawasih,26.54,7,GFW_MOCK
2023-03-01,-2.75,136.25,WPP_717_Teluk_Cendrawasih,7.15,4,GFW_MOCK
2023-03-01,-2.75,136.75,WPP_717_Teluk_Cendrawasih,16.69,10,GFW_MOCK
2023-03-01,-2.75,137.25,WPP_717_Teluk_Cendrawasih,13.25,6,GFW_MOCK
2023-03-01,-2.75,137.75,WPP_717_Teluk_Cendrawasih,5.97,8,GFW_MOCK
2023-03-01,-2.25,132.25,WPP_717_Teluk_Cendrawasih,22.19,5,GFW_MOCK
2023-03-01,-2.25,132.75,WPP_717_Teluk_Cendrawasih,39.26,13,GFW_MOCK
2023-03-01,-2.25,133.25,WPP_717_Teluk_Cendrawasih,26.8,6,GFW_MOCK
2023-03-01,-2.25,133.75,WPP_717_Teluk_Cendrawasih,7.46,5,GFW_MOCK
2023-03-01,-2.25,134.25,WPP_717_Teluk_Cendrawasih,58.24,8,GFW_MOCK
2023-03-01,-2.25,134.75,WPP_717_Teluk_Cendrawasih,5.05,10,GFW_MOCK
2023-03-01,-2.25,135.25,WPP_717_Teluk_Cendrawasih,17.83,12,GFW_MOCK
2023-03-01,-2.25,135.75,WPP_717_Teluk_Cendrawasih,78.33,10,GFW_MOCK
2023-03-01,-2.25,136.25,WPP_717_Teluk_Cendrawasih,1.07,5,GFW_MOCK
2023-03-01,-2.25,136.75,WPP_717_Teluk_Cendrawasih,83.64,2,GFW_MOCK
2023-03-01,-2.25,137.25,WPP_717_Teluk_Cendrawasih,9.21,7,GFW_MOCK
2023-03-01,-2.25,137.75,WPP_717_Teluk_Cendrawasih,4.37,6,GFW_MOCK
2023-03-01,-1.75,132.25,WPP_717_Teluk_Cendrawasih,1.94,10,GFW_MOCK
2023-03-01,-1.75,132.75,WPP_717_Teluk_Cendrawasih,63.22,9,GFW_MOCK
2023-03-01,-1.75,133.25,WPP_717_Teluk_Cendrawasih,5.69,11,GFW_MOCK
2023-03-01,-1.75,133.75,WPP_717_Teluk_Cendrawasih,85.99,6,GFW_MOCK
2023-03-01,-1.75,134.25,WPP_717_Teluk_Cendrawasih,17.41,4,GFW_MOCK
2023-03-01,-1.75,134.75,WPP_717_Teluk_Cendrawasih,72.3,9,GFW_MOCK
2023-03-01,-1.75,135.25,WPP_717_Teluk_Cendrawasih,4.06,6,GFW_MOCK
2023-03-01,-1.75,135.75,WPP_717_Teluk_Cendrawasih,31.86,9,GFW_MOCK
2023-03-01,-1.75,136.25,WPP_717_Teluk_Cendrawasih,5.85,5,GFW_MOCK
2023-03-01,-1.75,136.75,WPP_717_Teluk_Cendrawasih,11.4,11,GFW_MOCK
2023-03-01,-1.75,137.25,WPP_717_Teluk_Cendrawasih,13.69,8,GFW_MOCK
2023-03-01,-1.75,137.75,WPP_717_Teluk_Cendrawasih,3.86,9,GFW_MOCK
2023-03-01,-1.25,132.25,WPP_717_Teluk_Cendrawasih,3.53,11,GFW_MOCK
2023-03-01,-1.25,132.75,WPP_717_Teluk_Cendrawasih,38.33,11,GFW_MOCK
2023-03-01,-1.25,133.25,WPP_717_Teluk_Cendrawasih,28.84,4,GFW_MOCK
2023-03-01,-1.25,133.75,WPP_717_Teluk_Cendrawasih,20.35,9,GFW_MOCK
2023-03-01,-1.25,134.25,WPP_717_Teluk_Cendrawasih,5.04,11,GFW_MOCK
2023-03-01,-1.25,134.75,WPP_717_Teluk_Cendrawasih,38.58,7,GFW_MOCK
2023-03-01,-1.25,135.25,WPP_717_Teluk_Cendrawasih,15.42,11,GFW_MOCK
2023-03-01,-1.25,135.75,WPP_717_Teluk_Cendrawasih,12.13,7,GFW_MOCK
2023-03-01,-1.25,136.25,WPP_717_Teluk_Cendrawasih,1.91,7,GFW_MOCK
2023-03-01,-1.25,136.75,WPP_717_Teluk_Cendrawasih,4.36,6,GFW_MOCK
2023-03-01,-1.25,137.25,WPP_717_Teluk_Cendrawasih,10.73,10,GFW_MOCK
2023-03-01,-1.25,137.75,WPP_717_Teluk_Cendrawasih,67.9,11,GFW_MOCK
2023-03-01,-0.75,132.25,WPP_717_Teluk_Cendrawasih,33.4,9,GFW_MOCK
2023-03-01,-0.75,132.75,WPP_717_Teluk_Cendrawasih,26.26,7,GFW_MOCK
2023-03-01,-0.75,133.25,WPP_717_Teluk_Cendrawasih,10.99,9,GFW_MOCK
2023-03-01,-0.75,133.75,WPP_717_Teluk_Cendrawasih,11.02,8,GFW_MOCK
2023-03-01,-0.75,134.25,WPP_717_Teluk_Cendrawasih,9.81,6,GFW_MOCK
2023-03-01,-0.75,134.75,WPP_717_Teluk_Cendrawasih,5.5,10,GFW_MOCK
2023-03-01,-0.75,135.25,WPP_717_Teluk_Cendrawasih,54.4,8,GFW_MOCK
2023-03-01,-0.75,135.75,WPP_717_Teluk_Cendrawasih,27.22,5,GFW_MOCK
2023-03-01,-0.75,136.25,WPP_717_Teluk_Cendrawasih,5.7,10,GFW_MOCK
2023-03-01,-0.75,136.75,WPP_717_Teluk_Cendrawasih,108.11,8,GFW_MOCK
2023-03-01,-0.75,137.25,WPP_717_Teluk_Cendrawasih,7.6,8,GFW_MOCK
2023-03-01,-0.75,137.75,WPP_717_Teluk_Cendrawasih,4.57,10,GFW_MOCK
2023-03-01,-0.25,132.25,WPP_717_Teluk_Cendrawasih,8.58,5,GFW_MOCK
2023-03-01,-0.25,132.75,WPP_717_Teluk_Cendrawasih,6.31,7,GFW_MOCK
2023-03-01,-0.25,133.25,WPP_717_Teluk_Cendrawasih,1.25,3,GFW_MOCK
2023-03-01,-0.25,133.75,WPP_717_Teluk_Cendrawasih,96.47,12,GFW_MOCK
2023-03-01,-0.25,134.25,WPP_717_Teluk_Cendrawasih,48.5,6,GFW_MOCK
2023-03-01,-0.25,134.75,WPP_717_Teluk_Cendrawasih,17.18,8,GFW_MOCK
2023-03-01,-0.25,135.25,WPP_717_Teluk_Cendrawasih,19.13,5,GFW_MOCK
2023-03-01,-0.25,135.75,WPP_717_Teluk_Cendrawasih,42.4,8,GFW_MOCK
2023-03-01,-0.25,136.25,WPP_717_Teluk_Cendrawasih,29.23,8,GFW_MOCK
2023-03-01,-0.25,136.75,WPP_717_Teluk_Cendrawasih,9.53,8,GFW_MOCK
2023-03-01,-0.25,137.25,WPP_717_Teluk_Cendrawasih,5.4,7,GFW_MOCK
2023-03-01,-0.25,137.75,WPP_717_Teluk_Cendrawasih,22.42,4,GFW_MOCK
2023-03-01,0.25,132.25,WPP_717_Teluk_Cendrawasih,14.08,6,GFW_MOCK
2023-03-01,0.25,132.75,WPP_717_Teluk_Cendrawasih,8.97,6,GFW_MOCK
2023-03-01,0.25,133.25,WPP_717_Teluk_Cendrawasih,3.52,6,GFW_MOCK
2023-03-01,0.25,133.75,WPP_717_Teluk_Cendrawasih,1.62,5,GFW_MOCK
2023-03-01,0.25,134.25,WPP_717_Teluk_Cendrawasih,7.78,9,GFW_MOCK
2023-03-01,0.25,134.75,WPP_717_Teluk_Cendrawasih,63.82,7,GFW_MOCK
2023-03-01,0.25,135.25,WPP_717_Teluk_Cendrawasih,12.23,6,GFW_MOCK
2023-03-01,0.25,135.75,WPP_717_Teluk_Cendrawasih,2.67,8,GFW_MOCK
2023-03-01,0.25,136.25,WPP_717_Teluk_Cendrawasih,20.47,9,GFW_MOCK
2023-03-01,0.25,136.75,WPP_717_Teluk_Cendrawasih,23.35,4,GFW_MOCK
2023-03-01,0.25,137.25,WPP_717_Teluk_Cendrawasih,2.57,5,GFW_MOCK
2023-03-01,0.25,137.75,WPP_717_Teluk_Cendrawasih,19.36,4,GFW_MOCK
2023-03-01,0.75,132.25,WPP_717_Teluk_Cendrawasih,4.38,6,GFW_MOCK
2023-03-01,0.75,132.75,WPP_717_Teluk_Cendrawasih,1.3,8,GFW_MOCK
2023-03-01,0.75,133.25,WPP_717_Teluk_Cendrawasih,12.8,8,GFW_MOCK
2023-03-01,0.75,133.75,WPP_717_Teluk_Cendrawasih,2.11,9,GFW_MOCK
2023-03-01,0.75,134.25,WPP_717_Teluk_Cendrawasih,26.83,9,GFW_MOCK
2023-03-01,0.75,134.75,WPP_717_Teluk_Cendrawasih,14.69,7,GFW_MOCK
2023-03-01,0.75,135.25,WPP_717_Teluk_Cendrawasih,15.51,11,GFW_MOCK
2023-03-01,0.75,135.75,WPP_717_Teluk_Cendrawasih,16.64,11,GFW_MOCK
2023-03-01,0.75,136.25,WPP_717_Teluk_Cendrawasih,96.8,13,GFW_MOCK
2023-03-01,0.75,136.75,WPP_717_Teluk_Cendrawasih,8.09,14,GFW_MOCK
2023-03-01,0.75,137.25,WPP_717_Teluk_Cendrawasih,8.28,7,GFW_MOCK
2023-03-01,0.75,137.75,WPP_717_Teluk_Cendrawasih,111.7,13,GFW_MOCK
2023-03-01,1.25,132.25,WPP_717_Teluk_Cendrawasih,90.86,8,GFW_MOCK
2023-03-01,1.25,132.75,WPP_717_Teluk_Cendrawasih,85.23,14,GFW_MOCK
2023-03-01,1.25,133.25,WPP_717_Teluk_Cendrawasih,6.08,5,GFW_MOCK
2023-03-01,1.25,133.75,WPP_717_Teluk_Cendrawasih,28.08,7,GFW_MOCK
2023-03-01,1.25,134.25,WPP_717_Teluk_Cendrawasih,1.33,8,GFW_MOCK
2023-03-01,1.25,134.75,WPP_717_Teluk_Cendrawasih,17.94,5,GFW_MOCK
2023-03-01,1.25,135.25,WPP_717_Teluk_Cendrawasih,2.67,5,GFW_MOCK
2023-03-01,1.25,135.75,WPP_717_Teluk_Cendrawasih,1.32,3,GFW_MOCK
2023-03-01,1.25,136.25,WPP_717_Teluk_Cendrawasih,41.13,10,GFW_MOCK
2023-03-01,1.25,136.75,WPP_717_Teluk_Cendrawasih,9.51,7,GFW_MOCK
2023-03-01,1.25,137.25,WPP_717_Teluk_Cendrawasih,131.4,9,GFW_MOCK
2023-03-01,1.25,137.75,WPP_717_Teluk_Cendrawasih,1.35,11,GFW_MOCK
2023-03-01,1.75,132.25,WPP_717_Teluk_Cendrawasih,11.31,13,GFW_MOCK
2023-03-01,1.75,132.75,WPP_717_Teluk_Cendrawasih,51.53,11,GFW_MOCK
2023-03-01,1.75,133.25,WPP_717_Teluk_Cendrawasih,4.83,4,GFW_MOCK
2023-03-01,1.75,133.75,WPP_717_Teluk_Cendrawasih,15.46,6,GFW_MOCK
2023-03-01,1.75,134.25,WPP_717_Teluk_Cendrawasih,2.85,9,GFW_MOCK
2023-03-01,1.75,134.75,WPP_717_Teluk_Cendrawasih,15.31,11,GFW_MOCK
2023-03-01,1.75,135.25,WPP_717_Teluk_Cendrawasih,2.49,9,GFW_MOCK
2023-03-01,1.75,135.75,WPP_717_Teluk_Cendrawasih,18.61,14,GFW_MOCK
2023-03-01,1.75,136.25,WPP_717_Teluk_Cendrawasih,9.53,10,GFW_MOCK
2023-03-01,1.75,136.75,WPP_717_Teluk_Cendrawasih,18.45,12,GFW_MOCK
2023-03-01,1.75,137.25,WPP_717_Teluk_Cendrawasih,9.17,9,GFW_MOCK
2023-03-01,1.75,137.75,WPP_717_Teluk_Cendrawasih,7.24,6,GFW_MOCK
2023-01-01,-8.75,132.25,WPP_718_Laut_Arafuru,13.72,9,GFW_MOCK
2023-01-01,-8.75,132.75,WPP_718_Laut_Arafuru,25.77,14,GFW_MOCK
2023-01-01,-8.75,133.25,WPP_718_Laut_Arafuru,205.71,6,GFW_MOCK
2023-01-01,-8.75,133.75,WPP_718_Laut_Arafuru,1.64,8,GFW_MOCK
2023-01-01,-8.75,134.25,WPP_718_Laut_Arafuru,4.59,10,GFW_MOCK
2023-01-01,-8.75,134.75,WPP_718_Laut_Arafuru,12.31,6,GFW_MOCK
2023-01-01,-8.75,135.25,WPP_718_Laut_Arafuru,9.54,10,GFW_MOCK
2023-01-01,-8.75,135.75,WPP_718_Laut_Arafuru,106.48,10,GFW_MOCK
2023-01-01,-8.75,136.25,WPP_718_Laut_Arafuru,26.65,9,GFW_MOCK
2023-01-01,-8.75,136.75,WPP_718_Laut_Arafuru,31.02,12,GFW_MOCK
2023-01-01,-8.75,137.25,WPP_718_Laut_Arafuru,19.53,15,GFW_MOCK
2023-01-01,-8.75,137.75,WPP_718_Laut_Arafuru,3.18,1,GFW_MOCK
2023-01-01,-8.75,138.25,WPP_718_Laut_Arafuru,5.4,5,GFW_MOCK
2023-01-01,-8.75,138.75,WPP_718_Laut_Arafuru,12.64,10,GFW_MOCK
2023-01-01,-8.75,139.25,WPP_718_Laut_Arafuru,2.95,3,GFW_MOCK
2023-01-01,-8.75,139.75,WPP_718_Laut_Arafuru,8.32,10,GFW_MOCK
2023-01-01,-8.75,140.25,WPP_718_Laut_Arafuru,3.47,7,GFW_MOCK
2023-01-01,-8.75,140.75,WPP_718_Laut_Arafuru,9.88,8,GFW_MOCK
2023-01-01,-8.25,132.25,WPP_718_Laut_Arafuru,37.41,8,GFW_MOCK
2023-01-01,-8.25,132.75,WPP_718_Laut_Arafuru,5.02,10,GFW_MOCK
2023-01-01,-8.25,133.25,WPP_718_Laut_Arafuru,6.72,8,GFW_MOCK
2023-01-01,-8.25,133.75,WPP_718_Laut_Arafuru,23.27,13,GFW_MOCK
2023-01-01,-8.25,134.25,WPP_718_Laut_Arafuru,1.38,11,GFW_MOCK
2023-01-01,-8.25,134.75,WPP_718_Laut_Arafuru,1.42,6,GFW_MOCK
2023-01-01,-8.25,135.25,WPP_718_Laut_Arafuru,30.4,5,GFW_MOCK
2023-01-01,-8.25,135.75,WPP_718_Laut_Arafuru,10.78,6,GFW_MOCK
2023-01-01,-8.25,136.25,WPP_718_Laut_Arafuru,2.09,5,GFW_MOCK
2023-01-01,-8.25,136.75,WPP_718_Laut_Arafuru,52.49,5,GFW_MOCK
2023-01-01,-8.25,137.25,WPP_718_Laut_Arafuru,8.02,10,GFW_MOCK
2023-01-01,-8.25,137.75,WPP_718_Laut_Arafuru,13.94,12,GFW_MOCK
2023-01-01,-8.25,138.25,WPP_718_Laut_Arafuru,38.94,11,GFW_MOCK
2023-01-01,-8.25,138.75,WPP_718_Laut_Arafuru,8.0,6,GFW_MOCK
2023-01-01,-8.25,139.25,WPP_718_Laut_Arafuru,79.51,10,GFW_MOCK
2023-01-01,-8.25,139.75,WPP_718_Laut_Arafuru,19.35,5,GFW_MOCK
2023-01-01,-8.25,140.25,WPP_718_Laut_Arafuru,26.34,8,GFW_MOCK
2023-01-01,-8.25,140.75,WPP_718_Laut_Arafuru,19.1,4,GFW_MOCK
2023-01-01,-7.75,132.25,WPP_718_Laut_Arafuru,5.94,7,GFW_MOCK
2023-01-01,-7.75,132.75,WPP_718_Laut_Arafuru,14.98,7,GFW_MOCK
2023-01-01,-7.75,133.25,WPP_718_Laut_Arafuru,79.06,8,GFW_MOCK
2023-01-01,-7.75,133.75,WPP_718_Laut_Arafuru,42.07,6,GFW_MOCK
2023-01-01,-7.75,134.25,WPP_718_Laut_Arafuru,6.37,7,GFW_MOCK
2023-01-01,-7.75,134.75,WPP_718_Laut_Arafuru,18.52,12,GFW_MOCK
2023-01-01,-7.75,135.25,WPP_718_Laut_Arafuru,5.74,12,GFW_MOCK
2023-01-01,-7.75,135.75,WPP_718_Laut_Arafuru,8.78,7,GFW_MOCK
2023-01-01,-7.75,136.25,WPP_718_Laut_Arafuru,34.31,6,GFW_MOCK
2023-01-01,-7.75,136.75,WPP_718_Laut_Arafuru,12.55,9,GFW_MOCK
2023-01-01,-7.75,137.25,WPP_718_Laut_Arafuru,38.77,10,GFW_MOCK
2023-01-01,-7.75,137.75,WPP_718_Laut_Arafuru,38.31,9,GFW_MOCK
2023-01-01,-7.75,138.25,WPP_718_Laut_Arafuru,49.35,10,GFW_MOCK
2023-01-01,-7.75,138.75,WPP_718_Laut_Arafuru,6.72,10,GFW_MOCK
2023-01-01,-7.75,139.25,WPP_718_Laut_Arafuru,83.05,6,GFW_MOCK
2023-01-01,-7.75,139.75,WPP_718_Laut_Arafuru,1.12,9,GFW_MOCK
2023-01-01,-7.75,140.25,WPP_718_Laut_Arafuru,17.83,5,GFW_MOCK
2023-01-01,-7.75,140.75,WPP_718_Laut_Arafuru,23.45,8,GFW_MOCK
2023-01-01,-7.25,132.25,WPP_718_Laut_Arafuru,1.87,7,GFW_MOCK
2023-01-01,-7.25,132.75,WPP_718_Laut_Arafuru,14.74,6,GFW_MOCK
2023-01-01,-7.25,133.25,WPP_718_Laut_Arafuru,4.41,9,GFW_MOCK
2023-01-01,-7.25,133.75,WPP_718_Laut_Arafuru,23.19,8,GFW_MOCK
2023-01-01,-7.25,134.25,WPP_718_Laut_Arafuru,8.69,5,GFW_MOCK
2023-01-01,-7.25,134.75,WPP_718_Laut_Arafuru,9.4,9,GFW_MOCK
2023-01-01,-7.25,135.25,WPP_718_Laut_Arafuru,4.61,8,GFW_MOCK
2023-01-01,-7.25,135.75,WPP_718_Laut_Arafuru,4.02,4,GFW_MOCK
2023-01-01,-7.25,136.25,WPP_718_Laut_Arafuru,15.04,5,GFW_MOCK
2023-01-01,-7.25,136.75,WPP_718_Laut_Arafuru,12.82,12,GFW_MOCK
2023-01-01,-7.25,137.25,WPP_718_Laut_Arafuru,5.78,15,GFW_MOCK
2023-01-01,-7.25,137.75,WPP_718_Laut_Arafuru,3.14,4,GFW_MOCK
2023-01-01,-7.25,138.25,WPP_718_Laut_Arafuru,21.32,9,GFW_MOCK
2023-01-01,-7.25,138.75,WPP_718_Laut_Arafuru,22.06,7,GFW_MOCK
2023-01-01,-7.25,139.25,WPP_718_Laut_Arafuru,15.04,9,GFW_MOCK
2023-01-01,-7.25,139.75,WPP_718_Laut_Arafuru,5.94,9,GFW_MOCK
2023-01-01,-7.25,140.25,WPP_718_Laut_Arafuru,64.04,7,GFW_MOCK
2023-01-01,-7.25,140.75,WPP_718_Laut_Arafuru,14.47,11,GFW_MOCK
2023-01-01,-6.75,132.25,WPP_718_Laut_Arafuru,3.03,10,GFW_MOCK
2023-01-01,-6.75,132.75,WPP_718_Laut_Arafuru,57.66,6,GFW_MOCK
2023-01-01,-6.75,133.25,WPP_718_Laut_Arafuru,8.82,9,GFW_MOCK
2023-01-01,-6.75,133.75,WPP_718_Laut_Arafuru,6.91,12,GFW_MOCK
2023-01-01,-6.75,134.25,WPP_718_Laut_Arafuru,9.67,10,GFW_MOCK
2023-01-01,-6.75,134.75,WPP_718_Laut_Arafuru,3.68,4,GFW_MOCK
2023-01-01,-6.75,135.25,WPP_718_Laut_Arafuru,2.82,7,GFW_MOCK
2023-01-01,-6.75,135.75,WPP_718_Laut_Arafuru,59.36,9,GFW_MOCK
2023-01-01,-6.75,136.25,WPP_718_Laut_Arafuru,75.42,8,GFW_MOCK
2023-01-01,-6.75,136.75,WPP_718_Laut_Arafuru,35.86,8,GFW_MOCK
2023-01-01,-6.75,137.25,WPP_718_Laut_Arafuru,11.41,2,GFW_MOCK
2023-01-01,-6.75,137.75,WPP_718_Laut_Arafuru,2.48,8,GFW_MOCK
2023-01-01,-6.75,138.25,WPP_718_Laut_Arafuru,20.14,9,GFW_MOCK
2023-01-01,-6.75,138.75,WPP_718_Laut_Arafuru,10.38,3,GFW_MOCK
2023-01-01,-6.75,139.25,WPP_718_Laut_Arafuru,92.05,10,GFW_MOCK
2023-01-01,-6.75,139.75,WPP_718_Laut_Arafuru,43.63,6,GFW_MOCK
2023-01-01,-6.75,140.25,WPP_718_Laut_Arafuru,96.5,9,GFW_MOCK
2023-01-01,-6.75,140.75,WPP_718_Laut_Arafuru,7.16,6,GFW_MOCK
2023-01-01,-6.25,132.25,WPP_718_Laut_Arafuru,67.65,11,GFW_MOCK
2023-01-01,-6.25,132.75,WPP_718_Laut_Arafuru,7.06,3,GFW_MOCK
2023-01-01,-6.25,133.25,WPP_718_Laut_Arafuru,5.15,7,GFW_MOCK
2023-01-01,-6.25,133.75,WPP_718_Laut_Arafuru,4.83,5,GFW_MOCK
2023-01-01,-6.25,134.25,WPP_718_Laut_Arafuru,4.12,11,GFW_MOCK
2023-01-01,-6.25,134.75,WPP_718_Laut_Arafuru,1.11,8,GFW_MOCK
2023-01-01,-6.25,135.25,WPP_718_Laut_Arafuru,21.8,6,GFW_MOCK
2023-01-01,-6.25,135.75,WPP_718_Laut_Arafuru,7.07,6,GFW_MOCK
2023-01-01,-6.25,136.25,WPP_718_Laut_Arafuru,5.16,6,GFW_MOCK
2023-01-01,-6.25,136.75,WPP_718_Laut_Arafuru,108.0,8,GFW_MOCK
2023-01-01,-6.25,137.25,WPP_718_Laut_Arafuru,10.71,5,GFW_MOCK
2023-01-01,-6.25,137.75,WPP_718_Laut_Arafuru,2.41,7,GFW_MOCK
2023-01-01,-6.25,138.25,WPP_718_Laut_Arafuru,3.14,10,GFW_MOCK
2023-01-01,-6.25,138.75,WPP_718_Laut_Arafuru,11.73,8,GFW_MOCK
2023-01-01,-6.25,139.25,WPP_718_Laut_Arafuru,7.76,8,GFW_MOCK
2023-01-01,-6.25,139.75,WPP_718_Laut_Arafuru,7.03,10,GFW_MOCK
2023-01-01,-6.25,140.25,WPP_718_Laut_Arafuru,8.39,11,GFW_MOCK
2023-01-01,-6.25,140.75,WPP_718_Laut_Arafuru,1.98,4,GFW_MOCK
2023-01-01,-5.75,132.25,WPP_718_Laut_Arafuru,2.64,11,GFW_MOCK
2023-01-01,-5.75,132.75,WPP_718_Laut_Arafuru,0.71,11,GFW_MOCK
2023-01-01,-5.75,133.25,WPP_718_Laut_Arafuru,5.79,10,GFW_MOCK
2023-01-01,-5.75,133.75,WPP_718_Laut_Arafuru,10.33,7,GFW_MOCK
2023-01-01,-5.75,134.25,WPP_718_Laut_Arafuru,14.22,10,GFW_MOCK
2023-01-01,-5.75,134.75,WPP_718_Laut_Arafuru,25.72,5,GFW_MOCK
2023-01-01,-5.75,135.25,WPP_718_Laut_Arafuru,1.35,9,GFW_MOCK
2023-01-01,-5.75,135.75,WPP_718_Laut_Arafuru,4.75,6,GFW_MOCK
2023-01-01,-5.75,136.25,WPP_718_Laut_Arafuru,10.63,12,GFW_MOCK
2023-01-01,-5.75,136.75,WPP_718_Laut_Arafuru,12.12,12,GFW_MOCK
2023-01-01,-5.75,137.25,WPP_718_Laut_Arafuru,133.76,3,GFW_MOCK
2023-01-01,-5.75,137.75,WPP_718_Laut_Arafuru,23.36,4,GFW_MOCK
2023-01-01,-5.75,138.25,WPP_718_Laut_Arafuru,5.38,9,GFW_MOCK
2023-01-01,-5.75,138.75,WPP_718_Laut_Arafuru,21.1,5,GFW_MOCK
2023-01-01,-5.75,139.25,WPP_718_Laut_Arafuru,19.99,7,GFW_MOCK
2023-01-01,-5.75,139.75,WPP_718_Laut_Arafuru,7.19,8,GFW_MOCK
2023-01-01,-5.75,140.25,WPP_718_Laut_Arafuru,17.7,7,GFW_MOCK
2023-01-01,-5.75,140.75,WPP_718_Laut_Arafuru,7.88,7,GFW_MOCK
2023-01-01,-5.25,132.25,WPP_718_Laut_Arafuru,35.63,12,GFW_MOCK
2023-01-01,-5.25,132.75,WPP_718_Laut_Arafuru,5.28,8,GFW_MOCK
2023-01-01,-5.25,133.25,WPP_718_Laut_Arafuru,3.26,13,GFW_MOCK
2023-01-01,-5.25,133.75,WPP_718_Laut_Arafuru,10.24,7,GFW_MOCK
2023-01-01,-5.25,134.25,WPP_718_Laut_Arafuru,6.4,7,GFW_MOCK
2023-01-01,-5.25,134.75,WPP_718_Laut_Arafuru,33.38,4,GFW_MOCK
2023-01-01,-5.25,135.25,WPP_718_Laut_Arafuru,9.7,7,GFW_MOCK
2023-01-01,-5.25,135.75,WPP_718_Laut_Arafuru,13.43,8,GFW_MOCK
2023-01-01,-5.25,136.25,WPP_718_Laut_Arafuru,34.19,5,GFW_MOCK
2023-01-01,-5.25,136.75,WPP_718_Laut_Arafuru,20.46,8,GFW_MOCK
2023-01-01,-5.25,137.25,WPP_718_Laut_Arafuru,5.71,9,GFW_MOCK
2023-01-01,-5.25,137.75,WPP_718_Laut_Arafuru,2.92,4,GFW_MOCK
2023-01-01,-5.25,138.25,WPP_718_Laut_Arafuru,7.02,6,GFW_MOCK
2023-01-01,-5.25,138.75,WPP_718_Laut_Arafuru,17.32,2,GFW_MOCK
2023-01-01,-5.25,139.25,WPP_718_Laut_Arafuru,8.14,12,GFW_MOCK
2023-01-01,-5.25,139.75,WPP_718_Laut_Arafuru,2.6,10,GFW_MOCK
2023-01-01,-5.25,140.25,WPP_718_Laut_Arafuru,3.17,6,GFW_MOCK
2023-01-01,-5.25,140.75,WPP_718_Laut_Arafuru,41.02,6,GFW_MOCK
2023-01-01,-4.75,132.25,WPP_718_Laut_Arafuru,34.9,6,GFW_MOCK
2023-01-01,-4.75,132.75,WPP_718_Laut_Arafuru,3.43,12,GFW_MOCK
2023-01-01,-4.75,133.25,WPP_718_Laut_Arafuru,20.66,9,GFW_MOCK
2023-01-01,-4.75,133.75,WPP_718_Laut_Arafuru,5.84,6,GFW_MOCK
2023-01-01,-4.75,134.25,WPP_718_Laut_Arafuru,8.73,6,GFW_MOCK
2023-01-01,-4.75,134.75,WPP_718_Laut_Arafuru,26.55,6,GFW_MOCK
2023-01-01,-4.75,135.25,WPP_718_Laut_Arafuru,2.03,11,GFW_MOCK
2023-01-01,-4.75,135.75,WPP_718_Laut_Arafuru,1.2,3,GFW_MOCK
2023-01-01,-4.75,136.25,WPP_718_Laut_Arafuru,5.21,5,GFW_MOCK
2023-01-01,-4.75,136.75,WPP_718_Laut_Arafuru,2.23,17,GFW_MOCK
2023-01-01,-4.75,137.25,WPP_718_Laut_Arafuru,70.33,2,GFW_MOCK
2023-01-01,-4.75,137.75,WPP_718_Laut_Arafuru,3.6,5,GFW_MOCK
2023-01-01,-4.75,138.25,WPP_718_Laut_Arafuru,34.25,3,GFW_MOCK
2023-01-01,-4.75,138.75,WPP_718_Laut_Arafuru,19.67,9,GFW_MOCK
2023-01-01,-4.75,139.25,WPP_718_Laut_Arafuru,11.01,7,GFW_MOCK
2023-01-01,-4.75,139.75,WPP_718_Laut_Arafuru,6.47,5,GFW_MOCK
2023-01-01,-4.75,140.25,WPP_718_Laut_Arafuru,10.54,8,GFW_MOCK
2023-01-01,-4.75,140.75,WPP_718_Laut_Arafuru,2.06,7,GFW_MOCK
2023-01-01,-4.25,132.25,WPP_718_Laut_Arafuru,4.34,8,GFW_MOCK
2023-01-01,-4.25,132.75,WPP_718_Laut_Arafuru,3.48,4,GFW_MOCK
2023-01-01,-4.25,133.25,WPP_718_Laut_Arafuru,7.61,6,GFW_MOCK
2023-01-01,-4.25,133.75,WPP_718_Laut_Arafuru,62.54,9,GFW_MOCK
2023-01-01,-4.25,134.25,WPP_718_Laut_Arafuru,7.4,4,GFW_MOCK
2023-01-01,-4.25,134.75,WPP_718_Laut_Arafuru,70.06,9,GFW_MOCK
2023-01-01,-4.25,135.25,WPP_718_Laut_Arafuru,22.49,8,GFW_MOCK
2023-01-01,-4.25,135.75,WPP_718_Laut_Arafuru,9.09,8,GFW_MOCK
2023-01-01,-4.25,136.25,WPP_718_Laut_Arafuru,5.74,6,GFW_MOCK
2023-01-01,-4.25,136.75,WPP_718_Laut_Arafuru,10.55,5,GFW_MOCK
2023-01-01,-4.25,137.25,WPP_718_Laut_Arafuru,18.51,6,GFW_MOCK
2023-01-01,-4.25,137.75,WPP_718_Laut_Arafuru,52.99,7,GFW_MOCK
2023-01-01,-4.25,138.25,WPP_718_Laut_Arafuru,26.0,4,GFW_MOCK
2023-01-01,-4.25,138.75,WPP_718_Laut_Arafuru,5.6,2,GFW_MOCK
2023-01-01,-4.25,139.25,WPP_718_Laut_Arafuru,1.12,9,GFW_MOCK
2023-01-01,-4.25,139.75,WPP_718_Laut_Arafuru,20.14,10,GFW_MOCK
2023-01-01,-4.25,140.25,WPP_718_Laut_Arafuru,24.62,4,GFW_MOCK
2023-01-01,-4.25,140.75,WPP_718_Laut_Arafuru,17.57,7,GFW_MOCK
2023-02-01,-8.75,132.25,WPP_718_Laut_Arafuru,25.54,8,GFW_MOCK
2023-02-01,-8.75,132.75,WPP_718_Laut_Arafuru,48.79,8,GFW_MOCK
2023-02-01,-8.75,133.25,WPP_718_Laut_Arafuru,18.93,7,GFW_MOCK
2023-02-01,-8.75,133.75,WPP_718_Laut_Arafuru,16.35,4,GFW_MOCK
2023-02-01,-8.75,134.25,WPP_718_Laut_Arafuru,8.06,11,GFW_MOCK
2023-02-01,-8.75,134.75,WPP_718_Laut_Arafuru,58.15,9,GFW_MOCK
2023-02-01,-8.75,135.25,WPP_718_Laut_Arafuru,5.69,9,GFW_MOCK
2023-02-01,-8.75,135.75,WPP_718_Laut_Arafuru,6.99,6,GFW_MOCK
2023-02-01,-8.75,136.25,WPP_718_Laut_Arafuru,11.47,6,GFW_MOCK
2023-02-01,-8.75,136.75,WPP_718_Laut_Arafuru,1.43,5,GFW_MOCK
2023-02-01,-8.75,137.25,WPP_718_Laut_Arafuru,13.55,7,GFW_MOCK
2023-02-01,-8.75,137.75,WPP_718_Laut_Arafuru,35.45,7,GFW_MOCK
2023-02-01,-8.75,138.25,WPP_718_Laut_Arafuru,8.13,11,GFW_MOCK
2023-02-01,-8.75,138.75,WPP_718_Laut_Arafuru,6.26,6,GFW_MOCK
2023-02-01,-8.75,139.25,WPP_718_Laut_Arafuru,4.93,10,GFW_MOCK
2023-02-01,-8.75,139.75,WPP_718_Laut_Arafuru,31.88,9,GFW_MOCK
2023-02-01,-8.75,140.25,WPP_718_Laut_Arafuru,3.61,9,GFW_MOCK
2023-02-01,-8.75,140.75,WPP_718_Laut_Arafuru,53.16,10,GFW_MOCK
2023-02-01,-8.25,132.25,WPP_718_Laut_Arafuru,8.59,9,GFW_MOCK
2023-02-01,-8.25,132.75,WPP_718_Laut_Arafuru,6.0,11,GFW_MOCK
2023-02-01,-8.25,133.25,WPP_718_Laut_Arafuru,24.72,11,GFW_MOCK
2023-02-01,-8.25,133.75,WPP_718_Laut_Arafuru,7.68,4,GFW_MOCK
2023-02-01,-8.25,134.25,WPP_718_Laut_Arafuru,3.24,9,GFW_MOCK
2023-02-01,-8.25,134.75,WPP_718_Laut_Arafuru,13.09,8,GFW_MOCK
2023-02-01,-8.25,135.25,WPP_718_Laut_Arafuru,1.69,11,GFW_MOCK
2023-02-01,-8.25,135.75,WPP_718_Laut_Arafuru,8.07,14,GFW_MOCK
2023-02-01,-8.25,136.25,WPP_718_Laut_Arafuru,64.64,14,GFW_MOCK
2023-02-01,-8.25,136.75,WPP_718_Laut_Arafuru,14.48,7,GFW_MOCK
2023-02-01,-8.25,137.25,WPP_718_Laut_Arafuru,147.11,7,GFW_MOCK
2023-02-01,-8.25,137.75,WPP_718_Laut_Arafuru,14.6,10,GFW_MOCK
2023-02-01,-8.25,138.25,WPP_718_Laut_Arafuru,29.7,8,GFW_MOCK
2023-02-01,-8.25,138.75,WPP_718_Laut_Arafuru,7.34,8,GFW_MOCK
2023-02-01,-8.25,139.25,WPP_718_Laut_Arafuru,6.62,9,GFW_MOCK
2023-02-01,-8.25,139.75,WPP_718_Laut_Arafuru,2.97,7,GFW_MOCK
2023-02-01,-8.25,140.25,WPP_718_Laut_Arafuru,23.65,11,GFW_MOCK
2023-02-01,-8.25,140.75,WPP_718_Laut_Arafuru,13.2,6,GFW_MOCK
2023-02-01,-7.75,132.25,WPP_718_Laut_Arafuru,17.41,7,GFW_MOCK
2023-02-01,-7.75,132.75,WPP_718_Laut_Arafuru,310.75,4,GFW_MOCK
2023-02-01,-7.75,133.25,WPP_718_Laut_Arafuru,10.86,9,GFW_MOCK
2023-02-01,-7.75,133.75,WPP_718_Laut_Arafuru,43.55,5,GFW_MOCK
2023-02-01,-7.75,134.25,WPP_718_Laut_Arafuru,9.77,6,GFW_MOCK
2023-02-01,-7.75,134.75,WPP_718_Laut_Arafuru,1.78,6,GFW_MOCK
2023-02-01,-7.75,135.25,WPP_718_Laut_Arafuru,4.37,8,GFW_MOCK
2023-02-01,-7.75,135.75,WPP_718_Laut_Arafuru,27.3,11,GFW_MOCK
2023-02-01,-7.75,136.25,WPP_718_Laut_Arafuru,5.35,4,GFW_MOCK
2023-02-01,-7.75,136.75,WPP_718_Laut_Arafuru,35.4,11,GFW_MOCK
2023-02-01,-7.75,137.25,WPP_718_Laut_Arafuru,14.3,5,GFW_MOCK
2023-02-01,-7.75,137.75,WPP_718_Laut_Arafuru,96.74,11,GFW_MOCK
2023-02-01,-7.75,138.25,WPP_718_Laut_Arafuru,160.21,9,GFW_MOCK
2023-02-01,-7.75,138.75,WPP_718_Laut_Arafuru,34.31,9,GFW_MOCK
2023-02-01,-7.75,139.25,WPP_718_Laut_Arafuru,5.15,7,GFW_MOCK
2023-02-01,-7.75,139.75,WPP_718_Laut_Arafuru,7.52,2,GFW_MOCK
2023-02-01,-7.75,140.25,WPP_718_Laut_Arafuru,17.44,8,GFW_MOCK
2023-02-01,-7.75,140.75,WPP_718_Laut_Arafuru,4.71,6,GFW_MOCK
2023-02-01,-7.25,132.25,WPP_718_Laut_Arafuru,18.9,5,GFW_MOCK
2023-02-01,-7.25,132.75,WPP_718_Laut_Arafuru,3.74,9,GFW_MOCK
2023-02-01,-7.25,133.25,WPP_718_Laut_Arafuru,10.0,17,GFW_MOCK
2023-02-01,-7.25,133.75,WPP_718_Laut_Arafuru,41.7,7,GFW_MOCK
2023-02-01,-7.25,134.25,WPP_718_Laut_Arafuru,23.95,5,GFW_MOCK
2023-02-01,-7.25,134.75,WPP_718_Laut_Arafuru,34.06,11,GFW_MOCK
2023-02-01,-7.25,135.25,WPP_718_Laut_Arafuru,10.31,11,GFW_MOCK
2023-02-01,-7.25,135.75,WPP_718_Laut_Arafuru,28.4,6,GFW_MOCK
2023-02-01,-7.25,136.25,WPP_718_Laut_Arafuru,6.67,4,GFW_MOCK
2023-02-01,-7.25,136.75,WPP_718_Laut_Arafuru,2.0,6,GFW_MOCK
2023-02-01,-7.25,137.25,WPP_718_Laut_Arafuru,7.05,10,GFW_MOCK
2023-02-01,-7.25,137.75,WPP_718_Laut_Arafuru,9.85,11,GFW_MOCK
2023-02-01,-7.25,138.25,WPP_718_Laut_Arafuru,1.31,13,GFW_MOCK
2023-02-01,-7.25,138.75,WPP_718_Laut_Arafuru,16.4,8,GFW_MOCK
2023-02-01,-7.25,139.25,WPP_718_Laut_Arafuru,2.78,5,GFW_MOCK
2023-02-01,-7.25,139.75,WPP_718_Laut_Arafuru,4.98,7,GFW_MOCK
2023-02-01,-7.25,140.25,WPP_718_Laut_Arafuru,18.43,5,GFW_MOCK
2023-02-01,-7.25,140.75,WPP_718_Laut_Arafuru,19.94,6,GFW_MOCK
2023-02-01,-6.75,132.25,WPP_718_Laut_Arafuru,8.83,6,GFW_MOCK
2023-02-01,-6.75,132.75,WPP_718_Laut_Arafuru,14.73,14,GFW_MOCK
2023-02-01,-6.75,133.25,WPP_718_Laut_Arafuru,8.83,4,GFW_MOCK
2023-02-01,-6.75,133.75,WPP_718_Laut_Arafuru,41.6,7,GFW_MOCK
2023-02-01,-6.75,134.25,WPP_718_Laut_Arafuru,9.48,7,GFW_MOCK
2023-02-01,-6.75,134.75,WPP_718_Laut_Arafuru,2.56,10,GFW_MOCK
2023-02-01,-6.75,135.25,WPP_718_Laut_Arafuru,5.28,7,GFW_MOCK
2023-02-01,-6.75,135.75,WPP_718_Laut_Arafuru,27.2,7,GFW_MOCK
2023-02-01,-6.75,136.25,WPP_718_Laut_Arafuru,1.89,15,GFW_MOCK
2023-02-01,-6.75,136.75,WPP_718_Laut_Arafuru,13.87,10,GFW_MOCK
2023-02-01,-6.75,137.25,WPP_718_Laut_Arafuru,0.38,14,GFW_MOCK
2023-02-01,-6.75,137.75,WPP_718_Laut_Arafuru,1.45,6,GFW_MOCK
2023-02-01,-6.75,138.25,WPP_718_Laut_Arafuru,5.48,4,GFW_MOCK
2023-02-01,-6.75,138.75,WPP_718_Laut_Arafuru,8.78,6,GFW_MOCK
2023-02-01,-6.75,139.25,WPP_718_Laut_Arafuru,284.09,8,GFW_MOCK
2023-02-01,-6.75,139.75,WPP_718_Laut_Arafuru,9.31,6,GFW_MOCK
2023-02-01,-6.75,140.25,WPP_718_Laut_Arafuru,27.53,3,GFW_MOCK
2023-02-01,-6.75,140.75,WPP_718_Laut_Arafuru,42.17,4,GFW_MOCK
2023-02-01,-6.25,132.25,WPP_718_Laut_Arafuru,45.26,8,GFW_MOCK
2023-02-01,-6.25,132.75,WPP_718_Laut_Arafuru,8.92,11,GFW_MOCK
2023-02-01,-6.25,133.25,WPP_718_Laut_Arafuru,17.5,10,GFW_MOCK
2023-02-01,-6.25,133.75,WPP_718_Laut_Arafuru,32.85,9,GFW_MOCK
2023-02-01,-6.25,134.25,WPP_718_Laut_Arafuru,3.07,5,GFW_MOCK
2023-02-01,-6.25,134.75,WPP_718_Laut_Arafuru,12.71,8,GFW_MOCK
2023-02-01,-6.25,135.25,WPP_718_Laut_Arafuru,0.94,4,GFW_MOCK
2023-02-01,-6.25,135.75,WPP_718_Laut_Arafuru,1.33,9,GFW_MOCK
2023-02-01,-6.25,136.25,WPP_718_Laut_Arafuru,2.86,9,GFW_MOCK
2023-02-01,-6.25,136.75,WPP_718_Laut_Arafuru,46.83,8,GFW_MOCK
2023-02-01,-6.25,137.25,WPP_718_Laut_Arafuru,32.79,7,GFW_MOCK
2023-02-01,-6.25,137.75,WPP_718_Laut_Arafuru,3.71,9,GFW_MOCK
2023-02-01,-6.25,138.25,WPP_718_Laut_Arafuru,6.41,8,GFW_MOCK
2023-02-01,-6.25,138.75,WPP_718_Laut_Arafuru,18.82,8,GFW_MOCK
2023-02-01,-6.25,139.25,WPP_718_Laut_Arafuru,220.53,6,GFW_MOCK
2023-02-01,-6.25,139.75,WPP_718_Laut_Arafuru,8.69,9,GFW_MOCK
2023-02-01,-6.25,140.25,WPP_718_Laut_Arafuru,4.16,7,GFW_MOCK
2023-02-01,-6.25,140.75,WPP_718_Laut_Arafuru,1.97,10,GFW_MOCK
2023-02-01,-5.75,132.25,WPP_718_Laut_Arafuru,33.36,6,GFW_MOCK
2023-02-01,-5.75,132.75,WPP_718_Laut_Arafuru,5.89,8,GFW_MOCK
2023-02-01,-5.75,133.25,WPP_718_Laut_Arafuru,7.24,6,GFW_MOCK
2023-02-01,-5.75,133.75,WPP_718_Laut_Arafuru,52.21,14,GFW_MOCK
2023-02-01,-5.75,134.25,WPP_718_Laut_Arafuru,4.38,16,GFW_MOCK
2023-02-01,-5.75,134.75,WPP_718_Laut_Arafuru,12.32,10,GFW_MOCK
2023-02-01,-5.75,135.25,WPP_718_Laut_Arafuru,3.78,7,GFW_MOCK
2023-02-01,-5.75,135.75,WPP_718_Laut_Arafuru,39.91,8,GFW_MOCK
2023-02-01,-5.75,136.25,WPP_718_Laut_Arafuru,25.69,6,GFW_MOCK
2023-02-01,-5.75,136.75,WPP_718_Laut_Arafuru,52.36,6,GFW_MOCK
2023-02-01,-5.75,137.25,WPP_718_Laut_Arafuru,20.9,9,GFW_MOCK
2023-02-01,-5.75,137.75,WPP_718_Laut_Arafuru,2.11,11,GFW_MOCK
2023-02-01,-5.75,138.25,WPP_718_Laut_Arafuru,7.88,5,GFW_MOCK
2023-02-01,-5.75,138.75,WPP_718_Laut_Arafuru,74.18,8,GFW_MOCK
2023-02-01,-5.75,139.25,WPP_718_Laut_Arafuru,4.22,8,GFW_MOCK
2023-02-01,-5.75,139.75,WPP_718_Laut_Arafuru,0.19,5,GFW_MOCK
2023-02-01,-5.75,140.25,WPP_718_Laut_Arafuru,28.57,8,GFW_MOCK
2023-02-01,-5.75,140.75,WPP_718_Laut_Arafuru,1.83,6,GFW_MOCK
2023-02-01,-5.25,132.25,WPP_718_Laut_Arafuru,13.18,9,GFW_MOCK
2023-02-01,-5.25,132.75,WPP_718_Laut_Arafuru,65.58,10,GFW_MOCK
2023-02-01,-5.25,133.25,WPP_718_Laut_Arafuru,0.7,7,GFW_MOCK
2023-02-01,-5.25,133.75,WPP_718_Laut_Arafuru,12.02,6,GFW_MOCK
2023-02-01,-5.25,134.25,WPP_718_Laut_Arafuru,6.79,11,GFW_MOCK
2023-02-01,-5.25,134.75,WPP_718_Laut_Arafuru,0.37,11,GFW_MOCK
2023-02-01,-5.25,135.25,WPP_718_Laut_Arafuru,13.22,11,GFW_MOCK
2023-02-01,-5.25,135.75,WPP_718_Laut_Arafuru,8.01,10,GFW_MOCK
2023-02-01,-5.25,136.25,WPP_718_Laut_Arafuru,17.0,7,GFW_MOCK
2023-02-01,-5.25,136.75,WPP_718_Laut_Arafuru,4.35,9,GFW_MOCK
2023-02-01,-5.25,137.25,WPP_718_Laut_Arafuru,79.33,5,GFW_MOCK
2023-02-01,-5.25,137.75,WPP_718_Laut_Arafuru,34.17,9,GFW_MOCK
2023-02-01,-5.25,138.25,WPP_718_Laut_Arafuru,12.12,1,GFW_MOCK
2023-02-01,-5.25,138.75,WPP_718_Laut_Arafuru,50.96,13,GFW_MOCK
2023-02-01,-5.25,139.25,WPP_718_Laut_Arafuru,49.18,5,GFW_MOCK
2023-02-01,-5.25,139.75,WPP_718_Laut_Arafuru,12.7,5,GFW_MOCK
2023-02-01,-5.25,140.25,WPP_718_Laut_Arafuru,17.29,6,GFW_MOCK
2023-02-01,-5.25,140.75,WPP_718_Laut_Arafuru,7.36,4,GFW_MOCK
2023-02-01,-4.75,132.25,WPP_718_Laut_Arafuru,35.8,9,GFW_MOCK
2023-02-01,-4.75,132.75,WPP_718_Laut_Arafuru,47.66,5,GFW_MOCK
2023-02-01,-4.75,133.25,WPP_718_Laut_Arafuru,10.23,9,GFW_MOCK
2023-02-01,-4.75,133.75,WPP_718_Laut_Arafuru,4.77,5,GFW_MOCK
2023-02-01,-4.75,134.25,WPP_718_Laut_Arafuru,28.62,9,GFW_MOCK
2023-02-01,-4.75,134.75,WPP_718_Laut_Arafuru,16.02,9,GFW_MOCK
2023-02-01,-4.75,135.25,WPP_718_Laut_Arafuru,4.71,7,GFW_MOCK
2023-02-01,-4.75,135.75,WPP_718_Laut_Arafuru,9.63,9,GFW_MOCK
2023-02-01,-4.75,136.25,WPP_718_Laut_Arafuru,11.12,5,GFW_MOCK
2023-02-01,-4.75,136.75,WPP_718_Laut_Arafuru,34.64,12,GFW_MOCK
2023-02-01,-4.75,137.25,WPP_718_Laut_Arafuru,3.44,10,GFW_MOCK
2023-02-01,-4.75,137.75,WPP_718_Laut_Arafuru,6.77,8,GFW_MOCK
2023-02-01,-4.75,138.25,WPP_718_Laut_Arafuru,10.19,7,GFW_MOCK
2023-02-01,-4.75,138.75,WPP_718_Laut_Arafuru,26.33,6,GFW_MOCK
2023-02-01,-4.75,139.25,WPP_718_Laut_Arafuru,5.69,10,GFW_MOCK
2023-02-01,-4.75,139.75,WPP_718_Laut_Arafuru,2.07,16,GFW_MOCK
2023-02-01,-4.75,140.25,WPP_718_Laut_Arafuru,9.44,5,GFW_MOCK
2023-02-01,-4.75,140.75,WPP_718_Laut_Arafuru,39.36,6,GFW_MOCK
2023-02-01,-4.25,132.25,WPP_718_Laut_Arafuru,4.06,7,GFW_MOCK
2023-02-01,-4.25,132.75,WPP_718_Laut_Arafuru,29.11,3,GFW_MOCK
2023-02-01,-4.25,133.25,WPP_718_Laut_Arafuru,7.64,16,GFW_MOCK
2023-02-01,-4.25,133.75,WPP_718_Laut_Arafuru,23.63,7,GFW_MOCK
2023-02-01,-4.25,134.25,WPP_718_Laut_Arafuru,35.17,8,GFW_MOCK
2023-02-01,-4.25,134.75,WPP_718_Laut_Arafuru,9.91,7,GFW_MOCK
2023-02-01,-4.25,135.25,WPP_718_Laut_Arafuru,6.22,6,GFW_MOCK
2023-02-01,-4.25,135.75,WPP_718_Laut_Arafuru,148.61,8,GFW_MOCK
2023-02-01,-4.25,136.25,WPP_718_Laut_Arafuru,1.77,8,GFW_MOCK
2023-02-01,-4.25,136.75,WPP_718_Laut_Arafuru,9.09,14,GFW_MOCK
2023-02-01,-4.25,137.25,WPP_718_Laut_Arafuru,5.51,5,GFW_MOCK
2023-02-01,-4.25,137.75,WPP_718_Laut_Arafuru,2.36,10,GFW_MOCK
2023-02-01,-4.25,138.25,WPP_718_Laut_Arafuru,10.66,11,GFW_MOCK
2023-02-01,-4.25,138.75,WPP_718_Laut_Arafuru,44.94,6,GFW_MOCK
2023-02-01,-4.25,139.25,WPP_718_Laut_Arafuru,346.02,8,GFW_MOCK
2023-02-01,-4.25,139.75,WPP_718_Laut_Arafuru,30.34,9,GFW_MOCK
2023-02-01,-4.25,140.25,WPP_718_Laut_Arafuru,19.06,8,GFW_MOCK
2023-02-01,-4.25,140.75,WPP_718_Laut_Arafuru,6.39,6,GFW_MOCK
2023-03-01,-8.75,132.25,WPP_718_Laut_Arafuru,4.44,10,GFW_MOCK
2023-03-01,-8.75,132.75,WPP_718_Laut_Arafuru,1.71,11,GFW_MOCK
2023-03-01,-8.75,133.25,WPP_718_Laut_Arafuru,9.63,6,GFW_MOCK
2023-03-01,-8.75,133.75,WPP_718_Laut_Arafuru,3.98,5,GFW_MOCK
2023-03-01,-8.75,134.25,WPP_718_Laut_Arafuru,8.55,13,GFW_MOCK
2023-03-01,-8.75,134.75,WPP_718_Laut_Arafuru,8.62,8,GFW_MOCK
2023-03-01,-8.75,135.25,WPP_718_Laut_Arafuru,10.36,9,GFW_MOCK
2023-03-01,-8.75,135.75,WPP_718_Laut_Arafuru,13.93,6,GFW_MOCK
2023-03-01,-8.75,136.25,WPP_718_Laut_Arafuru,6.37,9,GFW_MOCK
2023-03-01,-8.75,136.75,WPP_718_Laut_Arafuru,35.02,8,GFW_MOCK
2023-03-01,-8.75,137.25,WPP_718_Laut_Arafuru,1.45,10,GFW_MOCK
2023-03-01,-8.75,137.75,WPP_718_Laut_Arafuru,6.04,3,GFW_MOCK
2023-03-01,-8.75,138.25,WPP_718_Laut_Arafuru,3.39,8,GFW_MOCK
2023-03-01,-8.75,138.75,WPP_718_Laut_Arafuru,18.82,14,GFW_MOCK
2023-03-01,-8.75,139.25,WPP_718_Laut_Arafuru,5.46,5,GFW_MOCK
2023-03-01,-8.75,139.75,WPP_718_Laut_Arafuru,20.3,6,GFW_MOCK
2023-03-01,-8.75,140.25,WPP_718_Laut_Arafuru,0.53,5,GFW_MOCK
2023-03-01,-8.75,140.75,WPP_718_Laut_Arafuru,20.26,11,GFW_MOCK
2023-03-01,-8.25,132.25,WPP_718_Laut_Arafuru,0.72,8,GFW_MOCK
2023-03-01,-8.25,132.75,WPP_718_Laut_Arafuru,21.17,12,GFW_MOCK
2023-03-01,-8.25,133.25,WPP_718_Laut_Arafuru,5.54,10,GFW_MOCK
2023-03-01,-8.25,133.75,WPP_718_Laut_Arafuru,34.99,5,GFW_MOCK
2023-03-01,-8.25,134.25,WPP_718_Laut_Arafuru,0.43,5,GFW_MOCK
2023-03-01,-8.25,134.75,WPP_718_Laut_Arafuru,1.03,13,GFW_MOCK
2023-03-01,-8.25,135.25,WPP_718_Laut_Arafuru,3.93,7,GFW_MOCK
2023-03-01,-8.25,135.75,WPP_718_Laut_Arafuru,9.81,12,GFW_MOCK
2023-03-01,-8.25,136.25,WPP_718_Laut_Arafuru,60.61,5,GFW_MOCK
2023-03-01,-8.25,136.75,WPP_718_Laut_Arafuru,10.36,7,GFW_MOCK
2023-03-01,-8.25,137.25,WPP_718_Laut_Arafuru,42.65,11,GFW_MOCK
2023-03-01,-8.25,137.75,WPP_718_Laut_Arafuru,0.54,10,GFW_MOCK
2023-03-01,-8.25,138.25,WPP_718_Laut_Arafuru,2.01,9,GFW_MOCK
2023-03-01,-8.25,138.75,WPP_718_Laut_Arafuru,14.61,10,GFW_MOCK
2023-03-01,-8.25,139.25,WPP_718_Laut_Arafuru,2.33,9,GFW_MOCK
2023-03-01,-8.25,139.75,WPP_718_Laut_Arafuru,11.3,8,GFW_MOCK
2023-03-01,-8.25,140.25,WPP_718_Laut_Arafuru,128.14,9,GFW_MOCK
2023-03-01,-8.25,140.75,WPP_718_Laut_Arafuru,17.48,9,GFW_MOCK
2023-03-01,-7.75,132.25,WPP_718_Laut_Arafuru,9.73,6,GFW_MOCK
2023-03-01,-7.75,132.75,WPP_718_Laut_Arafuru,23.17,4,GFW_MOCK
2023-03-01,-7.75,133.25,WPP_718_Laut_Arafuru,23.01,8,GFW_MOCK
2023-03-01,-7.75,133.75,WPP_718_Laut_Arafuru,16.2,13,GFW_MOCK
2023-03-01,-7.75,134.25,WPP_718_Laut_Arafuru,56.12,4,GFW_MOCK
2023-03-01,-7.75,134.75,WPP_718_Laut_Arafuru,2.74,6,GFW_MOCK
2023-03-01,-7.75,135.25,WPP_718_Laut_Arafuru,6.33,8,GFW_MOCK
2023-03-01,-7.75,135.75,WPP_718_Laut_Arafuru,20.03,8,GFW_MOCK
2023-03-01,-7.75,136.25,WPP_718_Laut_Arafuru,10.9,9,GFW_MOCK
2023-03-01,-7.75,136.75,WPP_718_Laut_Arafuru,11.11,4,GFW_MOCK
2023-03-01,-7.75,137.25,WPP_718_Laut_Arafuru,2.98,6,GFW_MOCK
2023-03-01,-7.75,137.75,WPP_718_Laut_Arafuru,4.02,4,GFW_MOCK
2023-03-01,-7.75,138.25,WPP_718_Laut_Arafuru,18.99,16,GFW_MOCK
2023-03-01,-7.75,138.75,WPP_718_Laut_Arafuru,27.57,3,GFW_MOCK
2023-03-01,-7.75,139.25,WPP_718_Laut_Arafuru,8.93,8,GFW_MOCK
2023-03-01,-7.75,139.75,WPP_718_Laut_Arafuru,96.57,10,GFW_MOCK
2023-03-01,-7.75,140.25,WPP_718_Laut_Arafuru,14.25,14,GFW_MOCK
2023-03-01,-7.75,140.75,WPP_718_Laut_Arafuru,3.2,20,GFW_MOCK
2023-03-01,-7.25,132.25,WPP_718_Laut_Arafuru,6.26,7,GFW_MOCK
2023-03-01,-7.25,132.75,WPP_718_Laut_Arafuru,4.72,10,GFW_MOCK
2023-03-01,-7.25,133.25,WPP_718_Laut_Arafuru,80.5,7,GFW_MOCK
2023-03-01,-7.25,133.75,WPP_718_Laut_Arafuru,18.87,5,GFW_MOCK
2023-03-01,-7.25,134.25,WPP_718_Laut_Arafuru,2.91,3,GFW_MOCK
2023-03-01,-7.25,134.75,WPP_718_Laut_Arafuru,29.68,6,GFW_MOCK
2023-03-01,-7.25,135.25,WPP_718_Laut_Arafuru,64.48,11,GFW_MOCK
2023-03-01,-7.25,135.75,WPP_718_Laut_Arafuru,18.36,6,GFW_MOCK
2023-03-01,-7.25,136.25,WPP_718_Laut_Arafuru,10.84,9,GFW_MOCK
2023-03-01,-7.25,136.75,WPP_718_Laut_Arafuru,9.18,5,GFW_MOCK
2023-03-01,-7.25,137.25,WPP_718_Laut_Arafuru,27.52,8,GFW_MOCK
2023-03-01,-7.25,137.75,WPP_718_Laut_Arafuru,22.04,10,GFW_MOCK
2023-03-01,-7.25,138.25,WPP_718_Laut_Arafuru,1.94,9,GFW_MOCK
2023-03-01,-7.25,138.75,WPP_718_Laut_Arafuru,39.11,11,GFW_MOCK
2023-03-01,-7.25,139.25,WPP_718_Laut_Arafuru,1.15,8,GFW_MOCK
2023-03-01,-7.25,139.75,WPP_718_Laut_Arafuru,14.0,8,GFW_MOCK
2023-03-01,-7.25,140.25,WPP_718_Laut_Arafuru,1.15,7,GFW_MOCK
2023-03-01,-7.25,140.75,WPP_718_Laut_Arafuru,33.87,9,GFW_MOCK
2023-03-01,-6.75,132.25,WPP_718_Laut_Arafuru,3.64,7,GFW_MOCK
2023-03-01,-6.75,132.75,WPP_718_Laut_Arafuru,18.56,8,GFW_MOCK
2023-03-01,-6.75,133.25,WPP_718_Laut_Arafuru,0.63,1,GFW_MOCK
2023-03-01,-6.75,133.75,WPP_718_Laut_Arafuru,7.45,8,GFW_MOCK
2023-03-01,-6.75,134.25,WPP_718_Laut_Arafuru,14.93,9,GFW_MOCK
2023-03-01,-6.75,134.75,WPP_718_Laut_Arafuru,30.86,9,GFW_MOCK
2023-03-01,-6.75,135.25,WPP_718_Laut_Arafuru,14.29,11,GFW_MOCK
2023-03-01,-6.75,135.75,WPP_718_Laut_Arafuru,17.1,4,GFW_MOCK
2023-03-01,-6.75,136.25,WPP_718_Laut_Arafuru,6.53,4,GFW_MOCK
2023-03-01,-6.75,136.75,WPP_718_Laut_Arafuru,9.9,5,GFW_MOCK
2023-03-01,-6.75,137.25,WPP_718_Laut_Arafuru,3.86,8,GFW_MOCK
2023-03-01,-6.75,137.75,WPP_718_Laut_Arafuru,8.94,5,GFW_MOCK
2023-03-01,-6.75,138.25,WPP_718_Laut_Arafuru,8.44,16,GFW_MOCK
2023-03-01,-6.75,138.75,WPP_718_Laut_Arafuru,14.56,8,GFW_MOCK
2023-03-01,-6.75,139.25,WPP_718_Laut_Arafuru,31.13,2,GFW_MOCK
2023-03-01,-6.75,139.75,WPP_718_Laut_Arafuru,31.43,8,GFW_MOCK
2023-03-01,-6.75,140.25,WPP_718_Laut_Arafuru,16.03,8,GFW_MOCK
2023-03-01,-6.75,140.75,WPP_718_Laut_Arafuru,16.64,12,GFW_MOCK
2023-03-01,-6.25,132.25,WPP_718_Laut_Arafuru,10.01,8,GFW_MOCK
2023-03-01,-6.25,132.75,WPP_718_Laut_Arafuru,33.07,9,GFW_MOCK
2023-03-01,-6.25,133.25,WPP_718_Laut_Arafuru,2.72,6,GFW_MOCK
2023-03-01,-6.25,133.75,WPP_718_Laut_Arafuru,18.26,10,GFW_MOCK
2023-03-01,-6.25,134.25,WPP_718_Laut_Arafuru,5.64,8,GFW_MOCK
2023-03-01,-6.25,134.75,WPP_718_Laut_Arafuru,28.69,3,GFW_MOCK
2023-03-01,-6.25,135.25,WPP_718_Laut_Arafuru,5.94,7,GFW_MOCK
2023-03-01,-6.25,135.75,WPP_718_Laut_Arafuru,4.48,10,GFW_MOCK
2023-03-01,-6.25,136.25,WPP_718_Laut_Arafuru,13.34,7,GFW_MOCK
2023-03-01,-6.25,136.75,WPP_718_Laut_Arafuru,1.42,3,GFW_MOCK
2023-03-01,-6.25,137.25,WPP_718_Laut_Arafuru,23.58,8,GFW_MOCK
2023-03-01,-6.25,137.75,WPP_718_Laut_Arafuru,9.89,4,GFW_MOCK
2023-03-01,-6.25,138.25,WPP_718_Laut_Arafuru,13.61,6,GFW_MOCK
2023-03-01,-6.25,138.75,WPP_718_Laut_Arafuru,10.28,6,GFW_MOCK
2023-03-01,-6.25,139.25,WPP_718_Laut_Arafuru,10.69,6,GFW_MOCK
2023-03-01,-6.25,139.75,WPP_718_Laut_Arafuru,10.17,11,GFW_MOCK
2023-03-01,-6.25,140.25,WPP_718_Laut_Arafuru,13.66,9,GFW_MOCK
2023-03-01,-6.25,140.75,WPP_718_Laut_Arafuru,96.58,6,GFW_MOCK
2023-03-01,-5.75,132.25,WPP_718_Laut_Arafuru,16.66,3,GFW_MOCK
2023-03-01,-5.75,132.75,WPP_718_Laut_Arafuru,5.44,6,GFW_MOCK
2023-03-01,-5.75,133.25,WPP_718_Laut_Arafuru,9.93,6,GFW_MOCK
2023-03-01,-5.75,133.75,WPP_718_Laut_Arafuru,82.65,5,GFW_MOCK
2023-03-01,-5.75,134.25,WPP_718_Laut_Arafuru,51.35,9,GFW_MOCK
2023-03-01,-5.75,134.75,WPP_718_Laut_Arafuru,4.25,12,GFW_MOCK
2023-03-01,-5.75,135.25,WPP_718_Laut_Arafuru,5.42,7,GFW_MOCK
2023-03-01,-5.75,135.75,WPP_718_Laut_Arafuru,15.25,6,GFW_MOCK
2023-03-01,-5.75,136.25,WPP_718_Laut_Arafuru,5.64,4,GFW_MOCK
2023-03-01,-5.75,136.75,WPP_718_Laut_Arafuru,3.04,7,GFW_MOCK
2023-03-01,-5.75,137.25,WPP_718_Laut_Arafuru,21.4,7,GFW_MOCK
2023-03-01,-5.75,137.75,WPP_718_Laut_Arafuru,29.42,7,GFW_MOCK
2023-03-01,-5.75,138.25,WPP_718_Laut_Arafuru,14.56,11,GFW_MOCK
2023-03-01,-5.75,138.75,WPP_718_Laut_Arafuru,1.0,9,GFW_MOCK
2023-03-01,-5.75,139.25,WPP_718_Laut_Arafuru,9.64,12,GFW_MOCK
2023-03-01,-5.75,139.75,WPP_718_Laut_Arafuru,3.89,6,GFW_MOCK
2023-03-01,-5.75,140.25,WPP_718_Laut_Arafuru,23.18,11,GFW_MOCK
2023-03-01,-5.75,140.75,WPP_718_Laut_Arafuru,5.42,8,GFW_MOCK
2023-03-01,-5.25,132.25,WPP_718_Laut_Arafuru,4.18,7,GFW_MOCK
2023-03-01,-5.25,132.75,WPP_718_Laut_Arafuru,17.32,9,GFW_MOCK
2023-03-01,-5.25,133.25,WPP_718_Laut_Arafuru,58.23,6,GFW_MOCK
2023-03-01,-5.25,133.75,WPP_718_Laut_Arafuru,27.58,4,GFW_MOCK
2023-03-01,-5.25,134.25,WPP_718_Laut_Arafuru,30.03,5,GFW_MOCK
2023-03-01,-5.25,134.75,WPP_718_Laut_Arafuru,15.9,6,GFW_MOCK
2023-03-01,-5.25,135.25,WPP_718_Laut_Arafuru,16.58,4,GFW_MOCK
2023-03-01,-5.25,135.75,WPP_718_Laut_Arafuru,24.9,5,GFW_MOCK
2023-03-01,-5.25,136.25,WPP_718_Laut_Arafuru,10.99,7,GFW_MOCK
2023-03-01,-5.25,136.75,WPP_718_Laut_Arafuru,7.46,8,GFW_MOCK
2023-03-01,-5.25,137.25,WPP_718_Laut_Arafuru,4.58,3,GFW_MOCK
2023-03-01,-5.25,137.75,WPP_718_Laut_Arafuru,6.49,8,GFW_MOCK
2023-03-01,-5.25,138.25,WPP_718_Laut_Arafuru,19.32,9,GFW_MOCK
2023-03-01,-5.25,138.75,WPP_718_Laut_Arafuru,2.68,15,GFW_MOCK
